[0.066s] [34mcolcon[0m [1;30mDEBUG[0m [32mCommand line arguments: ['/Users/yosuke/miniforge3/envs/ros_env/bin/colcon', 'build', '--cmake-args', '-DCMAKE_PREFIX_PATH=/usr/local', '-DCMAKE_CXX_FLAGS=-I/usr/local/include', '-DCMAKE_EXE_LINKER_FLAGS=-L/usr/local/lib'][0m
[0.066s] [34mcolcon[0m [1;30mDEBUG[0m [32mParsed command line arguments: Namespace(log_base=None, log_level=None, verb_name='build', build_base='build', install_base='install', merge_install=False, symlink_install=False, test_result_base=None, continue_on_error=False, executor='parallel', parallel_workers=10, event_handlers=None, ignore_user_meta=False, metas=['./colcon.meta'], base_paths=['.'], packages_ignore=None, packages_ignore_regex=None, paths=None, packages_up_to=None, packages_up_to_regex=None, packages_above=None, packages_above_and_dependencies=None, packages_above_depth=None, packages_select_by_dep=None, packages_skip_by_dep=None, packages_skip_up_to=None, packages_select_build_failed=False, packages_skip_build_finished=False, packages_select_test_failures=False, packages_skip_test_passed=False, packages_select=None, packages_skip=None, packages_select_regex=None, packages_skip_regex=None, packages_start=None, packages_end=None, cmake_args=['-DCMAKE_PREFIX_PATH=/usr/local', '-DCMAKE_CXX_FLAGS=-I/usr/local/include', '-DCMAKE_EXE_LINKER_FLAGS=-L/usr/local/lib'], cmake_target=None, cmake_target_skip_unavailable=False, cmake_clean_cache=False, cmake_clean_first=False, cmake_force_configure=False, ament_cmake_args=None, catkin_cmake_args=None, catkin_skip_building_tests=False, verb_parser=<colcon_defaults.argument_parser.defaults.DefaultArgumentsDecorator object at 0x103e5f990>, verb_extension=<colcon_core.verb.build.BuildVerb object at 0x103e5f2d0>, main=<bound method BuildVerb.main of <colcon_core.verb.build.BuildVerb object at 0x103e5f2d0>>)[0m
[0.081s] [34mcolcon.colcon_core.package_discovery[0m [1;30mLevel 1[0m discover_packages(colcon_meta) check parameters
[0.081s] [34mcolcon.colcon_core.package_discovery[0m [1;30mLevel 1[0m discover_packages(recursive) check parameters
[0.081s] [34mcolcon.colcon_core.package_discovery[0m [1;30mLevel 1[0m discover_packages(ignore) check parameters
[0.081s] [34mcolcon.colcon_core.package_discovery[0m [1;30mLevel 1[0m discover_packages(path) check parameters
[0.081s] [34mcolcon.colcon_core.package_discovery[0m [1;30mLevel 1[0m discover_packages(colcon_meta) discover
[0.081s] [34mcolcon.colcon_core.package_discovery[0m [1;30mLevel 1[0m discover_packages(recursive) discover
[0.081s] [34mcolcon.colcon_core.package_discovery[0m [1;30mINFO[0m Crawling recursively for packages in '/Users/yosuke/gits/cxd5602pwbimu_ros2_driver/ros2_ws'
[0.081s] [34mcolcon.colcon_core.package_identification[0m [1;30mLevel 1[0m _identify(.) by extensions ['ignore', 'ignore_ament_install']
[0.081s] [34mcolcon.colcon_core.package_identification[0m [1;30mLevel 1[0m _identify(.) by extension 'ignore'
[0.081s] [34mcolcon.colcon_core.package_identification[0m [1;30mLevel 1[0m _identify(.) by extension 'ignore_ament_install'
[0.081s] [34mcolcon.colcon_core.package_identification[0m [1;30mLevel 1[0m _identify(.) by extensions ['colcon_pkg']
[0.081s] [34mcolcon.colcon_core.package_identification[0m [1;30mLevel 1[0m _identify(.) by extension 'colcon_pkg'
[0.081s] [34mcolcon.colcon_core.package_identification[0m [1;30mLevel 1[0m _identify(.) by extensions ['colcon_meta']
[0.081s] [34mcolcon.colcon_core.package_identification[0m [1;30mLevel 1[0m _identify(.) by extension 'colcon_meta'
[0.081s] [34mcolcon.colcon_core.package_identification[0m [1;30mLevel 1[0m _identify(.) by extensions ['ros']
[0.081s] [34mcolcon.colcon_core.package_identification[0m [1;30mLevel 1[0m _identify(.) by extension 'ros'
[0.091s] [34mcolcon.colcon_core.package_identification[0m [1;30mLevel 1[0m _identify(.) by extensions ['cmake', 'python']
[0.091s] [34mcolcon.colcon_core.package_identification[0m [1;30mLevel 1[0m _identify(.) by extension 'cmake'
[0.091s] [34mcolcon.colcon_core.package_identification[0m [1;30mLevel 1[0m _identify(.) by extension 'python'
[0.091s] [34mcolcon.colcon_core.package_identification[0m [1;30mLevel 1[0m _identify(.) by extensions ['python_setup_py']
[0.091s] [34mcolcon.colcon_core.package_identification[0m [1;30mLevel 1[0m _identify(.) by extension 'python_setup_py'
[0.091s] [34mcolcon.colcon_core.package_identification[0m [1;30mLevel 1[0m _identify(build) by extensions ['ignore', 'ignore_ament_install']
[0.091s] [34mcolcon.colcon_core.package_identification[0m [1;30mLevel 1[0m _identify(build) by extension 'ignore'
[0.091s] [34mcolcon.colcon_core.package_identification[0m [1;30mLevel 1[0m _identify(build) ignored
[0.091s] [34mcolcon.colcon_core.package_identification[0m [1;30mLevel 1[0m _identify(install) by extensions ['ignore', 'ignore_ament_install']
[0.091s] [34mcolcon.colcon_core.package_identification[0m [1;30mLevel 1[0m _identify(install) by extension 'ignore'
[0.091s] [34mcolcon.colcon_core.package_identification[0m [1;30mLevel 1[0m _identify(install) ignored
[0.091s] [34mcolcon.colcon_core.package_identification[0m [1;30mLevel 1[0m _identify(log) by extensions ['ignore', 'ignore_ament_install']
[0.091s] [34mcolcon.colcon_core.package_identification[0m [1;30mLevel 1[0m _identify(log) by extension 'ignore'
[0.091s] [34mcolcon.colcon_core.package_identification[0m [1;30mLevel 1[0m _identify(log) ignored
[0.091s] [34mcolcon.colcon_core.package_identification[0m [1;30mLevel 1[0m _identify(src) by extensions ['ignore', 'ignore_ament_install']
[0.091s] [34mcolcon.colcon_core.package_identification[0m [1;30mLevel 1[0m _identify(src) by extension 'ignore'
[0.091s] [34mcolcon.colcon_core.package_identification[0m [1;30mLevel 1[0m _identify(src) by extension 'ignore_ament_install'
[0.091s] [34mcolcon.colcon_core.package_identification[0m [1;30mLevel 1[0m _identify(src) by extensions ['colcon_pkg']
[0.091s] [34mcolcon.colcon_core.package_identification[0m [1;30mLevel 1[0m _identify(src) by extension 'colcon_pkg'
[0.091s] [34mcolcon.colcon_core.package_identification[0m [1;30mLevel 1[0m _identify(src) by extensions ['colcon_meta']
[0.091s] [34mcolcon.colcon_core.package_identification[0m [1;30mLevel 1[0m _identify(src) by extension 'colcon_meta'
[0.091s] [34mcolcon.colcon_core.package_identification[0m [1;30mLevel 1[0m _identify(src) by extensions ['ros']
[0.091s] [34mcolcon.colcon_core.package_identification[0m [1;30mLevel 1[0m _identify(src) by extension 'ros'
[0.091s] [34mcolcon.colcon_core.package_identification[0m [1;30mLevel 1[0m _identify(src) by extensions ['cmake', 'python']
[0.092s] [34mcolcon.colcon_core.package_identification[0m [1;30mLevel 1[0m _identify(src) by extension 'cmake'
[0.092s] [34mcolcon.colcon_core.package_identification[0m [1;30mLevel 1[0m _identify(src) by extension 'python'
[0.092s] [34mcolcon.colcon_core.package_identification[0m [1;30mLevel 1[0m _identify(src) by extensions ['python_setup_py']
[0.092s] [34mcolcon.colcon_core.package_identification[0m [1;30mLevel 1[0m _identify(src) by extension 'python_setup_py'
[0.092s] [34mcolcon.colcon_core.package_identification[0m [1;30mLevel 1[0m _identify(src/cxd5602pwbimu_driver) by extensions ['ignore', 'ignore_ament_install']
[0.092s] [34mcolcon.colcon_core.package_identification[0m [1;30mLevel 1[0m _identify(src/cxd5602pwbimu_driver) by extension 'ignore'
[0.092s] [34mcolcon.colcon_core.package_identification[0m [1;30mLevel 1[0m _identify(src/cxd5602pwbimu_driver) by extension 'ignore_ament_install'
[0.092s] [34mcolcon.colcon_core.package_identification[0m [1;30mLevel 1[0m _identify(src/cxd5602pwbimu_driver) by extensions ['colcon_pkg']
[0.092s] [34mcolcon.colcon_core.package_identification[0m [1;30mLevel 1[0m _identify(src/cxd5602pwbimu_driver) by extension 'colcon_pkg'
[0.092s] [34mcolcon.colcon_core.package_identification[0m [1;30mLevel 1[0m _identify(src/cxd5602pwbimu_driver) by extensions ['colcon_meta']
[0.092s] [34mcolcon.colcon_core.package_identification[0m [1;30mLevel 1[0m _identify(src/cxd5602pwbimu_driver) by extension 'colcon_meta'
[0.092s] [34mcolcon.colcon_core.package_identification[0m [1;30mLevel 1[0m _identify(src/cxd5602pwbimu_driver) by extensions ['ros']
[0.092s] [34mcolcon.colcon_core.package_identification[0m [1;30mLevel 1[0m _identify(src/cxd5602pwbimu_driver) by extension 'ros'
[0.093s] [34mcolcon.colcon_core.package_identification[0m [1;30mDEBUG[0m [32mPackage 'src/cxd5602pwbimu_driver' with type 'ros.ament_cmake' and name 'cxd5602pwbimu_driver'[0m
[0.093s] [34mcolcon.colcon_core.package_identification[0m [1;30mLevel 1[0m _identify(src/cxd5602pwbimu_driver_bringup) by extensions ['ignore', 'ignore_ament_install']
[0.093s] [34mcolcon.colcon_core.package_identification[0m [1;30mLevel 1[0m _identify(src/cxd5602pwbimu_driver_bringup) by extension 'ignore'
[0.093s] [34mcolcon.colcon_core.package_identification[0m [1;30mLevel 1[0m _identify(src/cxd5602pwbimu_driver_bringup) by extension 'ignore_ament_install'
[0.093s] [34mcolcon.colcon_core.package_identification[0m [1;30mLevel 1[0m _identify(src/cxd5602pwbimu_driver_bringup) by extensions ['colcon_pkg']
[0.093s] [34mcolcon.colcon_core.package_identification[0m [1;30mLevel 1[0m _identify(src/cxd5602pwbimu_driver_bringup) by extension 'colcon_pkg'
[0.093s] [34mcolcon.colcon_core.package_identification[0m [1;30mLevel 1[0m _identify(src/cxd5602pwbimu_driver_bringup) by extensions ['colcon_meta']
[0.093s] [34mcolcon.colcon_core.package_identification[0m [1;30mLevel 1[0m _identify(src/cxd5602pwbimu_driver_bringup) by extension 'colcon_meta'
[0.093s] [34mcolcon.colcon_core.package_identification[0m [1;30mLevel 1[0m _identify(src/cxd5602pwbimu_driver_bringup) by extensions ['ros']
[0.093s] [34mcolcon.colcon_core.package_identification[0m [1;30mLevel 1[0m _identify(src/cxd5602pwbimu_driver_bringup) by extension 'ros'
[0.093s] [34mcolcon.colcon_core.package_identification[0m [1;30mDEBUG[0m [32mPackage 'src/cxd5602pwbimu_driver_bringup' with type 'ros.ament_python' and name 'cxd5602pwbimu_driver_bringup'[0m
[0.093s] [34mcolcon.colcon_core.package_identification[0m [1;30mLevel 1[0m _identify(src/cxd5602pwbimu_driver_node) by extensions ['ignore', 'ignore_ament_install']
[0.093s] [34mcolcon.colcon_core.package_identification[0m [1;30mLevel 1[0m _identify(src/cxd5602pwbimu_driver_node) by extension 'ignore'
[0.093s] [34mcolcon.colcon_core.package_identification[0m [1;30mLevel 1[0m _identify(src/cxd5602pwbimu_driver_node) by extension 'ignore_ament_install'
[0.093s] [34mcolcon.colcon_core.package_identification[0m [1;30mLevel 1[0m _identify(src/cxd5602pwbimu_driver_node) by extensions ['colcon_pkg']
[0.093s] [34mcolcon.colcon_core.package_identification[0m [1;30mLevel 1[0m _identify(src/cxd5602pwbimu_driver_node) by extension 'colcon_pkg'
[0.093s] [34mcolcon.colcon_core.package_identification[0m [1;30mLevel 1[0m _identify(src/cxd5602pwbimu_driver_node) by extensions ['colcon_meta']
[0.093s] [34mcolcon.colcon_core.package_identification[0m [1;30mLevel 1[0m _identify(src/cxd5602pwbimu_driver_node) by extension 'colcon_meta'
[0.093s] [34mcolcon.colcon_core.package_identification[0m [1;30mLevel 1[0m _identify(src/cxd5602pwbimu_driver_node) by extensions ['ros']
[0.093s] [34mcolcon.colcon_core.package_identification[0m [1;30mLevel 1[0m _identify(src/cxd5602pwbimu_driver_node) by extension 'ros'
[0.094s] [34mcolcon.colcon_core.package_identification[0m [1;30mDEBUG[0m [32mPackage 'src/cxd5602pwbimu_driver_node' with type 'ros.ament_cmake' and name 'cxd5602pwbimu_driver_node'[0m
[0.094s] [34mcolcon.colcon_core.package_identification[0m [1;30mLevel 1[0m _identify(src/h6x_serial_interface) by extensions ['ignore', 'ignore_ament_install']
[0.094s] [34mcolcon.colcon_core.package_identification[0m [1;30mLevel 1[0m _identify(src/h6x_serial_interface) by extension 'ignore'
[0.094s] [34mcolcon.colcon_core.package_identification[0m [1;30mLevel 1[0m _identify(src/h6x_serial_interface) by extension 'ignore_ament_install'
[0.094s] [34mcolcon.colcon_core.package_identification[0m [1;30mLevel 1[0m _identify(src/h6x_serial_interface) by extensions ['colcon_pkg']
[0.094s] [34mcolcon.colcon_core.package_identification[0m [1;30mLevel 1[0m _identify(src/h6x_serial_interface) by extension 'colcon_pkg'
[0.094s] [34mcolcon.colcon_core.package_identification[0m [1;30mLevel 1[0m _identify(src/h6x_serial_interface) by extensions ['colcon_meta']
[0.094s] [34mcolcon.colcon_core.package_identification[0m [1;30mLevel 1[0m _identify(src/h6x_serial_interface) by extension 'colcon_meta'
[0.094s] [34mcolcon.colcon_core.package_identification[0m [1;30mLevel 1[0m _identify(src/h6x_serial_interface) by extensions ['ros']
[0.094s] [34mcolcon.colcon_core.package_identification[0m [1;30mLevel 1[0m _identify(src/h6x_serial_interface) by extension 'ros'
[0.094s] [34mcolcon.colcon_core.package_identification[0m [1;30mLevel 1[0m _identify(src/h6x_serial_interface) by extensions ['cmake', 'python']
[0.094s] [34mcolcon.colcon_core.package_identification[0m [1;30mLevel 1[0m _identify(src/h6x_serial_interface) by extension 'cmake'
[0.094s] [34mcolcon.colcon_core.package_identification[0m [1;30mLevel 1[0m _identify(src/h6x_serial_interface) by extension 'python'
[0.094s] [34mcolcon.colcon_core.package_identification[0m [1;30mLevel 1[0m _identify(src/h6x_serial_interface) by extensions ['python_setup_py']
[0.094s] [34mcolcon.colcon_core.package_identification[0m [1;30mLevel 1[0m _identify(src/h6x_serial_interface) by extension 'python_setup_py'
[0.094s] [34mcolcon.colcon_core.package_identification[0m [1;30mLevel 1[0m _identify(src/h6x_serial_interface/h6x_packet_handler) by extensions ['ignore', 'ignore_ament_install']
[0.094s] [34mcolcon.colcon_core.package_identification[0m [1;30mLevel 1[0m _identify(src/h6x_serial_interface/h6x_packet_handler) by extension 'ignore'
[0.094s] [34mcolcon.colcon_core.package_identification[0m [1;30mLevel 1[0m _identify(src/h6x_serial_interface/h6x_packet_handler) by extension 'ignore_ament_install'
[0.094s] [34mcolcon.colcon_core.package_identification[0m [1;30mLevel 1[0m _identify(src/h6x_serial_interface/h6x_packet_handler) by extensions ['colcon_pkg']
[0.094s] [34mcolcon.colcon_core.package_identification[0m [1;30mLevel 1[0m _identify(src/h6x_serial_interface/h6x_packet_handler) by extension 'colcon_pkg'
[0.094s] [34mcolcon.colcon_core.package_identification[0m [1;30mLevel 1[0m _identify(src/h6x_serial_interface/h6x_packet_handler) by extensions ['colcon_meta']
[0.094s] [34mcolcon.colcon_core.package_identification[0m [1;30mLevel 1[0m _identify(src/h6x_serial_interface/h6x_packet_handler) by extension 'colcon_meta'
[0.094s] [34mcolcon.colcon_core.package_identification[0m [1;30mLevel 1[0m _identify(src/h6x_serial_interface/h6x_packet_handler) by extensions ['ros']
[0.094s] [34mcolcon.colcon_core.package_identification[0m [1;30mLevel 1[0m _identify(src/h6x_serial_interface/h6x_packet_handler) by extension 'ros'
[0.094s] [34mcolcon.colcon_core.package_identification[0m [1;30mDEBUG[0m [32mPackage 'src/h6x_serial_interface/h6x_packet_handler' with type 'ros.ament_cmake' and name 'h6x_packet_handler'[0m
[0.094s] [34mcolcon.colcon_core.package_identification[0m [1;30mLevel 1[0m _identify(src/h6x_serial_interface/h6x_serial_interface) by extensions ['ignore', 'ignore_ament_install']
[0.094s] [34mcolcon.colcon_core.package_identification[0m [1;30mLevel 1[0m _identify(src/h6x_serial_interface/h6x_serial_interface) by extension 'ignore'
[0.094s] [34mcolcon.colcon_core.package_identification[0m [1;30mLevel 1[0m _identify(src/h6x_serial_interface/h6x_serial_interface) by extension 'ignore_ament_install'
[0.094s] [34mcolcon.colcon_core.package_identification[0m [1;30mLevel 1[0m _identify(src/h6x_serial_interface/h6x_serial_interface) by extensions ['colcon_pkg']
[0.094s] [34mcolcon.colcon_core.package_identification[0m [1;30mLevel 1[0m _identify(src/h6x_serial_interface/h6x_serial_interface) by extension 'colcon_pkg'
[0.094s] [34mcolcon.colcon_core.package_identification[0m [1;30mLevel 1[0m _identify(src/h6x_serial_interface/h6x_serial_interface) by extensions ['colcon_meta']
[0.094s] [34mcolcon.colcon_core.package_identification[0m [1;30mLevel 1[0m _identify(src/h6x_serial_interface/h6x_serial_interface) by extension 'colcon_meta'
[0.094s] [34mcolcon.colcon_core.package_identification[0m [1;30mLevel 1[0m _identify(src/h6x_serial_interface/h6x_serial_interface) by extensions ['ros']
[0.094s] [34mcolcon.colcon_core.package_identification[0m [1;30mLevel 1[0m _identify(src/h6x_serial_interface/h6x_serial_interface) by extension 'ros'
[0.095s] [34mcolcon.colcon_core.package_identification[0m [1;30mDEBUG[0m [32mPackage 'src/h6x_serial_interface/h6x_serial_interface' with type 'ros.ament_cmake' and name 'h6x_serial_interface'[0m
[0.095s] [34mcolcon.colcon_core.package_identification[0m [1;30mLevel 1[0m _identify(src/h6x_serial_interface/h6x_serial_interface_example) by extensions ['ignore', 'ignore_ament_install']
[0.095s] [34mcolcon.colcon_core.package_identification[0m [1;30mLevel 1[0m _identify(src/h6x_serial_interface/h6x_serial_interface_example) by extension 'ignore'
[0.095s] [34mcolcon.colcon_core.package_identification[0m [1;30mLevel 1[0m _identify(src/h6x_serial_interface/h6x_serial_interface_example) by extension 'ignore_ament_install'
[0.095s] [34mcolcon.colcon_core.package_identification[0m [1;30mLevel 1[0m _identify(src/h6x_serial_interface/h6x_serial_interface_example) by extensions ['colcon_pkg']
[0.095s] [34mcolcon.colcon_core.package_identification[0m [1;30mLevel 1[0m _identify(src/h6x_serial_interface/h6x_serial_interface_example) by extension 'colcon_pkg'
[0.095s] [34mcolcon.colcon_core.package_identification[0m [1;30mLevel 1[0m _identify(src/h6x_serial_interface/h6x_serial_interface_example) by extensions ['colcon_meta']
[0.095s] [34mcolcon.colcon_core.package_identification[0m [1;30mLevel 1[0m _identify(src/h6x_serial_interface/h6x_serial_interface_example) by extension 'colcon_meta'
[0.095s] [34mcolcon.colcon_core.package_identification[0m [1;30mLevel 1[0m _identify(src/h6x_serial_interface/h6x_serial_interface_example) by extensions ['ros']
[0.095s] [34mcolcon.colcon_core.package_identification[0m [1;30mLevel 1[0m _identify(src/h6x_serial_interface/h6x_serial_interface_example) by extension 'ros'
[0.095s] [34mcolcon.colcon_core.package_identification[0m [1;30mDEBUG[0m [32mPackage 'src/h6x_serial_interface/h6x_serial_interface_example' with type 'ros.ament_cmake' and name 'h6x_serial_interface_example'[0m
[0.095s] [34mcolcon.colcon_core.package_identification[0m [1;30mLevel 1[0m _identify(src/imu_tools) by extensions ['ignore', 'ignore_ament_install']
[0.095s] [34mcolcon.colcon_core.package_identification[0m [1;30mLevel 1[0m _identify(src/imu_tools) by extension 'ignore'
[0.095s] [34mcolcon.colcon_core.package_identification[0m [1;30mLevel 1[0m _identify(src/imu_tools) by extension 'ignore_ament_install'
[0.095s] [34mcolcon.colcon_core.package_identification[0m [1;30mLevel 1[0m _identify(src/imu_tools) by extensions ['colcon_pkg']
[0.095s] [34mcolcon.colcon_core.package_identification[0m [1;30mLevel 1[0m _identify(src/imu_tools) by extension 'colcon_pkg'
[0.095s] [34mcolcon.colcon_core.package_identification[0m [1;30mLevel 1[0m _identify(src/imu_tools) by extensions ['colcon_meta']
[0.095s] [34mcolcon.colcon_core.package_identification[0m [1;30mLevel 1[0m _identify(src/imu_tools) by extension 'colcon_meta'
[0.095s] [34mcolcon.colcon_core.package_identification[0m [1;30mLevel 1[0m _identify(src/imu_tools) by extensions ['ros']
[0.095s] [34mcolcon.colcon_core.package_identification[0m [1;30mLevel 1[0m _identify(src/imu_tools) by extension 'ros'
[0.095s] [34mcolcon.colcon_core.package_identification[0m [1;30mLevel 1[0m _identify(src/imu_tools) by extensions ['cmake', 'python']
[0.095s] [34mcolcon.colcon_core.package_identification[0m [1;30mLevel 1[0m _identify(src/imu_tools) by extension 'cmake'
[0.095s] [34mcolcon.colcon_core.package_identification[0m [1;30mLevel 1[0m _identify(src/imu_tools) by extension 'python'
[0.095s] [34mcolcon.colcon_core.package_identification[0m [1;30mLevel 1[0m _identify(src/imu_tools) by extensions ['python_setup_py']
[0.095s] [34mcolcon.colcon_core.package_identification[0m [1;30mLevel 1[0m _identify(src/imu_tools) by extension 'python_setup_py'
[0.095s] [34mcolcon.colcon_core.package_identification[0m [1;30mLevel 1[0m _identify(src/imu_tools/imu_complementary_filter) by extensions ['ignore', 'ignore_ament_install']
[0.095s] [34mcolcon.colcon_core.package_identification[0m [1;30mLevel 1[0m _identify(src/imu_tools/imu_complementary_filter) by extension 'ignore'
[0.095s] [34mcolcon.colcon_core.package_identification[0m [1;30mLevel 1[0m _identify(src/imu_tools/imu_complementary_filter) by extension 'ignore_ament_install'
[0.095s] [34mcolcon.colcon_core.package_identification[0m [1;30mLevel 1[0m _identify(src/imu_tools/imu_complementary_filter) by extensions ['colcon_pkg']
[0.095s] [34mcolcon.colcon_core.package_identification[0m [1;30mLevel 1[0m _identify(src/imu_tools/imu_complementary_filter) by extension 'colcon_pkg'
[0.095s] [34mcolcon.colcon_core.package_identification[0m [1;30mLevel 1[0m _identify(src/imu_tools/imu_complementary_filter) by extensions ['colcon_meta']
[0.095s] [34mcolcon.colcon_core.package_identification[0m [1;30mLevel 1[0m _identify(src/imu_tools/imu_complementary_filter) by extension 'colcon_meta'
[0.095s] [34mcolcon.colcon_core.package_identification[0m [1;30mLevel 1[0m _identify(src/imu_tools/imu_complementary_filter) by extensions ['ros']
[0.095s] [34mcolcon.colcon_core.package_identification[0m [1;30mLevel 1[0m _identify(src/imu_tools/imu_complementary_filter) by extension 'ros'
[0.096s] [34mcolcon.colcon_core.package_identification[0m [1;30mDEBUG[0m [32mPackage 'src/imu_tools/imu_complementary_filter' with type 'ros.ament_cmake' and name 'imu_complementary_filter'[0m
[0.096s] [34mcolcon.colcon_core.package_identification[0m [1;30mLevel 1[0m _identify(src/imu_tools/imu_filter_madgwick) by extensions ['ignore', 'ignore_ament_install']
[0.096s] [34mcolcon.colcon_core.package_identification[0m [1;30mLevel 1[0m _identify(src/imu_tools/imu_filter_madgwick) by extension 'ignore'
[0.096s] [34mcolcon.colcon_core.package_identification[0m [1;30mLevel 1[0m _identify(src/imu_tools/imu_filter_madgwick) by extension 'ignore_ament_install'
[0.096s] [34mcolcon.colcon_core.package_identification[0m [1;30mLevel 1[0m _identify(src/imu_tools/imu_filter_madgwick) by extensions ['colcon_pkg']
[0.096s] [34mcolcon.colcon_core.package_identification[0m [1;30mLevel 1[0m _identify(src/imu_tools/imu_filter_madgwick) by extension 'colcon_pkg'
[0.096s] [34mcolcon.colcon_core.package_identification[0m [1;30mLevel 1[0m _identify(src/imu_tools/imu_filter_madgwick) by extensions ['colcon_meta']
[0.096s] [34mcolcon.colcon_core.package_identification[0m [1;30mLevel 1[0m _identify(src/imu_tools/imu_filter_madgwick) by extension 'colcon_meta'
[0.096s] [34mcolcon.colcon_core.package_identification[0m [1;30mLevel 1[0m _identify(src/imu_tools/imu_filter_madgwick) by extensions ['ros']
[0.096s] [34mcolcon.colcon_core.package_identification[0m [1;30mLevel 1[0m _identify(src/imu_tools/imu_filter_madgwick) by extension 'ros'
[0.096s] [34mcolcon.colcon_core.package_identification[0m [1;30mDEBUG[0m [32mPackage 'src/imu_tools/imu_filter_madgwick' with type 'ros.ament_cmake' and name 'imu_filter_madgwick'[0m
[0.096s] [34mcolcon.colcon_core.package_identification[0m [1;30mLevel 1[0m _identify(src/imu_tools/imu_tools) by extensions ['ignore', 'ignore_ament_install']
[0.096s] [34mcolcon.colcon_core.package_identification[0m [1;30mLevel 1[0m _identify(src/imu_tools/imu_tools) by extension 'ignore'
[0.096s] [34mcolcon.colcon_core.package_identification[0m [1;30mLevel 1[0m _identify(src/imu_tools/imu_tools) by extension 'ignore_ament_install'
[0.096s] [34mcolcon.colcon_core.package_identification[0m [1;30mLevel 1[0m _identify(src/imu_tools/imu_tools) by extensions ['colcon_pkg']
[0.096s] [34mcolcon.colcon_core.package_identification[0m [1;30mLevel 1[0m _identify(src/imu_tools/imu_tools) by extension 'colcon_pkg'
[0.096s] [34mcolcon.colcon_core.package_identification[0m [1;30mLevel 1[0m _identify(src/imu_tools/imu_tools) by extensions ['colcon_meta']
[0.096s] [34mcolcon.colcon_core.package_identification[0m [1;30mLevel 1[0m _identify(src/imu_tools/imu_tools) by extension 'colcon_meta'
[0.096s] [34mcolcon.colcon_core.package_identification[0m [1;30mLevel 1[0m _identify(src/imu_tools/imu_tools) by extensions ['ros']
[0.096s] [34mcolcon.colcon_core.package_identification[0m [1;30mLevel 1[0m _identify(src/imu_tools/imu_tools) by extension 'ros'
[0.096s] [34mcolcon.colcon_core.package_identification[0m [1;30mDEBUG[0m [32mPackage 'src/imu_tools/imu_tools' with type 'ros.ament_cmake' and name 'imu_tools'[0m
[0.097s] [34mcolcon.colcon_core.package_identification[0m [1;30mLevel 1[0m _identify(src/imu_tools/rviz_imu_plugin) by extensions ['ignore', 'ignore_ament_install']
[0.097s] [34mcolcon.colcon_core.package_identification[0m [1;30mLevel 1[0m _identify(src/imu_tools/rviz_imu_plugin) by extension 'ignore'
[0.097s] [34mcolcon.colcon_core.package_identification[0m [1;30mLevel 1[0m _identify(src/imu_tools/rviz_imu_plugin) by extension 'ignore_ament_install'
[0.097s] [34mcolcon.colcon_core.package_identification[0m [1;30mLevel 1[0m _identify(src/imu_tools/rviz_imu_plugin) by extensions ['colcon_pkg']
[0.097s] [34mcolcon.colcon_core.package_identification[0m [1;30mLevel 1[0m _identify(src/imu_tools/rviz_imu_plugin) by extension 'colcon_pkg'
[0.097s] [34mcolcon.colcon_core.package_identification[0m [1;30mLevel 1[0m _identify(src/imu_tools/rviz_imu_plugin) by extensions ['colcon_meta']
[0.097s] [34mcolcon.colcon_core.package_identification[0m [1;30mLevel 1[0m _identify(src/imu_tools/rviz_imu_plugin) by extension 'colcon_meta'
[0.097s] [34mcolcon.colcon_core.package_identification[0m [1;30mLevel 1[0m _identify(src/imu_tools/rviz_imu_plugin) by extensions ['ros']
[0.097s] [34mcolcon.colcon_core.package_identification[0m [1;30mLevel 1[0m _identify(src/imu_tools/rviz_imu_plugin) by extension 'ros'
[0.097s] [34mcolcon.colcon_core.package_identification[0m [1;30mDEBUG[0m [32mPackage 'src/imu_tools/rviz_imu_plugin' with type 'ros.ament_cmake' and name 'rviz_imu_plugin'[0m
[0.097s] [34mcolcon.colcon_core.package_identification[0m [1;30mLevel 1[0m _identify(src/imu_trajectory_filter) by extensions ['ignore', 'ignore_ament_install']
[0.097s] [34mcolcon.colcon_core.package_identification[0m [1;30mLevel 1[0m _identify(src/imu_trajectory_filter) by extension 'ignore'
[0.097s] [34mcolcon.colcon_core.package_identification[0m [1;30mLevel 1[0m _identify(src/imu_trajectory_filter) by extension 'ignore_ament_install'
[0.097s] [34mcolcon.colcon_core.package_identification[0m [1;30mLevel 1[0m _identify(src/imu_trajectory_filter) by extensions ['colcon_pkg']
[0.097s] [34mcolcon.colcon_core.package_identification[0m [1;30mLevel 1[0m _identify(src/imu_trajectory_filter) by extension 'colcon_pkg'
[0.097s] [34mcolcon.colcon_core.package_identification[0m [1;30mLevel 1[0m _identify(src/imu_trajectory_filter) by extensions ['colcon_meta']
[0.097s] [34mcolcon.colcon_core.package_identification[0m [1;30mLevel 1[0m _identify(src/imu_trajectory_filter) by extension 'colcon_meta'
[0.097s] [34mcolcon.colcon_core.package_identification[0m [1;30mLevel 1[0m _identify(src/imu_trajectory_filter) by extensions ['ros']
[0.097s] [34mcolcon.colcon_core.package_identification[0m [1;30mLevel 1[0m _identify(src/imu_trajectory_filter) by extension 'ros'
[0.097s] [34mcolcon.colcon_core.package_identification[0m [1;30mDEBUG[0m [32mPackage 'src/imu_trajectory_filter' with type 'ros.ament_cmake' and name 'imu_trajectory_filter'[0m
[0.098s] [34mcolcon.colcon_core.package_discovery[0m [1;30mLevel 1[0m discover_packages(recursive) using defaults
[0.098s] [34mcolcon.colcon_core.package_discovery[0m [1;30mLevel 1[0m discover_packages(ignore) discover
[0.098s] [34mcolcon.colcon_core.package_discovery[0m [1;30mLevel 1[0m discover_packages(ignore) using defaults
[0.098s] [34mcolcon.colcon_core.package_discovery[0m [1;30mLevel 1[0m discover_packages(path) discover
[0.098s] [34mcolcon.colcon_core.package_discovery[0m [1;30mLevel 1[0m discover_packages(path) using defaults
[0.104s] [34mcolcon.colcon_core.verb[0m [1;30mLevel 5[0m set package 'h6x_packet_handler' build argument 'cmake_args' from command line to '['-DCMAKE_PREFIX_PATH=/usr/local', '-DCMAKE_CXX_FLAGS=-I/usr/local/include', '-DCMAKE_EXE_LINKER_FLAGS=-L/usr/local/lib']'
[0.105s] [34mcolcon.colcon_core.verb[0m [1;30mLevel 5[0m set package 'h6x_packet_handler' build argument 'cmake_target' from command line to 'None'
[0.105s] [34mcolcon.colcon_core.verb[0m [1;30mLevel 5[0m set package 'h6x_packet_handler' build argument 'cmake_target_skip_unavailable' from command line to 'False'
[0.105s] [34mcolcon.colcon_core.verb[0m [1;30mLevel 5[0m set package 'h6x_packet_handler' build argument 'cmake_clean_cache' from command line to 'False'
[0.105s] [34mcolcon.colcon_core.verb[0m [1;30mLevel 5[0m set package 'h6x_packet_handler' build argument 'cmake_clean_first' from command line to 'False'
[0.105s] [34mcolcon.colcon_core.verb[0m [1;30mLevel 5[0m set package 'h6x_packet_handler' build argument 'cmake_force_configure' from command line to 'False'
[0.105s] [34mcolcon.colcon_core.verb[0m [1;30mLevel 5[0m set package 'h6x_packet_handler' build argument 'ament_cmake_args' from command line to 'None'
[0.105s] [34mcolcon.colcon_core.verb[0m [1;30mLevel 5[0m set package 'h6x_packet_handler' build argument 'catkin_cmake_args' from command line to 'None'
[0.105s] [34mcolcon.colcon_core.verb[0m [1;30mLevel 5[0m set package 'h6x_packet_handler' build argument 'catkin_skip_building_tests' from command line to 'False'
[0.105s] [34mcolcon.colcon_core.verb[0m [1;30mDEBUG[0m [32mBuilding package 'h6x_packet_handler' with the following arguments: {'ament_cmake_args': None, 'build_base': '/Users/yosuke/gits/cxd5602pwbimu_ros2_driver/ros2_ws/build/h6x_packet_handler', 'catkin_cmake_args': None, 'catkin_skip_building_tests': False, 'cmake_args': ['-DCMAKE_PREFIX_PATH=/usr/local', '-DCMAKE_CXX_FLAGS=-I/usr/local/include', '-DCMAKE_EXE_LINKER_FLAGS=-L/usr/local/lib'], 'cmake_clean_cache': False, 'cmake_clean_first': False, 'cmake_force_configure': False, 'cmake_target': None, 'cmake_target_skip_unavailable': False, 'install_base': '/Users/yosuke/gits/cxd5602pwbimu_ros2_driver/ros2_ws/install/h6x_packet_handler', 'merge_install': False, 'path': '/Users/yosuke/gits/cxd5602pwbimu_ros2_driver/ros2_ws/src/h6x_serial_interface/h6x_packet_handler', 'symlink_install': False, 'test_result_base': None}[0m
[0.105s] [34mcolcon.colcon_core.verb[0m [1;30mLevel 5[0m set package 'h6x_serial_interface' build argument 'cmake_args' from command line to '['-DCMAKE_PREFIX_PATH=/usr/local', '-DCMAKE_CXX_FLAGS=-I/usr/local/include', '-DCMAKE_EXE_LINKER_FLAGS=-L/usr/local/lib']'
[0.105s] [34mcolcon.colcon_core.verb[0m [1;30mLevel 5[0m set package 'h6x_serial_interface' build argument 'cmake_target' from command line to 'None'
[0.105s] [34mcolcon.colcon_core.verb[0m [1;30mLevel 5[0m set package 'h6x_serial_interface' build argument 'cmake_target_skip_unavailable' from command line to 'False'
[0.105s] [34mcolcon.colcon_core.verb[0m [1;30mLevel 5[0m set package 'h6x_serial_interface' build argument 'cmake_clean_cache' from command line to 'False'
[0.105s] [34mcolcon.colcon_core.verb[0m [1;30mLevel 5[0m set package 'h6x_serial_interface' build argument 'cmake_clean_first' from command line to 'False'
[0.105s] [34mcolcon.colcon_core.verb[0m [1;30mLevel 5[0m set package 'h6x_serial_interface' build argument 'cmake_force_configure' from command line to 'False'
[0.105s] [34mcolcon.colcon_core.verb[0m [1;30mLevel 5[0m set package 'h6x_serial_interface' build argument 'ament_cmake_args' from command line to 'None'
[0.105s] [34mcolcon.colcon_core.verb[0m [1;30mLevel 5[0m set package 'h6x_serial_interface' build argument 'catkin_cmake_args' from command line to 'None'
[0.105s] [34mcolcon.colcon_core.verb[0m [1;30mLevel 5[0m set package 'h6x_serial_interface' build argument 'catkin_skip_building_tests' from command line to 'False'
[0.105s] [34mcolcon.colcon_core.verb[0m [1;30mDEBUG[0m [32mBuilding package 'h6x_serial_interface' with the following arguments: {'ament_cmake_args': None, 'build_base': '/Users/yosuke/gits/cxd5602pwbimu_ros2_driver/ros2_ws/build/h6x_serial_interface', 'catkin_cmake_args': None, 'catkin_skip_building_tests': False, 'cmake_args': ['-DCMAKE_PREFIX_PATH=/usr/local', '-DCMAKE_CXX_FLAGS=-I/usr/local/include', '-DCMAKE_EXE_LINKER_FLAGS=-L/usr/local/lib'], 'cmake_clean_cache': False, 'cmake_clean_first': False, 'cmake_force_configure': False, 'cmake_target': None, 'cmake_target_skip_unavailable': False, 'install_base': '/Users/yosuke/gits/cxd5602pwbimu_ros2_driver/ros2_ws/install/h6x_serial_interface', 'merge_install': False, 'path': '/Users/yosuke/gits/cxd5602pwbimu_ros2_driver/ros2_ws/src/h6x_serial_interface/h6x_serial_interface', 'symlink_install': False, 'test_result_base': None}[0m
[0.105s] [34mcolcon.colcon_core.verb[0m [1;30mLevel 5[0m set package 'imu_complementary_filter' build argument 'cmake_args' from command line to '['-DCMAKE_PREFIX_PATH=/usr/local', '-DCMAKE_CXX_FLAGS=-I/usr/local/include', '-DCMAKE_EXE_LINKER_FLAGS=-L/usr/local/lib']'
[0.105s] [34mcolcon.colcon_core.verb[0m [1;30mLevel 5[0m set package 'imu_complementary_filter' build argument 'cmake_target' from command line to 'None'
[0.105s] [34mcolcon.colcon_core.verb[0m [1;30mLevel 5[0m set package 'imu_complementary_filter' build argument 'cmake_target_skip_unavailable' from command line to 'False'
[0.105s] [34mcolcon.colcon_core.verb[0m [1;30mLevel 5[0m set package 'imu_complementary_filter' build argument 'cmake_clean_cache' from command line to 'False'
[0.105s] [34mcolcon.colcon_core.verb[0m [1;30mLevel 5[0m set package 'imu_complementary_filter' build argument 'cmake_clean_first' from command line to 'False'
[0.105s] [34mcolcon.colcon_core.verb[0m [1;30mLevel 5[0m set package 'imu_complementary_filter' build argument 'cmake_force_configure' from command line to 'False'
[0.105s] [34mcolcon.colcon_core.verb[0m [1;30mLevel 5[0m set package 'imu_complementary_filter' build argument 'ament_cmake_args' from command line to 'None'
[0.105s] [34mcolcon.colcon_core.verb[0m [1;30mLevel 5[0m set package 'imu_complementary_filter' build argument 'catkin_cmake_args' from command line to 'None'
[0.105s] [34mcolcon.colcon_core.verb[0m [1;30mLevel 5[0m set package 'imu_complementary_filter' build argument 'catkin_skip_building_tests' from command line to 'False'
[0.105s] [34mcolcon.colcon_core.verb[0m [1;30mDEBUG[0m [32mBuilding package 'imu_complementary_filter' with the following arguments: {'ament_cmake_args': None, 'build_base': '/Users/yosuke/gits/cxd5602pwbimu_ros2_driver/ros2_ws/build/imu_complementary_filter', 'catkin_cmake_args': None, 'catkin_skip_building_tests': False, 'cmake_args': ['-DCMAKE_PREFIX_PATH=/usr/local', '-DCMAKE_CXX_FLAGS=-I/usr/local/include', '-DCMAKE_EXE_LINKER_FLAGS=-L/usr/local/lib'], 'cmake_clean_cache': False, 'cmake_clean_first': False, 'cmake_force_configure': False, 'cmake_target': None, 'cmake_target_skip_unavailable': False, 'install_base': '/Users/yosuke/gits/cxd5602pwbimu_ros2_driver/ros2_ws/install/imu_complementary_filter', 'merge_install': False, 'path': '/Users/yosuke/gits/cxd5602pwbimu_ros2_driver/ros2_ws/src/imu_tools/imu_complementary_filter', 'symlink_install': False, 'test_result_base': None}[0m
[0.105s] [34mcolcon.colcon_core.verb[0m [1;30mLevel 5[0m set package 'imu_filter_madgwick' build argument 'cmake_args' from command line to '['-DCMAKE_PREFIX_PATH=/usr/local', '-DCMAKE_CXX_FLAGS=-I/usr/local/include', '-DCMAKE_EXE_LINKER_FLAGS=-L/usr/local/lib']'
[0.105s] [34mcolcon.colcon_core.verb[0m [1;30mLevel 5[0m set package 'imu_filter_madgwick' build argument 'cmake_target' from command line to 'None'
[0.105s] [34mcolcon.colcon_core.verb[0m [1;30mLevel 5[0m set package 'imu_filter_madgwick' build argument 'cmake_target_skip_unavailable' from command line to 'False'
[0.105s] [34mcolcon.colcon_core.verb[0m [1;30mLevel 5[0m set package 'imu_filter_madgwick' build argument 'cmake_clean_cache' from command line to 'False'
[0.105s] [34mcolcon.colcon_core.verb[0m [1;30mLevel 5[0m set package 'imu_filter_madgwick' build argument 'cmake_clean_first' from command line to 'False'
[0.105s] [34mcolcon.colcon_core.verb[0m [1;30mLevel 5[0m set package 'imu_filter_madgwick' build argument 'cmake_force_configure' from command line to 'False'
[0.105s] [34mcolcon.colcon_core.verb[0m [1;30mLevel 5[0m set package 'imu_filter_madgwick' build argument 'ament_cmake_args' from command line to 'None'
[0.105s] [34mcolcon.colcon_core.verb[0m [1;30mLevel 5[0m set package 'imu_filter_madgwick' build argument 'catkin_cmake_args' from command line to 'None'
[0.105s] [34mcolcon.colcon_core.verb[0m [1;30mLevel 5[0m set package 'imu_filter_madgwick' build argument 'catkin_skip_building_tests' from command line to 'False'
[0.105s] [34mcolcon.colcon_core.verb[0m [1;30mDEBUG[0m [32mBuilding package 'imu_filter_madgwick' with the following arguments: {'ament_cmake_args': None, 'build_base': '/Users/yosuke/gits/cxd5602pwbimu_ros2_driver/ros2_ws/build/imu_filter_madgwick', 'catkin_cmake_args': None, 'catkin_skip_building_tests': False, 'cmake_args': ['-DCMAKE_PREFIX_PATH=/usr/local', '-DCMAKE_CXX_FLAGS=-I/usr/local/include', '-DCMAKE_EXE_LINKER_FLAGS=-L/usr/local/lib'], 'cmake_clean_cache': False, 'cmake_clean_first': False, 'cmake_force_configure': False, 'cmake_target': None, 'cmake_target_skip_unavailable': False, 'install_base': '/Users/yosuke/gits/cxd5602pwbimu_ros2_driver/ros2_ws/install/imu_filter_madgwick', 'merge_install': False, 'path': '/Users/yosuke/gits/cxd5602pwbimu_ros2_driver/ros2_ws/src/imu_tools/imu_filter_madgwick', 'symlink_install': False, 'test_result_base': None}[0m
[0.105s] [34mcolcon.colcon_core.verb[0m [1;30mLevel 5[0m set package 'imu_trajectory_filter' build argument 'cmake_args' from command line to '['-DCMAKE_PREFIX_PATH=/usr/local', '-DCMAKE_CXX_FLAGS=-I/usr/local/include', '-DCMAKE_EXE_LINKER_FLAGS=-L/usr/local/lib']'
[0.105s] [34mcolcon.colcon_core.verb[0m [1;30mLevel 5[0m set package 'imu_trajectory_filter' build argument 'cmake_target' from command line to 'None'
[0.105s] [34mcolcon.colcon_core.verb[0m [1;30mLevel 5[0m set package 'imu_trajectory_filter' build argument 'cmake_target_skip_unavailable' from command line to 'False'
[0.105s] [34mcolcon.colcon_core.verb[0m [1;30mLevel 5[0m set package 'imu_trajectory_filter' build argument 'cmake_clean_cache' from command line to 'False'
[0.105s] [34mcolcon.colcon_core.verb[0m [1;30mLevel 5[0m set package 'imu_trajectory_filter' build argument 'cmake_clean_first' from command line to 'False'
[0.105s] [34mcolcon.colcon_core.verb[0m [1;30mLevel 5[0m set package 'imu_trajectory_filter' build argument 'cmake_force_configure' from command line to 'False'
[0.105s] [34mcolcon.colcon_core.verb[0m [1;30mLevel 5[0m set package 'imu_trajectory_filter' build argument 'ament_cmake_args' from command line to 'None'
[0.105s] [34mcolcon.colcon_core.verb[0m [1;30mLevel 5[0m set package 'imu_trajectory_filter' build argument 'catkin_cmake_args' from command line to 'None'
[0.105s] [34mcolcon.colcon_core.verb[0m [1;30mLevel 5[0m set package 'imu_trajectory_filter' build argument 'catkin_skip_building_tests' from command line to 'False'
[0.105s] [34mcolcon.colcon_core.verb[0m [1;30mDEBUG[0m [32mBuilding package 'imu_trajectory_filter' with the following arguments: {'ament_cmake_args': None, 'build_base': '/Users/yosuke/gits/cxd5602pwbimu_ros2_driver/ros2_ws/build/imu_trajectory_filter', 'catkin_cmake_args': None, 'catkin_skip_building_tests': False, 'cmake_args': ['-DCMAKE_PREFIX_PATH=/usr/local', '-DCMAKE_CXX_FLAGS=-I/usr/local/include', '-DCMAKE_EXE_LINKER_FLAGS=-L/usr/local/lib'], 'cmake_clean_cache': False, 'cmake_clean_first': False, 'cmake_force_configure': False, 'cmake_target': None, 'cmake_target_skip_unavailable': False, 'install_base': '/Users/yosuke/gits/cxd5602pwbimu_ros2_driver/ros2_ws/install/imu_trajectory_filter', 'merge_install': False, 'path': '/Users/yosuke/gits/cxd5602pwbimu_ros2_driver/ros2_ws/src/imu_trajectory_filter', 'symlink_install': False, 'test_result_base': None}[0m
[0.105s] [34mcolcon.colcon_core.verb[0m [1;30mLevel 5[0m set package 'rviz_imu_plugin' build argument 'cmake_args' from command line to '['-DCMAKE_PREFIX_PATH=/usr/local', '-DCMAKE_CXX_FLAGS=-I/usr/local/include', '-DCMAKE_EXE_LINKER_FLAGS=-L/usr/local/lib']'
[0.105s] [34mcolcon.colcon_core.verb[0m [1;30mLevel 5[0m set package 'rviz_imu_plugin' build argument 'cmake_target' from command line to 'None'
[0.105s] [34mcolcon.colcon_core.verb[0m [1;30mLevel 5[0m set package 'rviz_imu_plugin' build argument 'cmake_target_skip_unavailable' from command line to 'False'
[0.105s] [34mcolcon.colcon_core.verb[0m [1;30mLevel 5[0m set package 'rviz_imu_plugin' build argument 'cmake_clean_cache' from command line to 'False'
[0.105s] [34mcolcon.colcon_core.verb[0m [1;30mLevel 5[0m set package 'rviz_imu_plugin' build argument 'cmake_clean_first' from command line to 'False'
[0.105s] [34mcolcon.colcon_core.verb[0m [1;30mLevel 5[0m set package 'rviz_imu_plugin' build argument 'cmake_force_configure' from command line to 'False'
[0.105s] [34mcolcon.colcon_core.verb[0m [1;30mLevel 5[0m set package 'rviz_imu_plugin' build argument 'ament_cmake_args' from command line to 'None'
[0.105s] [34mcolcon.colcon_core.verb[0m [1;30mLevel 5[0m set package 'rviz_imu_plugin' build argument 'catkin_cmake_args' from command line to 'None'
[0.105s] [34mcolcon.colcon_core.verb[0m [1;30mLevel 5[0m set package 'rviz_imu_plugin' build argument 'catkin_skip_building_tests' from command line to 'False'
[0.105s] [34mcolcon.colcon_core.verb[0m [1;30mDEBUG[0m [32mBuilding package 'rviz_imu_plugin' with the following arguments: {'ament_cmake_args': None, 'build_base': '/Users/yosuke/gits/cxd5602pwbimu_ros2_driver/ros2_ws/build/rviz_imu_plugin', 'catkin_cmake_args': None, 'catkin_skip_building_tests': False, 'cmake_args': ['-DCMAKE_PREFIX_PATH=/usr/local', '-DCMAKE_CXX_FLAGS=-I/usr/local/include', '-DCMAKE_EXE_LINKER_FLAGS=-L/usr/local/lib'], 'cmake_clean_cache': False, 'cmake_clean_first': False, 'cmake_force_configure': False, 'cmake_target': None, 'cmake_target_skip_unavailable': False, 'install_base': '/Users/yosuke/gits/cxd5602pwbimu_ros2_driver/ros2_ws/install/rviz_imu_plugin', 'merge_install': False, 'path': '/Users/yosuke/gits/cxd5602pwbimu_ros2_driver/ros2_ws/src/imu_tools/rviz_imu_plugin', 'symlink_install': False, 'test_result_base': None}[0m
[0.106s] [34mcolcon.colcon_core.verb[0m [1;30mLevel 5[0m set package 'cxd5602pwbimu_driver_node' build argument 'cmake_args' from command line to '['-DCMAKE_PREFIX_PATH=/usr/local', '-DCMAKE_CXX_FLAGS=-I/usr/local/include', '-DCMAKE_EXE_LINKER_FLAGS=-L/usr/local/lib']'
[0.106s] [34mcolcon.colcon_core.verb[0m [1;30mLevel 5[0m set package 'cxd5602pwbimu_driver_node' build argument 'cmake_target' from command line to 'None'
[0.106s] [34mcolcon.colcon_core.verb[0m [1;30mLevel 5[0m set package 'cxd5602pwbimu_driver_node' build argument 'cmake_target_skip_unavailable' from command line to 'False'
[0.106s] [34mcolcon.colcon_core.verb[0m [1;30mLevel 5[0m set package 'cxd5602pwbimu_driver_node' build argument 'cmake_clean_cache' from command line to 'False'
[0.106s] [34mcolcon.colcon_core.verb[0m [1;30mLevel 5[0m set package 'cxd5602pwbimu_driver_node' build argument 'cmake_clean_first' from command line to 'False'
[0.106s] [34mcolcon.colcon_core.verb[0m [1;30mLevel 5[0m set package 'cxd5602pwbimu_driver_node' build argument 'cmake_force_configure' from command line to 'False'
[0.106s] [34mcolcon.colcon_core.verb[0m [1;30mLevel 5[0m set package 'cxd5602pwbimu_driver_node' build argument 'ament_cmake_args' from command line to 'None'
[0.106s] [34mcolcon.colcon_core.verb[0m [1;30mLevel 5[0m set package 'cxd5602pwbimu_driver_node' build argument 'catkin_cmake_args' from command line to 'None'
[0.106s] [34mcolcon.colcon_core.verb[0m [1;30mLevel 5[0m set package 'cxd5602pwbimu_driver_node' build argument 'catkin_skip_building_tests' from command line to 'False'
[0.106s] [34mcolcon.colcon_core.verb[0m [1;30mDEBUG[0m [32mBuilding package 'cxd5602pwbimu_driver_node' with the following arguments: {'ament_cmake_args': None, 'build_base': '/Users/yosuke/gits/cxd5602pwbimu_ros2_driver/ros2_ws/build/cxd5602pwbimu_driver_node', 'catkin_cmake_args': None, 'catkin_skip_building_tests': False, 'cmake_args': ['-DCMAKE_PREFIX_PATH=/usr/local', '-DCMAKE_CXX_FLAGS=-I/usr/local/include', '-DCMAKE_EXE_LINKER_FLAGS=-L/usr/local/lib'], 'cmake_clean_cache': False, 'cmake_clean_first': False, 'cmake_force_configure': False, 'cmake_target': None, 'cmake_target_skip_unavailable': False, 'install_base': '/Users/yosuke/gits/cxd5602pwbimu_ros2_driver/ros2_ws/install/cxd5602pwbimu_driver_node', 'merge_install': False, 'path': '/Users/yosuke/gits/cxd5602pwbimu_ros2_driver/ros2_ws/src/cxd5602pwbimu_driver_node', 'symlink_install': False, 'test_result_base': None}[0m
[0.106s] [34mcolcon.colcon_core.verb[0m [1;30mLevel 5[0m set package 'h6x_serial_interface_example' build argument 'cmake_args' from command line to '['-DCMAKE_PREFIX_PATH=/usr/local', '-DCMAKE_CXX_FLAGS=-I/usr/local/include', '-DCMAKE_EXE_LINKER_FLAGS=-L/usr/local/lib']'
[0.106s] [34mcolcon.colcon_core.verb[0m [1;30mLevel 5[0m set package 'h6x_serial_interface_example' build argument 'cmake_target' from command line to 'None'
[0.106s] [34mcolcon.colcon_core.verb[0m [1;30mLevel 5[0m set package 'h6x_serial_interface_example' build argument 'cmake_target_skip_unavailable' from command line to 'False'
[0.106s] [34mcolcon.colcon_core.verb[0m [1;30mLevel 5[0m set package 'h6x_serial_interface_example' build argument 'cmake_clean_cache' from command line to 'False'
[0.106s] [34mcolcon.colcon_core.verb[0m [1;30mLevel 5[0m set package 'h6x_serial_interface_example' build argument 'cmake_clean_first' from command line to 'False'
[0.106s] [34mcolcon.colcon_core.verb[0m [1;30mLevel 5[0m set package 'h6x_serial_interface_example' build argument 'cmake_force_configure' from command line to 'False'
[0.106s] [34mcolcon.colcon_core.verb[0m [1;30mLevel 5[0m set package 'h6x_serial_interface_example' build argument 'ament_cmake_args' from command line to 'None'
[0.106s] [34mcolcon.colcon_core.verb[0m [1;30mLevel 5[0m set package 'h6x_serial_interface_example' build argument 'catkin_cmake_args' from command line to 'None'
[0.106s] [34mcolcon.colcon_core.verb[0m [1;30mLevel 5[0m set package 'h6x_serial_interface_example' build argument 'catkin_skip_building_tests' from command line to 'False'
[0.106s] [34mcolcon.colcon_core.verb[0m [1;30mDEBUG[0m [32mBuilding package 'h6x_serial_interface_example' with the following arguments: {'ament_cmake_args': None, 'build_base': '/Users/yosuke/gits/cxd5602pwbimu_ros2_driver/ros2_ws/build/h6x_serial_interface_example', 'catkin_cmake_args': None, 'catkin_skip_building_tests': False, 'cmake_args': ['-DCMAKE_PREFIX_PATH=/usr/local', '-DCMAKE_CXX_FLAGS=-I/usr/local/include', '-DCMAKE_EXE_LINKER_FLAGS=-L/usr/local/lib'], 'cmake_clean_cache': False, 'cmake_clean_first': False, 'cmake_force_configure': False, 'cmake_target': None, 'cmake_target_skip_unavailable': False, 'install_base': '/Users/yosuke/gits/cxd5602pwbimu_ros2_driver/ros2_ws/install/h6x_serial_interface_example', 'merge_install': False, 'path': '/Users/yosuke/gits/cxd5602pwbimu_ros2_driver/ros2_ws/src/h6x_serial_interface/h6x_serial_interface_example', 'symlink_install': False, 'test_result_base': None}[0m
[0.106s] [34mcolcon.colcon_core.verb[0m [1;30mLevel 5[0m set package 'imu_tools' build argument 'cmake_args' from command line to '['-DCMAKE_PREFIX_PATH=/usr/local', '-DCMAKE_CXX_FLAGS=-I/usr/local/include', '-DCMAKE_EXE_LINKER_FLAGS=-L/usr/local/lib']'
[0.106s] [34mcolcon.colcon_core.verb[0m [1;30mLevel 5[0m set package 'imu_tools' build argument 'cmake_target' from command line to 'None'
[0.106s] [34mcolcon.colcon_core.verb[0m [1;30mLevel 5[0m set package 'imu_tools' build argument 'cmake_target_skip_unavailable' from command line to 'False'
[0.106s] [34mcolcon.colcon_core.verb[0m [1;30mLevel 5[0m set package 'imu_tools' build argument 'cmake_clean_cache' from command line to 'False'
[0.106s] [34mcolcon.colcon_core.verb[0m [1;30mLevel 5[0m set package 'imu_tools' build argument 'cmake_clean_first' from command line to 'False'
[0.106s] [34mcolcon.colcon_core.verb[0m [1;30mLevel 5[0m set package 'imu_tools' build argument 'cmake_force_configure' from command line to 'False'
[0.106s] [34mcolcon.colcon_core.verb[0m [1;30mLevel 5[0m set package 'imu_tools' build argument 'ament_cmake_args' from command line to 'None'
[0.106s] [34mcolcon.colcon_core.verb[0m [1;30mLevel 5[0m set package 'imu_tools' build argument 'catkin_cmake_args' from command line to 'None'
[0.106s] [34mcolcon.colcon_core.verb[0m [1;30mLevel 5[0m set package 'imu_tools' build argument 'catkin_skip_building_tests' from command line to 'False'
[0.106s] [34mcolcon.colcon_core.verb[0m [1;30mDEBUG[0m [32mBuilding package 'imu_tools' with the following arguments: {'ament_cmake_args': None, 'build_base': '/Users/yosuke/gits/cxd5602pwbimu_ros2_driver/ros2_ws/build/imu_tools', 'catkin_cmake_args': None, 'catkin_skip_building_tests': False, 'cmake_args': ['-DCMAKE_PREFIX_PATH=/usr/local', '-DCMAKE_CXX_FLAGS=-I/usr/local/include', '-DCMAKE_EXE_LINKER_FLAGS=-L/usr/local/lib'], 'cmake_clean_cache': False, 'cmake_clean_first': False, 'cmake_force_configure': False, 'cmake_target': None, 'cmake_target_skip_unavailable': False, 'install_base': '/Users/yosuke/gits/cxd5602pwbimu_ros2_driver/ros2_ws/install/imu_tools', 'merge_install': False, 'path': '/Users/yosuke/gits/cxd5602pwbimu_ros2_driver/ros2_ws/src/imu_tools/imu_tools', 'symlink_install': False, 'test_result_base': None}[0m
[0.106s] [34mcolcon.colcon_core.verb[0m [1;30mLevel 5[0m set package 'cxd5602pwbimu_driver_bringup' build argument 'cmake_args' from command line to '['-DCMAKE_PREFIX_PATH=/usr/local', '-DCMAKE_CXX_FLAGS=-I/usr/local/include', '-DCMAKE_EXE_LINKER_FLAGS=-L/usr/local/lib']'
[0.106s] [34mcolcon.colcon_core.verb[0m [1;30mLevel 5[0m set package 'cxd5602pwbimu_driver_bringup' build argument 'cmake_target' from command line to 'None'
[0.106s] [34mcolcon.colcon_core.verb[0m [1;30mLevel 5[0m set package 'cxd5602pwbimu_driver_bringup' build argument 'cmake_target_skip_unavailable' from command line to 'False'
[0.106s] [34mcolcon.colcon_core.verb[0m [1;30mLevel 5[0m set package 'cxd5602pwbimu_driver_bringup' build argument 'cmake_clean_cache' from command line to 'False'
[0.106s] [34mcolcon.colcon_core.verb[0m [1;30mLevel 5[0m set package 'cxd5602pwbimu_driver_bringup' build argument 'cmake_clean_first' from command line to 'False'
[0.106s] [34mcolcon.colcon_core.verb[0m [1;30mLevel 5[0m set package 'cxd5602pwbimu_driver_bringup' build argument 'cmake_force_configure' from command line to 'False'
[0.106s] [34mcolcon.colcon_core.verb[0m [1;30mLevel 5[0m set package 'cxd5602pwbimu_driver_bringup' build argument 'ament_cmake_args' from command line to 'None'
[0.106s] [34mcolcon.colcon_core.verb[0m [1;30mLevel 5[0m set package 'cxd5602pwbimu_driver_bringup' build argument 'catkin_cmake_args' from command line to 'None'
[0.106s] [34mcolcon.colcon_core.verb[0m [1;30mLevel 5[0m set package 'cxd5602pwbimu_driver_bringup' build argument 'catkin_skip_building_tests' from command line to 'False'
[0.106s] [34mcolcon.colcon_core.verb[0m [1;30mDEBUG[0m [32mBuilding package 'cxd5602pwbimu_driver_bringup' with the following arguments: {'ament_cmake_args': None, 'build_base': '/Users/yosuke/gits/cxd5602pwbimu_ros2_driver/ros2_ws/build/cxd5602pwbimu_driver_bringup', 'catkin_cmake_args': None, 'catkin_skip_building_tests': False, 'cmake_args': ['-DCMAKE_PREFIX_PATH=/usr/local', '-DCMAKE_CXX_FLAGS=-I/usr/local/include', '-DCMAKE_EXE_LINKER_FLAGS=-L/usr/local/lib'], 'cmake_clean_cache': False, 'cmake_clean_first': False, 'cmake_force_configure': False, 'cmake_target': None, 'cmake_target_skip_unavailable': False, 'install_base': '/Users/yosuke/gits/cxd5602pwbimu_ros2_driver/ros2_ws/install/cxd5602pwbimu_driver_bringup', 'merge_install': False, 'path': '/Users/yosuke/gits/cxd5602pwbimu_ros2_driver/ros2_ws/src/cxd5602pwbimu_driver_bringup', 'symlink_install': False, 'test_result_base': None}[0m
[0.106s] [34mcolcon.colcon_core.verb[0m [1;30mLevel 5[0m set package 'cxd5602pwbimu_driver' build argument 'cmake_args' from command line to '['-DCMAKE_PREFIX_PATH=/usr/local', '-DCMAKE_CXX_FLAGS=-I/usr/local/include', '-DCMAKE_EXE_LINKER_FLAGS=-L/usr/local/lib']'
[0.106s] [34mcolcon.colcon_core.verb[0m [1;30mLevel 5[0m set package 'cxd5602pwbimu_driver' build argument 'cmake_target' from command line to 'None'
[0.106s] [34mcolcon.colcon_core.verb[0m [1;30mLevel 5[0m set package 'cxd5602pwbimu_driver' build argument 'cmake_target_skip_unavailable' from command line to 'False'
[0.106s] [34mcolcon.colcon_core.verb[0m [1;30mLevel 5[0m set package 'cxd5602pwbimu_driver' build argument 'cmake_clean_cache' from command line to 'False'
[0.106s] [34mcolcon.colcon_core.verb[0m [1;30mLevel 5[0m set package 'cxd5602pwbimu_driver' build argument 'cmake_clean_first' from command line to 'False'
[0.106s] [34mcolcon.colcon_core.verb[0m [1;30mLevel 5[0m set package 'cxd5602pwbimu_driver' build argument 'cmake_force_configure' from command line to 'False'
[0.106s] [34mcolcon.colcon_core.verb[0m [1;30mLevel 5[0m set package 'cxd5602pwbimu_driver' build argument 'ament_cmake_args' from command line to 'None'
[0.106s] [34mcolcon.colcon_core.verb[0m [1;30mLevel 5[0m set package 'cxd5602pwbimu_driver' build argument 'catkin_cmake_args' from command line to 'None'
[0.106s] [34mcolcon.colcon_core.verb[0m [1;30mLevel 5[0m set package 'cxd5602pwbimu_driver' build argument 'catkin_skip_building_tests' from command line to 'False'
[0.106s] [34mcolcon.colcon_core.verb[0m [1;30mDEBUG[0m [32mBuilding package 'cxd5602pwbimu_driver' with the following arguments: {'ament_cmake_args': None, 'build_base': '/Users/yosuke/gits/cxd5602pwbimu_ros2_driver/ros2_ws/build/cxd5602pwbimu_driver', 'catkin_cmake_args': None, 'catkin_skip_building_tests': False, 'cmake_args': ['-DCMAKE_PREFIX_PATH=/usr/local', '-DCMAKE_CXX_FLAGS=-I/usr/local/include', '-DCMAKE_EXE_LINKER_FLAGS=-L/usr/local/lib'], 'cmake_clean_cache': False, 'cmake_clean_first': False, 'cmake_force_configure': False, 'cmake_target': None, 'cmake_target_skip_unavailable': False, 'install_base': '/Users/yosuke/gits/cxd5602pwbimu_ros2_driver/ros2_ws/install/cxd5602pwbimu_driver', 'merge_install': False, 'path': '/Users/yosuke/gits/cxd5602pwbimu_ros2_driver/ros2_ws/src/cxd5602pwbimu_driver', 'symlink_install': False, 'test_result_base': None}[0m
[0.106s] [34mcolcon.colcon_core.executor[0m [1;30mINFO[0m Executing jobs using 'parallel' executor
[0.107s] [34mcolcon.colcon_parallel_executor.executor.parallel[0m [1;30mDEBUG[0m [32mrun_until_complete[0m
[0.107s] [34mcolcon.colcon_ros.task.ament_cmake.build[0m [1;30mINFO[0m Building ROS package in '/Users/yosuke/gits/cxd5602pwbimu_ros2_driver/ros2_ws/src/h6x_serial_interface/h6x_serial_interface' with build type 'ament_cmake'
[0.107s] [34mcolcon.colcon_cmake.task.cmake.build[0m [1;30mINFO[0m Building CMake package in '/Users/yosuke/gits/cxd5602pwbimu_ros2_driver/ros2_ws/src/h6x_serial_interface/h6x_serial_interface'
[0.108s] [34mcolcon.colcon_core.plugin_system[0m [1;30mINFO[0m Skipping extension 'colcon_core.shell.bat': Not used on non-Windows systems
[0.108s] [34mcolcon.colcon_core.shell[0m [1;30mINFO[0m Skip shell extension 'powershell' for command environment: Not usable outside of PowerShell
[0.108s] [34mcolcon.colcon_core.shell[0m [1;30mDEBUG[0m [32mSkip shell extension 'dsv' for command environment[0m
[0.111s] [34mcolcon.colcon_ros.task.ament_cmake.build[0m [1;30mINFO[0m Building ROS package in '/Users/yosuke/gits/cxd5602pwbimu_ros2_driver/ros2_ws/src/imu_tools/imu_filter_madgwick' with build type 'ament_cmake'
[0.111s] [34mcolcon.colcon_cmake.task.cmake.build[0m [1;30mINFO[0m Building CMake package in '/Users/yosuke/gits/cxd5602pwbimu_ros2_driver/ros2_ws/src/imu_tools/imu_filter_madgwick'
[0.111s] [34mcolcon.colcon_core.shell[0m [1;30mINFO[0m Skip shell extension 'powershell' for command environment: Not usable outside of PowerShell
[0.111s] [34mcolcon.colcon_core.shell[0m [1;30mDEBUG[0m [32mSkip shell extension 'dsv' for command environment[0m
[0.114s] [34mcolcon.colcon_ros.task.ament_cmake.build[0m [1;30mINFO[0m Building ROS package in '/Users/yosuke/gits/cxd5602pwbimu_ros2_driver/ros2_ws/src/imu_tools/imu_complementary_filter' with build type 'ament_cmake'
[0.114s] [34mcolcon.colcon_cmake.task.cmake.build[0m [1;30mINFO[0m Building CMake package in '/Users/yosuke/gits/cxd5602pwbimu_ros2_driver/ros2_ws/src/imu_tools/imu_complementary_filter'
[0.114s] [34mcolcon.colcon_core.shell[0m [1;30mINFO[0m Skip shell extension 'powershell' for command environment: Not usable outside of PowerShell
[0.114s] [34mcolcon.colcon_core.shell[0m [1;30mDEBUG[0m [32mSkip shell extension 'dsv' for command environment[0m
[0.118s] [34mcolcon.colcon_ros.task.ament_cmake.build[0m [1;30mINFO[0m Building ROS package in '/Users/yosuke/gits/cxd5602pwbimu_ros2_driver/ros2_ws/src/imu_tools/rviz_imu_plugin' with build type 'ament_cmake'
[0.118s] [34mcolcon.colcon_cmake.task.cmake.build[0m [1;30mINFO[0m Building CMake package in '/Users/yosuke/gits/cxd5602pwbimu_ros2_driver/ros2_ws/src/imu_tools/rviz_imu_plugin'
[0.118s] [34mcolcon.colcon_core.shell[0m [1;30mINFO[0m Skip shell extension 'powershell' for command environment: Not usable outside of PowerShell
[0.118s] [34mcolcon.colcon_core.shell[0m [1;30mDEBUG[0m [32mSkip shell extension 'dsv' for command environment[0m
[0.122s] [34mcolcon.colcon_ros.task.ament_cmake.build[0m [1;30mINFO[0m Building ROS package in '/Users/yosuke/gits/cxd5602pwbimu_ros2_driver/ros2_ws/src/h6x_serial_interface/h6x_packet_handler' with build type 'ament_cmake'
[0.122s] [34mcolcon.colcon_cmake.task.cmake.build[0m [1;30mINFO[0m Building CMake package in '/Users/yosuke/gits/cxd5602pwbimu_ros2_driver/ros2_ws/src/h6x_serial_interface/h6x_packet_handler'
[0.122s] [34mcolcon.colcon_core.shell[0m [1;30mINFO[0m Skip shell extension 'powershell' for command environment: Not usable outside of PowerShell
[0.122s] [34mcolcon.colcon_core.shell[0m [1;30mDEBUG[0m [32mSkip shell extension 'dsv' for command environment[0m
[0.126s] [34mcolcon.colcon_ros.task.ament_cmake.build[0m [1;30mINFO[0m Building ROS package in '/Users/yosuke/gits/cxd5602pwbimu_ros2_driver/ros2_ws/src/imu_trajectory_filter' with build type 'ament_cmake'
[0.126s] [34mcolcon.colcon_cmake.task.cmake.build[0m [1;30mINFO[0m Building CMake package in '/Users/yosuke/gits/cxd5602pwbimu_ros2_driver/ros2_ws/src/imu_trajectory_filter'
[0.126s] [34mcolcon.colcon_core.shell[0m [1;30mINFO[0m Skip shell extension 'powershell' for command environment: Not usable outside of PowerShell
[0.126s] [34mcolcon.colcon_core.shell[0m [1;30mDEBUG[0m [32mSkip shell extension 'dsv' for command environment[0m
[0.136s] [34mcolcon.colcon_core.event_handler.log_command[0m [1;30mDEBUG[0m [32mInvoking command in '/Users/yosuke/gits/cxd5602pwbimu_ros2_driver/ros2_ws/build/h6x_serial_interface': CMAKE_PREFIX_PATH=${CMAKE_PREFIX_PATH}:/Users/yosuke/gits/cxd5602pwbimu_ros2_driver/ros2_ws/install/cxd5602pwbimu_driver_bringup:/Users/yosuke/miniforge3/envs/ros_env CONDA_PROMPT_MODIFIER=(ros_env) SHLVL=2 _=/Users/yosuke/miniforge3/envs/ros_env/bin/env /Users/yosuke/miniforge3/envs/ros_env/bin/cmake --build /Users/yosuke/gits/cxd5602pwbimu_ros2_driver/ros2_ws/build/h6x_serial_interface -- -j10 -l10[0m
[0.139s] [34mcolcon.colcon_core.event_handler.log_command[0m [1;30mDEBUG[0m [32mInvoking command in '/Users/yosuke/gits/cxd5602pwbimu_ros2_driver/ros2_ws/build/imu_filter_madgwick': CMAKE_PREFIX_PATH=${CMAKE_PREFIX_PATH}:/Users/yosuke/gits/cxd5602pwbimu_ros2_driver/ros2_ws/install/cxd5602pwbimu_driver_bringup:/Users/yosuke/miniforge3/envs/ros_env CONDA_PROMPT_MODIFIER=(ros_env) SHLVL=2 _=/Users/yosuke/miniforge3/envs/ros_env/bin/env /Users/yosuke/miniforge3/envs/ros_env/bin/cmake --build /Users/yosuke/gits/cxd5602pwbimu_ros2_driver/ros2_ws/build/imu_filter_madgwick -- -j10 -l10[0m
[0.143s] [34mcolcon.colcon_core.event_handler.log_command[0m [1;30mDEBUG[0m [32mInvoking command in '/Users/yosuke/gits/cxd5602pwbimu_ros2_driver/ros2_ws/build/imu_complementary_filter': CMAKE_PREFIX_PATH=${CMAKE_PREFIX_PATH}:/Users/yosuke/gits/cxd5602pwbimu_ros2_driver/ros2_ws/install/cxd5602pwbimu_driver_bringup:/Users/yosuke/miniforge3/envs/ros_env CONDA_PROMPT_MODIFIER=(ros_env) SHLVL=2 _=/Users/yosuke/miniforge3/envs/ros_env/bin/env /Users/yosuke/miniforge3/envs/ros_env/bin/cmake --build /Users/yosuke/gits/cxd5602pwbimu_ros2_driver/ros2_ws/build/imu_complementary_filter -- -j10 -l10[0m
[0.149s] [34mcolcon.colcon_core.event_handler.log_command[0m [1;30mDEBUG[0m [32mInvoking command in '/Users/yosuke/gits/cxd5602pwbimu_ros2_driver/ros2_ws/build/rviz_imu_plugin': CMAKE_PREFIX_PATH=${CMAKE_PREFIX_PATH}:/Users/yosuke/gits/cxd5602pwbimu_ros2_driver/ros2_ws/install/cxd5602pwbimu_driver_bringup:/Users/yosuke/miniforge3/envs/ros_env CONDA_PROMPT_MODIFIER=(ros_env) SHLVL=2 _=/Users/yosuke/miniforge3/envs/ros_env/bin/env /Users/yosuke/miniforge3/envs/ros_env/bin/cmake --build /Users/yosuke/gits/cxd5602pwbimu_ros2_driver/ros2_ws/build/rviz_imu_plugin -- -j10 -l10[0m
[0.156s] [34mcolcon.colcon_core.event_handler.log_command[0m [1;30mDEBUG[0m [32mInvoking command in '/Users/yosuke/gits/cxd5602pwbimu_ros2_driver/ros2_ws/build/h6x_packet_handler': CMAKE_PREFIX_PATH=${CMAKE_PREFIX_PATH}:/Users/yosuke/gits/cxd5602pwbimu_ros2_driver/ros2_ws/install/cxd5602pwbimu_driver_bringup:/Users/yosuke/miniforge3/envs/ros_env CONDA_PROMPT_MODIFIER=(ros_env) SHLVL=2 _=/Users/yosuke/miniforge3/envs/ros_env/bin/env /Users/yosuke/miniforge3/envs/ros_env/bin/cmake --build /Users/yosuke/gits/cxd5602pwbimu_ros2_driver/ros2_ws/build/h6x_packet_handler -- -j10 -l10[0m
[0.167s] [34mcolcon.colcon_core.event_handler.log_command[0m [1;30mDEBUG[0m [32mInvoking command in '/Users/yosuke/gits/cxd5602pwbimu_ros2_driver/ros2_ws/build/imu_trajectory_filter': CMAKE_PREFIX_PATH=${CMAKE_PREFIX_PATH}:/Users/yosuke/gits/cxd5602pwbimu_ros2_driver/ros2_ws/install/cxd5602pwbimu_driver_bringup:/Users/yosuke/miniforge3/envs/ros_env CONDA_PROMPT_MODIFIER=(ros_env) SHLVL=2 _=/Users/yosuke/miniforge3/envs/ros_env/bin/env /Users/yosuke/miniforge3/envs/ros_env/bin/cmake --build /Users/yosuke/gits/cxd5602pwbimu_ros2_driver/ros2_ws/build/imu_trajectory_filter -- -j10 -l10[0m
[0.390s] [34mcolcon.colcon_core.event_handler.log_command[0m [1;30mDEBUG[0m [32mInvoked command in '/Users/yosuke/gits/cxd5602pwbimu_ros2_driver/ros2_ws/build/h6x_serial_interface' returned '0': CMAKE_PREFIX_PATH=${CMAKE_PREFIX_PATH}:/Users/yosuke/gits/cxd5602pwbimu_ros2_driver/ros2_ws/install/cxd5602pwbimu_driver_bringup:/Users/yosuke/miniforge3/envs/ros_env CONDA_PROMPT_MODIFIER=(ros_env) SHLVL=2 _=/Users/yosuke/miniforge3/envs/ros_env/bin/env /Users/yosuke/miniforge3/envs/ros_env/bin/cmake --build /Users/yosuke/gits/cxd5602pwbimu_ros2_driver/ros2_ws/build/h6x_serial_interface -- -j10 -l10[0m
[0.527s] [34mcolcon.colcon_core.event_handler.log_command[0m [1;30mDEBUG[0m [32mInvoked command in '/Users/yosuke/gits/cxd5602pwbimu_ros2_driver/ros2_ws/build/imu_filter_madgwick' returned '0': CMAKE_PREFIX_PATH=${CMAKE_PREFIX_PATH}:/Users/yosuke/gits/cxd5602pwbimu_ros2_driver/ros2_ws/install/cxd5602pwbimu_driver_bringup:/Users/yosuke/miniforge3/envs/ros_env CONDA_PROMPT_MODIFIER=(ros_env) SHLVL=2 _=/Users/yosuke/miniforge3/envs/ros_env/bin/env /Users/yosuke/miniforge3/envs/ros_env/bin/cmake --build /Users/yosuke/gits/cxd5602pwbimu_ros2_driver/ros2_ws/build/imu_filter_madgwick -- -j10 -l10[0m
[0.528s] [34mcolcon.colcon_core.event_handler.log_command[0m [1;30mDEBUG[0m [32mInvoked command in '/Users/yosuke/gits/cxd5602pwbimu_ros2_driver/ros2_ws/build/imu_complementary_filter' returned '0': CMAKE_PREFIX_PATH=${CMAKE_PREFIX_PATH}:/Users/yosuke/gits/cxd5602pwbimu_ros2_driver/ros2_ws/install/cxd5602pwbimu_driver_bringup:/Users/yosuke/miniforge3/envs/ros_env CONDA_PROMPT_MODIFIER=(ros_env) SHLVL=2 _=/Users/yosuke/miniforge3/envs/ros_env/bin/env /Users/yosuke/miniforge3/envs/ros_env/bin/cmake --build /Users/yosuke/gits/cxd5602pwbimu_ros2_driver/ros2_ws/build/imu_complementary_filter -- -j10 -l10[0m
[0.543s] [34mcolcon.colcon_core.event_handler.log_command[0m [1;30mDEBUG[0m [32mInvoked command in '/Users/yosuke/gits/cxd5602pwbimu_ros2_driver/ros2_ws/build/imu_trajectory_filter' returned '0': CMAKE_PREFIX_PATH=${CMAKE_PREFIX_PATH}:/Users/yosuke/gits/cxd5602pwbimu_ros2_driver/ros2_ws/install/cxd5602pwbimu_driver_bringup:/Users/yosuke/miniforge3/envs/ros_env CONDA_PROMPT_MODIFIER=(ros_env) SHLVL=2 _=/Users/yosuke/miniforge3/envs/ros_env/bin/env /Users/yosuke/miniforge3/envs/ros_env/bin/cmake --build /Users/yosuke/gits/cxd5602pwbimu_ros2_driver/ros2_ws/build/imu_trajectory_filter -- -j10 -l10[0m
[0.546s] [34mcolcon.colcon_core.event_handler.log_command[0m [1;30mDEBUG[0m [32mInvoked command in '/Users/yosuke/gits/cxd5602pwbimu_ros2_driver/ros2_ws/build/h6x_packet_handler' returned '0': CMAKE_PREFIX_PATH=${CMAKE_PREFIX_PATH}:/Users/yosuke/gits/cxd5602pwbimu_ros2_driver/ros2_ws/install/cxd5602pwbimu_driver_bringup:/Users/yosuke/miniforge3/envs/ros_env CONDA_PROMPT_MODIFIER=(ros_env) SHLVL=2 _=/Users/yosuke/miniforge3/envs/ros_env/bin/env /Users/yosuke/miniforge3/envs/ros_env/bin/cmake --build /Users/yosuke/gits/cxd5602pwbimu_ros2_driver/ros2_ws/build/h6x_packet_handler -- -j10 -l10[0m
[0.643s] [34mcolcon.colcon_core.event_handler.log_command[0m [1;30mDEBUG[0m [32mInvoked command in '/Users/yosuke/gits/cxd5602pwbimu_ros2_driver/ros2_ws/build/rviz_imu_plugin' returned '0': CMAKE_PREFIX_PATH=${CMAKE_PREFIX_PATH}:/Users/yosuke/gits/cxd5602pwbimu_ros2_driver/ros2_ws/install/cxd5602pwbimu_driver_bringup:/Users/yosuke/miniforge3/envs/ros_env CONDA_PROMPT_MODIFIER=(ros_env) SHLVL=2 _=/Users/yosuke/miniforge3/envs/ros_env/bin/env /Users/yosuke/miniforge3/envs/ros_env/bin/cmake --build /Users/yosuke/gits/cxd5602pwbimu_ros2_driver/ros2_ws/build/rviz_imu_plugin -- -j10 -l10[0m
[0.791s] [34mcolcon.colcon_core.event_handler.log_command[0m [1;30mDEBUG[0m [32mInvoking command in '/Users/yosuke/gits/cxd5602pwbimu_ros2_driver/ros2_ws/build/h6x_serial_interface': CMAKE_PREFIX_PATH=${CMAKE_PREFIX_PATH}:/Users/yosuke/gits/cxd5602pwbimu_ros2_driver/ros2_ws/install/cxd5602pwbimu_driver_bringup:/Users/yosuke/miniforge3/envs/ros_env CONDA_PROMPT_MODIFIER=(ros_env) SHLVL=2 _=/Users/yosuke/miniforge3/envs/ros_env/bin/env /Users/yosuke/miniforge3/envs/ros_env/bin/cmake --install /Users/yosuke/gits/cxd5602pwbimu_ros2_driver/ros2_ws/build/h6x_serial_interface[0m
[0.819s] [34mcolcon.colcon_core.environment[0m [1;30mLevel 1[0m create_environment_scripts_only(h6x_serial_interface)
[0.820s] [34mcolcon.colcon_core.event_handler.log_command[0m [1;30mDEBUG[0m [32mInvoked command in '/Users/yosuke/gits/cxd5602pwbimu_ros2_driver/ros2_ws/build/h6x_serial_interface' returned '0': CMAKE_PREFIX_PATH=${CMAKE_PREFIX_PATH}:/Users/yosuke/gits/cxd5602pwbimu_ros2_driver/ros2_ws/install/cxd5602pwbimu_driver_bringup:/Users/yosuke/miniforge3/envs/ros_env CONDA_PROMPT_MODIFIER=(ros_env) SHLVL=2 _=/Users/yosuke/miniforge3/envs/ros_env/bin/env /Users/yosuke/miniforge3/envs/ros_env/bin/cmake --install /Users/yosuke/gits/cxd5602pwbimu_ros2_driver/ros2_ws/build/h6x_serial_interface[0m
[0.822s] [34mcolcon.colcon_core.environment[0m [1;30mLevel 1[0m checking '/Users/yosuke/gits/cxd5602pwbimu_ros2_driver/ros2_ws/install/h6x_serial_interface' for CMake module files
[0.822s] [34mcolcon.colcon_core.environment[0m [1;30mLevel 1[0m checking '/Users/yosuke/gits/cxd5602pwbimu_ros2_driver/ros2_ws/install/h6x_serial_interface' for CMake config files
[0.823s] [34mcolcon.colcon_core.shell[0m [1;30mLevel 1[0m create_environment_hook('h6x_serial_interface', 'cmake_prefix_path')
[0.823s] [34mcolcon.colcon_core.shell[0m [1;30mINFO[0m Creating environment hook '/Users/yosuke/gits/cxd5602pwbimu_ros2_driver/ros2_ws/install/h6x_serial_interface/share/h6x_serial_interface/hook/cmake_prefix_path.ps1'
[0.823s] [34mcolcon.colcon_core.shell[0m [1;30mINFO[0m Creating environment descriptor '/Users/yosuke/gits/cxd5602pwbimu_ros2_driver/ros2_ws/install/h6x_serial_interface/share/h6x_serial_interface/hook/cmake_prefix_path.dsv'
[0.824s] [34mcolcon.colcon_core.shell[0m [1;30mINFO[0m Creating environment hook '/Users/yosuke/gits/cxd5602pwbimu_ros2_driver/ros2_ws/install/h6x_serial_interface/share/h6x_serial_interface/hook/cmake_prefix_path.sh'
[0.824s] [34mcolcon.colcon_core.environment[0m [1;30mLevel 1[0m checking '/Users/yosuke/gits/cxd5602pwbimu_ros2_driver/ros2_ws/install/h6x_serial_interface/lib'
[0.824s] [34mcolcon.colcon_core.shell[0m [1;30mLevel 1[0m create_environment_hook('h6x_serial_interface', 'dyld_library_path')
[0.824s] [34mcolcon.colcon_core.shell[0m [1;30mINFO[0m Creating environment hook '/Users/yosuke/gits/cxd5602pwbimu_ros2_driver/ros2_ws/install/h6x_serial_interface/share/h6x_serial_interface/hook/dyld_library_path.ps1'
[0.825s] [34mcolcon.colcon_core.shell[0m [1;30mINFO[0m Creating environment descriptor '/Users/yosuke/gits/cxd5602pwbimu_ros2_driver/ros2_ws/install/h6x_serial_interface/share/h6x_serial_interface/hook/dyld_library_path.dsv'
[0.825s] [34mcolcon.colcon_core.shell[0m [1;30mINFO[0m Creating environment hook '/Users/yosuke/gits/cxd5602pwbimu_ros2_driver/ros2_ws/install/h6x_serial_interface/share/h6x_serial_interface/hook/dyld_library_path.sh'
[0.825s] [34mcolcon.colcon_core.environment[0m [1;30mLevel 1[0m checking '/Users/yosuke/gits/cxd5602pwbimu_ros2_driver/ros2_ws/install/h6x_serial_interface/bin'
[0.825s] [34mcolcon.colcon_core.environment[0m [1;30mLevel 1[0m checking '/Users/yosuke/gits/cxd5602pwbimu_ros2_driver/ros2_ws/install/h6x_serial_interface/lib/pkgconfig/h6x_serial_interface.pc'
[0.825s] [34mcolcon.colcon_core.environment[0m [1;30mLevel 1[0m checking '/Users/yosuke/gits/cxd5602pwbimu_ros2_driver/ros2_ws/install/h6x_serial_interface/lib/python3.11/site-packages'
[0.826s] [34mcolcon.colcon_core.environment[0m [1;30mLevel 1[0m checking '/Users/yosuke/gits/cxd5602pwbimu_ros2_driver/ros2_ws/install/h6x_serial_interface/bin'
[0.826s] [34mcolcon.colcon_core.shell[0m [1;30mINFO[0m Creating package script '/Users/yosuke/gits/cxd5602pwbimu_ros2_driver/ros2_ws/install/h6x_serial_interface/share/h6x_serial_interface/package.ps1'
[0.826s] [34mcolcon.colcon_core.shell[0m [1;30mINFO[0m Creating package descriptor '/Users/yosuke/gits/cxd5602pwbimu_ros2_driver/ros2_ws/install/h6x_serial_interface/share/h6x_serial_interface/package.dsv'
[0.826s] [34mcolcon.colcon_core.shell[0m [1;30mINFO[0m Creating package script '/Users/yosuke/gits/cxd5602pwbimu_ros2_driver/ros2_ws/install/h6x_serial_interface/share/h6x_serial_interface/package.sh'
[0.827s] [34mcolcon.colcon_core.shell[0m [1;30mINFO[0m Creating package script '/Users/yosuke/gits/cxd5602pwbimu_ros2_driver/ros2_ws/install/h6x_serial_interface/share/h6x_serial_interface/package.bash'
[0.828s] [34mcolcon.colcon_core.shell[0m [1;30mINFO[0m Creating package script '/Users/yosuke/gits/cxd5602pwbimu_ros2_driver/ros2_ws/install/h6x_serial_interface/share/h6x_serial_interface/package.zsh'
[0.828s] [34mcolcon.colcon_core.environment[0m [1;30mLevel 1[0m create_file_with_runtime_dependencies(/Users/yosuke/gits/cxd5602pwbimu_ros2_driver/ros2_ws/install/h6x_serial_interface/share/colcon-core/packages/h6x_serial_interface)
[0.868s] [34mcolcon.colcon_core.event_handler.log_command[0m [1;30mDEBUG[0m [32mInvoking command in '/Users/yosuke/gits/cxd5602pwbimu_ros2_driver/ros2_ws/build/imu_trajectory_filter': CMAKE_PREFIX_PATH=${CMAKE_PREFIX_PATH}:/Users/yosuke/gits/cxd5602pwbimu_ros2_driver/ros2_ws/install/cxd5602pwbimu_driver_bringup:/Users/yosuke/miniforge3/envs/ros_env CONDA_PROMPT_MODIFIER=(ros_env) SHLVL=2 _=/Users/yosuke/miniforge3/envs/ros_env/bin/env /Users/yosuke/miniforge3/envs/ros_env/bin/cmake --install /Users/yosuke/gits/cxd5602pwbimu_ros2_driver/ros2_ws/build/imu_trajectory_filter[0m
[0.915s] [34mcolcon.colcon_core.event_handler.log_command[0m [1;30mDEBUG[0m [32mInvoking command in '/Users/yosuke/gits/cxd5602pwbimu_ros2_driver/ros2_ws/build/imu_complementary_filter': CMAKE_PREFIX_PATH=${CMAKE_PREFIX_PATH}:/Users/yosuke/gits/cxd5602pwbimu_ros2_driver/ros2_ws/install/cxd5602pwbimu_driver_bringup:/Users/yosuke/miniforge3/envs/ros_env CONDA_PROMPT_MODIFIER=(ros_env) SHLVL=2 _=/Users/yosuke/miniforge3/envs/ros_env/bin/env /Users/yosuke/miniforge3/envs/ros_env/bin/cmake --install /Users/yosuke/gits/cxd5602pwbimu_ros2_driver/ros2_ws/build/imu_complementary_filter[0m
[1.000s] [34mcolcon.colcon_core.environment[0m [1;30mLevel 1[0m create_environment_scripts_only(imu_trajectory_filter)
[1.000s] [34mcolcon.colcon_core.environment[0m [1;30mLevel 1[0m checking '/Users/yosuke/gits/cxd5602pwbimu_ros2_driver/ros2_ws/install/imu_trajectory_filter' for CMake module files
[1.000s] [34mcolcon.colcon_core.event_handler.log_command[0m [1;30mDEBUG[0m [32mInvoked command in '/Users/yosuke/gits/cxd5602pwbimu_ros2_driver/ros2_ws/build/imu_trajectory_filter' returned '0': CMAKE_PREFIX_PATH=${CMAKE_PREFIX_PATH}:/Users/yosuke/gits/cxd5602pwbimu_ros2_driver/ros2_ws/install/cxd5602pwbimu_driver_bringup:/Users/yosuke/miniforge3/envs/ros_env CONDA_PROMPT_MODIFIER=(ros_env) SHLVL=2 _=/Users/yosuke/miniforge3/envs/ros_env/bin/env /Users/yosuke/miniforge3/envs/ros_env/bin/cmake --install /Users/yosuke/gits/cxd5602pwbimu_ros2_driver/ros2_ws/build/imu_trajectory_filter[0m
[1.001s] [34mcolcon.colcon_core.environment[0m [1;30mLevel 1[0m checking '/Users/yosuke/gits/cxd5602pwbimu_ros2_driver/ros2_ws/install/imu_trajectory_filter' for CMake config files
[1.001s] [34mcolcon.colcon_core.shell[0m [1;30mLevel 1[0m create_environment_hook('imu_trajectory_filter', 'cmake_prefix_path')
[1.001s] [34mcolcon.colcon_core.shell[0m [1;30mINFO[0m Creating environment hook '/Users/yosuke/gits/cxd5602pwbimu_ros2_driver/ros2_ws/install/imu_trajectory_filter/share/imu_trajectory_filter/hook/cmake_prefix_path.ps1'
[1.001s] [34mcolcon.colcon_core.shell[0m [1;30mINFO[0m Creating environment descriptor '/Users/yosuke/gits/cxd5602pwbimu_ros2_driver/ros2_ws/install/imu_trajectory_filter/share/imu_trajectory_filter/hook/cmake_prefix_path.dsv'
[1.001s] [34mcolcon.colcon_core.shell[0m [1;30mINFO[0m Creating environment hook '/Users/yosuke/gits/cxd5602pwbimu_ros2_driver/ros2_ws/install/imu_trajectory_filter/share/imu_trajectory_filter/hook/cmake_prefix_path.sh'
[1.002s] [34mcolcon.colcon_core.environment[0m [1;30mLevel 1[0m checking '/Users/yosuke/gits/cxd5602pwbimu_ros2_driver/ros2_ws/install/imu_trajectory_filter/lib'
[1.002s] [34mcolcon.colcon_core.shell[0m [1;30mLevel 1[0m create_environment_hook('imu_trajectory_filter', 'dyld_library_path')
[1.002s] [34mcolcon.colcon_core.shell[0m [1;30mINFO[0m Creating environment hook '/Users/yosuke/gits/cxd5602pwbimu_ros2_driver/ros2_ws/install/imu_trajectory_filter/share/imu_trajectory_filter/hook/dyld_library_path.ps1'
[1.002s] [34mcolcon.colcon_core.shell[0m [1;30mINFO[0m Creating environment descriptor '/Users/yosuke/gits/cxd5602pwbimu_ros2_driver/ros2_ws/install/imu_trajectory_filter/share/imu_trajectory_filter/hook/dyld_library_path.dsv'
[1.002s] [34mcolcon.colcon_core.shell[0m [1;30mINFO[0m Creating environment hook '/Users/yosuke/gits/cxd5602pwbimu_ros2_driver/ros2_ws/install/imu_trajectory_filter/share/imu_trajectory_filter/hook/dyld_library_path.sh'
[1.002s] [34mcolcon.colcon_core.environment[0m [1;30mLevel 1[0m checking '/Users/yosuke/gits/cxd5602pwbimu_ros2_driver/ros2_ws/install/imu_trajectory_filter/bin'
[1.002s] [34mcolcon.colcon_core.environment[0m [1;30mLevel 1[0m checking '/Users/yosuke/gits/cxd5602pwbimu_ros2_driver/ros2_ws/install/imu_trajectory_filter/lib/pkgconfig/imu_trajectory_filter.pc'
[1.002s] [34mcolcon.colcon_core.environment[0m [1;30mLevel 1[0m checking '/Users/yosuke/gits/cxd5602pwbimu_ros2_driver/ros2_ws/install/imu_trajectory_filter/lib/python3.11/site-packages'
[1.003s] [34mcolcon.colcon_core.environment[0m [1;30mLevel 1[0m checking '/Users/yosuke/gits/cxd5602pwbimu_ros2_driver/ros2_ws/install/imu_trajectory_filter/bin'
[1.003s] [34mcolcon.colcon_core.shell[0m [1;30mINFO[0m Creating package script '/Users/yosuke/gits/cxd5602pwbimu_ros2_driver/ros2_ws/install/imu_trajectory_filter/share/imu_trajectory_filter/package.ps1'
[1.003s] [34mcolcon.colcon_core.shell[0m [1;30mINFO[0m Creating package descriptor '/Users/yosuke/gits/cxd5602pwbimu_ros2_driver/ros2_ws/install/imu_trajectory_filter/share/imu_trajectory_filter/package.dsv'
[1.003s] [34mcolcon.colcon_core.shell[0m [1;30mINFO[0m Creating package script '/Users/yosuke/gits/cxd5602pwbimu_ros2_driver/ros2_ws/install/imu_trajectory_filter/share/imu_trajectory_filter/package.sh'
[1.003s] [34mcolcon.colcon_core.shell[0m [1;30mINFO[0m Creating package script '/Users/yosuke/gits/cxd5602pwbimu_ros2_driver/ros2_ws/install/imu_trajectory_filter/share/imu_trajectory_filter/package.bash'
[1.003s] [34mcolcon.colcon_core.shell[0m [1;30mINFO[0m Creating package script '/Users/yosuke/gits/cxd5602pwbimu_ros2_driver/ros2_ws/install/imu_trajectory_filter/share/imu_trajectory_filter/package.zsh'
[1.004s] [34mcolcon.colcon_core.environment[0m [1;30mLevel 1[0m create_file_with_runtime_dependencies(/Users/yosuke/gits/cxd5602pwbimu_ros2_driver/ros2_ws/install/imu_trajectory_filter/share/colcon-core/packages/imu_trajectory_filter)
[1.026s] [34mcolcon.colcon_core.event_handler.log_command[0m [1;30mDEBUG[0m [32mInvoking command in '/Users/yosuke/gits/cxd5602pwbimu_ros2_driver/ros2_ws/build/imu_filter_madgwick': CMAKE_PREFIX_PATH=${CMAKE_PREFIX_PATH}:/Users/yosuke/gits/cxd5602pwbimu_ros2_driver/ros2_ws/install/cxd5602pwbimu_driver_bringup:/Users/yosuke/miniforge3/envs/ros_env CONDA_PROMPT_MODIFIER=(ros_env) SHLVL=2 _=/Users/yosuke/miniforge3/envs/ros_env/bin/env /Users/yosuke/miniforge3/envs/ros_env/bin/cmake --install /Users/yosuke/gits/cxd5602pwbimu_ros2_driver/ros2_ws/build/imu_filter_madgwick[0m
[1.056s] [34mcolcon.colcon_core.event_handler.log_command[0m [1;30mDEBUG[0m [32mInvoking command in '/Users/yosuke/gits/cxd5602pwbimu_ros2_driver/ros2_ws/build/h6x_packet_handler': CMAKE_PREFIX_PATH=${CMAKE_PREFIX_PATH}:/Users/yosuke/gits/cxd5602pwbimu_ros2_driver/ros2_ws/install/cxd5602pwbimu_driver_bringup:/Users/yosuke/miniforge3/envs/ros_env CONDA_PROMPT_MODIFIER=(ros_env) SHLVL=2 _=/Users/yosuke/miniforge3/envs/ros_env/bin/env /Users/yosuke/miniforge3/envs/ros_env/bin/cmake --install /Users/yosuke/gits/cxd5602pwbimu_ros2_driver/ros2_ws/build/h6x_packet_handler[0m
[1.059s] [34mcolcon.colcon_core.environment[0m [1;30mLevel 1[0m create_environment_scripts_only(imu_complementary_filter)
[1.059s] [34mcolcon.colcon_core.environment[0m [1;30mLevel 1[0m checking '/Users/yosuke/gits/cxd5602pwbimu_ros2_driver/ros2_ws/install/imu_complementary_filter' for CMake module files
[1.060s] [34mcolcon.colcon_core.event_handler.log_command[0m [1;30mDEBUG[0m [32mInvoked command in '/Users/yosuke/gits/cxd5602pwbimu_ros2_driver/ros2_ws/build/imu_complementary_filter' returned '0': CMAKE_PREFIX_PATH=${CMAKE_PREFIX_PATH}:/Users/yosuke/gits/cxd5602pwbimu_ros2_driver/ros2_ws/install/cxd5602pwbimu_driver_bringup:/Users/yosuke/miniforge3/envs/ros_env CONDA_PROMPT_MODIFIER=(ros_env) SHLVL=2 _=/Users/yosuke/miniforge3/envs/ros_env/bin/env /Users/yosuke/miniforge3/envs/ros_env/bin/cmake --install /Users/yosuke/gits/cxd5602pwbimu_ros2_driver/ros2_ws/build/imu_complementary_filter[0m
[1.060s] [34mcolcon.colcon_core.environment[0m [1;30mLevel 1[0m checking '/Users/yosuke/gits/cxd5602pwbimu_ros2_driver/ros2_ws/install/imu_complementary_filter' for CMake config files
[1.060s] [34mcolcon.colcon_core.shell[0m [1;30mLevel 1[0m create_environment_hook('imu_complementary_filter', 'cmake_prefix_path')
[1.060s] [34mcolcon.colcon_core.shell[0m [1;30mINFO[0m Creating environment hook '/Users/yosuke/gits/cxd5602pwbimu_ros2_driver/ros2_ws/install/imu_complementary_filter/share/imu_complementary_filter/hook/cmake_prefix_path.ps1'
[1.061s] [34mcolcon.colcon_core.shell[0m [1;30mINFO[0m Creating environment descriptor '/Users/yosuke/gits/cxd5602pwbimu_ros2_driver/ros2_ws/install/imu_complementary_filter/share/imu_complementary_filter/hook/cmake_prefix_path.dsv'
[1.061s] [34mcolcon.colcon_core.shell[0m [1;30mINFO[0m Creating environment hook '/Users/yosuke/gits/cxd5602pwbimu_ros2_driver/ros2_ws/install/imu_complementary_filter/share/imu_complementary_filter/hook/cmake_prefix_path.sh'
[1.061s] [34mcolcon.colcon_core.environment[0m [1;30mLevel 1[0m checking '/Users/yosuke/gits/cxd5602pwbimu_ros2_driver/ros2_ws/install/imu_complementary_filter/lib'
[1.061s] [34mcolcon.colcon_core.shell[0m [1;30mLevel 1[0m create_environment_hook('imu_complementary_filter', 'dyld_library_path')
[1.061s] [34mcolcon.colcon_core.shell[0m [1;30mINFO[0m Creating environment hook '/Users/yosuke/gits/cxd5602pwbimu_ros2_driver/ros2_ws/install/imu_complementary_filter/share/imu_complementary_filter/hook/dyld_library_path.ps1'
[1.061s] [34mcolcon.colcon_core.shell[0m [1;30mINFO[0m Creating environment descriptor '/Users/yosuke/gits/cxd5602pwbimu_ros2_driver/ros2_ws/install/imu_complementary_filter/share/imu_complementary_filter/hook/dyld_library_path.dsv'
[1.061s] [34mcolcon.colcon_core.shell[0m [1;30mINFO[0m Creating environment hook '/Users/yosuke/gits/cxd5602pwbimu_ros2_driver/ros2_ws/install/imu_complementary_filter/share/imu_complementary_filter/hook/dyld_library_path.sh'
[1.062s] [34mcolcon.colcon_core.environment[0m [1;30mLevel 1[0m checking '/Users/yosuke/gits/cxd5602pwbimu_ros2_driver/ros2_ws/install/imu_complementary_filter/bin'
[1.062s] [34mcolcon.colcon_core.environment[0m [1;30mLevel 1[0m checking '/Users/yosuke/gits/cxd5602pwbimu_ros2_driver/ros2_ws/install/imu_complementary_filter/lib/pkgconfig/imu_complementary_filter.pc'
[1.062s] [34mcolcon.colcon_core.environment[0m [1;30mLevel 1[0m checking '/Users/yosuke/gits/cxd5602pwbimu_ros2_driver/ros2_ws/install/imu_complementary_filter/lib/python3.11/site-packages'
[1.062s] [34mcolcon.colcon_core.environment[0m [1;30mLevel 1[0m checking '/Users/yosuke/gits/cxd5602pwbimu_ros2_driver/ros2_ws/install/imu_complementary_filter/bin'
[1.062s] [34mcolcon.colcon_core.shell[0m [1;30mINFO[0m Creating package script '/Users/yosuke/gits/cxd5602pwbimu_ros2_driver/ros2_ws/install/imu_complementary_filter/share/imu_complementary_filter/package.ps1'
[1.062s] [34mcolcon.colcon_core.shell[0m [1;30mINFO[0m Creating package descriptor '/Users/yosuke/gits/cxd5602pwbimu_ros2_driver/ros2_ws/install/imu_complementary_filter/share/imu_complementary_filter/package.dsv'
[1.062s] [34mcolcon.colcon_core.shell[0m [1;30mINFO[0m Creating package script '/Users/yosuke/gits/cxd5602pwbimu_ros2_driver/ros2_ws/install/imu_complementary_filter/share/imu_complementary_filter/package.sh'
[1.063s] [34mcolcon.colcon_core.shell[0m [1;30mINFO[0m Creating package script '/Users/yosuke/gits/cxd5602pwbimu_ros2_driver/ros2_ws/install/imu_complementary_filter/share/imu_complementary_filter/package.bash'
[1.063s] [34mcolcon.colcon_core.shell[0m [1;30mINFO[0m Creating package script '/Users/yosuke/gits/cxd5602pwbimu_ros2_driver/ros2_ws/install/imu_complementary_filter/share/imu_complementary_filter/package.zsh'
[1.063s] [34mcolcon.colcon_core.environment[0m [1;30mLevel 1[0m create_file_with_runtime_dependencies(/Users/yosuke/gits/cxd5602pwbimu_ros2_driver/ros2_ws/install/imu_complementary_filter/share/colcon-core/packages/imu_complementary_filter)
[1.074s] [34mcolcon.colcon_core.environment[0m [1;30mLevel 1[0m create_environment_scripts_only(h6x_packet_handler)
[1.074s] [34mcolcon.colcon_core.environment[0m [1;30mLevel 1[0m checking '/Users/yosuke/gits/cxd5602pwbimu_ros2_driver/ros2_ws/install/h6x_packet_handler' for CMake module files
[1.075s] [34mcolcon.colcon_core.event_handler.log_command[0m [1;30mDEBUG[0m [32mInvoked command in '/Users/yosuke/gits/cxd5602pwbimu_ros2_driver/ros2_ws/build/h6x_packet_handler' returned '0': CMAKE_PREFIX_PATH=${CMAKE_PREFIX_PATH}:/Users/yosuke/gits/cxd5602pwbimu_ros2_driver/ros2_ws/install/cxd5602pwbimu_driver_bringup:/Users/yosuke/miniforge3/envs/ros_env CONDA_PROMPT_MODIFIER=(ros_env) SHLVL=2 _=/Users/yosuke/miniforge3/envs/ros_env/bin/env /Users/yosuke/miniforge3/envs/ros_env/bin/cmake --install /Users/yosuke/gits/cxd5602pwbimu_ros2_driver/ros2_ws/build/h6x_packet_handler[0m
[1.075s] [34mcolcon.colcon_core.environment[0m [1;30mLevel 1[0m checking '/Users/yosuke/gits/cxd5602pwbimu_ros2_driver/ros2_ws/install/h6x_packet_handler' for CMake config files
[1.075s] [34mcolcon.colcon_core.shell[0m [1;30mLevel 1[0m create_environment_hook('h6x_packet_handler', 'cmake_prefix_path')
[1.075s] [34mcolcon.colcon_core.shell[0m [1;30mINFO[0m Creating environment hook '/Users/yosuke/gits/cxd5602pwbimu_ros2_driver/ros2_ws/install/h6x_packet_handler/share/h6x_packet_handler/hook/cmake_prefix_path.ps1'
[1.076s] [34mcolcon.colcon_core.shell[0m [1;30mINFO[0m Creating environment descriptor '/Users/yosuke/gits/cxd5602pwbimu_ros2_driver/ros2_ws/install/h6x_packet_handler/share/h6x_packet_handler/hook/cmake_prefix_path.dsv'
[1.076s] [34mcolcon.colcon_core.shell[0m [1;30mINFO[0m Creating environment hook '/Users/yosuke/gits/cxd5602pwbimu_ros2_driver/ros2_ws/install/h6x_packet_handler/share/h6x_packet_handler/hook/cmake_prefix_path.sh'
[1.076s] [34mcolcon.colcon_core.environment[0m [1;30mLevel 1[0m checking '/Users/yosuke/gits/cxd5602pwbimu_ros2_driver/ros2_ws/install/h6x_packet_handler/lib'
[1.076s] [34mcolcon.colcon_core.shell[0m [1;30mLevel 1[0m create_environment_hook('h6x_packet_handler', 'dyld_library_path')
[1.076s] [34mcolcon.colcon_core.shell[0m [1;30mINFO[0m Creating environment hook '/Users/yosuke/gits/cxd5602pwbimu_ros2_driver/ros2_ws/install/h6x_packet_handler/share/h6x_packet_handler/hook/dyld_library_path.ps1'
[1.076s] [34mcolcon.colcon_core.shell[0m [1;30mINFO[0m Creating environment descriptor '/Users/yosuke/gits/cxd5602pwbimu_ros2_driver/ros2_ws/install/h6x_packet_handler/share/h6x_packet_handler/hook/dyld_library_path.dsv'
[1.076s] [34mcolcon.colcon_core.shell[0m [1;30mINFO[0m Creating environment hook '/Users/yosuke/gits/cxd5602pwbimu_ros2_driver/ros2_ws/install/h6x_packet_handler/share/h6x_packet_handler/hook/dyld_library_path.sh'
[1.077s] [34mcolcon.colcon_core.environment[0m [1;30mLevel 1[0m checking '/Users/yosuke/gits/cxd5602pwbimu_ros2_driver/ros2_ws/install/h6x_packet_handler/bin'
[1.077s] [34mcolcon.colcon_core.environment[0m [1;30mLevel 1[0m checking '/Users/yosuke/gits/cxd5602pwbimu_ros2_driver/ros2_ws/install/h6x_packet_handler/lib/pkgconfig/h6x_packet_handler.pc'
[1.077s] [34mcolcon.colcon_core.environment[0m [1;30mLevel 1[0m checking '/Users/yosuke/gits/cxd5602pwbimu_ros2_driver/ros2_ws/install/h6x_packet_handler/lib/python3.11/site-packages'
[1.077s] [34mcolcon.colcon_core.environment[0m [1;30mLevel 1[0m checking '/Users/yosuke/gits/cxd5602pwbimu_ros2_driver/ros2_ws/install/h6x_packet_handler/bin'
[1.077s] [34mcolcon.colcon_core.shell[0m [1;30mINFO[0m Creating package script '/Users/yosuke/gits/cxd5602pwbimu_ros2_driver/ros2_ws/install/h6x_packet_handler/share/h6x_packet_handler/package.ps1'
[1.077s] [34mcolcon.colcon_core.shell[0m [1;30mINFO[0m Creating package descriptor '/Users/yosuke/gits/cxd5602pwbimu_ros2_driver/ros2_ws/install/h6x_packet_handler/share/h6x_packet_handler/package.dsv'
[1.077s] [34mcolcon.colcon_core.shell[0m [1;30mINFO[0m Creating package script '/Users/yosuke/gits/cxd5602pwbimu_ros2_driver/ros2_ws/install/h6x_packet_handler/share/h6x_packet_handler/package.sh'
[1.078s] [34mcolcon.colcon_core.shell[0m [1;30mINFO[0m Creating package script '/Users/yosuke/gits/cxd5602pwbimu_ros2_driver/ros2_ws/install/h6x_packet_handler/share/h6x_packet_handler/package.bash'
[1.078s] [34mcolcon.colcon_core.shell[0m [1;30mINFO[0m Creating package script '/Users/yosuke/gits/cxd5602pwbimu_ros2_driver/ros2_ws/install/h6x_packet_handler/share/h6x_packet_handler/package.zsh'
[1.078s] [34mcolcon.colcon_core.environment[0m [1;30mLevel 1[0m create_file_with_runtime_dependencies(/Users/yosuke/gits/cxd5602pwbimu_ros2_driver/ros2_ws/install/h6x_packet_handler/share/colcon-core/packages/h6x_packet_handler)
[1.170s] [34mcolcon.colcon_core.environment[0m [1;30mLevel 1[0m create_environment_scripts_only(h6x_serial_interface)
[1.171s] [34mcolcon.colcon_core.environment[0m [1;30mLevel 1[0m checking '/Users/yosuke/gits/cxd5602pwbimu_ros2_driver/ros2_ws/install/h6x_serial_interface' for CMake module files
[1.171s] [34mcolcon.colcon_core.environment[0m [1;30mLevel 1[0m checking '/Users/yosuke/gits/cxd5602pwbimu_ros2_driver/ros2_ws/install/h6x_serial_interface' for CMake config files
[1.172s] [34mcolcon.colcon_core.shell[0m [1;30mLevel 1[0m create_environment_hook('h6x_serial_interface', 'cmake_prefix_path')
[1.172s] [34mcolcon.colcon_core.shell[0m [1;30mINFO[0m Creating environment hook '/Users/yosuke/gits/cxd5602pwbimu_ros2_driver/ros2_ws/install/h6x_serial_interface/share/h6x_serial_interface/hook/cmake_prefix_path.ps1'
[1.172s] [34mcolcon.colcon_core.shell[0m [1;30mINFO[0m Creating environment descriptor '/Users/yosuke/gits/cxd5602pwbimu_ros2_driver/ros2_ws/install/h6x_serial_interface/share/h6x_serial_interface/hook/cmake_prefix_path.dsv'
[1.173s] [34mcolcon.colcon_core.shell[0m [1;30mINFO[0m Creating environment hook '/Users/yosuke/gits/cxd5602pwbimu_ros2_driver/ros2_ws/install/h6x_serial_interface/share/h6x_serial_interface/hook/cmake_prefix_path.sh'
[1.173s] [34mcolcon.colcon_core.environment[0m [1;30mLevel 1[0m checking '/Users/yosuke/gits/cxd5602pwbimu_ros2_driver/ros2_ws/install/h6x_serial_interface/lib'
[1.173s] [34mcolcon.colcon_core.shell[0m [1;30mLevel 1[0m create_environment_hook('h6x_serial_interface', 'dyld_library_path')
[1.173s] [34mcolcon.colcon_core.shell[0m [1;30mINFO[0m Creating environment hook '/Users/yosuke/gits/cxd5602pwbimu_ros2_driver/ros2_ws/install/h6x_serial_interface/share/h6x_serial_interface/hook/dyld_library_path.ps1'
[1.174s] [34mcolcon.colcon_core.shell[0m [1;30mINFO[0m Creating environment descriptor '/Users/yosuke/gits/cxd5602pwbimu_ros2_driver/ros2_ws/install/h6x_serial_interface/share/h6x_serial_interface/hook/dyld_library_path.dsv'
[1.174s] [34mcolcon.colcon_core.shell[0m [1;30mINFO[0m Creating environment hook '/Users/yosuke/gits/cxd5602pwbimu_ros2_driver/ros2_ws/install/h6x_serial_interface/share/h6x_serial_interface/hook/dyld_library_path.sh'
[1.174s] [34mcolcon.colcon_core.environment[0m [1;30mLevel 1[0m checking '/Users/yosuke/gits/cxd5602pwbimu_ros2_driver/ros2_ws/install/h6x_serial_interface/bin'
[1.174s] [34mcolcon.colcon_core.environment[0m [1;30mLevel 1[0m checking '/Users/yosuke/gits/cxd5602pwbimu_ros2_driver/ros2_ws/install/h6x_serial_interface/lib/pkgconfig/h6x_serial_interface.pc'
[1.175s] [34mcolcon.colcon_core.environment[0m [1;30mLevel 1[0m checking '/Users/yosuke/gits/cxd5602pwbimu_ros2_driver/ros2_ws/install/h6x_serial_interface/lib/python3.11/site-packages'
[1.175s] [34mcolcon.colcon_core.environment[0m [1;30mLevel 1[0m checking '/Users/yosuke/gits/cxd5602pwbimu_ros2_driver/ros2_ws/install/h6x_serial_interface/bin'
[1.175s] [34mcolcon.colcon_core.shell[0m [1;30mINFO[0m Creating package script '/Users/yosuke/gits/cxd5602pwbimu_ros2_driver/ros2_ws/install/h6x_serial_interface/share/h6x_serial_interface/package.ps1'
[1.175s] [34mcolcon.colcon_core.shell[0m [1;30mINFO[0m Creating package descriptor '/Users/yosuke/gits/cxd5602pwbimu_ros2_driver/ros2_ws/install/h6x_serial_interface/share/h6x_serial_interface/package.dsv'
[1.175s] [34mcolcon.colcon_core.shell[0m [1;30mINFO[0m Creating package script '/Users/yosuke/gits/cxd5602pwbimu_ros2_driver/ros2_ws/install/h6x_serial_interface/share/h6x_serial_interface/package.sh'
[1.175s] [34mcolcon.colcon_core.shell[0m [1;30mINFO[0m Creating package script '/Users/yosuke/gits/cxd5602pwbimu_ros2_driver/ros2_ws/install/h6x_serial_interface/share/h6x_serial_interface/package.bash'
[1.176s] [34mcolcon.colcon_core.shell[0m [1;30mINFO[0m Creating package script '/Users/yosuke/gits/cxd5602pwbimu_ros2_driver/ros2_ws/install/h6x_serial_interface/share/h6x_serial_interface/package.zsh'
[1.176s] [34mcolcon.colcon_core.environment[0m [1;30mLevel 1[0m create_file_with_runtime_dependencies(/Users/yosuke/gits/cxd5602pwbimu_ros2_driver/ros2_ws/install/h6x_serial_interface/share/colcon-core/packages/h6x_serial_interface)
[1.176s] [34mcolcon.colcon_ros.task.ament_cmake.build[0m [1;30mINFO[0m Building ROS package in '/Users/yosuke/gits/cxd5602pwbimu_ros2_driver/ros2_ws/src/cxd5602pwbimu_driver_node' with build type 'ament_cmake'
[1.176s] [34mcolcon.colcon_cmake.task.cmake.build[0m [1;30mINFO[0m Building CMake package in '/Users/yosuke/gits/cxd5602pwbimu_ros2_driver/ros2_ws/src/cxd5602pwbimu_driver_node'
[1.176s] [34mcolcon.colcon_core.shell[0m [1;30mINFO[0m Skip shell extension 'powershell' for command environment: Not usable outside of PowerShell
[1.176s] [34mcolcon.colcon_core.shell[0m [1;30mDEBUG[0m [32mSkip shell extension 'dsv' for command environment[0m
[1.181s] [34mcolcon.colcon_ros.task.ament_cmake.build[0m [1;30mINFO[0m Building ROS package in '/Users/yosuke/gits/cxd5602pwbimu_ros2_driver/ros2_ws/src/h6x_serial_interface/h6x_serial_interface_example' with build type 'ament_cmake'
[1.181s] [34mcolcon.colcon_cmake.task.cmake.build[0m [1;30mINFO[0m Building CMake package in '/Users/yosuke/gits/cxd5602pwbimu_ros2_driver/ros2_ws/src/h6x_serial_interface/h6x_serial_interface_example'
[1.182s] [34mcolcon.colcon_core.shell[0m [1;30mINFO[0m Skip shell extension 'powershell' for command environment: Not usable outside of PowerShell
[1.182s] [34mcolcon.colcon_core.shell[0m [1;30mDEBUG[0m [32mSkip shell extension 'dsv' for command environment[0m
[1.189s] [34mcolcon.colcon_core.environment[0m [1;30mLevel 1[0m create_environment_scripts_only(imu_filter_madgwick)
[1.189s] [34mcolcon.colcon_core.environment[0m [1;30mLevel 1[0m checking '/Users/yosuke/gits/cxd5602pwbimu_ros2_driver/ros2_ws/install/imu_filter_madgwick' for CMake module files
[1.191s] [34mcolcon.colcon_core.event_handler.log_command[0m [1;30mDEBUG[0m [32mInvoked command in '/Users/yosuke/gits/cxd5602pwbimu_ros2_driver/ros2_ws/build/imu_filter_madgwick' returned '0': CMAKE_PREFIX_PATH=${CMAKE_PREFIX_PATH}:/Users/yosuke/gits/cxd5602pwbimu_ros2_driver/ros2_ws/install/cxd5602pwbimu_driver_bringup:/Users/yosuke/miniforge3/envs/ros_env CONDA_PROMPT_MODIFIER=(ros_env) SHLVL=2 _=/Users/yosuke/miniforge3/envs/ros_env/bin/env /Users/yosuke/miniforge3/envs/ros_env/bin/cmake --install /Users/yosuke/gits/cxd5602pwbimu_ros2_driver/ros2_ws/build/imu_filter_madgwick[0m
[1.191s] [34mcolcon.colcon_core.environment[0m [1;30mLevel 1[0m checking '/Users/yosuke/gits/cxd5602pwbimu_ros2_driver/ros2_ws/install/imu_filter_madgwick' for CMake config files
[1.191s] [34mcolcon.colcon_core.shell[0m [1;30mLevel 1[0m create_environment_hook('imu_filter_madgwick', 'cmake_prefix_path')
[1.192s] [34mcolcon.colcon_core.shell[0m [1;30mINFO[0m Creating environment hook '/Users/yosuke/gits/cxd5602pwbimu_ros2_driver/ros2_ws/install/imu_filter_madgwick/share/imu_filter_madgwick/hook/cmake_prefix_path.ps1'
[1.192s] [34mcolcon.colcon_core.shell[0m [1;30mINFO[0m Creating environment descriptor '/Users/yosuke/gits/cxd5602pwbimu_ros2_driver/ros2_ws/install/imu_filter_madgwick/share/imu_filter_madgwick/hook/cmake_prefix_path.dsv'
[1.192s] [34mcolcon.colcon_core.shell[0m [1;30mINFO[0m Creating environment hook '/Users/yosuke/gits/cxd5602pwbimu_ros2_driver/ros2_ws/install/imu_filter_madgwick/share/imu_filter_madgwick/hook/cmake_prefix_path.sh'
[1.192s] [34mcolcon.colcon_core.environment[0m [1;30mLevel 1[0m checking '/Users/yosuke/gits/cxd5602pwbimu_ros2_driver/ros2_ws/install/imu_filter_madgwick/lib'
[1.192s] [34mcolcon.colcon_core.shell[0m [1;30mLevel 1[0m create_environment_hook('imu_filter_madgwick', 'dyld_library_path')
[1.193s] [34mcolcon.colcon_core.shell[0m [1;30mINFO[0m Creating environment hook '/Users/yosuke/gits/cxd5602pwbimu_ros2_driver/ros2_ws/install/imu_filter_madgwick/share/imu_filter_madgwick/hook/dyld_library_path.ps1'
[1.193s] [34mcolcon.colcon_core.shell[0m [1;30mINFO[0m Creating environment descriptor '/Users/yosuke/gits/cxd5602pwbimu_ros2_driver/ros2_ws/install/imu_filter_madgwick/share/imu_filter_madgwick/hook/dyld_library_path.dsv'
[1.193s] [34mcolcon.colcon_core.shell[0m [1;30mINFO[0m Creating environment hook '/Users/yosuke/gits/cxd5602pwbimu_ros2_driver/ros2_ws/install/imu_filter_madgwick/share/imu_filter_madgwick/hook/dyld_library_path.sh'
[1.193s] [34mcolcon.colcon_core.environment[0m [1;30mLevel 1[0m checking '/Users/yosuke/gits/cxd5602pwbimu_ros2_driver/ros2_ws/install/imu_filter_madgwick/bin'
[1.193s] [34mcolcon.colcon_core.environment[0m [1;30mLevel 1[0m checking '/Users/yosuke/gits/cxd5602pwbimu_ros2_driver/ros2_ws/install/imu_filter_madgwick/lib/pkgconfig/imu_filter_madgwick.pc'
[1.193s] [34mcolcon.colcon_core.environment[0m [1;30mLevel 1[0m checking '/Users/yosuke/gits/cxd5602pwbimu_ros2_driver/ros2_ws/install/imu_filter_madgwick/lib/python3.11/site-packages'
[1.193s] [34mcolcon.colcon_core.environment[0m [1;30mLevel 1[0m checking '/Users/yosuke/gits/cxd5602pwbimu_ros2_driver/ros2_ws/install/imu_filter_madgwick/bin'
[1.193s] [34mcolcon.colcon_core.shell[0m [1;30mINFO[0m Creating package script '/Users/yosuke/gits/cxd5602pwbimu_ros2_driver/ros2_ws/install/imu_filter_madgwick/share/imu_filter_madgwick/package.ps1'
[1.194s] [34mcolcon.colcon_core.shell[0m [1;30mINFO[0m Creating package descriptor '/Users/yosuke/gits/cxd5602pwbimu_ros2_driver/ros2_ws/install/imu_filter_madgwick/share/imu_filter_madgwick/package.dsv'
[1.194s] [34mcolcon.colcon_core.shell[0m [1;30mINFO[0m Creating package script '/Users/yosuke/gits/cxd5602pwbimu_ros2_driver/ros2_ws/install/imu_filter_madgwick/share/imu_filter_madgwick/package.sh'
[1.194s] [34mcolcon.colcon_core.shell[0m [1;30mINFO[0m Creating package script '/Users/yosuke/gits/cxd5602pwbimu_ros2_driver/ros2_ws/install/imu_filter_madgwick/share/imu_filter_madgwick/package.bash'
[1.194s] [34mcolcon.colcon_core.shell[0m [1;30mINFO[0m Creating package script '/Users/yosuke/gits/cxd5602pwbimu_ros2_driver/ros2_ws/install/imu_filter_madgwick/share/imu_filter_madgwick/package.zsh'
[1.194s] [34mcolcon.colcon_core.environment[0m [1;30mLevel 1[0m create_file_with_runtime_dependencies(/Users/yosuke/gits/cxd5602pwbimu_ros2_driver/ros2_ws/install/imu_filter_madgwick/share/colcon-core/packages/imu_filter_madgwick)
[1.209s] [34mcolcon.colcon_core.event_handler.log_command[0m [1;30mDEBUG[0m [32mInvoking command in '/Users/yosuke/gits/cxd5602pwbimu_ros2_driver/ros2_ws/build/rviz_imu_plugin': CMAKE_PREFIX_PATH=${CMAKE_PREFIX_PATH}:/Users/yosuke/gits/cxd5602pwbimu_ros2_driver/ros2_ws/install/cxd5602pwbimu_driver_bringup:/Users/yosuke/miniforge3/envs/ros_env CONDA_PROMPT_MODIFIER=(ros_env) SHLVL=2 _=/Users/yosuke/miniforge3/envs/ros_env/bin/env /Users/yosuke/miniforge3/envs/ros_env/bin/cmake --install /Users/yosuke/gits/cxd5602pwbimu_ros2_driver/ros2_ws/build/rviz_imu_plugin[0m
[1.217s] [34mcolcon.colcon_core.event_handler.log_command[0m [1;30mDEBUG[0m [32mInvoking command in '/Users/yosuke/gits/cxd5602pwbimu_ros2_driver/ros2_ws/build/cxd5602pwbimu_driver_node': CMAKE_PREFIX_PATH=/Users/yosuke/gits/cxd5602pwbimu_ros2_driver/ros2_ws/install/h6x_serial_interface:/Users/yosuke/gits/cxd5602pwbimu_ros2_driver/ros2_ws/install/imu_tools:/Users/yosuke/gits/cxd5602pwbimu_ros2_driver/ros2_ws/install/rviz_imu_plugin:/Users/yosuke/gits/cxd5602pwbimu_ros2_driver/ros2_ws/install/imu_trajectory_filter:/Users/yosuke/gits/cxd5602pwbimu_ros2_driver/ros2_ws/install/cxd5602pwbimu_driver:/Users/yosuke/gits/cxd5602pwbimu_ros2_driver/ros2_ws/install/imu_filter_madgwick:/Users/yosuke/gits/cxd5602pwbimu_ros2_driver/ros2_ws/install/imu_complementary_filter:/Users/yosuke/gits/cxd5602pwbimu_ros2_driver/ros2_ws/install/h6x_serial_interface_example:/Users/yosuke/gits/cxd5602pwbimu_ros2_driver/ros2_ws/install/cxd5602pwbimu_driver_node:/Users/yosuke/gits/cxd5602pwbimu_ros2_driver/ros2_ws/install/h6x_packet_handler:/usr/local:/opt/homebrew/opt/qt@5:/Users/yosuke/gits/cxd5602pwbimu_ros2_driver/ros2_ws/install/cxd5602pwbimu_driver_bringup:/Users/yosuke/miniforge3/envs/ros_env CONDA_PROMPT_MODIFIER=(ros_env) DYLD_LIBRARY_PATH=/Users/yosuke/gits/cxd5602pwbimu_ros2_driver/ros2_ws/install/h6x_serial_interface/lib:/Users/yosuke/gits/cxd5602pwbimu_ros2_driver/ros2_ws/install/rviz_imu_plugin/lib:/Users/yosuke/gits/cxd5602pwbimu_ros2_driver/ros2_ws/install/imu_trajectory_filter/lib:/Users/yosuke/gits/cxd5602pwbimu_ros2_driver/ros2_ws/install/imu_filter_madgwick/lib:/Users/yosuke/gits/cxd5602pwbimu_ros2_driver/ros2_ws/install/imu_complementary_filter/lib:/Users/yosuke/gits/cxd5602pwbimu_ros2_driver/ros2_ws/install/h6x_serial_interface_example/lib:/Users/yosuke/gits/cxd5602pwbimu_ros2_driver/ros2_ws/install/cxd5602pwbimu_driver_node/lib:/Users/yosuke/gits/cxd5602pwbimu_ros2_driver/ros2_ws/install/h6x_packet_handler/lib:/Users/yosuke/miniforge3/envs/ros_env/opt/rviz_ogre_vendor/lib SHLVL=2 _=/Users/yosuke/miniforge3/envs/ros_env/bin/env /Users/yosuke/miniforge3/envs/ros_env/bin/cmake /Users/yosuke/gits/cxd5602pwbimu_ros2_driver/ros2_ws/src/cxd5602pwbimu_driver_node -DCMAKE_PREFIX_PATH=/usr/local -DCMAKE_CXX_FLAGS=-I/usr/local/include -DCMAKE_EXE_LINKER_FLAGS=-L/usr/local/lib -DCMAKE_INSTALL_PREFIX=/Users/yosuke/gits/cxd5602pwbimu_ros2_driver/ros2_ws/install/cxd5602pwbimu_driver_node[0m
[1.224s] [34mcolcon.colcon_core.event_handler.log_command[0m [1;30mDEBUG[0m [32mInvoking command in '/Users/yosuke/gits/cxd5602pwbimu_ros2_driver/ros2_ws/build/h6x_serial_interface_example': CMAKE_PREFIX_PATH=/Users/yosuke/gits/cxd5602pwbimu_ros2_driver/ros2_ws/install/h6x_serial_interface:/Users/yosuke/gits/cxd5602pwbimu_ros2_driver/ros2_ws/install/imu_tools:/Users/yosuke/gits/cxd5602pwbimu_ros2_driver/ros2_ws/install/rviz_imu_plugin:/Users/yosuke/gits/cxd5602pwbimu_ros2_driver/ros2_ws/install/imu_trajectory_filter:/Users/yosuke/gits/cxd5602pwbimu_ros2_driver/ros2_ws/install/cxd5602pwbimu_driver:/Users/yosuke/gits/cxd5602pwbimu_ros2_driver/ros2_ws/install/imu_filter_madgwick:/Users/yosuke/gits/cxd5602pwbimu_ros2_driver/ros2_ws/install/imu_complementary_filter:/Users/yosuke/gits/cxd5602pwbimu_ros2_driver/ros2_ws/install/h6x_serial_interface_example:/Users/yosuke/gits/cxd5602pwbimu_ros2_driver/ros2_ws/install/cxd5602pwbimu_driver_node:/Users/yosuke/gits/cxd5602pwbimu_ros2_driver/ros2_ws/install/h6x_packet_handler:/usr/local:/opt/homebrew/opt/qt@5:/Users/yosuke/gits/cxd5602pwbimu_ros2_driver/ros2_ws/install/cxd5602pwbimu_driver_bringup:/Users/yosuke/miniforge3/envs/ros_env CONDA_PROMPT_MODIFIER=(ros_env) DYLD_LIBRARY_PATH=/Users/yosuke/gits/cxd5602pwbimu_ros2_driver/ros2_ws/install/h6x_serial_interface/lib:/Users/yosuke/gits/cxd5602pwbimu_ros2_driver/ros2_ws/install/rviz_imu_plugin/lib:/Users/yosuke/gits/cxd5602pwbimu_ros2_driver/ros2_ws/install/imu_trajectory_filter/lib:/Users/yosuke/gits/cxd5602pwbimu_ros2_driver/ros2_ws/install/imu_filter_madgwick/lib:/Users/yosuke/gits/cxd5602pwbimu_ros2_driver/ros2_ws/install/imu_complementary_filter/lib:/Users/yosuke/gits/cxd5602pwbimu_ros2_driver/ros2_ws/install/h6x_serial_interface_example/lib:/Users/yosuke/gits/cxd5602pwbimu_ros2_driver/ros2_ws/install/cxd5602pwbimu_driver_node/lib:/Users/yosuke/gits/cxd5602pwbimu_ros2_driver/ros2_ws/install/h6x_packet_handler/lib:/Users/yosuke/miniforge3/envs/ros_env/opt/rviz_ogre_vendor/lib SHLVL=2 _=/Users/yosuke/miniforge3/envs/ros_env/bin/env /Users/yosuke/miniforge3/envs/ros_env/bin/cmake --build /Users/yosuke/gits/cxd5602pwbimu_ros2_driver/ros2_ws/build/h6x_serial_interface_example -- -j10 -l10[0m
[1.337s] [34mcolcon.colcon_core.environment[0m [1;30mLevel 1[0m create_environment_scripts_only(rviz_imu_plugin)
[1.337s] [34mcolcon.colcon_core.environment[0m [1;30mLevel 1[0m checking '/Users/yosuke/gits/cxd5602pwbimu_ros2_driver/ros2_ws/install/rviz_imu_plugin' for CMake module files
[1.337s] [34mcolcon.colcon_core.event_handler.log_command[0m [1;30mDEBUG[0m [32mInvoked command in '/Users/yosuke/gits/cxd5602pwbimu_ros2_driver/ros2_ws/build/rviz_imu_plugin' returned '0': CMAKE_PREFIX_PATH=${CMAKE_PREFIX_PATH}:/Users/yosuke/gits/cxd5602pwbimu_ros2_driver/ros2_ws/install/cxd5602pwbimu_driver_bringup:/Users/yosuke/miniforge3/envs/ros_env CONDA_PROMPT_MODIFIER=(ros_env) SHLVL=2 _=/Users/yosuke/miniforge3/envs/ros_env/bin/env /Users/yosuke/miniforge3/envs/ros_env/bin/cmake --install /Users/yosuke/gits/cxd5602pwbimu_ros2_driver/ros2_ws/build/rviz_imu_plugin[0m
[1.338s] [34mcolcon.colcon_core.environment[0m [1;30mLevel 1[0m checking '/Users/yosuke/gits/cxd5602pwbimu_ros2_driver/ros2_ws/install/rviz_imu_plugin' for CMake config files
[1.339s] [34mcolcon.colcon_core.shell[0m [1;30mLevel 1[0m create_environment_hook('rviz_imu_plugin', 'cmake_prefix_path')
[1.339s] [34mcolcon.colcon_core.shell[0m [1;30mINFO[0m Creating environment hook '/Users/yosuke/gits/cxd5602pwbimu_ros2_driver/ros2_ws/install/rviz_imu_plugin/share/rviz_imu_plugin/hook/cmake_prefix_path.ps1'
[1.339s] [34mcolcon.colcon_core.shell[0m [1;30mINFO[0m Creating environment descriptor '/Users/yosuke/gits/cxd5602pwbimu_ros2_driver/ros2_ws/install/rviz_imu_plugin/share/rviz_imu_plugin/hook/cmake_prefix_path.dsv'
[1.340s] [34mcolcon.colcon_core.shell[0m [1;30mINFO[0m Creating environment hook '/Users/yosuke/gits/cxd5602pwbimu_ros2_driver/ros2_ws/install/rviz_imu_plugin/share/rviz_imu_plugin/hook/cmake_prefix_path.sh'
[1.340s] [34mcolcon.colcon_core.environment[0m [1;30mLevel 1[0m checking '/Users/yosuke/gits/cxd5602pwbimu_ros2_driver/ros2_ws/install/rviz_imu_plugin/lib'
[1.340s] [34mcolcon.colcon_core.shell[0m [1;30mLevel 1[0m create_environment_hook('rviz_imu_plugin', 'dyld_library_path')
[1.340s] [34mcolcon.colcon_core.shell[0m [1;30mINFO[0m Creating environment hook '/Users/yosuke/gits/cxd5602pwbimu_ros2_driver/ros2_ws/install/rviz_imu_plugin/share/rviz_imu_plugin/hook/dyld_library_path.ps1'
[1.341s] [34mcolcon.colcon_core.shell[0m [1;30mINFO[0m Creating environment descriptor '/Users/yosuke/gits/cxd5602pwbimu_ros2_driver/ros2_ws/install/rviz_imu_plugin/share/rviz_imu_plugin/hook/dyld_library_path.dsv'
[1.341s] [34mcolcon.colcon_core.shell[0m [1;30mINFO[0m Creating environment hook '/Users/yosuke/gits/cxd5602pwbimu_ros2_driver/ros2_ws/install/rviz_imu_plugin/share/rviz_imu_plugin/hook/dyld_library_path.sh'
[1.342s] [34mcolcon.colcon_core.environment[0m [1;30mLevel 1[0m checking '/Users/yosuke/gits/cxd5602pwbimu_ros2_driver/ros2_ws/install/rviz_imu_plugin/bin'
[1.342s] [34mcolcon.colcon_core.environment[0m [1;30mLevel 1[0m checking '/Users/yosuke/gits/cxd5602pwbimu_ros2_driver/ros2_ws/install/rviz_imu_plugin/lib/pkgconfig/rviz_imu_plugin.pc'
[1.342s] [34mcolcon.colcon_core.environment[0m [1;30mLevel 1[0m checking '/Users/yosuke/gits/cxd5602pwbimu_ros2_driver/ros2_ws/install/rviz_imu_plugin/lib/python3.11/site-packages'
[1.342s] [34mcolcon.colcon_core.environment[0m [1;30mLevel 1[0m checking '/Users/yosuke/gits/cxd5602pwbimu_ros2_driver/ros2_ws/install/rviz_imu_plugin/bin'
[1.342s] [34mcolcon.colcon_core.shell[0m [1;30mINFO[0m Creating package script '/Users/yosuke/gits/cxd5602pwbimu_ros2_driver/ros2_ws/install/rviz_imu_plugin/share/rviz_imu_plugin/package.ps1'
[1.343s] [34mcolcon.colcon_core.shell[0m [1;30mINFO[0m Creating package descriptor '/Users/yosuke/gits/cxd5602pwbimu_ros2_driver/ros2_ws/install/rviz_imu_plugin/share/rviz_imu_plugin/package.dsv'
[1.343s] [34mcolcon.colcon_core.shell[0m [1;30mINFO[0m Creating package script '/Users/yosuke/gits/cxd5602pwbimu_ros2_driver/ros2_ws/install/rviz_imu_plugin/share/rviz_imu_plugin/package.sh'
[1.344s] [34mcolcon.colcon_core.shell[0m [1;30mINFO[0m Creating package script '/Users/yosuke/gits/cxd5602pwbimu_ros2_driver/ros2_ws/install/rviz_imu_plugin/share/rviz_imu_plugin/package.bash'
[1.344s] [34mcolcon.colcon_core.shell[0m [1;30mINFO[0m Creating package script '/Users/yosuke/gits/cxd5602pwbimu_ros2_driver/ros2_ws/install/rviz_imu_plugin/share/rviz_imu_plugin/package.zsh'
[1.344s] [34mcolcon.colcon_core.environment[0m [1;30mLevel 1[0m create_file_with_runtime_dependencies(/Users/yosuke/gits/cxd5602pwbimu_ros2_driver/ros2_ws/install/rviz_imu_plugin/share/colcon-core/packages/rviz_imu_plugin)
[1.351s] [34mcolcon.colcon_core.environment[0m [1;30mLevel 1[0m create_environment_scripts_only(imu_trajectory_filter)
[1.351s] [34mcolcon.colcon_core.environment[0m [1;30mLevel 1[0m checking '/Users/yosuke/gits/cxd5602pwbimu_ros2_driver/ros2_ws/install/imu_trajectory_filter' for CMake module files
[1.351s] [34mcolcon.colcon_core.environment[0m [1;30mLevel 1[0m checking '/Users/yosuke/gits/cxd5602pwbimu_ros2_driver/ros2_ws/install/imu_trajectory_filter' for CMake config files
[1.352s] [34mcolcon.colcon_core.shell[0m [1;30mLevel 1[0m create_environment_hook('imu_trajectory_filter', 'cmake_prefix_path')
[1.352s] [34mcolcon.colcon_core.shell[0m [1;30mINFO[0m Creating environment hook '/Users/yosuke/gits/cxd5602pwbimu_ros2_driver/ros2_ws/install/imu_trajectory_filter/share/imu_trajectory_filter/hook/cmake_prefix_path.ps1'
[1.352s] [34mcolcon.colcon_core.shell[0m [1;30mINFO[0m Creating environment descriptor '/Users/yosuke/gits/cxd5602pwbimu_ros2_driver/ros2_ws/install/imu_trajectory_filter/share/imu_trajectory_filter/hook/cmake_prefix_path.dsv'
[1.353s] [34mcolcon.colcon_core.shell[0m [1;30mINFO[0m Creating environment hook '/Users/yosuke/gits/cxd5602pwbimu_ros2_driver/ros2_ws/install/imu_trajectory_filter/share/imu_trajectory_filter/hook/cmake_prefix_path.sh'
[1.353s] [34mcolcon.colcon_core.environment[0m [1;30mLevel 1[0m checking '/Users/yosuke/gits/cxd5602pwbimu_ros2_driver/ros2_ws/install/imu_trajectory_filter/lib'
[1.353s] [34mcolcon.colcon_core.shell[0m [1;30mLevel 1[0m create_environment_hook('imu_trajectory_filter', 'dyld_library_path')
[1.354s] [34mcolcon.colcon_core.shell[0m [1;30mINFO[0m Creating environment hook '/Users/yosuke/gits/cxd5602pwbimu_ros2_driver/ros2_ws/install/imu_trajectory_filter/share/imu_trajectory_filter/hook/dyld_library_path.ps1'
[1.354s] [34mcolcon.colcon_core.shell[0m [1;30mINFO[0m Creating environment descriptor '/Users/yosuke/gits/cxd5602pwbimu_ros2_driver/ros2_ws/install/imu_trajectory_filter/share/imu_trajectory_filter/hook/dyld_library_path.dsv'
[1.354s] [34mcolcon.colcon_core.shell[0m [1;30mINFO[0m Creating environment hook '/Users/yosuke/gits/cxd5602pwbimu_ros2_driver/ros2_ws/install/imu_trajectory_filter/share/imu_trajectory_filter/hook/dyld_library_path.sh'
[1.355s] [34mcolcon.colcon_core.environment[0m [1;30mLevel 1[0m checking '/Users/yosuke/gits/cxd5602pwbimu_ros2_driver/ros2_ws/install/imu_trajectory_filter/bin'
[1.355s] [34mcolcon.colcon_core.environment[0m [1;30mLevel 1[0m checking '/Users/yosuke/gits/cxd5602pwbimu_ros2_driver/ros2_ws/install/imu_trajectory_filter/lib/pkgconfig/imu_trajectory_filter.pc'
[1.355s] [34mcolcon.colcon_core.environment[0m [1;30mLevel 1[0m checking '/Users/yosuke/gits/cxd5602pwbimu_ros2_driver/ros2_ws/install/imu_trajectory_filter/lib/python3.11/site-packages'
[1.355s] [34mcolcon.colcon_core.environment[0m [1;30mLevel 1[0m checking '/Users/yosuke/gits/cxd5602pwbimu_ros2_driver/ros2_ws/install/imu_trajectory_filter/bin'
[1.355s] [34mcolcon.colcon_core.shell[0m [1;30mINFO[0m Creating package script '/Users/yosuke/gits/cxd5602pwbimu_ros2_driver/ros2_ws/install/imu_trajectory_filter/share/imu_trajectory_filter/package.ps1'
[1.356s] [34mcolcon.colcon_core.shell[0m [1;30mINFO[0m Creating package descriptor '/Users/yosuke/gits/cxd5602pwbimu_ros2_driver/ros2_ws/install/imu_trajectory_filter/share/imu_trajectory_filter/package.dsv'
[1.356s] [34mcolcon.colcon_core.shell[0m [1;30mINFO[0m Creating package script '/Users/yosuke/gits/cxd5602pwbimu_ros2_driver/ros2_ws/install/imu_trajectory_filter/share/imu_trajectory_filter/package.sh'
[1.357s] [34mcolcon.colcon_core.shell[0m [1;30mINFO[0m Creating package script '/Users/yosuke/gits/cxd5602pwbimu_ros2_driver/ros2_ws/install/imu_trajectory_filter/share/imu_trajectory_filter/package.bash'
[1.357s] [34mcolcon.colcon_core.shell[0m [1;30mINFO[0m Creating package script '/Users/yosuke/gits/cxd5602pwbimu_ros2_driver/ros2_ws/install/imu_trajectory_filter/share/imu_trajectory_filter/package.zsh'
[1.358s] [34mcolcon.colcon_core.environment[0m [1;30mLevel 1[0m create_file_with_runtime_dependencies(/Users/yosuke/gits/cxd5602pwbimu_ros2_driver/ros2_ws/install/imu_trajectory_filter/share/colcon-core/packages/imu_trajectory_filter)
[1.525s] [34mcolcon.colcon_core.environment[0m [1;30mLevel 1[0m create_environment_scripts_only(imu_complementary_filter)
[1.526s] [34mcolcon.colcon_core.environment[0m [1;30mLevel 1[0m checking '/Users/yosuke/gits/cxd5602pwbimu_ros2_driver/ros2_ws/install/imu_complementary_filter' for CMake module files
[1.526s] [34mcolcon.colcon_core.environment[0m [1;30mLevel 1[0m checking '/Users/yosuke/gits/cxd5602pwbimu_ros2_driver/ros2_ws/install/imu_complementary_filter' for CMake config files
[1.527s] [34mcolcon.colcon_core.shell[0m [1;30mLevel 1[0m create_environment_hook('imu_complementary_filter', 'cmake_prefix_path')
[1.527s] [34mcolcon.colcon_core.shell[0m [1;30mINFO[0m Creating environment hook '/Users/yosuke/gits/cxd5602pwbimu_ros2_driver/ros2_ws/install/imu_complementary_filter/share/imu_complementary_filter/hook/cmake_prefix_path.ps1'
[1.527s] [34mcolcon.colcon_core.shell[0m [1;30mINFO[0m Creating environment descriptor '/Users/yosuke/gits/cxd5602pwbimu_ros2_driver/ros2_ws/install/imu_complementary_filter/share/imu_complementary_filter/hook/cmake_prefix_path.dsv'
[1.528s] [34mcolcon.colcon_core.shell[0m [1;30mINFO[0m Creating environment hook '/Users/yosuke/gits/cxd5602pwbimu_ros2_driver/ros2_ws/install/imu_complementary_filter/share/imu_complementary_filter/hook/cmake_prefix_path.sh'
[1.528s] [34mcolcon.colcon_core.environment[0m [1;30mLevel 1[0m checking '/Users/yosuke/gits/cxd5602pwbimu_ros2_driver/ros2_ws/install/imu_complementary_filter/lib'
[1.528s] [34mcolcon.colcon_core.shell[0m [1;30mLevel 1[0m create_environment_hook('imu_complementary_filter', 'dyld_library_path')
[1.528s] [34mcolcon.colcon_core.shell[0m [1;30mINFO[0m Creating environment hook '/Users/yosuke/gits/cxd5602pwbimu_ros2_driver/ros2_ws/install/imu_complementary_filter/share/imu_complementary_filter/hook/dyld_library_path.ps1'
[1.528s] [34mcolcon.colcon_core.shell[0m [1;30mINFO[0m Creating environment descriptor '/Users/yosuke/gits/cxd5602pwbimu_ros2_driver/ros2_ws/install/imu_complementary_filter/share/imu_complementary_filter/hook/dyld_library_path.dsv'
[1.529s] [34mcolcon.colcon_core.shell[0m [1;30mINFO[0m Creating environment hook '/Users/yosuke/gits/cxd5602pwbimu_ros2_driver/ros2_ws/install/imu_complementary_filter/share/imu_complementary_filter/hook/dyld_library_path.sh'
[1.529s] [34mcolcon.colcon_core.environment[0m [1;30mLevel 1[0m checking '/Users/yosuke/gits/cxd5602pwbimu_ros2_driver/ros2_ws/install/imu_complementary_filter/bin'
[1.529s] [34mcolcon.colcon_core.environment[0m [1;30mLevel 1[0m checking '/Users/yosuke/gits/cxd5602pwbimu_ros2_driver/ros2_ws/install/imu_complementary_filter/lib/pkgconfig/imu_complementary_filter.pc'
[1.529s] [34mcolcon.colcon_core.environment[0m [1;30mLevel 1[0m checking '/Users/yosuke/gits/cxd5602pwbimu_ros2_driver/ros2_ws/install/imu_complementary_filter/lib/python3.11/site-packages'
[1.529s] [34mcolcon.colcon_core.environment[0m [1;30mLevel 1[0m checking '/Users/yosuke/gits/cxd5602pwbimu_ros2_driver/ros2_ws/install/imu_complementary_filter/bin'
[1.529s] [34mcolcon.colcon_core.shell[0m [1;30mINFO[0m Creating package script '/Users/yosuke/gits/cxd5602pwbimu_ros2_driver/ros2_ws/install/imu_complementary_filter/share/imu_complementary_filter/package.ps1'
[1.530s] [34mcolcon.colcon_core.shell[0m [1;30mINFO[0m Creating package descriptor '/Users/yosuke/gits/cxd5602pwbimu_ros2_driver/ros2_ws/install/imu_complementary_filter/share/imu_complementary_filter/package.dsv'
[1.530s] [34mcolcon.colcon_core.shell[0m [1;30mINFO[0m Creating package script '/Users/yosuke/gits/cxd5602pwbimu_ros2_driver/ros2_ws/install/imu_complementary_filter/share/imu_complementary_filter/package.sh'
[1.530s] [34mcolcon.colcon_core.shell[0m [1;30mINFO[0m Creating package script '/Users/yosuke/gits/cxd5602pwbimu_ros2_driver/ros2_ws/install/imu_complementary_filter/share/imu_complementary_filter/package.bash'
[1.530s] [34mcolcon.colcon_core.shell[0m [1;30mINFO[0m Creating package script '/Users/yosuke/gits/cxd5602pwbimu_ros2_driver/ros2_ws/install/imu_complementary_filter/share/imu_complementary_filter/package.zsh'
[1.530s] [34mcolcon.colcon_core.environment[0m [1;30mLevel 1[0m create_file_with_runtime_dependencies(/Users/yosuke/gits/cxd5602pwbimu_ros2_driver/ros2_ws/install/imu_complementary_filter/share/colcon-core/packages/imu_complementary_filter)
[1.658s] [34mcolcon.colcon_core.environment[0m [1;30mLevel 1[0m create_environment_scripts_only(h6x_packet_handler)
[1.658s] [34mcolcon.colcon_core.environment[0m [1;30mLevel 1[0m checking '/Users/yosuke/gits/cxd5602pwbimu_ros2_driver/ros2_ws/install/h6x_packet_handler' for CMake module files
[1.659s] [34mcolcon.colcon_core.environment[0m [1;30mLevel 1[0m checking '/Users/yosuke/gits/cxd5602pwbimu_ros2_driver/ros2_ws/install/h6x_packet_handler' for CMake config files
[1.659s] [34mcolcon.colcon_core.shell[0m [1;30mLevel 1[0m create_environment_hook('h6x_packet_handler', 'cmake_prefix_path')
[1.659s] [34mcolcon.colcon_core.shell[0m [1;30mINFO[0m Creating environment hook '/Users/yosuke/gits/cxd5602pwbimu_ros2_driver/ros2_ws/install/h6x_packet_handler/share/h6x_packet_handler/hook/cmake_prefix_path.ps1'
[1.660s] [34mcolcon.colcon_core.shell[0m [1;30mINFO[0m Creating environment descriptor '/Users/yosuke/gits/cxd5602pwbimu_ros2_driver/ros2_ws/install/h6x_packet_handler/share/h6x_packet_handler/hook/cmake_prefix_path.dsv'
[1.660s] [34mcolcon.colcon_core.shell[0m [1;30mINFO[0m Creating environment hook '/Users/yosuke/gits/cxd5602pwbimu_ros2_driver/ros2_ws/install/h6x_packet_handler/share/h6x_packet_handler/hook/cmake_prefix_path.sh'
[1.660s] [34mcolcon.colcon_core.environment[0m [1;30mLevel 1[0m checking '/Users/yosuke/gits/cxd5602pwbimu_ros2_driver/ros2_ws/install/h6x_packet_handler/lib'
[1.660s] [34mcolcon.colcon_core.shell[0m [1;30mLevel 1[0m create_environment_hook('h6x_packet_handler', 'dyld_library_path')
[1.660s] [34mcolcon.colcon_core.shell[0m [1;30mINFO[0m Creating environment hook '/Users/yosuke/gits/cxd5602pwbimu_ros2_driver/ros2_ws/install/h6x_packet_handler/share/h6x_packet_handler/hook/dyld_library_path.ps1'
[1.660s] [34mcolcon.colcon_core.shell[0m [1;30mINFO[0m Creating environment descriptor '/Users/yosuke/gits/cxd5602pwbimu_ros2_driver/ros2_ws/install/h6x_packet_handler/share/h6x_packet_handler/hook/dyld_library_path.dsv'
[1.660s] [34mcolcon.colcon_core.shell[0m [1;30mINFO[0m Creating environment hook '/Users/yosuke/gits/cxd5602pwbimu_ros2_driver/ros2_ws/install/h6x_packet_handler/share/h6x_packet_handler/hook/dyld_library_path.sh'
[1.661s] [34mcolcon.colcon_core.environment[0m [1;30mLevel 1[0m checking '/Users/yosuke/gits/cxd5602pwbimu_ros2_driver/ros2_ws/install/h6x_packet_handler/bin'
[1.661s] [34mcolcon.colcon_core.environment[0m [1;30mLevel 1[0m checking '/Users/yosuke/gits/cxd5602pwbimu_ros2_driver/ros2_ws/install/h6x_packet_handler/lib/pkgconfig/h6x_packet_handler.pc'
[1.661s] [34mcolcon.colcon_core.environment[0m [1;30mLevel 1[0m checking '/Users/yosuke/gits/cxd5602pwbimu_ros2_driver/ros2_ws/install/h6x_packet_handler/lib/python3.11/site-packages'
[1.661s] [34mcolcon.colcon_core.environment[0m [1;30mLevel 1[0m checking '/Users/yosuke/gits/cxd5602pwbimu_ros2_driver/ros2_ws/install/h6x_packet_handler/bin'
[1.661s] [34mcolcon.colcon_core.shell[0m [1;30mINFO[0m Creating package script '/Users/yosuke/gits/cxd5602pwbimu_ros2_driver/ros2_ws/install/h6x_packet_handler/share/h6x_packet_handler/package.ps1'
[1.661s] [34mcolcon.colcon_core.shell[0m [1;30mINFO[0m Creating package descriptor '/Users/yosuke/gits/cxd5602pwbimu_ros2_driver/ros2_ws/install/h6x_packet_handler/share/h6x_packet_handler/package.dsv'
[1.661s] [34mcolcon.colcon_core.shell[0m [1;30mINFO[0m Creating package script '/Users/yosuke/gits/cxd5602pwbimu_ros2_driver/ros2_ws/install/h6x_packet_handler/share/h6x_packet_handler/package.sh'
[1.661s] [34mcolcon.colcon_core.shell[0m [1;30mINFO[0m Creating package script '/Users/yosuke/gits/cxd5602pwbimu_ros2_driver/ros2_ws/install/h6x_packet_handler/share/h6x_packet_handler/package.bash'
[1.662s] [34mcolcon.colcon_core.shell[0m [1;30mINFO[0m Creating package script '/Users/yosuke/gits/cxd5602pwbimu_ros2_driver/ros2_ws/install/h6x_packet_handler/share/h6x_packet_handler/package.zsh'
[1.662s] [34mcolcon.colcon_core.environment[0m [1;30mLevel 1[0m create_file_with_runtime_dependencies(/Users/yosuke/gits/cxd5602pwbimu_ros2_driver/ros2_ws/install/h6x_packet_handler/share/colcon-core/packages/h6x_packet_handler)
[1.684s] [34mcolcon.colcon_core.event_handler.log_command[0m [1;30mDEBUG[0m [32mInvoked command in '/Users/yosuke/gits/cxd5602pwbimu_ros2_driver/ros2_ws/build/h6x_serial_interface_example' returned '0': CMAKE_PREFIX_PATH=/Users/yosuke/gits/cxd5602pwbimu_ros2_driver/ros2_ws/install/h6x_serial_interface:/Users/yosuke/gits/cxd5602pwbimu_ros2_driver/ros2_ws/install/imu_tools:/Users/yosuke/gits/cxd5602pwbimu_ros2_driver/ros2_ws/install/rviz_imu_plugin:/Users/yosuke/gits/cxd5602pwbimu_ros2_driver/ros2_ws/install/imu_trajectory_filter:/Users/yosuke/gits/cxd5602pwbimu_ros2_driver/ros2_ws/install/cxd5602pwbimu_driver:/Users/yosuke/gits/cxd5602pwbimu_ros2_driver/ros2_ws/install/imu_filter_madgwick:/Users/yosuke/gits/cxd5602pwbimu_ros2_driver/ros2_ws/install/imu_complementary_filter:/Users/yosuke/gits/cxd5602pwbimu_ros2_driver/ros2_ws/install/h6x_serial_interface_example:/Users/yosuke/gits/cxd5602pwbimu_ros2_driver/ros2_ws/install/cxd5602pwbimu_driver_node:/Users/yosuke/gits/cxd5602pwbimu_ros2_driver/ros2_ws/install/h6x_packet_handler:/usr/local:/opt/homebrew/opt/qt@5:/Users/yosuke/gits/cxd5602pwbimu_ros2_driver/ros2_ws/install/cxd5602pwbimu_driver_bringup:/Users/yosuke/miniforge3/envs/ros_env CONDA_PROMPT_MODIFIER=(ros_env) DYLD_LIBRARY_PATH=/Users/yosuke/gits/cxd5602pwbimu_ros2_driver/ros2_ws/install/h6x_serial_interface/lib:/Users/yosuke/gits/cxd5602pwbimu_ros2_driver/ros2_ws/install/rviz_imu_plugin/lib:/Users/yosuke/gits/cxd5602pwbimu_ros2_driver/ros2_ws/install/imu_trajectory_filter/lib:/Users/yosuke/gits/cxd5602pwbimu_ros2_driver/ros2_ws/install/imu_filter_madgwick/lib:/Users/yosuke/gits/cxd5602pwbimu_ros2_driver/ros2_ws/install/imu_complementary_filter/lib:/Users/yosuke/gits/cxd5602pwbimu_ros2_driver/ros2_ws/install/h6x_serial_interface_example/lib:/Users/yosuke/gits/cxd5602pwbimu_ros2_driver/ros2_ws/install/cxd5602pwbimu_driver_node/lib:/Users/yosuke/gits/cxd5602pwbimu_ros2_driver/ros2_ws/install/h6x_packet_handler/lib:/Users/yosuke/miniforge3/envs/ros_env/opt/rviz_ogre_vendor/lib SHLVL=2 _=/Users/yosuke/miniforge3/envs/ros_env/bin/env /Users/yosuke/miniforge3/envs/ros_env/bin/cmake --build /Users/yosuke/gits/cxd5602pwbimu_ros2_driver/ros2_ws/build/h6x_serial_interface_example -- -j10 -l10[0m
[1.732s] [34mcolcon.colcon_core.environment[0m [1;30mLevel 1[0m create_environment_scripts_only(imu_filter_madgwick)
[1.732s] [34mcolcon.colcon_core.environment[0m [1;30mLevel 1[0m checking '/Users/yosuke/gits/cxd5602pwbimu_ros2_driver/ros2_ws/install/imu_filter_madgwick' for CMake module files
[1.732s] [34mcolcon.colcon_core.environment[0m [1;30mLevel 1[0m checking '/Users/yosuke/gits/cxd5602pwbimu_ros2_driver/ros2_ws/install/imu_filter_madgwick' for CMake config files
[1.732s] [34mcolcon.colcon_core.shell[0m [1;30mLevel 1[0m create_environment_hook('imu_filter_madgwick', 'cmake_prefix_path')
[1.732s] [34mcolcon.colcon_core.shell[0m [1;30mINFO[0m Creating environment hook '/Users/yosuke/gits/cxd5602pwbimu_ros2_driver/ros2_ws/install/imu_filter_madgwick/share/imu_filter_madgwick/hook/cmake_prefix_path.ps1'
[1.733s] [34mcolcon.colcon_core.shell[0m [1;30mINFO[0m Creating environment descriptor '/Users/yosuke/gits/cxd5602pwbimu_ros2_driver/ros2_ws/install/imu_filter_madgwick/share/imu_filter_madgwick/hook/cmake_prefix_path.dsv'
[1.733s] [34mcolcon.colcon_core.shell[0m [1;30mINFO[0m Creating environment hook '/Users/yosuke/gits/cxd5602pwbimu_ros2_driver/ros2_ws/install/imu_filter_madgwick/share/imu_filter_madgwick/hook/cmake_prefix_path.sh'
[1.733s] [34mcolcon.colcon_core.environment[0m [1;30mLevel 1[0m checking '/Users/yosuke/gits/cxd5602pwbimu_ros2_driver/ros2_ws/install/imu_filter_madgwick/lib'
[1.733s] [34mcolcon.colcon_core.shell[0m [1;30mLevel 1[0m create_environment_hook('imu_filter_madgwick', 'dyld_library_path')
[1.733s] [34mcolcon.colcon_core.shell[0m [1;30mINFO[0m Creating environment hook '/Users/yosuke/gits/cxd5602pwbimu_ros2_driver/ros2_ws/install/imu_filter_madgwick/share/imu_filter_madgwick/hook/dyld_library_path.ps1'
[1.733s] [34mcolcon.colcon_core.shell[0m [1;30mINFO[0m Creating environment descriptor '/Users/yosuke/gits/cxd5602pwbimu_ros2_driver/ros2_ws/install/imu_filter_madgwick/share/imu_filter_madgwick/hook/dyld_library_path.dsv'
[1.733s] [34mcolcon.colcon_core.shell[0m [1;30mINFO[0m Creating environment hook '/Users/yosuke/gits/cxd5602pwbimu_ros2_driver/ros2_ws/install/imu_filter_madgwick/share/imu_filter_madgwick/hook/dyld_library_path.sh'
[1.734s] [34mcolcon.colcon_core.environment[0m [1;30mLevel 1[0m checking '/Users/yosuke/gits/cxd5602pwbimu_ros2_driver/ros2_ws/install/imu_filter_madgwick/bin'
[1.734s] [34mcolcon.colcon_core.environment[0m [1;30mLevel 1[0m checking '/Users/yosuke/gits/cxd5602pwbimu_ros2_driver/ros2_ws/install/imu_filter_madgwick/lib/pkgconfig/imu_filter_madgwick.pc'
[1.734s] [34mcolcon.colcon_core.environment[0m [1;30mLevel 1[0m checking '/Users/yosuke/gits/cxd5602pwbimu_ros2_driver/ros2_ws/install/imu_filter_madgwick/lib/python3.11/site-packages'
[1.734s] [34mcolcon.colcon_core.environment[0m [1;30mLevel 1[0m checking '/Users/yosuke/gits/cxd5602pwbimu_ros2_driver/ros2_ws/install/imu_filter_madgwick/bin'
[1.734s] [34mcolcon.colcon_core.shell[0m [1;30mINFO[0m Creating package script '/Users/yosuke/gits/cxd5602pwbimu_ros2_driver/ros2_ws/install/imu_filter_madgwick/share/imu_filter_madgwick/package.ps1'
[1.734s] [34mcolcon.colcon_core.shell[0m [1;30mINFO[0m Creating package descriptor '/Users/yosuke/gits/cxd5602pwbimu_ros2_driver/ros2_ws/install/imu_filter_madgwick/share/imu_filter_madgwick/package.dsv'
[1.734s] [34mcolcon.colcon_core.shell[0m [1;30mINFO[0m Creating package script '/Users/yosuke/gits/cxd5602pwbimu_ros2_driver/ros2_ws/install/imu_filter_madgwick/share/imu_filter_madgwick/package.sh'
[1.734s] [34mcolcon.colcon_core.shell[0m [1;30mINFO[0m Creating package script '/Users/yosuke/gits/cxd5602pwbimu_ros2_driver/ros2_ws/install/imu_filter_madgwick/share/imu_filter_madgwick/package.bash'
[1.735s] [34mcolcon.colcon_core.shell[0m [1;30mINFO[0m Creating package script '/Users/yosuke/gits/cxd5602pwbimu_ros2_driver/ros2_ws/install/imu_filter_madgwick/share/imu_filter_madgwick/package.zsh'
[1.735s] [34mcolcon.colcon_core.environment[0m [1;30mLevel 1[0m create_file_with_runtime_dependencies(/Users/yosuke/gits/cxd5602pwbimu_ros2_driver/ros2_ws/install/imu_filter_madgwick/share/colcon-core/packages/imu_filter_madgwick)
[1.834s] [34mcolcon.colcon_core.environment[0m [1;30mLevel 1[0m create_environment_scripts_only(rviz_imu_plugin)
[1.834s] [34mcolcon.colcon_core.environment[0m [1;30mLevel 1[0m checking '/Users/yosuke/gits/cxd5602pwbimu_ros2_driver/ros2_ws/install/rviz_imu_plugin' for CMake module files
[1.834s] [34mcolcon.colcon_core.environment[0m [1;30mLevel 1[0m checking '/Users/yosuke/gits/cxd5602pwbimu_ros2_driver/ros2_ws/install/rviz_imu_plugin' for CMake config files
[1.834s] [34mcolcon.colcon_core.shell[0m [1;30mLevel 1[0m create_environment_hook('rviz_imu_plugin', 'cmake_prefix_path')
[1.834s] [34mcolcon.colcon_core.shell[0m [1;30mINFO[0m Creating environment hook '/Users/yosuke/gits/cxd5602pwbimu_ros2_driver/ros2_ws/install/rviz_imu_plugin/share/rviz_imu_plugin/hook/cmake_prefix_path.ps1'
[1.834s] [34mcolcon.colcon_core.shell[0m [1;30mINFO[0m Creating environment descriptor '/Users/yosuke/gits/cxd5602pwbimu_ros2_driver/ros2_ws/install/rviz_imu_plugin/share/rviz_imu_plugin/hook/cmake_prefix_path.dsv'
[1.835s] [34mcolcon.colcon_core.shell[0m [1;30mINFO[0m Creating environment hook '/Users/yosuke/gits/cxd5602pwbimu_ros2_driver/ros2_ws/install/rviz_imu_plugin/share/rviz_imu_plugin/hook/cmake_prefix_path.sh'
[1.835s] [34mcolcon.colcon_core.environment[0m [1;30mLevel 1[0m checking '/Users/yosuke/gits/cxd5602pwbimu_ros2_driver/ros2_ws/install/rviz_imu_plugin/lib'
[1.835s] [34mcolcon.colcon_core.shell[0m [1;30mLevel 1[0m create_environment_hook('rviz_imu_plugin', 'dyld_library_path')
[1.835s] [34mcolcon.colcon_core.shell[0m [1;30mINFO[0m Creating environment hook '/Users/yosuke/gits/cxd5602pwbimu_ros2_driver/ros2_ws/install/rviz_imu_plugin/share/rviz_imu_plugin/hook/dyld_library_path.ps1'
[1.835s] [34mcolcon.colcon_core.shell[0m [1;30mINFO[0m Creating environment descriptor '/Users/yosuke/gits/cxd5602pwbimu_ros2_driver/ros2_ws/install/rviz_imu_plugin/share/rviz_imu_plugin/hook/dyld_library_path.dsv'
[1.835s] [34mcolcon.colcon_core.shell[0m [1;30mINFO[0m Creating environment hook '/Users/yosuke/gits/cxd5602pwbimu_ros2_driver/ros2_ws/install/rviz_imu_plugin/share/rviz_imu_plugin/hook/dyld_library_path.sh'
[1.835s] [34mcolcon.colcon_core.environment[0m [1;30mLevel 1[0m checking '/Users/yosuke/gits/cxd5602pwbimu_ros2_driver/ros2_ws/install/rviz_imu_plugin/bin'
[1.835s] [34mcolcon.colcon_core.environment[0m [1;30mLevel 1[0m checking '/Users/yosuke/gits/cxd5602pwbimu_ros2_driver/ros2_ws/install/rviz_imu_plugin/lib/pkgconfig/rviz_imu_plugin.pc'
[1.835s] [34mcolcon.colcon_core.environment[0m [1;30mLevel 1[0m checking '/Users/yosuke/gits/cxd5602pwbimu_ros2_driver/ros2_ws/install/rviz_imu_plugin/lib/python3.11/site-packages'
[1.836s] [34mcolcon.colcon_core.environment[0m [1;30mLevel 1[0m checking '/Users/yosuke/gits/cxd5602pwbimu_ros2_driver/ros2_ws/install/rviz_imu_plugin/bin'
[1.836s] [34mcolcon.colcon_core.shell[0m [1;30mINFO[0m Creating package script '/Users/yosuke/gits/cxd5602pwbimu_ros2_driver/ros2_ws/install/rviz_imu_plugin/share/rviz_imu_plugin/package.ps1'
[1.836s] [34mcolcon.colcon_core.shell[0m [1;30mINFO[0m Creating package descriptor '/Users/yosuke/gits/cxd5602pwbimu_ros2_driver/ros2_ws/install/rviz_imu_plugin/share/rviz_imu_plugin/package.dsv'
[1.836s] [34mcolcon.colcon_core.shell[0m [1;30mINFO[0m Creating package script '/Users/yosuke/gits/cxd5602pwbimu_ros2_driver/ros2_ws/install/rviz_imu_plugin/share/rviz_imu_plugin/package.sh'
[1.836s] [34mcolcon.colcon_core.shell[0m [1;30mINFO[0m Creating package script '/Users/yosuke/gits/cxd5602pwbimu_ros2_driver/ros2_ws/install/rviz_imu_plugin/share/rviz_imu_plugin/package.bash'
[1.836s] [34mcolcon.colcon_core.shell[0m [1;30mINFO[0m Creating package script '/Users/yosuke/gits/cxd5602pwbimu_ros2_driver/ros2_ws/install/rviz_imu_plugin/share/rviz_imu_plugin/package.zsh'
[1.836s] [34mcolcon.colcon_core.environment[0m [1;30mLevel 1[0m create_file_with_runtime_dependencies(/Users/yosuke/gits/cxd5602pwbimu_ros2_driver/ros2_ws/install/rviz_imu_plugin/share/colcon-core/packages/rviz_imu_plugin)
[1.837s] [34mcolcon.colcon_ros.task.ament_cmake.build[0m [1;30mINFO[0m Building ROS package in '/Users/yosuke/gits/cxd5602pwbimu_ros2_driver/ros2_ws/src/imu_tools/imu_tools' with build type 'ament_cmake'
[1.837s] [34mcolcon.colcon_cmake.task.cmake.build[0m [1;30mINFO[0m Building CMake package in '/Users/yosuke/gits/cxd5602pwbimu_ros2_driver/ros2_ws/src/imu_tools/imu_tools'
[1.837s] [34mcolcon.colcon_core.shell[0m [1;30mINFO[0m Skip shell extension 'powershell' for command environment: Not usable outside of PowerShell
[1.837s] [34mcolcon.colcon_core.shell[0m [1;30mDEBUG[0m [32mSkip shell extension 'dsv' for command environment[0m
[1.867s] [34mcolcon.colcon_core.event_handler.log_command[0m [1;30mDEBUG[0m [32mInvoking command in '/Users/yosuke/gits/cxd5602pwbimu_ros2_driver/ros2_ws/build/imu_tools': CMAKE_PREFIX_PATH=/Users/yosuke/gits/cxd5602pwbimu_ros2_driver/ros2_ws/install/rviz_imu_plugin:/Users/yosuke/gits/cxd5602pwbimu_ros2_driver/ros2_ws/install/imu_filter_madgwick:/Users/yosuke/gits/cxd5602pwbimu_ros2_driver/ros2_ws/install/imu_complementary_filter:/Users/yosuke/gits/cxd5602pwbimu_ros2_driver/ros2_ws/install/imu_tools:/Users/yosuke/gits/cxd5602pwbimu_ros2_driver/ros2_ws/install/imu_trajectory_filter:/Users/yosuke/gits/cxd5602pwbimu_ros2_driver/ros2_ws/install/cxd5602pwbimu_driver:/Users/yosuke/gits/cxd5602pwbimu_ros2_driver/ros2_ws/install/h6x_serial_interface_example:/Users/yosuke/gits/cxd5602pwbimu_ros2_driver/ros2_ws/install/cxd5602pwbimu_driver_node:/Users/yosuke/gits/cxd5602pwbimu_ros2_driver/ros2_ws/install/h6x_serial_interface:/Users/yosuke/gits/cxd5602pwbimu_ros2_driver/ros2_ws/install/h6x_packet_handler:/usr/local:/opt/homebrew/opt/qt@5:/Users/yosuke/gits/cxd5602pwbimu_ros2_driver/ros2_ws/install/cxd5602pwbimu_driver_bringup:/Users/yosuke/miniforge3/envs/ros_env CONDA_PROMPT_MODIFIER=(ros_env) DYLD_LIBRARY_PATH=/Users/yosuke/gits/cxd5602pwbimu_ros2_driver/ros2_ws/install/rviz_imu_plugin/lib:/Users/yosuke/gits/cxd5602pwbimu_ros2_driver/ros2_ws/install/imu_filter_madgwick/lib:/Users/yosuke/gits/cxd5602pwbimu_ros2_driver/ros2_ws/install/imu_complementary_filter/lib:/Users/yosuke/gits/cxd5602pwbimu_ros2_driver/ros2_ws/install/imu_trajectory_filter/lib:/Users/yosuke/gits/cxd5602pwbimu_ros2_driver/ros2_ws/install/h6x_serial_interface_example/lib:/Users/yosuke/gits/cxd5602pwbimu_ros2_driver/ros2_ws/install/cxd5602pwbimu_driver_node/lib:/Users/yosuke/gits/cxd5602pwbimu_ros2_driver/ros2_ws/install/h6x_serial_interface/lib:/Users/yosuke/gits/cxd5602pwbimu_ros2_driver/ros2_ws/install/h6x_packet_handler/lib:/Users/yosuke/miniforge3/envs/ros_env/opt/rviz_ogre_vendor/lib SHLVL=2 _=/Users/yosuke/miniforge3/envs/ros_env/bin/env /Users/yosuke/miniforge3/envs/ros_env/bin/cmake --build /Users/yosuke/gits/cxd5602pwbimu_ros2_driver/ros2_ws/build/imu_tools -- -j10 -l10[0m
[1.927s] [34mcolcon.colcon_core.event_handler.log_command[0m [1;30mDEBUG[0m [32mInvoked command in '/Users/yosuke/gits/cxd5602pwbimu_ros2_driver/ros2_ws/build/imu_tools' returned '0': CMAKE_PREFIX_PATH=/Users/yosuke/gits/cxd5602pwbimu_ros2_driver/ros2_ws/install/rviz_imu_plugin:/Users/yosuke/gits/cxd5602pwbimu_ros2_driver/ros2_ws/install/imu_filter_madgwick:/Users/yosuke/gits/cxd5602pwbimu_ros2_driver/ros2_ws/install/imu_complementary_filter:/Users/yosuke/gits/cxd5602pwbimu_ros2_driver/ros2_ws/install/imu_tools:/Users/yosuke/gits/cxd5602pwbimu_ros2_driver/ros2_ws/install/imu_trajectory_filter:/Users/yosuke/gits/cxd5602pwbimu_ros2_driver/ros2_ws/install/cxd5602pwbimu_driver:/Users/yosuke/gits/cxd5602pwbimu_ros2_driver/ros2_ws/install/h6x_serial_interface_example:/Users/yosuke/gits/cxd5602pwbimu_ros2_driver/ros2_ws/install/cxd5602pwbimu_driver_node:/Users/yosuke/gits/cxd5602pwbimu_ros2_driver/ros2_ws/install/h6x_serial_interface:/Users/yosuke/gits/cxd5602pwbimu_ros2_driver/ros2_ws/install/h6x_packet_handler:/usr/local:/opt/homebrew/opt/qt@5:/Users/yosuke/gits/cxd5602pwbimu_ros2_driver/ros2_ws/install/cxd5602pwbimu_driver_bringup:/Users/yosuke/miniforge3/envs/ros_env CONDA_PROMPT_MODIFIER=(ros_env) DYLD_LIBRARY_PATH=/Users/yosuke/gits/cxd5602pwbimu_ros2_driver/ros2_ws/install/rviz_imu_plugin/lib:/Users/yosuke/gits/cxd5602pwbimu_ros2_driver/ros2_ws/install/imu_filter_madgwick/lib:/Users/yosuke/gits/cxd5602pwbimu_ros2_driver/ros2_ws/install/imu_complementary_filter/lib:/Users/yosuke/gits/cxd5602pwbimu_ros2_driver/ros2_ws/install/imu_trajectory_filter/lib:/Users/yosuke/gits/cxd5602pwbimu_ros2_driver/ros2_ws/install/h6x_serial_interface_example/lib:/Users/yosuke/gits/cxd5602pwbimu_ros2_driver/ros2_ws/install/cxd5602pwbimu_driver_node/lib:/Users/yosuke/gits/cxd5602pwbimu_ros2_driver/ros2_ws/install/h6x_serial_interface/lib:/Users/yosuke/gits/cxd5602pwbimu_ros2_driver/ros2_ws/install/h6x_packet_handler/lib:/Users/yosuke/miniforge3/envs/ros_env/opt/rviz_ogre_vendor/lib SHLVL=2 _=/Users/yosuke/miniforge3/envs/ros_env/bin/env /Users/yosuke/miniforge3/envs/ros_env/bin/cmake --build /Users/yosuke/gits/cxd5602pwbimu_ros2_driver/ros2_ws/build/imu_tools -- -j10 -l10[0m
[1.996s] [34mcolcon.colcon_core.event_handler.log_command[0m [1;30mDEBUG[0m [32mInvoking command in '/Users/yosuke/gits/cxd5602pwbimu_ros2_driver/ros2_ws/build/h6x_serial_interface_example': CMAKE_PREFIX_PATH=/Users/yosuke/gits/cxd5602pwbimu_ros2_driver/ros2_ws/install/h6x_serial_interface:/Users/yosuke/gits/cxd5602pwbimu_ros2_driver/ros2_ws/install/imu_tools:/Users/yosuke/gits/cxd5602pwbimu_ros2_driver/ros2_ws/install/rviz_imu_plugin:/Users/yosuke/gits/cxd5602pwbimu_ros2_driver/ros2_ws/install/imu_trajectory_filter:/Users/yosuke/gits/cxd5602pwbimu_ros2_driver/ros2_ws/install/cxd5602pwbimu_driver:/Users/yosuke/gits/cxd5602pwbimu_ros2_driver/ros2_ws/install/imu_filter_madgwick:/Users/yosuke/gits/cxd5602pwbimu_ros2_driver/ros2_ws/install/imu_complementary_filter:/Users/yosuke/gits/cxd5602pwbimu_ros2_driver/ros2_ws/install/h6x_serial_interface_example:/Users/yosuke/gits/cxd5602pwbimu_ros2_driver/ros2_ws/install/cxd5602pwbimu_driver_node:/Users/yosuke/gits/cxd5602pwbimu_ros2_driver/ros2_ws/install/h6x_packet_handler:/usr/local:/opt/homebrew/opt/qt@5:/Users/yosuke/gits/cxd5602pwbimu_ros2_driver/ros2_ws/install/cxd5602pwbimu_driver_bringup:/Users/yosuke/miniforge3/envs/ros_env CONDA_PROMPT_MODIFIER=(ros_env) DYLD_LIBRARY_PATH=/Users/yosuke/gits/cxd5602pwbimu_ros2_driver/ros2_ws/install/h6x_serial_interface/lib:/Users/yosuke/gits/cxd5602pwbimu_ros2_driver/ros2_ws/install/rviz_imu_plugin/lib:/Users/yosuke/gits/cxd5602pwbimu_ros2_driver/ros2_ws/install/imu_trajectory_filter/lib:/Users/yosuke/gits/cxd5602pwbimu_ros2_driver/ros2_ws/install/imu_filter_madgwick/lib:/Users/yosuke/gits/cxd5602pwbimu_ros2_driver/ros2_ws/install/imu_complementary_filter/lib:/Users/yosuke/gits/cxd5602pwbimu_ros2_driver/ros2_ws/install/h6x_serial_interface_example/lib:/Users/yosuke/gits/cxd5602pwbimu_ros2_driver/ros2_ws/install/cxd5602pwbimu_driver_node/lib:/Users/yosuke/gits/cxd5602pwbimu_ros2_driver/ros2_ws/install/h6x_packet_handler/lib:/Users/yosuke/miniforge3/envs/ros_env/opt/rviz_ogre_vendor/lib SHLVL=2 _=/Users/yosuke/miniforge3/envs/ros_env/bin/env /Users/yosuke/miniforge3/envs/ros_env/bin/cmake --install /Users/yosuke/gits/cxd5602pwbimu_ros2_driver/ros2_ws/build/h6x_serial_interface_example[0m
[2.044s] [34mcolcon.colcon_core.event_handler.log_command[0m [1;30mDEBUG[0m [32mInvoking command in '/Users/yosuke/gits/cxd5602pwbimu_ros2_driver/ros2_ws/build/imu_tools': CMAKE_PREFIX_PATH=/Users/yosuke/gits/cxd5602pwbimu_ros2_driver/ros2_ws/install/rviz_imu_plugin:/Users/yosuke/gits/cxd5602pwbimu_ros2_driver/ros2_ws/install/imu_filter_madgwick:/Users/yosuke/gits/cxd5602pwbimu_ros2_driver/ros2_ws/install/imu_complementary_filter:/Users/yosuke/gits/cxd5602pwbimu_ros2_driver/ros2_ws/install/imu_tools:/Users/yosuke/gits/cxd5602pwbimu_ros2_driver/ros2_ws/install/imu_trajectory_filter:/Users/yosuke/gits/cxd5602pwbimu_ros2_driver/ros2_ws/install/cxd5602pwbimu_driver:/Users/yosuke/gits/cxd5602pwbimu_ros2_driver/ros2_ws/install/h6x_serial_interface_example:/Users/yosuke/gits/cxd5602pwbimu_ros2_driver/ros2_ws/install/cxd5602pwbimu_driver_node:/Users/yosuke/gits/cxd5602pwbimu_ros2_driver/ros2_ws/install/h6x_serial_interface:/Users/yosuke/gits/cxd5602pwbimu_ros2_driver/ros2_ws/install/h6x_packet_handler:/usr/local:/opt/homebrew/opt/qt@5:/Users/yosuke/gits/cxd5602pwbimu_ros2_driver/ros2_ws/install/cxd5602pwbimu_driver_bringup:/Users/yosuke/miniforge3/envs/ros_env CONDA_PROMPT_MODIFIER=(ros_env) DYLD_LIBRARY_PATH=/Users/yosuke/gits/cxd5602pwbimu_ros2_driver/ros2_ws/install/rviz_imu_plugin/lib:/Users/yosuke/gits/cxd5602pwbimu_ros2_driver/ros2_ws/install/imu_filter_madgwick/lib:/Users/yosuke/gits/cxd5602pwbimu_ros2_driver/ros2_ws/install/imu_complementary_filter/lib:/Users/yosuke/gits/cxd5602pwbimu_ros2_driver/ros2_ws/install/imu_trajectory_filter/lib:/Users/yosuke/gits/cxd5602pwbimu_ros2_driver/ros2_ws/install/h6x_serial_interface_example/lib:/Users/yosuke/gits/cxd5602pwbimu_ros2_driver/ros2_ws/install/cxd5602pwbimu_driver_node/lib:/Users/yosuke/gits/cxd5602pwbimu_ros2_driver/ros2_ws/install/h6x_serial_interface/lib:/Users/yosuke/gits/cxd5602pwbimu_ros2_driver/ros2_ws/install/h6x_packet_handler/lib:/Users/yosuke/miniforge3/envs/ros_env/opt/rviz_ogre_vendor/lib SHLVL=2 _=/Users/yosuke/miniforge3/envs/ros_env/bin/env /Users/yosuke/miniforge3/envs/ros_env/bin/cmake --install /Users/yosuke/gits/cxd5602pwbimu_ros2_driver/ros2_ws/build/imu_tools[0m
[2.056s] [34mcolcon.colcon_core.environment[0m [1;30mLevel 1[0m create_environment_scripts_only(imu_tools)
[2.056s] [34mcolcon.colcon_core.environment[0m [1;30mLevel 1[0m checking '/Users/yosuke/gits/cxd5602pwbimu_ros2_driver/ros2_ws/install/imu_tools' for CMake module files
[2.057s] [34mcolcon.colcon_core.event_handler.log_command[0m [1;30mDEBUG[0m [32mInvoked command in '/Users/yosuke/gits/cxd5602pwbimu_ros2_driver/ros2_ws/build/imu_tools' returned '0': CMAKE_PREFIX_PATH=/Users/yosuke/gits/cxd5602pwbimu_ros2_driver/ros2_ws/install/rviz_imu_plugin:/Users/yosuke/gits/cxd5602pwbimu_ros2_driver/ros2_ws/install/imu_filter_madgwick:/Users/yosuke/gits/cxd5602pwbimu_ros2_driver/ros2_ws/install/imu_complementary_filter:/Users/yosuke/gits/cxd5602pwbimu_ros2_driver/ros2_ws/install/imu_tools:/Users/yosuke/gits/cxd5602pwbimu_ros2_driver/ros2_ws/install/imu_trajectory_filter:/Users/yosuke/gits/cxd5602pwbimu_ros2_driver/ros2_ws/install/cxd5602pwbimu_driver:/Users/yosuke/gits/cxd5602pwbimu_ros2_driver/ros2_ws/install/h6x_serial_interface_example:/Users/yosuke/gits/cxd5602pwbimu_ros2_driver/ros2_ws/install/cxd5602pwbimu_driver_node:/Users/yosuke/gits/cxd5602pwbimu_ros2_driver/ros2_ws/install/h6x_serial_interface:/Users/yosuke/gits/cxd5602pwbimu_ros2_driver/ros2_ws/install/h6x_packet_handler:/usr/local:/opt/homebrew/opt/qt@5:/Users/yosuke/gits/cxd5602pwbimu_ros2_driver/ros2_ws/install/cxd5602pwbimu_driver_bringup:/Users/yosuke/miniforge3/envs/ros_env CONDA_PROMPT_MODIFIER=(ros_env) DYLD_LIBRARY_PATH=/Users/yosuke/gits/cxd5602pwbimu_ros2_driver/ros2_ws/install/rviz_imu_plugin/lib:/Users/yosuke/gits/cxd5602pwbimu_ros2_driver/ros2_ws/install/imu_filter_madgwick/lib:/Users/yosuke/gits/cxd5602pwbimu_ros2_driver/ros2_ws/install/imu_complementary_filter/lib:/Users/yosuke/gits/cxd5602pwbimu_ros2_driver/ros2_ws/install/imu_trajectory_filter/lib:/Users/yosuke/gits/cxd5602pwbimu_ros2_driver/ros2_ws/install/h6x_serial_interface_example/lib:/Users/yosuke/gits/cxd5602pwbimu_ros2_driver/ros2_ws/install/cxd5602pwbimu_driver_node/lib:/Users/yosuke/gits/cxd5602pwbimu_ros2_driver/ros2_ws/install/h6x_serial_interface/lib:/Users/yosuke/gits/cxd5602pwbimu_ros2_driver/ros2_ws/install/h6x_packet_handler/lib:/Users/yosuke/miniforge3/envs/ros_env/opt/rviz_ogre_vendor/lib SHLVL=2 _=/Users/yosuke/miniforge3/envs/ros_env/bin/env /Users/yosuke/miniforge3/envs/ros_env/bin/cmake --install /Users/yosuke/gits/cxd5602pwbimu_ros2_driver/ros2_ws/build/imu_tools[0m
[2.057s] [34mcolcon.colcon_core.environment[0m [1;30mLevel 1[0m checking '/Users/yosuke/gits/cxd5602pwbimu_ros2_driver/ros2_ws/install/imu_tools' for CMake config files
[2.057s] [34mcolcon.colcon_core.shell[0m [1;30mLevel 1[0m create_environment_hook('imu_tools', 'cmake_prefix_path')
[2.057s] [34mcolcon.colcon_core.shell[0m [1;30mINFO[0m Creating environment hook '/Users/yosuke/gits/cxd5602pwbimu_ros2_driver/ros2_ws/install/imu_tools/share/imu_tools/hook/cmake_prefix_path.ps1'
[2.057s] [34mcolcon.colcon_core.shell[0m [1;30mINFO[0m Creating environment descriptor '/Users/yosuke/gits/cxd5602pwbimu_ros2_driver/ros2_ws/install/imu_tools/share/imu_tools/hook/cmake_prefix_path.dsv'
[2.057s] [34mcolcon.colcon_core.shell[0m [1;30mINFO[0m Creating environment hook '/Users/yosuke/gits/cxd5602pwbimu_ros2_driver/ros2_ws/install/imu_tools/share/imu_tools/hook/cmake_prefix_path.sh'
[2.058s] [34mcolcon.colcon_core.environment[0m [1;30mLevel 1[0m checking '/Users/yosuke/gits/cxd5602pwbimu_ros2_driver/ros2_ws/install/imu_tools/lib'
[2.058s] [34mcolcon.colcon_core.environment[0m [1;30mLevel 1[0m checking '/Users/yosuke/gits/cxd5602pwbimu_ros2_driver/ros2_ws/install/imu_tools/bin'
[2.058s] [34mcolcon.colcon_core.environment[0m [1;30mLevel 1[0m checking '/Users/yosuke/gits/cxd5602pwbimu_ros2_driver/ros2_ws/install/imu_tools/lib/pkgconfig/imu_tools.pc'
[2.058s] [34mcolcon.colcon_core.environment[0m [1;30mLevel 1[0m checking '/Users/yosuke/gits/cxd5602pwbimu_ros2_driver/ros2_ws/install/imu_tools/lib/python3.11/site-packages'
[2.058s] [34mcolcon.colcon_core.environment[0m [1;30mLevel 1[0m checking '/Users/yosuke/gits/cxd5602pwbimu_ros2_driver/ros2_ws/install/imu_tools/bin'
[2.058s] [34mcolcon.colcon_core.shell[0m [1;30mINFO[0m Creating package script '/Users/yosuke/gits/cxd5602pwbimu_ros2_driver/ros2_ws/install/imu_tools/share/imu_tools/package.ps1'
[2.058s] [34mcolcon.colcon_core.shell[0m [1;30mINFO[0m Creating package descriptor '/Users/yosuke/gits/cxd5602pwbimu_ros2_driver/ros2_ws/install/imu_tools/share/imu_tools/package.dsv'
[2.058s] [34mcolcon.colcon_core.shell[0m [1;30mINFO[0m Creating package script '/Users/yosuke/gits/cxd5602pwbimu_ros2_driver/ros2_ws/install/imu_tools/share/imu_tools/package.sh'
[2.058s] [34mcolcon.colcon_core.shell[0m [1;30mINFO[0m Creating package script '/Users/yosuke/gits/cxd5602pwbimu_ros2_driver/ros2_ws/install/imu_tools/share/imu_tools/package.bash'
[2.059s] [34mcolcon.colcon_core.shell[0m [1;30mINFO[0m Creating package script '/Users/yosuke/gits/cxd5602pwbimu_ros2_driver/ros2_ws/install/imu_tools/share/imu_tools/package.zsh'
[2.059s] [34mcolcon.colcon_core.environment[0m [1;30mLevel 1[0m create_file_with_runtime_dependencies(/Users/yosuke/gits/cxd5602pwbimu_ros2_driver/ros2_ws/install/imu_tools/share/colcon-core/packages/imu_tools)
[2.132s] [34mcolcon.colcon_core.environment[0m [1;30mLevel 1[0m create_environment_scripts_only(h6x_serial_interface_example)
[2.132s] [34mcolcon.colcon_core.environment[0m [1;30mLevel 1[0m checking '/Users/yosuke/gits/cxd5602pwbimu_ros2_driver/ros2_ws/install/h6x_serial_interface_example' for CMake module files
[2.133s] [34mcolcon.colcon_core.event_handler.log_command[0m [1;30mDEBUG[0m [32mInvoked command in '/Users/yosuke/gits/cxd5602pwbimu_ros2_driver/ros2_ws/build/h6x_serial_interface_example' returned '0': CMAKE_PREFIX_PATH=/Users/yosuke/gits/cxd5602pwbimu_ros2_driver/ros2_ws/install/h6x_serial_interface:/Users/yosuke/gits/cxd5602pwbimu_ros2_driver/ros2_ws/install/imu_tools:/Users/yosuke/gits/cxd5602pwbimu_ros2_driver/ros2_ws/install/rviz_imu_plugin:/Users/yosuke/gits/cxd5602pwbimu_ros2_driver/ros2_ws/install/imu_trajectory_filter:/Users/yosuke/gits/cxd5602pwbimu_ros2_driver/ros2_ws/install/cxd5602pwbimu_driver:/Users/yosuke/gits/cxd5602pwbimu_ros2_driver/ros2_ws/install/imu_filter_madgwick:/Users/yosuke/gits/cxd5602pwbimu_ros2_driver/ros2_ws/install/imu_complementary_filter:/Users/yosuke/gits/cxd5602pwbimu_ros2_driver/ros2_ws/install/h6x_serial_interface_example:/Users/yosuke/gits/cxd5602pwbimu_ros2_driver/ros2_ws/install/cxd5602pwbimu_driver_node:/Users/yosuke/gits/cxd5602pwbimu_ros2_driver/ros2_ws/install/h6x_packet_handler:/usr/local:/opt/homebrew/opt/qt@5:/Users/yosuke/gits/cxd5602pwbimu_ros2_driver/ros2_ws/install/cxd5602pwbimu_driver_bringup:/Users/yosuke/miniforge3/envs/ros_env CONDA_PROMPT_MODIFIER=(ros_env) DYLD_LIBRARY_PATH=/Users/yosuke/gits/cxd5602pwbimu_ros2_driver/ros2_ws/install/h6x_serial_interface/lib:/Users/yosuke/gits/cxd5602pwbimu_ros2_driver/ros2_ws/install/rviz_imu_plugin/lib:/Users/yosuke/gits/cxd5602pwbimu_ros2_driver/ros2_ws/install/imu_trajectory_filter/lib:/Users/yosuke/gits/cxd5602pwbimu_ros2_driver/ros2_ws/install/imu_filter_madgwick/lib:/Users/yosuke/gits/cxd5602pwbimu_ros2_driver/ros2_ws/install/imu_complementary_filter/lib:/Users/yosuke/gits/cxd5602pwbimu_ros2_driver/ros2_ws/install/h6x_serial_interface_example/lib:/Users/yosuke/gits/cxd5602pwbimu_ros2_driver/ros2_ws/install/cxd5602pwbimu_driver_node/lib:/Users/yosuke/gits/cxd5602pwbimu_ros2_driver/ros2_ws/install/h6x_packet_handler/lib:/Users/yosuke/miniforge3/envs/ros_env/opt/rviz_ogre_vendor/lib SHLVL=2 _=/Users/yosuke/miniforge3/envs/ros_env/bin/env /Users/yosuke/miniforge3/envs/ros_env/bin/cmake --install /Users/yosuke/gits/cxd5602pwbimu_ros2_driver/ros2_ws/build/h6x_serial_interface_example[0m
[2.133s] [34mcolcon.colcon_core.environment[0m [1;30mLevel 1[0m checking '/Users/yosuke/gits/cxd5602pwbimu_ros2_driver/ros2_ws/install/h6x_serial_interface_example' for CMake config files
[2.133s] [34mcolcon.colcon_core.shell[0m [1;30mLevel 1[0m create_environment_hook('h6x_serial_interface_example', 'cmake_prefix_path')
[2.133s] [34mcolcon.colcon_core.shell[0m [1;30mINFO[0m Creating environment hook '/Users/yosuke/gits/cxd5602pwbimu_ros2_driver/ros2_ws/install/h6x_serial_interface_example/share/h6x_serial_interface_example/hook/cmake_prefix_path.ps1'
[2.133s] [34mcolcon.colcon_core.shell[0m [1;30mINFO[0m Creating environment descriptor '/Users/yosuke/gits/cxd5602pwbimu_ros2_driver/ros2_ws/install/h6x_serial_interface_example/share/h6x_serial_interface_example/hook/cmake_prefix_path.dsv'
[2.134s] [34mcolcon.colcon_core.shell[0m [1;30mINFO[0m Creating environment hook '/Users/yosuke/gits/cxd5602pwbimu_ros2_driver/ros2_ws/install/h6x_serial_interface_example/share/h6x_serial_interface_example/hook/cmake_prefix_path.sh'
[2.134s] [34mcolcon.colcon_core.environment[0m [1;30mLevel 1[0m checking '/Users/yosuke/gits/cxd5602pwbimu_ros2_driver/ros2_ws/install/h6x_serial_interface_example/lib'
[2.134s] [34mcolcon.colcon_core.shell[0m [1;30mLevel 1[0m create_environment_hook('h6x_serial_interface_example', 'dyld_library_path')
[2.134s] [34mcolcon.colcon_core.shell[0m [1;30mINFO[0m Creating environment hook '/Users/yosuke/gits/cxd5602pwbimu_ros2_driver/ros2_ws/install/h6x_serial_interface_example/share/h6x_serial_interface_example/hook/dyld_library_path.ps1'
[2.134s] [34mcolcon.colcon_core.shell[0m [1;30mINFO[0m Creating environment descriptor '/Users/yosuke/gits/cxd5602pwbimu_ros2_driver/ros2_ws/install/h6x_serial_interface_example/share/h6x_serial_interface_example/hook/dyld_library_path.dsv'
[2.134s] [34mcolcon.colcon_core.shell[0m [1;30mINFO[0m Creating environment hook '/Users/yosuke/gits/cxd5602pwbimu_ros2_driver/ros2_ws/install/h6x_serial_interface_example/share/h6x_serial_interface_example/hook/dyld_library_path.sh'
[2.135s] [34mcolcon.colcon_core.environment[0m [1;30mLevel 1[0m checking '/Users/yosuke/gits/cxd5602pwbimu_ros2_driver/ros2_ws/install/h6x_serial_interface_example/bin'
[2.135s] [34mcolcon.colcon_core.environment[0m [1;30mLevel 1[0m checking '/Users/yosuke/gits/cxd5602pwbimu_ros2_driver/ros2_ws/install/h6x_serial_interface_example/lib/pkgconfig/h6x_serial_interface_example.pc'
[2.135s] [34mcolcon.colcon_core.environment[0m [1;30mLevel 1[0m checking '/Users/yosuke/gits/cxd5602pwbimu_ros2_driver/ros2_ws/install/h6x_serial_interface_example/lib/python3.11/site-packages'
[2.135s] [34mcolcon.colcon_core.environment[0m [1;30mLevel 1[0m checking '/Users/yosuke/gits/cxd5602pwbimu_ros2_driver/ros2_ws/install/h6x_serial_interface_example/bin'
[2.135s] [34mcolcon.colcon_core.shell[0m [1;30mINFO[0m Creating package script '/Users/yosuke/gits/cxd5602pwbimu_ros2_driver/ros2_ws/install/h6x_serial_interface_example/share/h6x_serial_interface_example/package.ps1'
[2.135s] [34mcolcon.colcon_core.shell[0m [1;30mINFO[0m Creating package descriptor '/Users/yosuke/gits/cxd5602pwbimu_ros2_driver/ros2_ws/install/h6x_serial_interface_example/share/h6x_serial_interface_example/package.dsv'
[2.135s] [34mcolcon.colcon_core.shell[0m [1;30mINFO[0m Creating package script '/Users/yosuke/gits/cxd5602pwbimu_ros2_driver/ros2_ws/install/h6x_serial_interface_example/share/h6x_serial_interface_example/package.sh'
[2.135s] [34mcolcon.colcon_core.shell[0m [1;30mINFO[0m Creating package script '/Users/yosuke/gits/cxd5602pwbimu_ros2_driver/ros2_ws/install/h6x_serial_interface_example/share/h6x_serial_interface_example/package.bash'
[2.136s] [34mcolcon.colcon_core.shell[0m [1;30mINFO[0m Creating package script '/Users/yosuke/gits/cxd5602pwbimu_ros2_driver/ros2_ws/install/h6x_serial_interface_example/share/h6x_serial_interface_example/package.zsh'
[2.136s] [34mcolcon.colcon_core.environment[0m [1;30mLevel 1[0m create_file_with_runtime_dependencies(/Users/yosuke/gits/cxd5602pwbimu_ros2_driver/ros2_ws/install/h6x_serial_interface_example/share/colcon-core/packages/h6x_serial_interface_example)
[2.174s] [34mcolcon.colcon_core.environment[0m [1;30mLevel 1[0m create_environment_scripts_only(imu_tools)
[2.174s] [34mcolcon.colcon_core.environment[0m [1;30mLevel 1[0m checking '/Users/yosuke/gits/cxd5602pwbimu_ros2_driver/ros2_ws/install/imu_tools' for CMake module files
[2.175s] [34mcolcon.colcon_core.environment[0m [1;30mLevel 1[0m checking '/Users/yosuke/gits/cxd5602pwbimu_ros2_driver/ros2_ws/install/imu_tools' for CMake config files
[2.175s] [34mcolcon.colcon_core.shell[0m [1;30mLevel 1[0m create_environment_hook('imu_tools', 'cmake_prefix_path')
[2.175s] [34mcolcon.colcon_core.shell[0m [1;30mINFO[0m Creating environment hook '/Users/yosuke/gits/cxd5602pwbimu_ros2_driver/ros2_ws/install/imu_tools/share/imu_tools/hook/cmake_prefix_path.ps1'
[2.175s] [34mcolcon.colcon_core.shell[0m [1;30mINFO[0m Creating environment descriptor '/Users/yosuke/gits/cxd5602pwbimu_ros2_driver/ros2_ws/install/imu_tools/share/imu_tools/hook/cmake_prefix_path.dsv'
[2.175s] [34mcolcon.colcon_core.shell[0m [1;30mINFO[0m Creating environment hook '/Users/yosuke/gits/cxd5602pwbimu_ros2_driver/ros2_ws/install/imu_tools/share/imu_tools/hook/cmake_prefix_path.sh'
[2.175s] [34mcolcon.colcon_core.environment[0m [1;30mLevel 1[0m checking '/Users/yosuke/gits/cxd5602pwbimu_ros2_driver/ros2_ws/install/imu_tools/lib'
[2.175s] [34mcolcon.colcon_core.environment[0m [1;30mLevel 1[0m checking '/Users/yosuke/gits/cxd5602pwbimu_ros2_driver/ros2_ws/install/imu_tools/bin'
[2.175s] [34mcolcon.colcon_core.environment[0m [1;30mLevel 1[0m checking '/Users/yosuke/gits/cxd5602pwbimu_ros2_driver/ros2_ws/install/imu_tools/lib/pkgconfig/imu_tools.pc'
[2.176s] [34mcolcon.colcon_core.environment[0m [1;30mLevel 1[0m checking '/Users/yosuke/gits/cxd5602pwbimu_ros2_driver/ros2_ws/install/imu_tools/lib/python3.11/site-packages'
[2.176s] [34mcolcon.colcon_core.environment[0m [1;30mLevel 1[0m checking '/Users/yosuke/gits/cxd5602pwbimu_ros2_driver/ros2_ws/install/imu_tools/bin'
[2.176s] [34mcolcon.colcon_core.shell[0m [1;30mINFO[0m Creating package script '/Users/yosuke/gits/cxd5602pwbimu_ros2_driver/ros2_ws/install/imu_tools/share/imu_tools/package.ps1'
[2.176s] [34mcolcon.colcon_core.shell[0m [1;30mINFO[0m Creating package descriptor '/Users/yosuke/gits/cxd5602pwbimu_ros2_driver/ros2_ws/install/imu_tools/share/imu_tools/package.dsv'
[2.176s] [34mcolcon.colcon_core.shell[0m [1;30mINFO[0m Creating package script '/Users/yosuke/gits/cxd5602pwbimu_ros2_driver/ros2_ws/install/imu_tools/share/imu_tools/package.sh'
[2.176s] [34mcolcon.colcon_core.shell[0m [1;30mINFO[0m Creating package script '/Users/yosuke/gits/cxd5602pwbimu_ros2_driver/ros2_ws/install/imu_tools/share/imu_tools/package.bash'
[2.176s] [34mcolcon.colcon_core.shell[0m [1;30mINFO[0m Creating package script '/Users/yosuke/gits/cxd5602pwbimu_ros2_driver/ros2_ws/install/imu_tools/share/imu_tools/package.zsh'
[2.177s] [34mcolcon.colcon_core.environment[0m [1;30mLevel 1[0m create_file_with_runtime_dependencies(/Users/yosuke/gits/cxd5602pwbimu_ros2_driver/ros2_ws/install/imu_tools/share/colcon-core/packages/imu_tools)
[2.270s] [34mcolcon.colcon_core.event_handler.log_command[0m [1;30mDEBUG[0m [32mInvoked command in '/Users/yosuke/gits/cxd5602pwbimu_ros2_driver/ros2_ws/build/cxd5602pwbimu_driver_node' returned '0': CMAKE_PREFIX_PATH=/Users/yosuke/gits/cxd5602pwbimu_ros2_driver/ros2_ws/install/h6x_serial_interface:/Users/yosuke/gits/cxd5602pwbimu_ros2_driver/ros2_ws/install/imu_tools:/Users/yosuke/gits/cxd5602pwbimu_ros2_driver/ros2_ws/install/rviz_imu_plugin:/Users/yosuke/gits/cxd5602pwbimu_ros2_driver/ros2_ws/install/imu_trajectory_filter:/Users/yosuke/gits/cxd5602pwbimu_ros2_driver/ros2_ws/install/cxd5602pwbimu_driver:/Users/yosuke/gits/cxd5602pwbimu_ros2_driver/ros2_ws/install/imu_filter_madgwick:/Users/yosuke/gits/cxd5602pwbimu_ros2_driver/ros2_ws/install/imu_complementary_filter:/Users/yosuke/gits/cxd5602pwbimu_ros2_driver/ros2_ws/install/h6x_serial_interface_example:/Users/yosuke/gits/cxd5602pwbimu_ros2_driver/ros2_ws/install/cxd5602pwbimu_driver_node:/Users/yosuke/gits/cxd5602pwbimu_ros2_driver/ros2_ws/install/h6x_packet_handler:/usr/local:/opt/homebrew/opt/qt@5:/Users/yosuke/gits/cxd5602pwbimu_ros2_driver/ros2_ws/install/cxd5602pwbimu_driver_bringup:/Users/yosuke/miniforge3/envs/ros_env CONDA_PROMPT_MODIFIER=(ros_env) DYLD_LIBRARY_PATH=/Users/yosuke/gits/cxd5602pwbimu_ros2_driver/ros2_ws/install/h6x_serial_interface/lib:/Users/yosuke/gits/cxd5602pwbimu_ros2_driver/ros2_ws/install/rviz_imu_plugin/lib:/Users/yosuke/gits/cxd5602pwbimu_ros2_driver/ros2_ws/install/imu_trajectory_filter/lib:/Users/yosuke/gits/cxd5602pwbimu_ros2_driver/ros2_ws/install/imu_filter_madgwick/lib:/Users/yosuke/gits/cxd5602pwbimu_ros2_driver/ros2_ws/install/imu_complementary_filter/lib:/Users/yosuke/gits/cxd5602pwbimu_ros2_driver/ros2_ws/install/h6x_serial_interface_example/lib:/Users/yosuke/gits/cxd5602pwbimu_ros2_driver/ros2_ws/install/cxd5602pwbimu_driver_node/lib:/Users/yosuke/gits/cxd5602pwbimu_ros2_driver/ros2_ws/install/h6x_packet_handler/lib:/Users/yosuke/miniforge3/envs/ros_env/opt/rviz_ogre_vendor/lib SHLVL=2 _=/Users/yosuke/miniforge3/envs/ros_env/bin/env /Users/yosuke/miniforge3/envs/ros_env/bin/cmake /Users/yosuke/gits/cxd5602pwbimu_ros2_driver/ros2_ws/src/cxd5602pwbimu_driver_node -DCMAKE_PREFIX_PATH=/usr/local -DCMAKE_CXX_FLAGS=-I/usr/local/include -DCMAKE_EXE_LINKER_FLAGS=-L/usr/local/lib -DCMAKE_INSTALL_PREFIX=/Users/yosuke/gits/cxd5602pwbimu_ros2_driver/ros2_ws/install/cxd5602pwbimu_driver_node[0m
[2.273s] [34mcolcon.colcon_core.event_handler.log_command[0m [1;30mDEBUG[0m [32mInvoking command in '/Users/yosuke/gits/cxd5602pwbimu_ros2_driver/ros2_ws/build/cxd5602pwbimu_driver_node': CMAKE_PREFIX_PATH=/Users/yosuke/gits/cxd5602pwbimu_ros2_driver/ros2_ws/install/h6x_serial_interface:/Users/yosuke/gits/cxd5602pwbimu_ros2_driver/ros2_ws/install/imu_tools:/Users/yosuke/gits/cxd5602pwbimu_ros2_driver/ros2_ws/install/rviz_imu_plugin:/Users/yosuke/gits/cxd5602pwbimu_ros2_driver/ros2_ws/install/imu_trajectory_filter:/Users/yosuke/gits/cxd5602pwbimu_ros2_driver/ros2_ws/install/cxd5602pwbimu_driver:/Users/yosuke/gits/cxd5602pwbimu_ros2_driver/ros2_ws/install/imu_filter_madgwick:/Users/yosuke/gits/cxd5602pwbimu_ros2_driver/ros2_ws/install/imu_complementary_filter:/Users/yosuke/gits/cxd5602pwbimu_ros2_driver/ros2_ws/install/h6x_serial_interface_example:/Users/yosuke/gits/cxd5602pwbimu_ros2_driver/ros2_ws/install/cxd5602pwbimu_driver_node:/Users/yosuke/gits/cxd5602pwbimu_ros2_driver/ros2_ws/install/h6x_packet_handler:/usr/local:/opt/homebrew/opt/qt@5:/Users/yosuke/gits/cxd5602pwbimu_ros2_driver/ros2_ws/install/cxd5602pwbimu_driver_bringup:/Users/yosuke/miniforge3/envs/ros_env CONDA_PROMPT_MODIFIER=(ros_env) DYLD_LIBRARY_PATH=/Users/yosuke/gits/cxd5602pwbimu_ros2_driver/ros2_ws/install/h6x_serial_interface/lib:/Users/yosuke/gits/cxd5602pwbimu_ros2_driver/ros2_ws/install/rviz_imu_plugin/lib:/Users/yosuke/gits/cxd5602pwbimu_ros2_driver/ros2_ws/install/imu_trajectory_filter/lib:/Users/yosuke/gits/cxd5602pwbimu_ros2_driver/ros2_ws/install/imu_filter_madgwick/lib:/Users/yosuke/gits/cxd5602pwbimu_ros2_driver/ros2_ws/install/imu_complementary_filter/lib:/Users/yosuke/gits/cxd5602pwbimu_ros2_driver/ros2_ws/install/h6x_serial_interface_example/lib:/Users/yosuke/gits/cxd5602pwbimu_ros2_driver/ros2_ws/install/cxd5602pwbimu_driver_node/lib:/Users/yosuke/gits/cxd5602pwbimu_ros2_driver/ros2_ws/install/h6x_packet_handler/lib:/Users/yosuke/miniforge3/envs/ros_env/opt/rviz_ogre_vendor/lib SHLVL=2 _=/Users/yosuke/miniforge3/envs/ros_env/bin/env /Users/yosuke/miniforge3/envs/ros_env/bin/cmake --build /Users/yosuke/gits/cxd5602pwbimu_ros2_driver/ros2_ws/build/cxd5602pwbimu_driver_node -- -j10 -l10[0m
[2.441s] [34mcolcon.colcon_core.event_handler.log_command[0m [1;30mDEBUG[0m [32mInvoked command in '/Users/yosuke/gits/cxd5602pwbimu_ros2_driver/ros2_ws/build/cxd5602pwbimu_driver_node' returned '0': CMAKE_PREFIX_PATH=/Users/yosuke/gits/cxd5602pwbimu_ros2_driver/ros2_ws/install/h6x_serial_interface:/Users/yosuke/gits/cxd5602pwbimu_ros2_driver/ros2_ws/install/imu_tools:/Users/yosuke/gits/cxd5602pwbimu_ros2_driver/ros2_ws/install/rviz_imu_plugin:/Users/yosuke/gits/cxd5602pwbimu_ros2_driver/ros2_ws/install/imu_trajectory_filter:/Users/yosuke/gits/cxd5602pwbimu_ros2_driver/ros2_ws/install/cxd5602pwbimu_driver:/Users/yosuke/gits/cxd5602pwbimu_ros2_driver/ros2_ws/install/imu_filter_madgwick:/Users/yosuke/gits/cxd5602pwbimu_ros2_driver/ros2_ws/install/imu_complementary_filter:/Users/yosuke/gits/cxd5602pwbimu_ros2_driver/ros2_ws/install/h6x_serial_interface_example:/Users/yosuke/gits/cxd5602pwbimu_ros2_driver/ros2_ws/install/cxd5602pwbimu_driver_node:/Users/yosuke/gits/cxd5602pwbimu_ros2_driver/ros2_ws/install/h6x_packet_handler:/usr/local:/opt/homebrew/opt/qt@5:/Users/yosuke/gits/cxd5602pwbimu_ros2_driver/ros2_ws/install/cxd5602pwbimu_driver_bringup:/Users/yosuke/miniforge3/envs/ros_env CONDA_PROMPT_MODIFIER=(ros_env) DYLD_LIBRARY_PATH=/Users/yosuke/gits/cxd5602pwbimu_ros2_driver/ros2_ws/install/h6x_serial_interface/lib:/Users/yosuke/gits/cxd5602pwbimu_ros2_driver/ros2_ws/install/rviz_imu_plugin/lib:/Users/yosuke/gits/cxd5602pwbimu_ros2_driver/ros2_ws/install/imu_trajectory_filter/lib:/Users/yosuke/gits/cxd5602pwbimu_ros2_driver/ros2_ws/install/imu_filter_madgwick/lib:/Users/yosuke/gits/cxd5602pwbimu_ros2_driver/ros2_ws/install/imu_complementary_filter/lib:/Users/yosuke/gits/cxd5602pwbimu_ros2_driver/ros2_ws/install/h6x_serial_interface_example/lib:/Users/yosuke/gits/cxd5602pwbimu_ros2_driver/ros2_ws/install/cxd5602pwbimu_driver_node/lib:/Users/yosuke/gits/cxd5602pwbimu_ros2_driver/ros2_ws/install/h6x_packet_handler/lib:/Users/yosuke/miniforge3/envs/ros_env/opt/rviz_ogre_vendor/lib SHLVL=2 _=/Users/yosuke/miniforge3/envs/ros_env/bin/env /Users/yosuke/miniforge3/envs/ros_env/bin/cmake --build /Users/yosuke/gits/cxd5602pwbimu_ros2_driver/ros2_ws/build/cxd5602pwbimu_driver_node -- -j10 -l10[0m
[2.486s] [34mcolcon.colcon_core.environment[0m [1;30mLevel 1[0m create_environment_scripts_only(h6x_serial_interface_example)
[2.486s] [34mcolcon.colcon_core.environment[0m [1;30mLevel 1[0m checking '/Users/yosuke/gits/cxd5602pwbimu_ros2_driver/ros2_ws/install/h6x_serial_interface_example' for CMake module files
[2.486s] [34mcolcon.colcon_core.environment[0m [1;30mLevel 1[0m checking '/Users/yosuke/gits/cxd5602pwbimu_ros2_driver/ros2_ws/install/h6x_serial_interface_example' for CMake config files
[2.486s] [34mcolcon.colcon_core.shell[0m [1;30mLevel 1[0m create_environment_hook('h6x_serial_interface_example', 'cmake_prefix_path')
[2.486s] [34mcolcon.colcon_core.shell[0m [1;30mINFO[0m Creating environment hook '/Users/yosuke/gits/cxd5602pwbimu_ros2_driver/ros2_ws/install/h6x_serial_interface_example/share/h6x_serial_interface_example/hook/cmake_prefix_path.ps1'
[2.487s] [34mcolcon.colcon_core.shell[0m [1;30mINFO[0m Creating environment descriptor '/Users/yosuke/gits/cxd5602pwbimu_ros2_driver/ros2_ws/install/h6x_serial_interface_example/share/h6x_serial_interface_example/hook/cmake_prefix_path.dsv'
[2.487s] [34mcolcon.colcon_core.shell[0m [1;30mINFO[0m Creating environment hook '/Users/yosuke/gits/cxd5602pwbimu_ros2_driver/ros2_ws/install/h6x_serial_interface_example/share/h6x_serial_interface_example/hook/cmake_prefix_path.sh'
[2.487s] [34mcolcon.colcon_core.environment[0m [1;30mLevel 1[0m checking '/Users/yosuke/gits/cxd5602pwbimu_ros2_driver/ros2_ws/install/h6x_serial_interface_example/lib'
[2.487s] [34mcolcon.colcon_core.shell[0m [1;30mLevel 1[0m create_environment_hook('h6x_serial_interface_example', 'dyld_library_path')
[2.487s] [34mcolcon.colcon_core.shell[0m [1;30mINFO[0m Creating environment hook '/Users/yosuke/gits/cxd5602pwbimu_ros2_driver/ros2_ws/install/h6x_serial_interface_example/share/h6x_serial_interface_example/hook/dyld_library_path.ps1'
[2.487s] [34mcolcon.colcon_core.shell[0m [1;30mINFO[0m Creating environment descriptor '/Users/yosuke/gits/cxd5602pwbimu_ros2_driver/ros2_ws/install/h6x_serial_interface_example/share/h6x_serial_interface_example/hook/dyld_library_path.dsv'
[2.487s] [34mcolcon.colcon_core.shell[0m [1;30mINFO[0m Creating environment hook '/Users/yosuke/gits/cxd5602pwbimu_ros2_driver/ros2_ws/install/h6x_serial_interface_example/share/h6x_serial_interface_example/hook/dyld_library_path.sh'
[2.487s] [34mcolcon.colcon_core.environment[0m [1;30mLevel 1[0m checking '/Users/yosuke/gits/cxd5602pwbimu_ros2_driver/ros2_ws/install/h6x_serial_interface_example/bin'
[2.487s] [34mcolcon.colcon_core.environment[0m [1;30mLevel 1[0m checking '/Users/yosuke/gits/cxd5602pwbimu_ros2_driver/ros2_ws/install/h6x_serial_interface_example/lib/pkgconfig/h6x_serial_interface_example.pc'
[2.488s] [34mcolcon.colcon_core.environment[0m [1;30mLevel 1[0m checking '/Users/yosuke/gits/cxd5602pwbimu_ros2_driver/ros2_ws/install/h6x_serial_interface_example/lib/python3.11/site-packages'
[2.488s] [34mcolcon.colcon_core.environment[0m [1;30mLevel 1[0m checking '/Users/yosuke/gits/cxd5602pwbimu_ros2_driver/ros2_ws/install/h6x_serial_interface_example/bin'
[2.488s] [34mcolcon.colcon_core.shell[0m [1;30mINFO[0m Creating package script '/Users/yosuke/gits/cxd5602pwbimu_ros2_driver/ros2_ws/install/h6x_serial_interface_example/share/h6x_serial_interface_example/package.ps1'
[2.488s] [34mcolcon.colcon_core.shell[0m [1;30mINFO[0m Creating package descriptor '/Users/yosuke/gits/cxd5602pwbimu_ros2_driver/ros2_ws/install/h6x_serial_interface_example/share/h6x_serial_interface_example/package.dsv'
[2.488s] [34mcolcon.colcon_core.shell[0m [1;30mINFO[0m Creating package script '/Users/yosuke/gits/cxd5602pwbimu_ros2_driver/ros2_ws/install/h6x_serial_interface_example/share/h6x_serial_interface_example/package.sh'
[2.488s] [34mcolcon.colcon_core.shell[0m [1;30mINFO[0m Creating package script '/Users/yosuke/gits/cxd5602pwbimu_ros2_driver/ros2_ws/install/h6x_serial_interface_example/share/h6x_serial_interface_example/package.bash'
[2.488s] [34mcolcon.colcon_core.shell[0m [1;30mINFO[0m Creating package script '/Users/yosuke/gits/cxd5602pwbimu_ros2_driver/ros2_ws/install/h6x_serial_interface_example/share/h6x_serial_interface_example/package.zsh'
[2.489s] [34mcolcon.colcon_core.environment[0m [1;30mLevel 1[0m create_file_with_runtime_dependencies(/Users/yosuke/gits/cxd5602pwbimu_ros2_driver/ros2_ws/install/h6x_serial_interface_example/share/colcon-core/packages/h6x_serial_interface_example)
[2.647s] [34mcolcon.colcon_core.event_handler.log_command[0m [1;30mDEBUG[0m [32mInvoking command in '/Users/yosuke/gits/cxd5602pwbimu_ros2_driver/ros2_ws/build/cxd5602pwbimu_driver_node': CMAKE_PREFIX_PATH=/Users/yosuke/gits/cxd5602pwbimu_ros2_driver/ros2_ws/install/h6x_serial_interface:/Users/yosuke/gits/cxd5602pwbimu_ros2_driver/ros2_ws/install/imu_tools:/Users/yosuke/gits/cxd5602pwbimu_ros2_driver/ros2_ws/install/rviz_imu_plugin:/Users/yosuke/gits/cxd5602pwbimu_ros2_driver/ros2_ws/install/imu_trajectory_filter:/Users/yosuke/gits/cxd5602pwbimu_ros2_driver/ros2_ws/install/cxd5602pwbimu_driver:/Users/yosuke/gits/cxd5602pwbimu_ros2_driver/ros2_ws/install/imu_filter_madgwick:/Users/yosuke/gits/cxd5602pwbimu_ros2_driver/ros2_ws/install/imu_complementary_filter:/Users/yosuke/gits/cxd5602pwbimu_ros2_driver/ros2_ws/install/h6x_serial_interface_example:/Users/yosuke/gits/cxd5602pwbimu_ros2_driver/ros2_ws/install/cxd5602pwbimu_driver_node:/Users/yosuke/gits/cxd5602pwbimu_ros2_driver/ros2_ws/install/h6x_packet_handler:/usr/local:/opt/homebrew/opt/qt@5:/Users/yosuke/gits/cxd5602pwbimu_ros2_driver/ros2_ws/install/cxd5602pwbimu_driver_bringup:/Users/yosuke/miniforge3/envs/ros_env CONDA_PROMPT_MODIFIER=(ros_env) DYLD_LIBRARY_PATH=/Users/yosuke/gits/cxd5602pwbimu_ros2_driver/ros2_ws/install/h6x_serial_interface/lib:/Users/yosuke/gits/cxd5602pwbimu_ros2_driver/ros2_ws/install/rviz_imu_plugin/lib:/Users/yosuke/gits/cxd5602pwbimu_ros2_driver/ros2_ws/install/imu_trajectory_filter/lib:/Users/yosuke/gits/cxd5602pwbimu_ros2_driver/ros2_ws/install/imu_filter_madgwick/lib:/Users/yosuke/gits/cxd5602pwbimu_ros2_driver/ros2_ws/install/imu_complementary_filter/lib:/Users/yosuke/gits/cxd5602pwbimu_ros2_driver/ros2_ws/install/h6x_serial_interface_example/lib:/Users/yosuke/gits/cxd5602pwbimu_ros2_driver/ros2_ws/install/cxd5602pwbimu_driver_node/lib:/Users/yosuke/gits/cxd5602pwbimu_ros2_driver/ros2_ws/install/h6x_packet_handler/lib:/Users/yosuke/miniforge3/envs/ros_env/opt/rviz_ogre_vendor/lib SHLVL=2 _=/Users/yosuke/miniforge3/envs/ros_env/bin/env /Users/yosuke/miniforge3/envs/ros_env/bin/cmake --install /Users/yosuke/gits/cxd5602pwbimu_ros2_driver/ros2_ws/build/cxd5602pwbimu_driver_node[0m
[2.668s] [34mcolcon.colcon_core.environment[0m [1;30mLevel 1[0m create_environment_scripts_only(cxd5602pwbimu_driver_node)
[2.668s] [34mcolcon.colcon_core.environment[0m [1;30mLevel 1[0m checking '/Users/yosuke/gits/cxd5602pwbimu_ros2_driver/ros2_ws/install/cxd5602pwbimu_driver_node' for CMake module files
[2.668s] [34mcolcon.colcon_core.event_handler.log_command[0m [1;30mDEBUG[0m [32mInvoked command in '/Users/yosuke/gits/cxd5602pwbimu_ros2_driver/ros2_ws/build/cxd5602pwbimu_driver_node' returned '0': CMAKE_PREFIX_PATH=/Users/yosuke/gits/cxd5602pwbimu_ros2_driver/ros2_ws/install/h6x_serial_interface:/Users/yosuke/gits/cxd5602pwbimu_ros2_driver/ros2_ws/install/imu_tools:/Users/yosuke/gits/cxd5602pwbimu_ros2_driver/ros2_ws/install/rviz_imu_plugin:/Users/yosuke/gits/cxd5602pwbimu_ros2_driver/ros2_ws/install/imu_trajectory_filter:/Users/yosuke/gits/cxd5602pwbimu_ros2_driver/ros2_ws/install/cxd5602pwbimu_driver:/Users/yosuke/gits/cxd5602pwbimu_ros2_driver/ros2_ws/install/imu_filter_madgwick:/Users/yosuke/gits/cxd5602pwbimu_ros2_driver/ros2_ws/install/imu_complementary_filter:/Users/yosuke/gits/cxd5602pwbimu_ros2_driver/ros2_ws/install/h6x_serial_interface_example:/Users/yosuke/gits/cxd5602pwbimu_ros2_driver/ros2_ws/install/cxd5602pwbimu_driver_node:/Users/yosuke/gits/cxd5602pwbimu_ros2_driver/ros2_ws/install/h6x_packet_handler:/usr/local:/opt/homebrew/opt/qt@5:/Users/yosuke/gits/cxd5602pwbimu_ros2_driver/ros2_ws/install/cxd5602pwbimu_driver_bringup:/Users/yosuke/miniforge3/envs/ros_env CONDA_PROMPT_MODIFIER=(ros_env) DYLD_LIBRARY_PATH=/Users/yosuke/gits/cxd5602pwbimu_ros2_driver/ros2_ws/install/h6x_serial_interface/lib:/Users/yosuke/gits/cxd5602pwbimu_ros2_driver/ros2_ws/install/rviz_imu_plugin/lib:/Users/yosuke/gits/cxd5602pwbimu_ros2_driver/ros2_ws/install/imu_trajectory_filter/lib:/Users/yosuke/gits/cxd5602pwbimu_ros2_driver/ros2_ws/install/imu_filter_madgwick/lib:/Users/yosuke/gits/cxd5602pwbimu_ros2_driver/ros2_ws/install/imu_complementary_filter/lib:/Users/yosuke/gits/cxd5602pwbimu_ros2_driver/ros2_ws/install/h6x_serial_interface_example/lib:/Users/yosuke/gits/cxd5602pwbimu_ros2_driver/ros2_ws/install/cxd5602pwbimu_driver_node/lib:/Users/yosuke/gits/cxd5602pwbimu_ros2_driver/ros2_ws/install/h6x_packet_handler/lib:/Users/yosuke/miniforge3/envs/ros_env/opt/rviz_ogre_vendor/lib SHLVL=2 _=/Users/yosuke/miniforge3/envs/ros_env/bin/env /Users/yosuke/miniforge3/envs/ros_env/bin/cmake --install /Users/yosuke/gits/cxd5602pwbimu_ros2_driver/ros2_ws/build/cxd5602pwbimu_driver_node[0m
[2.669s] [34mcolcon.colcon_core.environment[0m [1;30mLevel 1[0m checking '/Users/yosuke/gits/cxd5602pwbimu_ros2_driver/ros2_ws/install/cxd5602pwbimu_driver_node' for CMake config files
[2.669s] [34mcolcon.colcon_core.shell[0m [1;30mLevel 1[0m create_environment_hook('cxd5602pwbimu_driver_node', 'cmake_prefix_path')
[2.669s] [34mcolcon.colcon_core.shell[0m [1;30mINFO[0m Creating environment hook '/Users/yosuke/gits/cxd5602pwbimu_ros2_driver/ros2_ws/install/cxd5602pwbimu_driver_node/share/cxd5602pwbimu_driver_node/hook/cmake_prefix_path.ps1'
[2.669s] [34mcolcon.colcon_core.shell[0m [1;30mINFO[0m Creating environment descriptor '/Users/yosuke/gits/cxd5602pwbimu_ros2_driver/ros2_ws/install/cxd5602pwbimu_driver_node/share/cxd5602pwbimu_driver_node/hook/cmake_prefix_path.dsv'
[2.669s] [34mcolcon.colcon_core.shell[0m [1;30mINFO[0m Creating environment hook '/Users/yosuke/gits/cxd5602pwbimu_ros2_driver/ros2_ws/install/cxd5602pwbimu_driver_node/share/cxd5602pwbimu_driver_node/hook/cmake_prefix_path.sh'
[2.669s] [34mcolcon.colcon_core.environment[0m [1;30mLevel 1[0m checking '/Users/yosuke/gits/cxd5602pwbimu_ros2_driver/ros2_ws/install/cxd5602pwbimu_driver_node/lib'
[2.669s] [34mcolcon.colcon_core.shell[0m [1;30mLevel 1[0m create_environment_hook('cxd5602pwbimu_driver_node', 'dyld_library_path')
[2.670s] [34mcolcon.colcon_core.shell[0m [1;30mINFO[0m Creating environment hook '/Users/yosuke/gits/cxd5602pwbimu_ros2_driver/ros2_ws/install/cxd5602pwbimu_driver_node/share/cxd5602pwbimu_driver_node/hook/dyld_library_path.ps1'
[2.670s] [34mcolcon.colcon_core.shell[0m [1;30mINFO[0m Creating environment descriptor '/Users/yosuke/gits/cxd5602pwbimu_ros2_driver/ros2_ws/install/cxd5602pwbimu_driver_node/share/cxd5602pwbimu_driver_node/hook/dyld_library_path.dsv'
[2.670s] [34mcolcon.colcon_core.shell[0m [1;30mINFO[0m Creating environment hook '/Users/yosuke/gits/cxd5602pwbimu_ros2_driver/ros2_ws/install/cxd5602pwbimu_driver_node/share/cxd5602pwbimu_driver_node/hook/dyld_library_path.sh'
[2.670s] [34mcolcon.colcon_core.environment[0m [1;30mLevel 1[0m checking '/Users/yosuke/gits/cxd5602pwbimu_ros2_driver/ros2_ws/install/cxd5602pwbimu_driver_node/bin'
[2.670s] [34mcolcon.colcon_core.environment[0m [1;30mLevel 1[0m checking '/Users/yosuke/gits/cxd5602pwbimu_ros2_driver/ros2_ws/install/cxd5602pwbimu_driver_node/lib/pkgconfig/cxd5602pwbimu_driver_node.pc'
[2.670s] [34mcolcon.colcon_core.environment[0m [1;30mLevel 1[0m checking '/Users/yosuke/gits/cxd5602pwbimu_ros2_driver/ros2_ws/install/cxd5602pwbimu_driver_node/lib/python3.11/site-packages'
[2.670s] [34mcolcon.colcon_core.environment[0m [1;30mLevel 1[0m checking '/Users/yosuke/gits/cxd5602pwbimu_ros2_driver/ros2_ws/install/cxd5602pwbimu_driver_node/bin'
[2.670s] [34mcolcon.colcon_core.shell[0m [1;30mINFO[0m Creating package script '/Users/yosuke/gits/cxd5602pwbimu_ros2_driver/ros2_ws/install/cxd5602pwbimu_driver_node/share/cxd5602pwbimu_driver_node/package.ps1'
[2.670s] [34mcolcon.colcon_core.shell[0m [1;30mINFO[0m Creating package descriptor '/Users/yosuke/gits/cxd5602pwbimu_ros2_driver/ros2_ws/install/cxd5602pwbimu_driver_node/share/cxd5602pwbimu_driver_node/package.dsv'
[2.671s] [34mcolcon.colcon_core.shell[0m [1;30mINFO[0m Creating package script '/Users/yosuke/gits/cxd5602pwbimu_ros2_driver/ros2_ws/install/cxd5602pwbimu_driver_node/share/cxd5602pwbimu_driver_node/package.sh'
[2.671s] [34mcolcon.colcon_core.shell[0m [1;30mINFO[0m Creating package script '/Users/yosuke/gits/cxd5602pwbimu_ros2_driver/ros2_ws/install/cxd5602pwbimu_driver_node/share/cxd5602pwbimu_driver_node/package.bash'
[2.671s] [34mcolcon.colcon_core.shell[0m [1;30mINFO[0m Creating package script '/Users/yosuke/gits/cxd5602pwbimu_ros2_driver/ros2_ws/install/cxd5602pwbimu_driver_node/share/cxd5602pwbimu_driver_node/package.zsh'
[2.671s] [34mcolcon.colcon_core.environment[0m [1;30mLevel 1[0m create_file_with_runtime_dependencies(/Users/yosuke/gits/cxd5602pwbimu_ros2_driver/ros2_ws/install/cxd5602pwbimu_driver_node/share/colcon-core/packages/cxd5602pwbimu_driver_node)
[2.865s] [34mcolcon.colcon_core.environment[0m [1;30mLevel 1[0m create_environment_scripts_only(cxd5602pwbimu_driver_node)
[2.866s] [34mcolcon.colcon_core.environment[0m [1;30mLevel 1[0m checking '/Users/yosuke/gits/cxd5602pwbimu_ros2_driver/ros2_ws/install/cxd5602pwbimu_driver_node' for CMake module files
[2.866s] [34mcolcon.colcon_core.environment[0m [1;30mLevel 1[0m checking '/Users/yosuke/gits/cxd5602pwbimu_ros2_driver/ros2_ws/install/cxd5602pwbimu_driver_node' for CMake config files
[2.866s] [34mcolcon.colcon_core.shell[0m [1;30mLevel 1[0m create_environment_hook('cxd5602pwbimu_driver_node', 'cmake_prefix_path')
[2.866s] [34mcolcon.colcon_core.shell[0m [1;30mINFO[0m Creating environment hook '/Users/yosuke/gits/cxd5602pwbimu_ros2_driver/ros2_ws/install/cxd5602pwbimu_driver_node/share/cxd5602pwbimu_driver_node/hook/cmake_prefix_path.ps1'
[2.866s] [34mcolcon.colcon_core.shell[0m [1;30mINFO[0m Creating environment descriptor '/Users/yosuke/gits/cxd5602pwbimu_ros2_driver/ros2_ws/install/cxd5602pwbimu_driver_node/share/cxd5602pwbimu_driver_node/hook/cmake_prefix_path.dsv'
[2.866s] [34mcolcon.colcon_core.shell[0m [1;30mINFO[0m Creating environment hook '/Users/yosuke/gits/cxd5602pwbimu_ros2_driver/ros2_ws/install/cxd5602pwbimu_driver_node/share/cxd5602pwbimu_driver_node/hook/cmake_prefix_path.sh'
[2.867s] [34mcolcon.colcon_core.environment[0m [1;30mLevel 1[0m checking '/Users/yosuke/gits/cxd5602pwbimu_ros2_driver/ros2_ws/install/cxd5602pwbimu_driver_node/lib'
[2.867s] [34mcolcon.colcon_core.shell[0m [1;30mLevel 1[0m create_environment_hook('cxd5602pwbimu_driver_node', 'dyld_library_path')
[2.867s] [34mcolcon.colcon_core.shell[0m [1;30mINFO[0m Creating environment hook '/Users/yosuke/gits/cxd5602pwbimu_ros2_driver/ros2_ws/install/cxd5602pwbimu_driver_node/share/cxd5602pwbimu_driver_node/hook/dyld_library_path.ps1'
[2.867s] [34mcolcon.colcon_core.shell[0m [1;30mINFO[0m Creating environment descriptor '/Users/yosuke/gits/cxd5602pwbimu_ros2_driver/ros2_ws/install/cxd5602pwbimu_driver_node/share/cxd5602pwbimu_driver_node/hook/dyld_library_path.dsv'
[2.867s] [34mcolcon.colcon_core.shell[0m [1;30mINFO[0m Creating environment hook '/Users/yosuke/gits/cxd5602pwbimu_ros2_driver/ros2_ws/install/cxd5602pwbimu_driver_node/share/cxd5602pwbimu_driver_node/hook/dyld_library_path.sh'
[2.867s] [34mcolcon.colcon_core.environment[0m [1;30mLevel 1[0m checking '/Users/yosuke/gits/cxd5602pwbimu_ros2_driver/ros2_ws/install/cxd5602pwbimu_driver_node/bin'
[2.867s] [34mcolcon.colcon_core.environment[0m [1;30mLevel 1[0m checking '/Users/yosuke/gits/cxd5602pwbimu_ros2_driver/ros2_ws/install/cxd5602pwbimu_driver_node/lib/pkgconfig/cxd5602pwbimu_driver_node.pc'
[2.867s] [34mcolcon.colcon_core.environment[0m [1;30mLevel 1[0m checking '/Users/yosuke/gits/cxd5602pwbimu_ros2_driver/ros2_ws/install/cxd5602pwbimu_driver_node/lib/python3.11/site-packages'
[2.868s] [34mcolcon.colcon_core.environment[0m [1;30mLevel 1[0m checking '/Users/yosuke/gits/cxd5602pwbimu_ros2_driver/ros2_ws/install/cxd5602pwbimu_driver_node/bin'
[2.868s] [34mcolcon.colcon_core.shell[0m [1;30mINFO[0m Creating package script '/Users/yosuke/gits/cxd5602pwbimu_ros2_driver/ros2_ws/install/cxd5602pwbimu_driver_node/share/cxd5602pwbimu_driver_node/package.ps1'
[2.868s] [34mcolcon.colcon_core.shell[0m [1;30mINFO[0m Creating package descriptor '/Users/yosuke/gits/cxd5602pwbimu_ros2_driver/ros2_ws/install/cxd5602pwbimu_driver_node/share/cxd5602pwbimu_driver_node/package.dsv'
[2.868s] [34mcolcon.colcon_core.shell[0m [1;30mINFO[0m Creating package script '/Users/yosuke/gits/cxd5602pwbimu_ros2_driver/ros2_ws/install/cxd5602pwbimu_driver_node/share/cxd5602pwbimu_driver_node/package.sh'
[2.868s] [34mcolcon.colcon_core.shell[0m [1;30mINFO[0m Creating package script '/Users/yosuke/gits/cxd5602pwbimu_ros2_driver/ros2_ws/install/cxd5602pwbimu_driver_node/share/cxd5602pwbimu_driver_node/package.bash'
[2.868s] [34mcolcon.colcon_core.shell[0m [1;30mINFO[0m Creating package script '/Users/yosuke/gits/cxd5602pwbimu_ros2_driver/ros2_ws/install/cxd5602pwbimu_driver_node/share/cxd5602pwbimu_driver_node/package.zsh'
[2.868s] [34mcolcon.colcon_core.environment[0m [1;30mLevel 1[0m create_file_with_runtime_dependencies(/Users/yosuke/gits/cxd5602pwbimu_ros2_driver/ros2_ws/install/cxd5602pwbimu_driver_node/share/colcon-core/packages/cxd5602pwbimu_driver_node)
[2.869s] [34mcolcon.colcon_ros.task.ament_python.build[0m [1;30mINFO[0m Building ROS package in '/Users/yosuke/gits/cxd5602pwbimu_ros2_driver/ros2_ws/src/cxd5602pwbimu_driver_bringup' with build type 'ament_python'
[2.869s] [34mcolcon.colcon_core.shell[0m [1;30mLevel 1[0m create_environment_hook('cxd5602pwbimu_driver_bringup', 'ament_prefix_path')
[2.869s] [34mcolcon.colcon_core.shell[0m [1;30mINFO[0m Creating environment hook '/Users/yosuke/gits/cxd5602pwbimu_ros2_driver/ros2_ws/install/cxd5602pwbimu_driver_bringup/share/cxd5602pwbimu_driver_bringup/hook/ament_prefix_path.ps1'
[2.869s] [34mcolcon.colcon_core.shell[0m [1;30mINFO[0m Creating environment descriptor '/Users/yosuke/gits/cxd5602pwbimu_ros2_driver/ros2_ws/install/cxd5602pwbimu_driver_bringup/share/cxd5602pwbimu_driver_bringup/hook/ament_prefix_path.dsv'
[2.869s] [34mcolcon.colcon_core.shell[0m [1;30mINFO[0m Creating environment hook '/Users/yosuke/gits/cxd5602pwbimu_ros2_driver/ros2_ws/install/cxd5602pwbimu_driver_bringup/share/cxd5602pwbimu_driver_bringup/hook/ament_prefix_path.sh'
[2.869s] [34mcolcon.colcon_core.shell[0m [1;30mINFO[0m Skip shell extension 'powershell' for command environment: Not usable outside of PowerShell
[2.869s] [34mcolcon.colcon_core.shell[0m [1;30mDEBUG[0m [32mSkip shell extension 'dsv' for command environment[0m
[2.986s] [34mcolcon.colcon_core.task.python.build[0m [1;30mINFO[0m Building Python package in '/Users/yosuke/gits/cxd5602pwbimu_ros2_driver/ros2_ws/src/cxd5602pwbimu_driver_bringup'
[2.986s] [34mcolcon.colcon_core.shell[0m [1;30mINFO[0m Skip shell extension 'powershell' for command environment: Not usable outside of PowerShell
[2.986s] [34mcolcon.colcon_core.shell[0m [1;30mDEBUG[0m [32mSkip shell extension 'dsv' for command environment[0m
[3.162s] [34mcolcon.colcon_core.event_handler.log_command[0m [1;30mDEBUG[0m [32mInvoking command in '/Users/yosuke/gits/cxd5602pwbimu_ros2_driver/ros2_ws/src/cxd5602pwbimu_driver_bringup': CMAKE_PREFIX_PATH=/Users/yosuke/gits/cxd5602pwbimu_ros2_driver/ros2_ws/install/cxd5602pwbimu_driver_node:/Users/yosuke/gits/cxd5602pwbimu_ros2_driver/ros2_ws/install/imu_filter_madgwick:/Users/yosuke/gits/cxd5602pwbimu_ros2_driver/ros2_ws/install/h6x_serial_interface:/Users/yosuke/gits/cxd5602pwbimu_ros2_driver/ros2_ws/install/imu_tools:/Users/yosuke/gits/cxd5602pwbimu_ros2_driver/ros2_ws/install/rviz_imu_plugin:/Users/yosuke/gits/cxd5602pwbimu_ros2_driver/ros2_ws/install/imu_trajectory_filter:/Users/yosuke/gits/cxd5602pwbimu_ros2_driver/ros2_ws/install/cxd5602pwbimu_driver:/Users/yosuke/gits/cxd5602pwbimu_ros2_driver/ros2_ws/install/imu_complementary_filter:/Users/yosuke/gits/cxd5602pwbimu_ros2_driver/ros2_ws/install/h6x_serial_interface_example:/Users/yosuke/gits/cxd5602pwbimu_ros2_driver/ros2_ws/install/h6x_packet_handler:/usr/local:/opt/homebrew/opt/qt@5 CONDA_PROMPT_MODIFIER=(ros_env) DYLD_LIBRARY_PATH=/Users/yosuke/gits/cxd5602pwbimu_ros2_driver/ros2_ws/install/cxd5602pwbimu_driver_node/lib:/Users/yosuke/gits/cxd5602pwbimu_ros2_driver/ros2_ws/install/imu_filter_madgwick/lib:/Users/yosuke/gits/cxd5602pwbimu_ros2_driver/ros2_ws/install/h6x_serial_interface/lib:/Users/yosuke/gits/cxd5602pwbimu_ros2_driver/ros2_ws/install/rviz_imu_plugin/lib:/Users/yosuke/gits/cxd5602pwbimu_ros2_driver/ros2_ws/install/imu_trajectory_filter/lib:/Users/yosuke/gits/cxd5602pwbimu_ros2_driver/ros2_ws/install/imu_complementary_filter/lib:/Users/yosuke/gits/cxd5602pwbimu_ros2_driver/ros2_ws/install/h6x_serial_interface_example/lib:/Users/yosuke/gits/cxd5602pwbimu_ros2_driver/ros2_ws/install/h6x_packet_handler/lib:/Users/yosuke/miniforge3/envs/ros_env/opt/rviz_ogre_vendor/lib PYTHONPATH=/Users/yosuke/gits/cxd5602pwbimu_ros2_driver/ros2_ws/build/cxd5602pwbimu_driver_bringup/prefix_override:/Users/yosuke/miniforge3/envs/ros_env/lib/python3.11/site-packages/colcon_core/task/python/colcon_distutils_commands:/Users/yosuke/gits/cxd5602pwbimu_ros2_driver/ros2_ws/install/cxd5602pwbimu_driver_bringup/lib/python3.11/site-packages:${PYTHONPATH} SHLVL=2 _=/Users/yosuke/miniforge3/envs/ros_env/bin/env /Users/yosuke/miniforge3/envs/ros_env/bin/python3.11 -W ignore:setup.py install is deprecated -W ignore:easy_install command is deprecated setup.py egg_info --egg-base ../../build/cxd5602pwbimu_driver_bringup build --build-base /Users/yosuke/gits/cxd5602pwbimu_ros2_driver/ros2_ws/build/cxd5602pwbimu_driver_bringup/build install --record /Users/yosuke/gits/cxd5602pwbimu_ros2_driver/ros2_ws/build/cxd5602pwbimu_driver_bringup/install.log --single-version-externally-managed install_data[0m
[3.318s] [34mcolcon.colcon_core.environment[0m [1;30mLevel 1[0m checking '/Users/yosuke/gits/cxd5602pwbimu_ros2_driver/ros2_ws/install/cxd5602pwbimu_driver_bringup' for CMake module files
[3.318s] [34mcolcon.colcon_core.event_handler.log_command[0m [1;30mDEBUG[0m [32mInvoked command in '/Users/yosuke/gits/cxd5602pwbimu_ros2_driver/ros2_ws/src/cxd5602pwbimu_driver_bringup' returned '0': CMAKE_PREFIX_PATH=/Users/yosuke/gits/cxd5602pwbimu_ros2_driver/ros2_ws/install/cxd5602pwbimu_driver_node:/Users/yosuke/gits/cxd5602pwbimu_ros2_driver/ros2_ws/install/imu_filter_madgwick:/Users/yosuke/gits/cxd5602pwbimu_ros2_driver/ros2_ws/install/h6x_serial_interface:/Users/yosuke/gits/cxd5602pwbimu_ros2_driver/ros2_ws/install/imu_tools:/Users/yosuke/gits/cxd5602pwbimu_ros2_driver/ros2_ws/install/rviz_imu_plugin:/Users/yosuke/gits/cxd5602pwbimu_ros2_driver/ros2_ws/install/imu_trajectory_filter:/Users/yosuke/gits/cxd5602pwbimu_ros2_driver/ros2_ws/install/cxd5602pwbimu_driver:/Users/yosuke/gits/cxd5602pwbimu_ros2_driver/ros2_ws/install/imu_complementary_filter:/Users/yosuke/gits/cxd5602pwbimu_ros2_driver/ros2_ws/install/h6x_serial_interface_example:/Users/yosuke/gits/cxd5602pwbimu_ros2_driver/ros2_ws/install/h6x_packet_handler:/usr/local:/opt/homebrew/opt/qt@5 CONDA_PROMPT_MODIFIER=(ros_env) DYLD_LIBRARY_PATH=/Users/yosuke/gits/cxd5602pwbimu_ros2_driver/ros2_ws/install/cxd5602pwbimu_driver_node/lib:/Users/yosuke/gits/cxd5602pwbimu_ros2_driver/ros2_ws/install/imu_filter_madgwick/lib:/Users/yosuke/gits/cxd5602pwbimu_ros2_driver/ros2_ws/install/h6x_serial_interface/lib:/Users/yosuke/gits/cxd5602pwbimu_ros2_driver/ros2_ws/install/rviz_imu_plugin/lib:/Users/yosuke/gits/cxd5602pwbimu_ros2_driver/ros2_ws/install/imu_trajectory_filter/lib:/Users/yosuke/gits/cxd5602pwbimu_ros2_driver/ros2_ws/install/imu_complementary_filter/lib:/Users/yosuke/gits/cxd5602pwbimu_ros2_driver/ros2_ws/install/h6x_serial_interface_example/lib:/Users/yosuke/gits/cxd5602pwbimu_ros2_driver/ros2_ws/install/h6x_packet_handler/lib:/Users/yosuke/miniforge3/envs/ros_env/opt/rviz_ogre_vendor/lib PYTHONPATH=/Users/yosuke/gits/cxd5602pwbimu_ros2_driver/ros2_ws/build/cxd5602pwbimu_driver_bringup/prefix_override:/Users/yosuke/miniforge3/envs/ros_env/lib/python3.11/site-packages/colcon_core/task/python/colcon_distutils_commands:/Users/yosuke/gits/cxd5602pwbimu_ros2_driver/ros2_ws/install/cxd5602pwbimu_driver_bringup/lib/python3.11/site-packages:${PYTHONPATH} SHLVL=2 _=/Users/yosuke/miniforge3/envs/ros_env/bin/env /Users/yosuke/miniforge3/envs/ros_env/bin/python3.11 -W ignore:setup.py install is deprecated -W ignore:easy_install command is deprecated setup.py egg_info --egg-base ../../build/cxd5602pwbimu_driver_bringup build --build-base /Users/yosuke/gits/cxd5602pwbimu_ros2_driver/ros2_ws/build/cxd5602pwbimu_driver_bringup/build install --record /Users/yosuke/gits/cxd5602pwbimu_ros2_driver/ros2_ws/build/cxd5602pwbimu_driver_bringup/install.log --single-version-externally-managed install_data[0m
[3.319s] [34mcolcon.colcon_core.environment[0m [1;30mLevel 1[0m checking '/Users/yosuke/gits/cxd5602pwbimu_ros2_driver/ros2_ws/install/cxd5602pwbimu_driver_bringup' for CMake config files
[3.319s] [34mcolcon.colcon_core.environment[0m [1;30mLevel 1[0m checking '/Users/yosuke/gits/cxd5602pwbimu_ros2_driver/ros2_ws/install/cxd5602pwbimu_driver_bringup/lib'
[3.319s] [34mcolcon.colcon_core.environment[0m [1;30mLevel 1[0m checking '/Users/yosuke/gits/cxd5602pwbimu_ros2_driver/ros2_ws/install/cxd5602pwbimu_driver_bringup/bin'
[3.319s] [34mcolcon.colcon_core.environment[0m [1;30mLevel 1[0m checking '/Users/yosuke/gits/cxd5602pwbimu_ros2_driver/ros2_ws/install/cxd5602pwbimu_driver_bringup/lib/pkgconfig/cxd5602pwbimu_driver_bringup.pc'
[3.319s] [34mcolcon.colcon_core.environment[0m [1;30mLevel 1[0m checking '/Users/yosuke/gits/cxd5602pwbimu_ros2_driver/ros2_ws/install/cxd5602pwbimu_driver_bringup/lib/python3.11/site-packages'
[3.319s] [34mcolcon.colcon_core.shell[0m [1;30mLevel 1[0m create_environment_hook('cxd5602pwbimu_driver_bringup', 'pythonpath')
[3.319s] [34mcolcon.colcon_core.shell[0m [1;30mINFO[0m Creating environment hook '/Users/yosuke/gits/cxd5602pwbimu_ros2_driver/ros2_ws/install/cxd5602pwbimu_driver_bringup/share/cxd5602pwbimu_driver_bringup/hook/pythonpath.ps1'
[3.319s] [34mcolcon.colcon_core.shell[0m [1;30mINFO[0m Creating environment descriptor '/Users/yosuke/gits/cxd5602pwbimu_ros2_driver/ros2_ws/install/cxd5602pwbimu_driver_bringup/share/cxd5602pwbimu_driver_bringup/hook/pythonpath.dsv'
[3.320s] [34mcolcon.colcon_core.shell[0m [1;30mINFO[0m Creating environment hook '/Users/yosuke/gits/cxd5602pwbimu_ros2_driver/ros2_ws/install/cxd5602pwbimu_driver_bringup/share/cxd5602pwbimu_driver_bringup/hook/pythonpath.sh'
[3.320s] [34mcolcon.colcon_core.environment[0m [1;30mLevel 1[0m checking '/Users/yosuke/gits/cxd5602pwbimu_ros2_driver/ros2_ws/install/cxd5602pwbimu_driver_bringup/bin'
[3.320s] [34mcolcon.colcon_core.environment[0m [1;30mLevel 1[0m create_environment_scripts_only(cxd5602pwbimu_driver_bringup)
[3.320s] [34mcolcon.colcon_core.shell[0m [1;30mINFO[0m Creating package script '/Users/yosuke/gits/cxd5602pwbimu_ros2_driver/ros2_ws/install/cxd5602pwbimu_driver_bringup/share/cxd5602pwbimu_driver_bringup/package.ps1'
[3.320s] [34mcolcon.colcon_core.shell[0m [1;30mINFO[0m Creating package descriptor '/Users/yosuke/gits/cxd5602pwbimu_ros2_driver/ros2_ws/install/cxd5602pwbimu_driver_bringup/share/cxd5602pwbimu_driver_bringup/package.dsv'
[3.320s] [34mcolcon.colcon_core.shell[0m [1;30mINFO[0m Creating package script '/Users/yosuke/gits/cxd5602pwbimu_ros2_driver/ros2_ws/install/cxd5602pwbimu_driver_bringup/share/cxd5602pwbimu_driver_bringup/package.sh'
[3.320s] [34mcolcon.colcon_core.shell[0m [1;30mINFO[0m Creating package script '/Users/yosuke/gits/cxd5602pwbimu_ros2_driver/ros2_ws/install/cxd5602pwbimu_driver_bringup/share/cxd5602pwbimu_driver_bringup/package.bash'
[3.321s] [34mcolcon.colcon_core.shell[0m [1;30mINFO[0m Creating package script '/Users/yosuke/gits/cxd5602pwbimu_ros2_driver/ros2_ws/install/cxd5602pwbimu_driver_bringup/share/cxd5602pwbimu_driver_bringup/package.zsh'
[3.321s] [34mcolcon.colcon_core.environment[0m [1;30mLevel 1[0m create_file_with_runtime_dependencies(/Users/yosuke/gits/cxd5602pwbimu_ros2_driver/ros2_ws/install/cxd5602pwbimu_driver_bringup/share/colcon-core/packages/cxd5602pwbimu_driver_bringup)
[3.321s] [34mcolcon.colcon_ros.task.ament_cmake.build[0m [1;30mINFO[0m Building ROS package in '/Users/yosuke/gits/cxd5602pwbimu_ros2_driver/ros2_ws/src/cxd5602pwbimu_driver' with build type 'ament_cmake'
[3.321s] [34mcolcon.colcon_cmake.task.cmake.build[0m [1;30mINFO[0m Building CMake package in '/Users/yosuke/gits/cxd5602pwbimu_ros2_driver/ros2_ws/src/cxd5602pwbimu_driver'
[3.321s] [34mcolcon.colcon_core.shell[0m [1;30mINFO[0m Skip shell extension 'powershell' for command environment: Not usable outside of PowerShell
[3.321s] [34mcolcon.colcon_core.shell[0m [1;30mDEBUG[0m [32mSkip shell extension 'dsv' for command environment[0m
[3.350s] [34mcolcon.colcon_core.event_handler.log_command[0m [1;30mDEBUG[0m [32mInvoking command in '/Users/yosuke/gits/cxd5602pwbimu_ros2_driver/ros2_ws/build/cxd5602pwbimu_driver': AMENT_PREFIX_PATH=/Users/yosuke/gits/cxd5602pwbimu_ros2_driver/ros2_ws/install/cxd5602pwbimu_driver_bringup:/Users/yosuke/gits/cxd5602pwbimu_ros2_driver/ros2_ws/install/imu_tools:/Users/yosuke/gits/cxd5602pwbimu_ros2_driver/ros2_ws/install/rviz_imu_plugin:/Users/yosuke/gits/cxd5602pwbimu_ros2_driver/ros2_ws/install/imu_trajectory_filter:/Users/yosuke/gits/cxd5602pwbimu_ros2_driver/ros2_ws/install/cxd5602pwbimu_driver:/Users/yosuke/gits/cxd5602pwbimu_ros2_driver/ros2_ws/install/imu_filter_madgwick:/Users/yosuke/gits/cxd5602pwbimu_ros2_driver/ros2_ws/install/imu_complementary_filter:/Users/yosuke/gits/cxd5602pwbimu_ros2_driver/ros2_ws/install/h6x_serial_interface_example:/Users/yosuke/gits/cxd5602pwbimu_ros2_driver/ros2_ws/install/cxd5602pwbimu_driver_node:/Users/yosuke/gits/cxd5602pwbimu_ros2_driver/ros2_ws/install/h6x_serial_interface:/Users/yosuke/gits/cxd5602pwbimu_ros2_driver/ros2_ws/install/h6x_packet_handler:/Users/yosuke/miniforge3/envs/ros_env CMAKE_PREFIX_PATH=/Users/yosuke/gits/cxd5602pwbimu_ros2_driver/ros2_ws/install/cxd5602pwbimu_driver_node:/Users/yosuke/gits/cxd5602pwbimu_ros2_driver/ros2_ws/install/imu_filter_madgwick:/Users/yosuke/gits/cxd5602pwbimu_ros2_driver/ros2_ws/install/h6x_serial_interface:/Users/yosuke/gits/cxd5602pwbimu_ros2_driver/ros2_ws/install/imu_tools:/Users/yosuke/gits/cxd5602pwbimu_ros2_driver/ros2_ws/install/rviz_imu_plugin:/Users/yosuke/gits/cxd5602pwbimu_ros2_driver/ros2_ws/install/imu_trajectory_filter:/Users/yosuke/gits/cxd5602pwbimu_ros2_driver/ros2_ws/install/cxd5602pwbimu_driver:/Users/yosuke/gits/cxd5602pwbimu_ros2_driver/ros2_ws/install/imu_complementary_filter:/Users/yosuke/gits/cxd5602pwbimu_ros2_driver/ros2_ws/install/h6x_serial_interface_example:/Users/yosuke/gits/cxd5602pwbimu_ros2_driver/ros2_ws/install/h6x_packet_handler:/usr/local:/opt/homebrew/opt/qt@5:/Users/yosuke/gits/cxd5602pwbimu_ros2_driver/ros2_ws/install/cxd5602pwbimu_driver_bringup:/Users/yosuke/miniforge3/envs/ros_env CONDA_PROMPT_MODIFIER=(ros_env) DYLD_LIBRARY_PATH=/Users/yosuke/gits/cxd5602pwbimu_ros2_driver/ros2_ws/install/cxd5602pwbimu_driver_node/lib:/Users/yosuke/gits/cxd5602pwbimu_ros2_driver/ros2_ws/install/imu_filter_madgwick/lib:/Users/yosuke/gits/cxd5602pwbimu_ros2_driver/ros2_ws/install/h6x_serial_interface/lib:/Users/yosuke/gits/cxd5602pwbimu_ros2_driver/ros2_ws/install/rviz_imu_plugin/lib:/Users/yosuke/gits/cxd5602pwbimu_ros2_driver/ros2_ws/install/imu_trajectory_filter/lib:/Users/yosuke/gits/cxd5602pwbimu_ros2_driver/ros2_ws/install/imu_complementary_filter/lib:/Users/yosuke/gits/cxd5602pwbimu_ros2_driver/ros2_ws/install/h6x_serial_interface_example/lib:/Users/yosuke/gits/cxd5602pwbimu_ros2_driver/ros2_ws/install/h6x_packet_handler/lib:/Users/yosuke/miniforge3/envs/ros_env/opt/rviz_ogre_vendor/lib SHLVL=2 _=/Users/yosuke/miniforge3/envs/ros_env/bin/env /Users/yosuke/miniforge3/envs/ros_env/bin/cmake --build /Users/yosuke/gits/cxd5602pwbimu_ros2_driver/ros2_ws/build/cxd5602pwbimu_driver -- -j10 -l10[0m
[3.405s] [34mcolcon.colcon_core.event_handler.log_command[0m [1;30mDEBUG[0m [32mInvoked command in '/Users/yosuke/gits/cxd5602pwbimu_ros2_driver/ros2_ws/build/cxd5602pwbimu_driver' returned '0': AMENT_PREFIX_PATH=/Users/yosuke/gits/cxd5602pwbimu_ros2_driver/ros2_ws/install/cxd5602pwbimu_driver_bringup:/Users/yosuke/gits/cxd5602pwbimu_ros2_driver/ros2_ws/install/imu_tools:/Users/yosuke/gits/cxd5602pwbimu_ros2_driver/ros2_ws/install/rviz_imu_plugin:/Users/yosuke/gits/cxd5602pwbimu_ros2_driver/ros2_ws/install/imu_trajectory_filter:/Users/yosuke/gits/cxd5602pwbimu_ros2_driver/ros2_ws/install/cxd5602pwbimu_driver:/Users/yosuke/gits/cxd5602pwbimu_ros2_driver/ros2_ws/install/imu_filter_madgwick:/Users/yosuke/gits/cxd5602pwbimu_ros2_driver/ros2_ws/install/imu_complementary_filter:/Users/yosuke/gits/cxd5602pwbimu_ros2_driver/ros2_ws/install/h6x_serial_interface_example:/Users/yosuke/gits/cxd5602pwbimu_ros2_driver/ros2_ws/install/cxd5602pwbimu_driver_node:/Users/yosuke/gits/cxd5602pwbimu_ros2_driver/ros2_ws/install/h6x_serial_interface:/Users/yosuke/gits/cxd5602pwbimu_ros2_driver/ros2_ws/install/h6x_packet_handler:/Users/yosuke/miniforge3/envs/ros_env CMAKE_PREFIX_PATH=/Users/yosuke/gits/cxd5602pwbimu_ros2_driver/ros2_ws/install/cxd5602pwbimu_driver_node:/Users/yosuke/gits/cxd5602pwbimu_ros2_driver/ros2_ws/install/imu_filter_madgwick:/Users/yosuke/gits/cxd5602pwbimu_ros2_driver/ros2_ws/install/h6x_serial_interface:/Users/yosuke/gits/cxd5602pwbimu_ros2_driver/ros2_ws/install/imu_tools:/Users/yosuke/gits/cxd5602pwbimu_ros2_driver/ros2_ws/install/rviz_imu_plugin:/Users/yosuke/gits/cxd5602pwbimu_ros2_driver/ros2_ws/install/imu_trajectory_filter:/Users/yosuke/gits/cxd5602pwbimu_ros2_driver/ros2_ws/install/cxd5602pwbimu_driver:/Users/yosuke/gits/cxd5602pwbimu_ros2_driver/ros2_ws/install/imu_complementary_filter:/Users/yosuke/gits/cxd5602pwbimu_ros2_driver/ros2_ws/install/h6x_serial_interface_example:/Users/yosuke/gits/cxd5602pwbimu_ros2_driver/ros2_ws/install/h6x_packet_handler:/usr/local:/opt/homebrew/opt/qt@5:/Users/yosuke/gits/cxd5602pwbimu_ros2_driver/ros2_ws/install/cxd5602pwbimu_driver_bringup:/Users/yosuke/miniforge3/envs/ros_env CONDA_PROMPT_MODIFIER=(ros_env) DYLD_LIBRARY_PATH=/Users/yosuke/gits/cxd5602pwbimu_ros2_driver/ros2_ws/install/cxd5602pwbimu_driver_node/lib:/Users/yosuke/gits/cxd5602pwbimu_ros2_driver/ros2_ws/install/imu_filter_madgwick/lib:/Users/yosuke/gits/cxd5602pwbimu_ros2_driver/ros2_ws/install/h6x_serial_interface/lib:/Users/yosuke/gits/cxd5602pwbimu_ros2_driver/ros2_ws/install/rviz_imu_plugin/lib:/Users/yosuke/gits/cxd5602pwbimu_ros2_driver/ros2_ws/install/imu_trajectory_filter/lib:/Users/yosuke/gits/cxd5602pwbimu_ros2_driver/ros2_ws/install/imu_complementary_filter/lib:/Users/yosuke/gits/cxd5602pwbimu_ros2_driver/ros2_ws/install/h6x_serial_interface_example/lib:/Users/yosuke/gits/cxd5602pwbimu_ros2_driver/ros2_ws/install/h6x_packet_handler/lib:/Users/yosuke/miniforge3/envs/ros_env/opt/rviz_ogre_vendor/lib SHLVL=2 _=/Users/yosuke/miniforge3/envs/ros_env/bin/env /Users/yosuke/miniforge3/envs/ros_env/bin/cmake --build /Users/yosuke/gits/cxd5602pwbimu_ros2_driver/ros2_ws/build/cxd5602pwbimu_driver -- -j10 -l10[0m
[3.506s] [34mcolcon.colcon_core.event_handler.log_command[0m [1;30mDEBUG[0m [32mInvoking command in '/Users/yosuke/gits/cxd5602pwbimu_ros2_driver/ros2_ws/build/cxd5602pwbimu_driver': AMENT_PREFIX_PATH=/Users/yosuke/gits/cxd5602pwbimu_ros2_driver/ros2_ws/install/cxd5602pwbimu_driver_bringup:/Users/yosuke/gits/cxd5602pwbimu_ros2_driver/ros2_ws/install/imu_tools:/Users/yosuke/gits/cxd5602pwbimu_ros2_driver/ros2_ws/install/rviz_imu_plugin:/Users/yosuke/gits/cxd5602pwbimu_ros2_driver/ros2_ws/install/imu_trajectory_filter:/Users/yosuke/gits/cxd5602pwbimu_ros2_driver/ros2_ws/install/cxd5602pwbimu_driver:/Users/yosuke/gits/cxd5602pwbimu_ros2_driver/ros2_ws/install/imu_filter_madgwick:/Users/yosuke/gits/cxd5602pwbimu_ros2_driver/ros2_ws/install/imu_complementary_filter:/Users/yosuke/gits/cxd5602pwbimu_ros2_driver/ros2_ws/install/h6x_serial_interface_example:/Users/yosuke/gits/cxd5602pwbimu_ros2_driver/ros2_ws/install/cxd5602pwbimu_driver_node:/Users/yosuke/gits/cxd5602pwbimu_ros2_driver/ros2_ws/install/h6x_serial_interface:/Users/yosuke/gits/cxd5602pwbimu_ros2_driver/ros2_ws/install/h6x_packet_handler:/Users/yosuke/miniforge3/envs/ros_env CMAKE_PREFIX_PATH=/Users/yosuke/gits/cxd5602pwbimu_ros2_driver/ros2_ws/install/cxd5602pwbimu_driver_node:/Users/yosuke/gits/cxd5602pwbimu_ros2_driver/ros2_ws/install/imu_filter_madgwick:/Users/yosuke/gits/cxd5602pwbimu_ros2_driver/ros2_ws/install/h6x_serial_interface:/Users/yosuke/gits/cxd5602pwbimu_ros2_driver/ros2_ws/install/imu_tools:/Users/yosuke/gits/cxd5602pwbimu_ros2_driver/ros2_ws/install/rviz_imu_plugin:/Users/yosuke/gits/cxd5602pwbimu_ros2_driver/ros2_ws/install/imu_trajectory_filter:/Users/yosuke/gits/cxd5602pwbimu_ros2_driver/ros2_ws/install/cxd5602pwbimu_driver:/Users/yosuke/gits/cxd5602pwbimu_ros2_driver/ros2_ws/install/imu_complementary_filter:/Users/yosuke/gits/cxd5602pwbimu_ros2_driver/ros2_ws/install/h6x_serial_interface_example:/Users/yosuke/gits/cxd5602pwbimu_ros2_driver/ros2_ws/install/h6x_packet_handler:/usr/local:/opt/homebrew/opt/qt@5:/Users/yosuke/gits/cxd5602pwbimu_ros2_driver/ros2_ws/install/cxd5602pwbimu_driver_bringup:/Users/yosuke/miniforge3/envs/ros_env CONDA_PROMPT_MODIFIER=(ros_env) DYLD_LIBRARY_PATH=/Users/yosuke/gits/cxd5602pwbimu_ros2_driver/ros2_ws/install/cxd5602pwbimu_driver_node/lib:/Users/yosuke/gits/cxd5602pwbimu_ros2_driver/ros2_ws/install/imu_filter_madgwick/lib:/Users/yosuke/gits/cxd5602pwbimu_ros2_driver/ros2_ws/install/h6x_serial_interface/lib:/Users/yosuke/gits/cxd5602pwbimu_ros2_driver/ros2_ws/install/rviz_imu_plugin/lib:/Users/yosuke/gits/cxd5602pwbimu_ros2_driver/ros2_ws/install/imu_trajectory_filter/lib:/Users/yosuke/gits/cxd5602pwbimu_ros2_driver/ros2_ws/install/imu_complementary_filter/lib:/Users/yosuke/gits/cxd5602pwbimu_ros2_driver/ros2_ws/install/h6x_serial_interface_example/lib:/Users/yosuke/gits/cxd5602pwbimu_ros2_driver/ros2_ws/install/h6x_packet_handler/lib:/Users/yosuke/miniforge3/envs/ros_env/opt/rviz_ogre_vendor/lib SHLVL=2 _=/Users/yosuke/miniforge3/envs/ros_env/bin/env /Users/yosuke/miniforge3/envs/ros_env/bin/cmake --install /Users/yosuke/gits/cxd5602pwbimu_ros2_driver/ros2_ws/build/cxd5602pwbimu_driver[0m
[3.518s] [34mcolcon.colcon_core.environment[0m [1;30mLevel 1[0m create_environment_scripts_only(cxd5602pwbimu_driver)
[3.518s] [34mcolcon.colcon_core.environment[0m [1;30mLevel 1[0m checking '/Users/yosuke/gits/cxd5602pwbimu_ros2_driver/ros2_ws/install/cxd5602pwbimu_driver' for CMake module files
[3.519s] [34mcolcon.colcon_core.event_handler.log_command[0m [1;30mDEBUG[0m [32mInvoked command in '/Users/yosuke/gits/cxd5602pwbimu_ros2_driver/ros2_ws/build/cxd5602pwbimu_driver' returned '0': AMENT_PREFIX_PATH=/Users/yosuke/gits/cxd5602pwbimu_ros2_driver/ros2_ws/install/cxd5602pwbimu_driver_bringup:/Users/yosuke/gits/cxd5602pwbimu_ros2_driver/ros2_ws/install/imu_tools:/Users/yosuke/gits/cxd5602pwbimu_ros2_driver/ros2_ws/install/rviz_imu_plugin:/Users/yosuke/gits/cxd5602pwbimu_ros2_driver/ros2_ws/install/imu_trajectory_filter:/Users/yosuke/gits/cxd5602pwbimu_ros2_driver/ros2_ws/install/cxd5602pwbimu_driver:/Users/yosuke/gits/cxd5602pwbimu_ros2_driver/ros2_ws/install/imu_filter_madgwick:/Users/yosuke/gits/cxd5602pwbimu_ros2_driver/ros2_ws/install/imu_complementary_filter:/Users/yosuke/gits/cxd5602pwbimu_ros2_driver/ros2_ws/install/h6x_serial_interface_example:/Users/yosuke/gits/cxd5602pwbimu_ros2_driver/ros2_ws/install/cxd5602pwbimu_driver_node:/Users/yosuke/gits/cxd5602pwbimu_ros2_driver/ros2_ws/install/h6x_serial_interface:/Users/yosuke/gits/cxd5602pwbimu_ros2_driver/ros2_ws/install/h6x_packet_handler:/Users/yosuke/miniforge3/envs/ros_env CMAKE_PREFIX_PATH=/Users/yosuke/gits/cxd5602pwbimu_ros2_driver/ros2_ws/install/cxd5602pwbimu_driver_node:/Users/yosuke/gits/cxd5602pwbimu_ros2_driver/ros2_ws/install/imu_filter_madgwick:/Users/yosuke/gits/cxd5602pwbimu_ros2_driver/ros2_ws/install/h6x_serial_interface:/Users/yosuke/gits/cxd5602pwbimu_ros2_driver/ros2_ws/install/imu_tools:/Users/yosuke/gits/cxd5602pwbimu_ros2_driver/ros2_ws/install/rviz_imu_plugin:/Users/yosuke/gits/cxd5602pwbimu_ros2_driver/ros2_ws/install/imu_trajectory_filter:/Users/yosuke/gits/cxd5602pwbimu_ros2_driver/ros2_ws/install/cxd5602pwbimu_driver:/Users/yosuke/gits/cxd5602pwbimu_ros2_driver/ros2_ws/install/imu_complementary_filter:/Users/yosuke/gits/cxd5602pwbimu_ros2_driver/ros2_ws/install/h6x_serial_interface_example:/Users/yosuke/gits/cxd5602pwbimu_ros2_driver/ros2_ws/install/h6x_packet_handler:/usr/local:/opt/homebrew/opt/qt@5:/Users/yosuke/gits/cxd5602pwbimu_ros2_driver/ros2_ws/install/cxd5602pwbimu_driver_bringup:/Users/yosuke/miniforge3/envs/ros_env CONDA_PROMPT_MODIFIER=(ros_env) DYLD_LIBRARY_PATH=/Users/yosuke/gits/cxd5602pwbimu_ros2_driver/ros2_ws/install/cxd5602pwbimu_driver_node/lib:/Users/yosuke/gits/cxd5602pwbimu_ros2_driver/ros2_ws/install/imu_filter_madgwick/lib:/Users/yosuke/gits/cxd5602pwbimu_ros2_driver/ros2_ws/install/h6x_serial_interface/lib:/Users/yosuke/gits/cxd5602pwbimu_ros2_driver/ros2_ws/install/rviz_imu_plugin/lib:/Users/yosuke/gits/cxd5602pwbimu_ros2_driver/ros2_ws/install/imu_trajectory_filter/lib:/Users/yosuke/gits/cxd5602pwbimu_ros2_driver/ros2_ws/install/imu_complementary_filter/lib:/Users/yosuke/gits/cxd5602pwbimu_ros2_driver/ros2_ws/install/h6x_serial_interface_example/lib:/Users/yosuke/gits/cxd5602pwbimu_ros2_driver/ros2_ws/install/h6x_packet_handler/lib:/Users/yosuke/miniforge3/envs/ros_env/opt/rviz_ogre_vendor/lib SHLVL=2 _=/Users/yosuke/miniforge3/envs/ros_env/bin/env /Users/yosuke/miniforge3/envs/ros_env/bin/cmake --install /Users/yosuke/gits/cxd5602pwbimu_ros2_driver/ros2_ws/build/cxd5602pwbimu_driver[0m
[3.519s] [34mcolcon.colcon_core.environment[0m [1;30mLevel 1[0m checking '/Users/yosuke/gits/cxd5602pwbimu_ros2_driver/ros2_ws/install/cxd5602pwbimu_driver' for CMake config files
[3.519s] [34mcolcon.colcon_core.shell[0m [1;30mLevel 1[0m create_environment_hook('cxd5602pwbimu_driver', 'cmake_prefix_path')
[3.519s] [34mcolcon.colcon_core.shell[0m [1;30mINFO[0m Creating environment hook '/Users/yosuke/gits/cxd5602pwbimu_ros2_driver/ros2_ws/install/cxd5602pwbimu_driver/share/cxd5602pwbimu_driver/hook/cmake_prefix_path.ps1'
[3.519s] [34mcolcon.colcon_core.shell[0m [1;30mINFO[0m Creating environment descriptor '/Users/yosuke/gits/cxd5602pwbimu_ros2_driver/ros2_ws/install/cxd5602pwbimu_driver/share/cxd5602pwbimu_driver/hook/cmake_prefix_path.dsv'
[3.519s] [34mcolcon.colcon_core.shell[0m [1;30mINFO[0m Creating environment hook '/Users/yosuke/gits/cxd5602pwbimu_ros2_driver/ros2_ws/install/cxd5602pwbimu_driver/share/cxd5602pwbimu_driver/hook/cmake_prefix_path.sh'
[3.519s] [34mcolcon.colcon_core.environment[0m [1;30mLevel 1[0m checking '/Users/yosuke/gits/cxd5602pwbimu_ros2_driver/ros2_ws/install/cxd5602pwbimu_driver/lib'
[3.520s] [34mcolcon.colcon_core.environment[0m [1;30mLevel 1[0m checking '/Users/yosuke/gits/cxd5602pwbimu_ros2_driver/ros2_ws/install/cxd5602pwbimu_driver/bin'
[3.520s] [34mcolcon.colcon_core.environment[0m [1;30mLevel 1[0m checking '/Users/yosuke/gits/cxd5602pwbimu_ros2_driver/ros2_ws/install/cxd5602pwbimu_driver/lib/pkgconfig/cxd5602pwbimu_driver.pc'
[3.520s] [34mcolcon.colcon_core.environment[0m [1;30mLevel 1[0m checking '/Users/yosuke/gits/cxd5602pwbimu_ros2_driver/ros2_ws/install/cxd5602pwbimu_driver/lib/python3.11/site-packages'
[3.520s] [34mcolcon.colcon_core.environment[0m [1;30mLevel 1[0m checking '/Users/yosuke/gits/cxd5602pwbimu_ros2_driver/ros2_ws/install/cxd5602pwbimu_driver/bin'
[3.520s] [34mcolcon.colcon_core.shell[0m [1;30mINFO[0m Creating package script '/Users/yosuke/gits/cxd5602pwbimu_ros2_driver/ros2_ws/install/cxd5602pwbimu_driver/share/cxd5602pwbimu_driver/package.ps1'
[3.520s] [34mcolcon.colcon_core.shell[0m [1;30mINFO[0m Creating package descriptor '/Users/yosuke/gits/cxd5602pwbimu_ros2_driver/ros2_ws/install/cxd5602pwbimu_driver/share/cxd5602pwbimu_driver/package.dsv'
[3.520s] [34mcolcon.colcon_core.shell[0m [1;30mINFO[0m Creating package script '/Users/yosuke/gits/cxd5602pwbimu_ros2_driver/ros2_ws/install/cxd5602pwbimu_driver/share/cxd5602pwbimu_driver/package.sh'
[3.520s] [34mcolcon.colcon_core.shell[0m [1;30mINFO[0m Creating package script '/Users/yosuke/gits/cxd5602pwbimu_ros2_driver/ros2_ws/install/cxd5602pwbimu_driver/share/cxd5602pwbimu_driver/package.bash'
[3.520s] [34mcolcon.colcon_core.shell[0m [1;30mINFO[0m Creating package script '/Users/yosuke/gits/cxd5602pwbimu_ros2_driver/ros2_ws/install/cxd5602pwbimu_driver/share/cxd5602pwbimu_driver/package.zsh'
[3.521s] [34mcolcon.colcon_core.environment[0m [1;30mLevel 1[0m create_file_with_runtime_dependencies(/Users/yosuke/gits/cxd5602pwbimu_ros2_driver/ros2_ws/install/cxd5602pwbimu_driver/share/colcon-core/packages/cxd5602pwbimu_driver)
[3.623s] [34mcolcon.colcon_core.environment[0m [1;30mLevel 1[0m create_environment_scripts_only(cxd5602pwbimu_driver)
[3.623s] [34mcolcon.colcon_core.environment[0m [1;30mLevel 1[0m checking '/Users/yosuke/gits/cxd5602pwbimu_ros2_driver/ros2_ws/install/cxd5602pwbimu_driver' for CMake module files
[3.623s] [34mcolcon.colcon_core.environment[0m [1;30mLevel 1[0m checking '/Users/yosuke/gits/cxd5602pwbimu_ros2_driver/ros2_ws/install/cxd5602pwbimu_driver' for CMake config files
[3.623s] [34mcolcon.colcon_core.shell[0m [1;30mLevel 1[0m create_environment_hook('cxd5602pwbimu_driver', 'cmake_prefix_path')
[3.623s] [34mcolcon.colcon_core.shell[0m [1;30mINFO[0m Creating environment hook '/Users/yosuke/gits/cxd5602pwbimu_ros2_driver/ros2_ws/install/cxd5602pwbimu_driver/share/cxd5602pwbimu_driver/hook/cmake_prefix_path.ps1'
[3.624s] [34mcolcon.colcon_core.shell[0m [1;30mINFO[0m Creating environment descriptor '/Users/yosuke/gits/cxd5602pwbimu_ros2_driver/ros2_ws/install/cxd5602pwbimu_driver/share/cxd5602pwbimu_driver/hook/cmake_prefix_path.dsv'
[3.624s] [34mcolcon.colcon_core.shell[0m [1;30mINFO[0m Creating environment hook '/Users/yosuke/gits/cxd5602pwbimu_ros2_driver/ros2_ws/install/cxd5602pwbimu_driver/share/cxd5602pwbimu_driver/hook/cmake_prefix_path.sh'
[3.624s] [34mcolcon.colcon_core.environment[0m [1;30mLevel 1[0m checking '/Users/yosuke/gits/cxd5602pwbimu_ros2_driver/ros2_ws/install/cxd5602pwbimu_driver/lib'
[3.624s] [34mcolcon.colcon_core.environment[0m [1;30mLevel 1[0m checking '/Users/yosuke/gits/cxd5602pwbimu_ros2_driver/ros2_ws/install/cxd5602pwbimu_driver/bin'
[3.624s] [34mcolcon.colcon_core.environment[0m [1;30mLevel 1[0m checking '/Users/yosuke/gits/cxd5602pwbimu_ros2_driver/ros2_ws/install/cxd5602pwbimu_driver/lib/pkgconfig/cxd5602pwbimu_driver.pc'
[3.624s] [34mcolcon.colcon_core.environment[0m [1;30mLevel 1[0m checking '/Users/yosuke/gits/cxd5602pwbimu_ros2_driver/ros2_ws/install/cxd5602pwbimu_driver/lib/python3.11/site-packages'
[3.624s] [34mcolcon.colcon_core.environment[0m [1;30mLevel 1[0m checking '/Users/yosuke/gits/cxd5602pwbimu_ros2_driver/ros2_ws/install/cxd5602pwbimu_driver/bin'
[3.624s] [34mcolcon.colcon_core.shell[0m [1;30mINFO[0m Creating package script '/Users/yosuke/gits/cxd5602pwbimu_ros2_driver/ros2_ws/install/cxd5602pwbimu_driver/share/cxd5602pwbimu_driver/package.ps1'
[3.625s] [34mcolcon.colcon_core.shell[0m [1;30mINFO[0m Creating package descriptor '/Users/yosuke/gits/cxd5602pwbimu_ros2_driver/ros2_ws/install/cxd5602pwbimu_driver/share/cxd5602pwbimu_driver/package.dsv'
[3.625s] [34mcolcon.colcon_core.shell[0m [1;30mINFO[0m Creating package script '/Users/yosuke/gits/cxd5602pwbimu_ros2_driver/ros2_ws/install/cxd5602pwbimu_driver/share/cxd5602pwbimu_driver/package.sh'
[3.625s] [34mcolcon.colcon_core.shell[0m [1;30mINFO[0m Creating package script '/Users/yosuke/gits/cxd5602pwbimu_ros2_driver/ros2_ws/install/cxd5602pwbimu_driver/share/cxd5602pwbimu_driver/package.bash'
[3.625s] [34mcolcon.colcon_core.shell[0m [1;30mINFO[0m Creating package script '/Users/yosuke/gits/cxd5602pwbimu_ros2_driver/ros2_ws/install/cxd5602pwbimu_driver/share/cxd5602pwbimu_driver/package.zsh'
[3.625s] [34mcolcon.colcon_core.environment[0m [1;30mLevel 1[0m create_file_with_runtime_dependencies(/Users/yosuke/gits/cxd5602pwbimu_ros2_driver/ros2_ws/install/cxd5602pwbimu_driver/share/colcon-core/packages/cxd5602pwbimu_driver)
[3.625s] [34mcolcon.colcon_parallel_executor.executor.parallel[0m [1;30mDEBUG[0m [32mclosing loop[0m
[3.625s] [34mcolcon.colcon_parallel_executor.executor.parallel[0m [1;30mDEBUG[0m [32mloop closed[0m
[3.625s] [34mcolcon.colcon_parallel_executor.executor.parallel[0m [1;30mDEBUG[0m [32mrun_until_complete finished with '0'[0m
[3.625s] [34mcolcon.colcon_core.event_reactor[0m [1;30mDEBUG[0m [32mjoining thread[0m
[3.626s] [34mcolcon.colcon_core.event_reactor[0m [1;30mDEBUG[0m [32mjoined thread[0m
[3.626s] [34mcolcon.colcon_core.shell[0m [1;30mINFO[0m Creating prefix script '/Users/yosuke/gits/cxd5602pwbimu_ros2_driver/ros2_ws/install/local_setup.ps1'
[3.626s] [34mcolcon.colcon_core.shell[0m [1;30mINFO[0m Creating prefix util module '/Users/yosuke/gits/cxd5602pwbimu_ros2_driver/ros2_ws/install/_local_setup_util_ps1.py'
[3.627s] [34mcolcon.colcon_core.shell[0m [1;30mINFO[0m Creating prefix chain script '/Users/yosuke/gits/cxd5602pwbimu_ros2_driver/ros2_ws/install/setup.ps1'
[3.627s] [34mcolcon.colcon_core.shell[0m [1;30mINFO[0m Creating prefix script '/Users/yosuke/gits/cxd5602pwbimu_ros2_driver/ros2_ws/install/local_setup.sh'
[3.627s] [34mcolcon.colcon_core.shell[0m [1;30mINFO[0m Creating prefix util module '/Users/yosuke/gits/cxd5602pwbimu_ros2_driver/ros2_ws/install/_local_setup_util_sh.py'
[3.628s] [34mcolcon.colcon_core.shell[0m [1;30mINFO[0m Creating prefix chain script '/Users/yosuke/gits/cxd5602pwbimu_ros2_driver/ros2_ws/install/setup.sh'
[3.628s] [34mcolcon.colcon_core.shell[0m [1;30mINFO[0m Creating prefix script '/Users/yosuke/gits/cxd5602pwbimu_ros2_driver/ros2_ws/install/local_setup.bash'
[3.628s] [34mcolcon.colcon_core.shell[0m [1;30mINFO[0m Creating prefix chain script '/Users/yosuke/gits/cxd5602pwbimu_ros2_driver/ros2_ws/install/setup.bash'
[3.629s] [34mcolcon.colcon_core.shell[0m [1;30mINFO[0m Creating prefix script '/Users/yosuke/gits/cxd5602pwbimu_ros2_driver/ros2_ws/install/local_setup.zsh'
[3.629s] [34mcolcon.colcon_core.shell[0m [1;30mINFO[0m Creating prefix chain script '/Users/yosuke/gits/cxd5602pwbimu_ros2_driver/ros2_ws/install/setup.zsh'
