[0.067s] colcon DEBUG Command line arguments: ['/Users/yosuke/miniforge3/envs/ros_env/bin/colcon', 'build']
[0.067s] colcon DEBUG Parsed command line arguments: Namespace(log_base=None, log_level=None, verb_name='build', build_base='build', install_base='install', merge_install=False, symlink_install=False, test_result_base=None, continue_on_error=False, executor='parallel', parallel_workers=10, event_handlers=None, ignore_user_meta=False, metas=['./colcon.meta'], base_paths=['.'], packages_ignore=None, packages_ignore_regex=None, paths=None, packages_up_to=None, packages_up_to_regex=None, packages_above=None, packages_above_and_dependencies=None, packages_above_depth=None, packages_select_by_dep=None, packages_skip_by_dep=None, packages_skip_up_to=None, packages_select_build_failed=False, packages_skip_build_finished=False, packages_select_test_failures=False, packages_skip_test_passed=False, packages_select=None, packages_skip=None, packages_select_regex=None, packages_skip_regex=None, packages_start=None, packages_end=None, cmake_args=None, cmake_target=None, cmake_target_skip_unavailable=False, cmake_clean_cache=False, cmake_clean_first=False, cmake_force_configure=False, ament_cmake_args=None, catkin_cmake_args=None, catkin_skip_building_tests=False, verb_parser=<colcon_defaults.argument_parser.defaults.DefaultArgumentsDecorator object at 0x10535de50>, verb_extension=<colcon_core.verb.build.BuildVerb object at 0x105feb390>, main=<bound method BuildVerb.main of <colcon_core.verb.build.BuildVerb object at 0x105feb390>>)
[0.082s] colcon.colcon_core.package_discovery Level 1 discover_packages(colcon_meta) check parameters
[0.082s] colcon.colcon_core.package_discovery Level 1 discover_packages(recursive) check parameters
[0.082s] colcon.colcon_core.package_discovery Level 1 discover_packages(ignore) check parameters
[0.083s] colcon.colcon_core.package_discovery Level 1 discover_packages(path) check parameters
[0.083s] colcon.colcon_core.package_discovery Level 1 discover_packages(colcon_meta) discover
[0.083s] colcon.colcon_core.package_discovery Level 1 discover_packages(recursive) discover
[0.083s] colcon.colcon_core.package_discovery INFO Crawling recursively for packages in '/Users/yosuke/gits/cxd5602pwbimu_ros2_driver/ros2_ws'
[0.083s] colcon.colcon_core.package_identification Level 1 _identify(.) by extensions ['ignore', 'ignore_ament_install']
[0.083s] colcon.colcon_core.package_identification Level 1 _identify(.) by extension 'ignore'
[0.083s] colcon.colcon_core.package_identification Level 1 _identify(.) by extension 'ignore_ament_install'
[0.083s] colcon.colcon_core.package_identification Level 1 _identify(.) by extensions ['colcon_pkg']
[0.083s] colcon.colcon_core.package_identification Level 1 _identify(.) by extension 'colcon_pkg'
[0.083s] colcon.colcon_core.package_identification Level 1 _identify(.) by extensions ['colcon_meta']
[0.083s] colcon.colcon_core.package_identification Level 1 _identify(.) by extension 'colcon_meta'
[0.083s] colcon.colcon_core.package_identification Level 1 _identify(.) by extensions ['ros']
[0.083s] colcon.colcon_core.package_identification Level 1 _identify(.) by extension 'ros'
[0.094s] colcon.colcon_core.package_identification Level 1 _identify(.) by extensions ['cmake', 'python']
[0.094s] colcon.colcon_core.package_identification Level 1 _identify(.) by extension 'cmake'
[0.094s] colcon.colcon_core.package_identification Level 1 _identify(.) by extension 'python'
[0.094s] colcon.colcon_core.package_identification Level 1 _identify(.) by extensions ['python_setup_py']
[0.094s] colcon.colcon_core.package_identification Level 1 _identify(.) by extension 'python_setup_py'
[0.094s] colcon.colcon_core.package_identification Level 1 _identify(build) by extensions ['ignore', 'ignore_ament_install']
[0.094s] colcon.colcon_core.package_identification Level 1 _identify(build) by extension 'ignore'
[0.094s] colcon.colcon_core.package_identification Level 1 _identify(build) ignored
[0.094s] colcon.colcon_core.package_identification Level 1 _identify(install) by extensions ['ignore', 'ignore_ament_install']
[0.094s] colcon.colcon_core.package_identification Level 1 _identify(install) by extension 'ignore'
[0.094s] colcon.colcon_core.package_identification Level 1 _identify(install) ignored
[0.094s] colcon.colcon_core.package_identification Level 1 _identify(log) by extensions ['ignore', 'ignore_ament_install']
[0.094s] colcon.colcon_core.package_identification Level 1 _identify(log) by extension 'ignore'
[0.094s] colcon.colcon_core.package_identification Level 1 _identify(log) ignored
[0.094s] colcon.colcon_core.package_identification Level 1 _identify(src) by extensions ['ignore', 'ignore_ament_install']
[0.094s] colcon.colcon_core.package_identification Level 1 _identify(src) by extension 'ignore'
[0.094s] colcon.colcon_core.package_identification Level 1 _identify(src) by extension 'ignore_ament_install'
[0.094s] colcon.colcon_core.package_identification Level 1 _identify(src) by extensions ['colcon_pkg']
[0.094s] colcon.colcon_core.package_identification Level 1 _identify(src) by extension 'colcon_pkg'
[0.094s] colcon.colcon_core.package_identification Level 1 _identify(src) by extensions ['colcon_meta']
[0.094s] colcon.colcon_core.package_identification Level 1 _identify(src) by extension 'colcon_meta'
[0.094s] colcon.colcon_core.package_identification Level 1 _identify(src) by extensions ['ros']
[0.094s] colcon.colcon_core.package_identification Level 1 _identify(src) by extension 'ros'
[0.094s] colcon.colcon_core.package_identification Level 1 _identify(src) by extensions ['cmake', 'python']
[0.094s] colcon.colcon_core.package_identification Level 1 _identify(src) by extension 'cmake'
[0.094s] colcon.colcon_core.package_identification Level 1 _identify(src) by extension 'python'
[0.094s] colcon.colcon_core.package_identification Level 1 _identify(src) by extensions ['python_setup_py']
[0.094s] colcon.colcon_core.package_identification Level 1 _identify(src) by extension 'python_setup_py'
[0.094s] colcon.colcon_core.package_identification Level 1 _identify(src/cxd5602pwbimu_driver) by extensions ['ignore', 'ignore_ament_install']
[0.094s] colcon.colcon_core.package_identification Level 1 _identify(src/cxd5602pwbimu_driver) by extension 'ignore'
[0.094s] colcon.colcon_core.package_identification Level 1 _identify(src/cxd5602pwbimu_driver) by extension 'ignore_ament_install'
[0.094s] colcon.colcon_core.package_identification Level 1 _identify(src/cxd5602pwbimu_driver) by extensions ['colcon_pkg']
[0.094s] colcon.colcon_core.package_identification Level 1 _identify(src/cxd5602pwbimu_driver) by extension 'colcon_pkg'
[0.094s] colcon.colcon_core.package_identification Level 1 _identify(src/cxd5602pwbimu_driver) by extensions ['colcon_meta']
[0.094s] colcon.colcon_core.package_identification Level 1 _identify(src/cxd5602pwbimu_driver) by extension 'colcon_meta'
[0.094s] colcon.colcon_core.package_identification Level 1 _identify(src/cxd5602pwbimu_driver) by extensions ['ros']
[0.094s] colcon.colcon_core.package_identification Level 1 _identify(src/cxd5602pwbimu_driver) by extension 'ros'
[0.095s] colcon.colcon_core.package_identification DEBUG Package 'src/cxd5602pwbimu_driver' with type 'ros.ament_cmake' and name 'cxd5602pwbimu_driver'
[0.095s] colcon.colcon_core.package_identification Level 1 _identify(src/cxd5602pwbimu_driver_bringup) by extensions ['ignore', 'ignore_ament_install']
[0.096s] colcon.colcon_core.package_identification Level 1 _identify(src/cxd5602pwbimu_driver_bringup) by extension 'ignore'
[0.096s] colcon.colcon_core.package_identification Level 1 _identify(src/cxd5602pwbimu_driver_bringup) by extension 'ignore_ament_install'
[0.096s] colcon.colcon_core.package_identification Level 1 _identify(src/cxd5602pwbimu_driver_bringup) by extensions ['colcon_pkg']
[0.096s] colcon.colcon_core.package_identification Level 1 _identify(src/cxd5602pwbimu_driver_bringup) by extension 'colcon_pkg'
[0.096s] colcon.colcon_core.package_identification Level 1 _identify(src/cxd5602pwbimu_driver_bringup) by extensions ['colcon_meta']
[0.096s] colcon.colcon_core.package_identification Level 1 _identify(src/cxd5602pwbimu_driver_bringup) by extension 'colcon_meta'
[0.096s] colcon.colcon_core.package_identification Level 1 _identify(src/cxd5602pwbimu_driver_bringup) by extensions ['ros']
[0.096s] colcon.colcon_core.package_identification Level 1 _identify(src/cxd5602pwbimu_driver_bringup) by extension 'ros'
[0.096s] colcon.colcon_core.package_identification DEBUG Package 'src/cxd5602pwbimu_driver_bringup' with type 'ros.ament_python' and name 'cxd5602pwbimu_driver_bringup'
[0.096s] colcon.colcon_core.package_identification Level 1 _identify(src/cxd5602pwbimu_driver_node) by extensions ['ignore', 'ignore_ament_install']
[0.096s] colcon.colcon_core.package_identification Level 1 _identify(src/cxd5602pwbimu_driver_node) by extension 'ignore'
[0.096s] colcon.colcon_core.package_identification Level 1 _identify(src/cxd5602pwbimu_driver_node) by extension 'ignore_ament_install'
[0.096s] colcon.colcon_core.package_identification Level 1 _identify(src/cxd5602pwbimu_driver_node) by extensions ['colcon_pkg']
[0.096s] colcon.colcon_core.package_identification Level 1 _identify(src/cxd5602pwbimu_driver_node) by extension 'colcon_pkg'
[0.096s] colcon.colcon_core.package_identification Level 1 _identify(src/cxd5602pwbimu_driver_node) by extensions ['colcon_meta']
[0.096s] colcon.colcon_core.package_identification Level 1 _identify(src/cxd5602pwbimu_driver_node) by extension 'colcon_meta'
[0.096s] colcon.colcon_core.package_identification Level 1 _identify(src/cxd5602pwbimu_driver_node) by extensions ['ros']
[0.096s] colcon.colcon_core.package_identification Level 1 _identify(src/cxd5602pwbimu_driver_node) by extension 'ros'
[0.096s] colcon.colcon_core.package_identification DEBUG Package 'src/cxd5602pwbimu_driver_node' with type 'ros.ament_cmake' and name 'cxd5602pwbimu_driver_node'
[0.096s] colcon.colcon_core.package_identification Level 1 _identify(src/h6x_serial_interface) by extensions ['ignore', 'ignore_ament_install']
[0.096s] colcon.colcon_core.package_identification Level 1 _identify(src/h6x_serial_interface) by extension 'ignore'
[0.096s] colcon.colcon_core.package_identification Level 1 _identify(src/h6x_serial_interface) by extension 'ignore_ament_install'
[0.096s] colcon.colcon_core.package_identification Level 1 _identify(src/h6x_serial_interface) by extensions ['colcon_pkg']
[0.096s] colcon.colcon_core.package_identification Level 1 _identify(src/h6x_serial_interface) by extension 'colcon_pkg'
[0.096s] colcon.colcon_core.package_identification Level 1 _identify(src/h6x_serial_interface) by extensions ['colcon_meta']
[0.096s] colcon.colcon_core.package_identification Level 1 _identify(src/h6x_serial_interface) by extension 'colcon_meta'
[0.096s] colcon.colcon_core.package_identification Level 1 _identify(src/h6x_serial_interface) by extensions ['ros']
[0.096s] colcon.colcon_core.package_identification Level 1 _identify(src/h6x_serial_interface) by extension 'ros'
[0.096s] colcon.colcon_core.package_identification Level 1 _identify(src/h6x_serial_interface) by extensions ['cmake', 'python']
[0.096s] colcon.colcon_core.package_identification Level 1 _identify(src/h6x_serial_interface) by extension 'cmake'
[0.096s] colcon.colcon_core.package_identification Level 1 _identify(src/h6x_serial_interface) by extension 'python'
[0.096s] colcon.colcon_core.package_identification Level 1 _identify(src/h6x_serial_interface) by extensions ['python_setup_py']
[0.096s] colcon.colcon_core.package_identification Level 1 _identify(src/h6x_serial_interface) by extension 'python_setup_py'
[0.097s] colcon.colcon_core.package_identification Level 1 _identify(src/h6x_serial_interface/h6x_packet_handler) by extensions ['ignore', 'ignore_ament_install']
[0.097s] colcon.colcon_core.package_identification Level 1 _identify(src/h6x_serial_interface/h6x_packet_handler) by extension 'ignore'
[0.097s] colcon.colcon_core.package_identification Level 1 _identify(src/h6x_serial_interface/h6x_packet_handler) by extension 'ignore_ament_install'
[0.097s] colcon.colcon_core.package_identification Level 1 _identify(src/h6x_serial_interface/h6x_packet_handler) by extensions ['colcon_pkg']
[0.097s] colcon.colcon_core.package_identification Level 1 _identify(src/h6x_serial_interface/h6x_packet_handler) by extension 'colcon_pkg'
[0.097s] colcon.colcon_core.package_identification Level 1 _identify(src/h6x_serial_interface/h6x_packet_handler) by extensions ['colcon_meta']
[0.097s] colcon.colcon_core.package_identification Level 1 _identify(src/h6x_serial_interface/h6x_packet_handler) by extension 'colcon_meta'
[0.097s] colcon.colcon_core.package_identification Level 1 _identify(src/h6x_serial_interface/h6x_packet_handler) by extensions ['ros']
[0.097s] colcon.colcon_core.package_identification Level 1 _identify(src/h6x_serial_interface/h6x_packet_handler) by extension 'ros'
[0.097s] colcon.colcon_core.package_identification DEBUG Package 'src/h6x_serial_interface/h6x_packet_handler' with type 'ros.ament_cmake' and name 'h6x_packet_handler'
[0.097s] colcon.colcon_core.package_identification Level 1 _identify(src/h6x_serial_interface/h6x_serial_interface) by extensions ['ignore', 'ignore_ament_install']
[0.097s] colcon.colcon_core.package_identification Level 1 _identify(src/h6x_serial_interface/h6x_serial_interface) by extension 'ignore'
[0.097s] colcon.colcon_core.package_identification Level 1 _identify(src/h6x_serial_interface/h6x_serial_interface) by extension 'ignore_ament_install'
[0.097s] colcon.colcon_core.package_identification Level 1 _identify(src/h6x_serial_interface/h6x_serial_interface) by extensions ['colcon_pkg']
[0.097s] colcon.colcon_core.package_identification Level 1 _identify(src/h6x_serial_interface/h6x_serial_interface) by extension 'colcon_pkg'
[0.097s] colcon.colcon_core.package_identification Level 1 _identify(src/h6x_serial_interface/h6x_serial_interface) by extensions ['colcon_meta']
[0.097s] colcon.colcon_core.package_identification Level 1 _identify(src/h6x_serial_interface/h6x_serial_interface) by extension 'colcon_meta'
[0.097s] colcon.colcon_core.package_identification Level 1 _identify(src/h6x_serial_interface/h6x_serial_interface) by extensions ['ros']
[0.097s] colcon.colcon_core.package_identification Level 1 _identify(src/h6x_serial_interface/h6x_serial_interface) by extension 'ros'
[0.098s] colcon.colcon_core.package_identification DEBUG Package 'src/h6x_serial_interface/h6x_serial_interface' with type 'ros.ament_cmake' and name 'h6x_serial_interface'
[0.098s] colcon.colcon_core.package_identification Level 1 _identify(src/h6x_serial_interface/h6x_serial_interface_example) by extensions ['ignore', 'ignore_ament_install']
[0.098s] colcon.colcon_core.package_identification Level 1 _identify(src/h6x_serial_interface/h6x_serial_interface_example) by extension 'ignore'
[0.098s] colcon.colcon_core.package_identification Level 1 _identify(src/h6x_serial_interface/h6x_serial_interface_example) by extension 'ignore_ament_install'
[0.098s] colcon.colcon_core.package_identification Level 1 _identify(src/h6x_serial_interface/h6x_serial_interface_example) by extensions ['colcon_pkg']
[0.098s] colcon.colcon_core.package_identification Level 1 _identify(src/h6x_serial_interface/h6x_serial_interface_example) by extension 'colcon_pkg'
[0.098s] colcon.colcon_core.package_identification Level 1 _identify(src/h6x_serial_interface/h6x_serial_interface_example) by extensions ['colcon_meta']
[0.098s] colcon.colcon_core.package_identification Level 1 _identify(src/h6x_serial_interface/h6x_serial_interface_example) by extension 'colcon_meta'
[0.098s] colcon.colcon_core.package_identification Level 1 _identify(src/h6x_serial_interface/h6x_serial_interface_example) by extensions ['ros']
[0.098s] colcon.colcon_core.package_identification Level 1 _identify(src/h6x_serial_interface/h6x_serial_interface_example) by extension 'ros'
[0.098s] colcon.colcon_core.package_identification DEBUG Package 'src/h6x_serial_interface/h6x_serial_interface_example' with type 'ros.ament_cmake' and name 'h6x_serial_interface_example'
[0.098s] colcon.colcon_core.package_identification Level 1 _identify(src/imu_tools) by extensions ['ignore', 'ignore_ament_install']
[0.098s] colcon.colcon_core.package_identification Level 1 _identify(src/imu_tools) by extension 'ignore'
[0.098s] colcon.colcon_core.package_identification Level 1 _identify(src/imu_tools) by extension 'ignore_ament_install'
[0.098s] colcon.colcon_core.package_identification Level 1 _identify(src/imu_tools) by extensions ['colcon_pkg']
[0.098s] colcon.colcon_core.package_identification Level 1 _identify(src/imu_tools) by extension 'colcon_pkg'
[0.098s] colcon.colcon_core.package_identification Level 1 _identify(src/imu_tools) by extensions ['colcon_meta']
[0.098s] colcon.colcon_core.package_identification Level 1 _identify(src/imu_tools) by extension 'colcon_meta'
[0.098s] colcon.colcon_core.package_identification Level 1 _identify(src/imu_tools) by extensions ['ros']
[0.098s] colcon.colcon_core.package_identification Level 1 _identify(src/imu_tools) by extension 'ros'
[0.098s] colcon.colcon_core.package_identification Level 1 _identify(src/imu_tools) by extensions ['cmake', 'python']
[0.098s] colcon.colcon_core.package_identification Level 1 _identify(src/imu_tools) by extension 'cmake'
[0.098s] colcon.colcon_core.package_identification Level 1 _identify(src/imu_tools) by extension 'python'
[0.098s] colcon.colcon_core.package_identification Level 1 _identify(src/imu_tools) by extensions ['python_setup_py']
[0.098s] colcon.colcon_core.package_identification Level 1 _identify(src/imu_tools) by extension 'python_setup_py'
[0.098s] colcon.colcon_core.package_identification Level 1 _identify(src/imu_tools/imu_complementary_filter) by extensions ['ignore', 'ignore_ament_install']
[0.098s] colcon.colcon_core.package_identification Level 1 _identify(src/imu_tools/imu_complementary_filter) by extension 'ignore'
[0.098s] colcon.colcon_core.package_identification Level 1 _identify(src/imu_tools/imu_complementary_filter) by extension 'ignore_ament_install'
[0.098s] colcon.colcon_core.package_identification Level 1 _identify(src/imu_tools/imu_complementary_filter) by extensions ['colcon_pkg']
[0.098s] colcon.colcon_core.package_identification Level 1 _identify(src/imu_tools/imu_complementary_filter) by extension 'colcon_pkg'
[0.098s] colcon.colcon_core.package_identification Level 1 _identify(src/imu_tools/imu_complementary_filter) by extensions ['colcon_meta']
[0.098s] colcon.colcon_core.package_identification Level 1 _identify(src/imu_tools/imu_complementary_filter) by extension 'colcon_meta'
[0.098s] colcon.colcon_core.package_identification Level 1 _identify(src/imu_tools/imu_complementary_filter) by extensions ['ros']
[0.098s] colcon.colcon_core.package_identification Level 1 _identify(src/imu_tools/imu_complementary_filter) by extension 'ros'
[0.099s] colcon.colcon_core.package_identification DEBUG Package 'src/imu_tools/imu_complementary_filter' with type 'ros.ament_cmake' and name 'imu_complementary_filter'
[0.099s] colcon.colcon_core.package_identification Level 1 _identify(src/imu_tools/imu_filter_madgwick) by extensions ['ignore', 'ignore_ament_install']
[0.099s] colcon.colcon_core.package_identification Level 1 _identify(src/imu_tools/imu_filter_madgwick) by extension 'ignore'
[0.099s] colcon.colcon_core.package_identification Level 1 _identify(src/imu_tools/imu_filter_madgwick) by extension 'ignore_ament_install'
[0.099s] colcon.colcon_core.package_identification Level 1 _identify(src/imu_tools/imu_filter_madgwick) by extensions ['colcon_pkg']
[0.099s] colcon.colcon_core.package_identification Level 1 _identify(src/imu_tools/imu_filter_madgwick) by extension 'colcon_pkg'
[0.099s] colcon.colcon_core.package_identification Level 1 _identify(src/imu_tools/imu_filter_madgwick) by extensions ['colcon_meta']
[0.099s] colcon.colcon_core.package_identification Level 1 _identify(src/imu_tools/imu_filter_madgwick) by extension 'colcon_meta'
[0.099s] colcon.colcon_core.package_identification Level 1 _identify(src/imu_tools/imu_filter_madgwick) by extensions ['ros']
[0.099s] colcon.colcon_core.package_identification Level 1 _identify(src/imu_tools/imu_filter_madgwick) by extension 'ros'
[0.100s] colcon.colcon_core.package_identification DEBUG Package 'src/imu_tools/imu_filter_madgwick' with type 'ros.ament_cmake' and name 'imu_filter_madgwick'
[0.100s] colcon.colcon_core.package_identification Level 1 _identify(src/imu_tools/imu_tools) by extensions ['ignore', 'ignore_ament_install']
[0.100s] colcon.colcon_core.package_identification Level 1 _identify(src/imu_tools/imu_tools) by extension 'ignore'
[0.100s] colcon.colcon_core.package_identification Level 1 _identify(src/imu_tools/imu_tools) by extension 'ignore_ament_install'
[0.100s] colcon.colcon_core.package_identification Level 1 _identify(src/imu_tools/imu_tools) by extensions ['colcon_pkg']
[0.100s] colcon.colcon_core.package_identification Level 1 _identify(src/imu_tools/imu_tools) by extension 'colcon_pkg'
[0.100s] colcon.colcon_core.package_identification Level 1 _identify(src/imu_tools/imu_tools) by extensions ['colcon_meta']
[0.100s] colcon.colcon_core.package_identification Level 1 _identify(src/imu_tools/imu_tools) by extension 'colcon_meta'
[0.100s] colcon.colcon_core.package_identification Level 1 _identify(src/imu_tools/imu_tools) by extensions ['ros']
[0.100s] colcon.colcon_core.package_identification Level 1 _identify(src/imu_tools/imu_tools) by extension 'ros'
[0.100s] colcon.colcon_core.package_identification DEBUG Package 'src/imu_tools/imu_tools' with type 'ros.ament_cmake' and name 'imu_tools'
[0.100s] colcon.colcon_core.package_identification Level 1 _identify(src/imu_tools/rviz_imu_plugin) by extensions ['ignore', 'ignore_ament_install']
[0.100s] colcon.colcon_core.package_identification Level 1 _identify(src/imu_tools/rviz_imu_plugin) by extension 'ignore'
[0.100s] colcon.colcon_core.package_identification Level 1 _identify(src/imu_tools/rviz_imu_plugin) by extension 'ignore_ament_install'
[0.100s] colcon.colcon_core.package_identification Level 1 _identify(src/imu_tools/rviz_imu_plugin) by extensions ['colcon_pkg']
[0.100s] colcon.colcon_core.package_identification Level 1 _identify(src/imu_tools/rviz_imu_plugin) by extension 'colcon_pkg'
[0.100s] colcon.colcon_core.package_identification Level 1 _identify(src/imu_tools/rviz_imu_plugin) by extensions ['colcon_meta']
[0.100s] colcon.colcon_core.package_identification Level 1 _identify(src/imu_tools/rviz_imu_plugin) by extension 'colcon_meta'
[0.100s] colcon.colcon_core.package_identification Level 1 _identify(src/imu_tools/rviz_imu_plugin) by extensions ['ros']
[0.100s] colcon.colcon_core.package_identification Level 1 _identify(src/imu_tools/rviz_imu_plugin) by extension 'ros'
[0.101s] colcon.colcon_core.package_identification DEBUG Package 'src/imu_tools/rviz_imu_plugin' with type 'ros.ament_cmake' and name 'rviz_imu_plugin'
[0.101s] colcon.colcon_core.package_identification Level 1 _identify(src/imu_trajectory_filter) by extensions ['ignore', 'ignore_ament_install']
[0.101s] colcon.colcon_core.package_identification Level 1 _identify(src/imu_trajectory_filter) by extension 'ignore'
[0.101s] colcon.colcon_core.package_identification Level 1 _identify(src/imu_trajectory_filter) by extension 'ignore_ament_install'
[0.101s] colcon.colcon_core.package_identification Level 1 _identify(src/imu_trajectory_filter) by extensions ['colcon_pkg']
[0.101s] colcon.colcon_core.package_identification Level 1 _identify(src/imu_trajectory_filter) by extension 'colcon_pkg'
[0.101s] colcon.colcon_core.package_identification Level 1 _identify(src/imu_trajectory_filter) by extensions ['colcon_meta']
[0.101s] colcon.colcon_core.package_identification Level 1 _identify(src/imu_trajectory_filter) by extension 'colcon_meta'
[0.101s] colcon.colcon_core.package_identification Level 1 _identify(src/imu_trajectory_filter) by extensions ['ros']
[0.101s] colcon.colcon_core.package_identification Level 1 _identify(src/imu_trajectory_filter) by extension 'ros'
[0.101s] colcon.colcon_core.package_identification DEBUG Package 'src/imu_trajectory_filter' with type 'ros.ament_cmake' and name 'imu_trajectory_filter'
[0.101s] colcon.colcon_core.package_discovery Level 1 discover_packages(recursive) using defaults
[0.101s] colcon.colcon_core.package_discovery Level 1 discover_packages(ignore) discover
[0.101s] colcon.colcon_core.package_discovery Level 1 discover_packages(ignore) using defaults
[0.101s] colcon.colcon_core.package_discovery Level 1 discover_packages(path) discover
[0.101s] colcon.colcon_core.package_discovery Level 1 discover_packages(path) using defaults
[0.109s] colcon.colcon_core.verb Level 5 set package 'h6x_packet_handler' build argument 'cmake_args' from command line to 'None'
[0.109s] colcon.colcon_core.verb Level 5 set package 'h6x_packet_handler' build argument 'cmake_target' from command line to 'None'
[0.109s] colcon.colcon_core.verb Level 5 set package 'h6x_packet_handler' build argument 'cmake_target_skip_unavailable' from command line to 'False'
[0.109s] colcon.colcon_core.verb Level 5 set package 'h6x_packet_handler' build argument 'cmake_clean_cache' from command line to 'False'
[0.109s] colcon.colcon_core.verb Level 5 set package 'h6x_packet_handler' build argument 'cmake_clean_first' from command line to 'False'
[0.109s] colcon.colcon_core.verb Level 5 set package 'h6x_packet_handler' build argument 'cmake_force_configure' from command line to 'False'
[0.109s] colcon.colcon_core.verb Level 5 set package 'h6x_packet_handler' build argument 'ament_cmake_args' from command line to 'None'
[0.109s] colcon.colcon_core.verb Level 5 set package 'h6x_packet_handler' build argument 'catkin_cmake_args' from command line to 'None'
[0.109s] colcon.colcon_core.verb Level 5 set package 'h6x_packet_handler' build argument 'catkin_skip_building_tests' from command line to 'False'
[0.109s] colcon.colcon_core.verb DEBUG Building package 'h6x_packet_handler' with the following arguments: {'ament_cmake_args': None, 'build_base': '/Users/yosuke/gits/cxd5602pwbimu_ros2_driver/ros2_ws/build/h6x_packet_handler', 'catkin_cmake_args': None, 'catkin_skip_building_tests': False, 'cmake_args': None, 'cmake_clean_cache': False, 'cmake_clean_first': False, 'cmake_force_configure': False, 'cmake_target': None, 'cmake_target_skip_unavailable': False, 'install_base': '/Users/yosuke/gits/cxd5602pwbimu_ros2_driver/ros2_ws/install/h6x_packet_handler', 'merge_install': False, 'path': '/Users/yosuke/gits/cxd5602pwbimu_ros2_driver/ros2_ws/src/h6x_serial_interface/h6x_packet_handler', 'symlink_install': False, 'test_result_base': None}
[0.109s] colcon.colcon_core.verb Level 5 set package 'h6x_serial_interface' build argument 'cmake_args' from command line to 'None'
[0.109s] colcon.colcon_core.verb Level 5 set package 'h6x_serial_interface' build argument 'cmake_target' from command line to 'None'
[0.109s] colcon.colcon_core.verb Level 5 set package 'h6x_serial_interface' build argument 'cmake_target_skip_unavailable' from command line to 'False'
[0.109s] colcon.colcon_core.verb Level 5 set package 'h6x_serial_interface' build argument 'cmake_clean_cache' from command line to 'False'
[0.109s] colcon.colcon_core.verb Level 5 set package 'h6x_serial_interface' build argument 'cmake_clean_first' from command line to 'False'
[0.109s] colcon.colcon_core.verb Level 5 set package 'h6x_serial_interface' build argument 'cmake_force_configure' from command line to 'False'
[0.109s] colcon.colcon_core.verb Level 5 set package 'h6x_serial_interface' build argument 'ament_cmake_args' from command line to 'None'
[0.109s] colcon.colcon_core.verb Level 5 set package 'h6x_serial_interface' build argument 'catkin_cmake_args' from command line to 'None'
[0.109s] colcon.colcon_core.verb Level 5 set package 'h6x_serial_interface' build argument 'catkin_skip_building_tests' from command line to 'False'
[0.109s] colcon.colcon_core.verb DEBUG Building package 'h6x_serial_interface' with the following arguments: {'ament_cmake_args': None, 'build_base': '/Users/yosuke/gits/cxd5602pwbimu_ros2_driver/ros2_ws/build/h6x_serial_interface', 'catkin_cmake_args': None, 'catkin_skip_building_tests': False, 'cmake_args': None, 'cmake_clean_cache': False, 'cmake_clean_first': False, 'cmake_force_configure': False, 'cmake_target': None, 'cmake_target_skip_unavailable': False, 'install_base': '/Users/yosuke/gits/cxd5602pwbimu_ros2_driver/ros2_ws/install/h6x_serial_interface', 'merge_install': False, 'path': '/Users/yosuke/gits/cxd5602pwbimu_ros2_driver/ros2_ws/src/h6x_serial_interface/h6x_serial_interface', 'symlink_install': False, 'test_result_base': None}
[0.109s] colcon.colcon_core.verb Level 5 set package 'imu_complementary_filter' build argument 'cmake_args' from command line to 'None'
[0.109s] colcon.colcon_core.verb Level 5 set package 'imu_complementary_filter' build argument 'cmake_target' from command line to 'None'
[0.109s] colcon.colcon_core.verb Level 5 set package 'imu_complementary_filter' build argument 'cmake_target_skip_unavailable' from command line to 'False'
[0.109s] colcon.colcon_core.verb Level 5 set package 'imu_complementary_filter' build argument 'cmake_clean_cache' from command line to 'False'
[0.109s] colcon.colcon_core.verb Level 5 set package 'imu_complementary_filter' build argument 'cmake_clean_first' from command line to 'False'
[0.109s] colcon.colcon_core.verb Level 5 set package 'imu_complementary_filter' build argument 'cmake_force_configure' from command line to 'False'
[0.109s] colcon.colcon_core.verb Level 5 set package 'imu_complementary_filter' build argument 'ament_cmake_args' from command line to 'None'
[0.109s] colcon.colcon_core.verb Level 5 set package 'imu_complementary_filter' build argument 'catkin_cmake_args' from command line to 'None'
[0.109s] colcon.colcon_core.verb Level 5 set package 'imu_complementary_filter' build argument 'catkin_skip_building_tests' from command line to 'False'
[0.109s] colcon.colcon_core.verb DEBUG Building package 'imu_complementary_filter' with the following arguments: {'ament_cmake_args': None, 'build_base': '/Users/yosuke/gits/cxd5602pwbimu_ros2_driver/ros2_ws/build/imu_complementary_filter', 'catkin_cmake_args': None, 'catkin_skip_building_tests': False, 'cmake_args': None, 'cmake_clean_cache': False, 'cmake_clean_first': False, 'cmake_force_configure': False, 'cmake_target': None, 'cmake_target_skip_unavailable': False, 'install_base': '/Users/yosuke/gits/cxd5602pwbimu_ros2_driver/ros2_ws/install/imu_complementary_filter', 'merge_install': False, 'path': '/Users/yosuke/gits/cxd5602pwbimu_ros2_driver/ros2_ws/src/imu_tools/imu_complementary_filter', 'symlink_install': False, 'test_result_base': None}
[0.109s] colcon.colcon_core.verb Level 5 set package 'imu_filter_madgwick' build argument 'cmake_args' from command line to 'None'
[0.109s] colcon.colcon_core.verb Level 5 set package 'imu_filter_madgwick' build argument 'cmake_target' from command line to 'None'
[0.109s] colcon.colcon_core.verb Level 5 set package 'imu_filter_madgwick' build argument 'cmake_target_skip_unavailable' from command line to 'False'
[0.109s] colcon.colcon_core.verb Level 5 set package 'imu_filter_madgwick' build argument 'cmake_clean_cache' from command line to 'False'
[0.109s] colcon.colcon_core.verb Level 5 set package 'imu_filter_madgwick' build argument 'cmake_clean_first' from command line to 'False'
[0.109s] colcon.colcon_core.verb Level 5 set package 'imu_filter_madgwick' build argument 'cmake_force_configure' from command line to 'False'
[0.109s] colcon.colcon_core.verb Level 5 set package 'imu_filter_madgwick' build argument 'ament_cmake_args' from command line to 'None'
[0.109s] colcon.colcon_core.verb Level 5 set package 'imu_filter_madgwick' build argument 'catkin_cmake_args' from command line to 'None'
[0.109s] colcon.colcon_core.verb Level 5 set package 'imu_filter_madgwick' build argument 'catkin_skip_building_tests' from command line to 'False'
[0.109s] colcon.colcon_core.verb DEBUG Building package 'imu_filter_madgwick' with the following arguments: {'ament_cmake_args': None, 'build_base': '/Users/yosuke/gits/cxd5602pwbimu_ros2_driver/ros2_ws/build/imu_filter_madgwick', 'catkin_cmake_args': None, 'catkin_skip_building_tests': False, 'cmake_args': None, 'cmake_clean_cache': False, 'cmake_clean_first': False, 'cmake_force_configure': False, 'cmake_target': None, 'cmake_target_skip_unavailable': False, 'install_base': '/Users/yosuke/gits/cxd5602pwbimu_ros2_driver/ros2_ws/install/imu_filter_madgwick', 'merge_install': False, 'path': '/Users/yosuke/gits/cxd5602pwbimu_ros2_driver/ros2_ws/src/imu_tools/imu_filter_madgwick', 'symlink_install': False, 'test_result_base': None}
[0.110s] colcon.colcon_core.verb Level 5 set package 'imu_trajectory_filter' build argument 'cmake_args' from command line to 'None'
[0.110s] colcon.colcon_core.verb Level 5 set package 'imu_trajectory_filter' build argument 'cmake_target' from command line to 'None'
[0.110s] colcon.colcon_core.verb Level 5 set package 'imu_trajectory_filter' build argument 'cmake_target_skip_unavailable' from command line to 'False'
[0.110s] colcon.colcon_core.verb Level 5 set package 'imu_trajectory_filter' build argument 'cmake_clean_cache' from command line to 'False'
[0.110s] colcon.colcon_core.verb Level 5 set package 'imu_trajectory_filter' build argument 'cmake_clean_first' from command line to 'False'
[0.110s] colcon.colcon_core.verb Level 5 set package 'imu_trajectory_filter' build argument 'cmake_force_configure' from command line to 'False'
[0.110s] colcon.colcon_core.verb Level 5 set package 'imu_trajectory_filter' build argument 'ament_cmake_args' from command line to 'None'
[0.110s] colcon.colcon_core.verb Level 5 set package 'imu_trajectory_filter' build argument 'catkin_cmake_args' from command line to 'None'
[0.110s] colcon.colcon_core.verb Level 5 set package 'imu_trajectory_filter' build argument 'catkin_skip_building_tests' from command line to 'False'
[0.110s] colcon.colcon_core.verb DEBUG Building package 'imu_trajectory_filter' with the following arguments: {'ament_cmake_args': None, 'build_base': '/Users/yosuke/gits/cxd5602pwbimu_ros2_driver/ros2_ws/build/imu_trajectory_filter', 'catkin_cmake_args': None, 'catkin_skip_building_tests': False, 'cmake_args': None, 'cmake_clean_cache': False, 'cmake_clean_first': False, 'cmake_force_configure': False, 'cmake_target': None, 'cmake_target_skip_unavailable': False, 'install_base': '/Users/yosuke/gits/cxd5602pwbimu_ros2_driver/ros2_ws/install/imu_trajectory_filter', 'merge_install': False, 'path': '/Users/yosuke/gits/cxd5602pwbimu_ros2_driver/ros2_ws/src/imu_trajectory_filter', 'symlink_install': False, 'test_result_base': None}
[0.110s] colcon.colcon_core.verb Level 5 set package 'rviz_imu_plugin' build argument 'cmake_args' from command line to 'None'
[0.110s] colcon.colcon_core.verb Level 5 set package 'rviz_imu_plugin' build argument 'cmake_target' from command line to 'None'
[0.110s] colcon.colcon_core.verb Level 5 set package 'rviz_imu_plugin' build argument 'cmake_target_skip_unavailable' from command line to 'False'
[0.110s] colcon.colcon_core.verb Level 5 set package 'rviz_imu_plugin' build argument 'cmake_clean_cache' from command line to 'False'
[0.110s] colcon.colcon_core.verb Level 5 set package 'rviz_imu_plugin' build argument 'cmake_clean_first' from command line to 'False'
[0.110s] colcon.colcon_core.verb Level 5 set package 'rviz_imu_plugin' build argument 'cmake_force_configure' from command line to 'False'
[0.110s] colcon.colcon_core.verb Level 5 set package 'rviz_imu_plugin' build argument 'ament_cmake_args' from command line to 'None'
[0.110s] colcon.colcon_core.verb Level 5 set package 'rviz_imu_plugin' build argument 'catkin_cmake_args' from command line to 'None'
[0.110s] colcon.colcon_core.verb Level 5 set package 'rviz_imu_plugin' build argument 'catkin_skip_building_tests' from command line to 'False'
[0.110s] colcon.colcon_core.verb DEBUG Building package 'rviz_imu_plugin' with the following arguments: {'ament_cmake_args': None, 'build_base': '/Users/yosuke/gits/cxd5602pwbimu_ros2_driver/ros2_ws/build/rviz_imu_plugin', 'catkin_cmake_args': None, 'catkin_skip_building_tests': False, 'cmake_args': None, 'cmake_clean_cache': False, 'cmake_clean_first': False, 'cmake_force_configure': False, 'cmake_target': None, 'cmake_target_skip_unavailable': False, 'install_base': '/Users/yosuke/gits/cxd5602pwbimu_ros2_driver/ros2_ws/install/rviz_imu_plugin', 'merge_install': False, 'path': '/Users/yosuke/gits/cxd5602pwbimu_ros2_driver/ros2_ws/src/imu_tools/rviz_imu_plugin', 'symlink_install': False, 'test_result_base': None}
[0.110s] colcon.colcon_core.verb Level 5 set package 'cxd5602pwbimu_driver_node' build argument 'cmake_args' from command line to 'None'
[0.110s] colcon.colcon_core.verb Level 5 set package 'cxd5602pwbimu_driver_node' build argument 'cmake_target' from command line to 'None'
[0.110s] colcon.colcon_core.verb Level 5 set package 'cxd5602pwbimu_driver_node' build argument 'cmake_target_skip_unavailable' from command line to 'False'
[0.110s] colcon.colcon_core.verb Level 5 set package 'cxd5602pwbimu_driver_node' build argument 'cmake_clean_cache' from command line to 'False'
[0.110s] colcon.colcon_core.verb Level 5 set package 'cxd5602pwbimu_driver_node' build argument 'cmake_clean_first' from command line to 'False'
[0.110s] colcon.colcon_core.verb Level 5 set package 'cxd5602pwbimu_driver_node' build argument 'cmake_force_configure' from command line to 'False'
[0.110s] colcon.colcon_core.verb Level 5 set package 'cxd5602pwbimu_driver_node' build argument 'ament_cmake_args' from command line to 'None'
[0.110s] colcon.colcon_core.verb Level 5 set package 'cxd5602pwbimu_driver_node' build argument 'catkin_cmake_args' from command line to 'None'
[0.110s] colcon.colcon_core.verb Level 5 set package 'cxd5602pwbimu_driver_node' build argument 'catkin_skip_building_tests' from command line to 'False'
[0.110s] colcon.colcon_core.verb DEBUG Building package 'cxd5602pwbimu_driver_node' with the following arguments: {'ament_cmake_args': None, 'build_base': '/Users/yosuke/gits/cxd5602pwbimu_ros2_driver/ros2_ws/build/cxd5602pwbimu_driver_node', 'catkin_cmake_args': None, 'catkin_skip_building_tests': False, 'cmake_args': None, 'cmake_clean_cache': False, 'cmake_clean_first': False, 'cmake_force_configure': False, 'cmake_target': None, 'cmake_target_skip_unavailable': False, 'install_base': '/Users/yosuke/gits/cxd5602pwbimu_ros2_driver/ros2_ws/install/cxd5602pwbimu_driver_node', 'merge_install': False, 'path': '/Users/yosuke/gits/cxd5602pwbimu_ros2_driver/ros2_ws/src/cxd5602pwbimu_driver_node', 'symlink_install': False, 'test_result_base': None}
[0.110s] colcon.colcon_core.verb Level 5 set package 'h6x_serial_interface_example' build argument 'cmake_args' from command line to 'None'
[0.110s] colcon.colcon_core.verb Level 5 set package 'h6x_serial_interface_example' build argument 'cmake_target' from command line to 'None'
[0.110s] colcon.colcon_core.verb Level 5 set package 'h6x_serial_interface_example' build argument 'cmake_target_skip_unavailable' from command line to 'False'
[0.110s] colcon.colcon_core.verb Level 5 set package 'h6x_serial_interface_example' build argument 'cmake_clean_cache' from command line to 'False'
[0.110s] colcon.colcon_core.verb Level 5 set package 'h6x_serial_interface_example' build argument 'cmake_clean_first' from command line to 'False'
[0.110s] colcon.colcon_core.verb Level 5 set package 'h6x_serial_interface_example' build argument 'cmake_force_configure' from command line to 'False'
[0.110s] colcon.colcon_core.verb Level 5 set package 'h6x_serial_interface_example' build argument 'ament_cmake_args' from command line to 'None'
[0.110s] colcon.colcon_core.verb Level 5 set package 'h6x_serial_interface_example' build argument 'catkin_cmake_args' from command line to 'None'
[0.110s] colcon.colcon_core.verb Level 5 set package 'h6x_serial_interface_example' build argument 'catkin_skip_building_tests' from command line to 'False'
[0.110s] colcon.colcon_core.verb DEBUG Building package 'h6x_serial_interface_example' with the following arguments: {'ament_cmake_args': None, 'build_base': '/Users/yosuke/gits/cxd5602pwbimu_ros2_driver/ros2_ws/build/h6x_serial_interface_example', 'catkin_cmake_args': None, 'catkin_skip_building_tests': False, 'cmake_args': None, 'cmake_clean_cache': False, 'cmake_clean_first': False, 'cmake_force_configure': False, 'cmake_target': None, 'cmake_target_skip_unavailable': False, 'install_base': '/Users/yosuke/gits/cxd5602pwbimu_ros2_driver/ros2_ws/install/h6x_serial_interface_example', 'merge_install': False, 'path': '/Users/yosuke/gits/cxd5602pwbimu_ros2_driver/ros2_ws/src/h6x_serial_interface/h6x_serial_interface_example', 'symlink_install': False, 'test_result_base': None}
[0.110s] colcon.colcon_core.verb Level 5 set package 'imu_tools' build argument 'cmake_args' from command line to 'None'
[0.110s] colcon.colcon_core.verb Level 5 set package 'imu_tools' build argument 'cmake_target' from command line to 'None'
[0.110s] colcon.colcon_core.verb Level 5 set package 'imu_tools' build argument 'cmake_target_skip_unavailable' from command line to 'False'
[0.110s] colcon.colcon_core.verb Level 5 set package 'imu_tools' build argument 'cmake_clean_cache' from command line to 'False'
[0.110s] colcon.colcon_core.verb Level 5 set package 'imu_tools' build argument 'cmake_clean_first' from command line to 'False'
[0.110s] colcon.colcon_core.verb Level 5 set package 'imu_tools' build argument 'cmake_force_configure' from command line to 'False'
[0.110s] colcon.colcon_core.verb Level 5 set package 'imu_tools' build argument 'ament_cmake_args' from command line to 'None'
[0.110s] colcon.colcon_core.verb Level 5 set package 'imu_tools' build argument 'catkin_cmake_args' from command line to 'None'
[0.110s] colcon.colcon_core.verb Level 5 set package 'imu_tools' build argument 'catkin_skip_building_tests' from command line to 'False'
[0.110s] colcon.colcon_core.verb DEBUG Building package 'imu_tools' with the following arguments: {'ament_cmake_args': None, 'build_base': '/Users/yosuke/gits/cxd5602pwbimu_ros2_driver/ros2_ws/build/imu_tools', 'catkin_cmake_args': None, 'catkin_skip_building_tests': False, 'cmake_args': None, 'cmake_clean_cache': False, 'cmake_clean_first': False, 'cmake_force_configure': False, 'cmake_target': None, 'cmake_target_skip_unavailable': False, 'install_base': '/Users/yosuke/gits/cxd5602pwbimu_ros2_driver/ros2_ws/install/imu_tools', 'merge_install': False, 'path': '/Users/yosuke/gits/cxd5602pwbimu_ros2_driver/ros2_ws/src/imu_tools/imu_tools', 'symlink_install': False, 'test_result_base': None}
[0.110s] colcon.colcon_core.verb Level 5 set package 'cxd5602pwbimu_driver_bringup' build argument 'cmake_args' from command line to 'None'
[0.110s] colcon.colcon_core.verb Level 5 set package 'cxd5602pwbimu_driver_bringup' build argument 'cmake_target' from command line to 'None'
[0.110s] colcon.colcon_core.verb Level 5 set package 'cxd5602pwbimu_driver_bringup' build argument 'cmake_target_skip_unavailable' from command line to 'False'
[0.110s] colcon.colcon_core.verb Level 5 set package 'cxd5602pwbimu_driver_bringup' build argument 'cmake_clean_cache' from command line to 'False'
[0.110s] colcon.colcon_core.verb Level 5 set package 'cxd5602pwbimu_driver_bringup' build argument 'cmake_clean_first' from command line to 'False'
[0.110s] colcon.colcon_core.verb Level 5 set package 'cxd5602pwbimu_driver_bringup' build argument 'cmake_force_configure' from command line to 'False'
[0.110s] colcon.colcon_core.verb Level 5 set package 'cxd5602pwbimu_driver_bringup' build argument 'ament_cmake_args' from command line to 'None'
[0.110s] colcon.colcon_core.verb Level 5 set package 'cxd5602pwbimu_driver_bringup' build argument 'catkin_cmake_args' from command line to 'None'
[0.110s] colcon.colcon_core.verb Level 5 set package 'cxd5602pwbimu_driver_bringup' build argument 'catkin_skip_building_tests' from command line to 'False'
[0.110s] colcon.colcon_core.verb DEBUG Building package 'cxd5602pwbimu_driver_bringup' with the following arguments: {'ament_cmake_args': None, 'build_base': '/Users/yosuke/gits/cxd5602pwbimu_ros2_driver/ros2_ws/build/cxd5602pwbimu_driver_bringup', 'catkin_cmake_args': None, 'catkin_skip_building_tests': False, 'cmake_args': None, 'cmake_clean_cache': False, 'cmake_clean_first': False, 'cmake_force_configure': False, 'cmake_target': None, 'cmake_target_skip_unavailable': False, 'install_base': '/Users/yosuke/gits/cxd5602pwbimu_ros2_driver/ros2_ws/install/cxd5602pwbimu_driver_bringup', 'merge_install': False, 'path': '/Users/yosuke/gits/cxd5602pwbimu_ros2_driver/ros2_ws/src/cxd5602pwbimu_driver_bringup', 'symlink_install': False, 'test_result_base': None}
[0.111s] colcon.colcon_core.verb Level 5 set package 'cxd5602pwbimu_driver' build argument 'cmake_args' from command line to 'None'
[0.111s] colcon.colcon_core.verb Level 5 set package 'cxd5602pwbimu_driver' build argument 'cmake_target' from command line to 'None'
[0.111s] colcon.colcon_core.verb Level 5 set package 'cxd5602pwbimu_driver' build argument 'cmake_target_skip_unavailable' from command line to 'False'
[0.111s] colcon.colcon_core.verb Level 5 set package 'cxd5602pwbimu_driver' build argument 'cmake_clean_cache' from command line to 'False'
[0.111s] colcon.colcon_core.verb Level 5 set package 'cxd5602pwbimu_driver' build argument 'cmake_clean_first' from command line to 'False'
[0.111s] colcon.colcon_core.verb Level 5 set package 'cxd5602pwbimu_driver' build argument 'cmake_force_configure' from command line to 'False'
[0.111s] colcon.colcon_core.verb Level 5 set package 'cxd5602pwbimu_driver' build argument 'ament_cmake_args' from command line to 'None'
[0.111s] colcon.colcon_core.verb Level 5 set package 'cxd5602pwbimu_driver' build argument 'catkin_cmake_args' from command line to 'None'
[0.111s] colcon.colcon_core.verb Level 5 set package 'cxd5602pwbimu_driver' build argument 'catkin_skip_building_tests' from command line to 'False'
[0.111s] colcon.colcon_core.verb DEBUG Building package 'cxd5602pwbimu_driver' with the following arguments: {'ament_cmake_args': None, 'build_base': '/Users/yosuke/gits/cxd5602pwbimu_ros2_driver/ros2_ws/build/cxd5602pwbimu_driver', 'catkin_cmake_args': None, 'catkin_skip_building_tests': False, 'cmake_args': None, 'cmake_clean_cache': False, 'cmake_clean_first': False, 'cmake_force_configure': False, 'cmake_target': None, 'cmake_target_skip_unavailable': False, 'install_base': '/Users/yosuke/gits/cxd5602pwbimu_ros2_driver/ros2_ws/install/cxd5602pwbimu_driver', 'merge_install': False, 'path': '/Users/yosuke/gits/cxd5602pwbimu_ros2_driver/ros2_ws/src/cxd5602pwbimu_driver', 'symlink_install': False, 'test_result_base': None}
[0.111s] colcon.colcon_core.executor INFO Executing jobs using 'parallel' executor
[0.111s] colcon.colcon_parallel_executor.executor.parallel DEBUG run_until_complete
[0.111s] colcon.colcon_ros.task.ament_cmake.build INFO Building ROS package in '/Users/yosuke/gits/cxd5602pwbimu_ros2_driver/ros2_ws/src/h6x_serial_interface/h6x_serial_interface' with build type 'ament_cmake'
[0.111s] colcon.colcon_cmake.task.cmake.build INFO Building CMake package in '/Users/yosuke/gits/cxd5602pwbimu_ros2_driver/ros2_ws/src/h6x_serial_interface/h6x_serial_interface'
[0.112s] colcon.colcon_core.plugin_system INFO Skipping extension 'colcon_core.shell.bat': Not used on non-Windows systems
[0.112s] colcon.colcon_core.shell INFO Skip shell extension 'powershell' for command environment: Not usable outside of PowerShell
[0.112s] colcon.colcon_core.shell DEBUG Skip shell extension 'dsv' for command environment
[0.115s] colcon.colcon_ros.task.ament_cmake.build INFO Building ROS package in '/Users/yosuke/gits/cxd5602pwbimu_ros2_driver/ros2_ws/src/imu_tools/imu_filter_madgwick' with build type 'ament_cmake'
[0.115s] colcon.colcon_cmake.task.cmake.build INFO Building CMake package in '/Users/yosuke/gits/cxd5602pwbimu_ros2_driver/ros2_ws/src/imu_tools/imu_filter_madgwick'
[0.115s] colcon.colcon_core.shell INFO Skip shell extension 'powershell' for command environment: Not usable outside of PowerShell
[0.115s] colcon.colcon_core.shell DEBUG Skip shell extension 'dsv' for command environment
[0.118s] colcon.colcon_ros.task.ament_cmake.build INFO Building ROS package in '/Users/yosuke/gits/cxd5602pwbimu_ros2_driver/ros2_ws/src/imu_tools/imu_complementary_filter' with build type 'ament_cmake'
[0.118s] colcon.colcon_cmake.task.cmake.build INFO Building CMake package in '/Users/yosuke/gits/cxd5602pwbimu_ros2_driver/ros2_ws/src/imu_tools/imu_complementary_filter'
[0.118s] colcon.colcon_core.shell INFO Skip shell extension 'powershell' for command environment: Not usable outside of PowerShell
[0.118s] colcon.colcon_core.shell DEBUG Skip shell extension 'dsv' for command environment
[0.120s] colcon.colcon_ros.task.ament_cmake.build INFO Building ROS package in '/Users/yosuke/gits/cxd5602pwbimu_ros2_driver/ros2_ws/src/imu_tools/rviz_imu_plugin' with build type 'ament_cmake'
[0.120s] colcon.colcon_cmake.task.cmake.build INFO Building CMake package in '/Users/yosuke/gits/cxd5602pwbimu_ros2_driver/ros2_ws/src/imu_tools/rviz_imu_plugin'
[0.120s] colcon.colcon_core.shell INFO Skip shell extension 'powershell' for command environment: Not usable outside of PowerShell
[0.120s] colcon.colcon_core.shell DEBUG Skip shell extension 'dsv' for command environment
[0.122s] colcon.colcon_ros.task.ament_cmake.build INFO Building ROS package in '/Users/yosuke/gits/cxd5602pwbimu_ros2_driver/ros2_ws/src/h6x_serial_interface/h6x_packet_handler' with build type 'ament_cmake'
[0.123s] colcon.colcon_cmake.task.cmake.build INFO Building CMake package in '/Users/yosuke/gits/cxd5602pwbimu_ros2_driver/ros2_ws/src/h6x_serial_interface/h6x_packet_handler'
[0.123s] colcon.colcon_core.shell INFO Skip shell extension 'powershell' for command environment: Not usable outside of PowerShell
[0.123s] colcon.colcon_core.shell DEBUG Skip shell extension 'dsv' for command environment
[0.126s] colcon.colcon_ros.task.ament_cmake.build INFO Building ROS package in '/Users/yosuke/gits/cxd5602pwbimu_ros2_driver/ros2_ws/src/imu_trajectory_filter' with build type 'ament_cmake'
[0.126s] colcon.colcon_cmake.task.cmake.build INFO Building CMake package in '/Users/yosuke/gits/cxd5602pwbimu_ros2_driver/ros2_ws/src/imu_trajectory_filter'
[0.126s] colcon.colcon_core.shell INFO Skip shell extension 'powershell' for command environment: Not usable outside of PowerShell
[0.126s] colcon.colcon_core.shell DEBUG Skip shell extension 'dsv' for command environment
[0.132s] colcon.colcon_core.event_handler.log_command DEBUG Invoking command in '/Users/yosuke/gits/cxd5602pwbimu_ros2_driver/ros2_ws/build/h6x_serial_interface': CMAKE_PREFIX_PATH=${CMAKE_PREFIX_PATH}:/Users/yosuke/miniforge3/envs/ros_env CONDA_PROMPT_MODIFIER=(ros_env) SHLVL=3 _=/Users/yosuke/miniforge3/envs/ros_env/bin/env /Users/yosuke/miniforge3/envs/ros_env/bin/cmake /Users/yosuke/gits/cxd5602pwbimu_ros2_driver/ros2_ws/src/h6x_serial_interface/h6x_serial_interface -DCMAKE_INSTALL_PREFIX=/Users/yosuke/gits/cxd5602pwbimu_ros2_driver/ros2_ws/install/h6x_serial_interface
[0.135s] colcon.colcon_core.event_handler.log_command DEBUG Invoking command in '/Users/yosuke/gits/cxd5602pwbimu_ros2_driver/ros2_ws/build/imu_filter_madgwick': CMAKE_PREFIX_PATH=${CMAKE_PREFIX_PATH}:/Users/yosuke/miniforge3/envs/ros_env CONDA_PROMPT_MODIFIER=(ros_env) SHLVL=3 _=/Users/yosuke/miniforge3/envs/ros_env/bin/env /Users/yosuke/miniforge3/envs/ros_env/bin/cmake /Users/yosuke/gits/cxd5602pwbimu_ros2_driver/ros2_ws/src/imu_tools/imu_filter_madgwick -DCMAKE_INSTALL_PREFIX=/Users/yosuke/gits/cxd5602pwbimu_ros2_driver/ros2_ws/install/imu_filter_madgwick
[0.137s] colcon.colcon_core.event_handler.log_command DEBUG Invoking command in '/Users/yosuke/gits/cxd5602pwbimu_ros2_driver/ros2_ws/build/imu_complementary_filter': CMAKE_PREFIX_PATH=${CMAKE_PREFIX_PATH}:/Users/yosuke/miniforge3/envs/ros_env CONDA_PROMPT_MODIFIER=(ros_env) SHLVL=3 _=/Users/yosuke/miniforge3/envs/ros_env/bin/env /Users/yosuke/miniforge3/envs/ros_env/bin/cmake /Users/yosuke/gits/cxd5602pwbimu_ros2_driver/ros2_ws/src/imu_tools/imu_complementary_filter -DCMAKE_INSTALL_PREFIX=/Users/yosuke/gits/cxd5602pwbimu_ros2_driver/ros2_ws/install/imu_complementary_filter
[0.141s] colcon.colcon_core.event_handler.log_command DEBUG Invoking command in '/Users/yosuke/gits/cxd5602pwbimu_ros2_driver/ros2_ws/build/rviz_imu_plugin': CMAKE_PREFIX_PATH=${CMAKE_PREFIX_PATH}:/Users/yosuke/miniforge3/envs/ros_env CONDA_PROMPT_MODIFIER=(ros_env) SHLVL=3 _=/Users/yosuke/miniforge3/envs/ros_env/bin/env /Users/yosuke/miniforge3/envs/ros_env/bin/cmake /Users/yosuke/gits/cxd5602pwbimu_ros2_driver/ros2_ws/src/imu_tools/rviz_imu_plugin -DCMAKE_INSTALL_PREFIX=/Users/yosuke/gits/cxd5602pwbimu_ros2_driver/ros2_ws/install/rviz_imu_plugin
[0.149s] colcon.colcon_core.event_handler.log_command DEBUG Invoking command in '/Users/yosuke/gits/cxd5602pwbimu_ros2_driver/ros2_ws/build/h6x_packet_handler': CMAKE_PREFIX_PATH=${CMAKE_PREFIX_PATH}:/Users/yosuke/miniforge3/envs/ros_env CONDA_PROMPT_MODIFIER=(ros_env) SHLVL=3 _=/Users/yosuke/miniforge3/envs/ros_env/bin/env /Users/yosuke/miniforge3/envs/ros_env/bin/cmake /Users/yosuke/gits/cxd5602pwbimu_ros2_driver/ros2_ws/src/h6x_serial_interface/h6x_packet_handler -DCMAKE_INSTALL_PREFIX=/Users/yosuke/gits/cxd5602pwbimu_ros2_driver/ros2_ws/install/h6x_packet_handler
[0.153s] colcon.colcon_core.event_handler.log_command DEBUG Invoking command in '/Users/yosuke/gits/cxd5602pwbimu_ros2_driver/ros2_ws/build/imu_trajectory_filter': CMAKE_PREFIX_PATH=${CMAKE_PREFIX_PATH}:/Users/yosuke/miniforge3/envs/ros_env CONDA_PROMPT_MODIFIER=(ros_env) SHLVL=3 _=/Users/yosuke/miniforge3/envs/ros_env/bin/env /Users/yosuke/miniforge3/envs/ros_env/bin/cmake /Users/yosuke/gits/cxd5602pwbimu_ros2_driver/ros2_ws/src/imu_trajectory_filter -DCMAKE_INSTALL_PREFIX=/Users/yosuke/gits/cxd5602pwbimu_ros2_driver/ros2_ws/install/imu_trajectory_filter
[0.590s] colcon.colcon_core.event_handler.log_command DEBUG Invoked command in '/Users/yosuke/gits/cxd5602pwbimu_ros2_driver/ros2_ws/build/h6x_packet_handler' returned '0': CMAKE_PREFIX_PATH=${CMAKE_PREFIX_PATH}:/Users/yosuke/miniforge3/envs/ros_env CONDA_PROMPT_MODIFIER=(ros_env) SHLVL=3 _=/Users/yosuke/miniforge3/envs/ros_env/bin/env /Users/yosuke/miniforge3/envs/ros_env/bin/cmake /Users/yosuke/gits/cxd5602pwbimu_ros2_driver/ros2_ws/src/h6x_serial_interface/h6x_packet_handler -DCMAKE_INSTALL_PREFIX=/Users/yosuke/gits/cxd5602pwbimu_ros2_driver/ros2_ws/install/h6x_packet_handler
[0.592s] colcon.colcon_core.event_handler.log_command DEBUG Invoking command in '/Users/yosuke/gits/cxd5602pwbimu_ros2_driver/ros2_ws/build/h6x_packet_handler': CMAKE_PREFIX_PATH=${CMAKE_PREFIX_PATH}:/Users/yosuke/miniforge3/envs/ros_env CONDA_PROMPT_MODIFIER=(ros_env) SHLVL=3 _=/Users/yosuke/miniforge3/envs/ros_env/bin/env /Users/yosuke/miniforge3/envs/ros_env/bin/cmake --build /Users/yosuke/gits/cxd5602pwbimu_ros2_driver/ros2_ws/build/h6x_packet_handler -- -j10 -l10
[0.815s] colcon.colcon_core.event_handler.log_command DEBUG Invoked command in '/Users/yosuke/gits/cxd5602pwbimu_ros2_driver/ros2_ws/build/h6x_packet_handler' returned '0': CMAKE_PREFIX_PATH=${CMAKE_PREFIX_PATH}:/Users/yosuke/miniforge3/envs/ros_env CONDA_PROMPT_MODIFIER=(ros_env) SHLVL=3 _=/Users/yosuke/miniforge3/envs/ros_env/bin/env /Users/yosuke/miniforge3/envs/ros_env/bin/cmake --build /Users/yosuke/gits/cxd5602pwbimu_ros2_driver/ros2_ws/build/h6x_packet_handler -- -j10 -l10
[1.095s] colcon.colcon_core.event_handler.log_command DEBUG Invoking command in '/Users/yosuke/gits/cxd5602pwbimu_ros2_driver/ros2_ws/build/h6x_packet_handler': CMAKE_PREFIX_PATH=${CMAKE_PREFIX_PATH}:/Users/yosuke/miniforge3/envs/ros_env CONDA_PROMPT_MODIFIER=(ros_env) SHLVL=3 _=/Users/yosuke/miniforge3/envs/ros_env/bin/env /Users/yosuke/miniforge3/envs/ros_env/bin/cmake --install /Users/yosuke/gits/cxd5602pwbimu_ros2_driver/ros2_ws/build/h6x_packet_handler
[1.115s] colcon.colcon_core.environment Level 1 create_environment_scripts_only(h6x_packet_handler)
[1.115s] colcon.colcon_core.event_handler.log_command DEBUG Invoked command in '/Users/yosuke/gits/cxd5602pwbimu_ros2_driver/ros2_ws/build/h6x_packet_handler' returned '0': CMAKE_PREFIX_PATH=${CMAKE_PREFIX_PATH}:/Users/yosuke/miniforge3/envs/ros_env CONDA_PROMPT_MODIFIER=(ros_env) SHLVL=3 _=/Users/yosuke/miniforge3/envs/ros_env/bin/env /Users/yosuke/miniforge3/envs/ros_env/bin/cmake --install /Users/yosuke/gits/cxd5602pwbimu_ros2_driver/ros2_ws/build/h6x_packet_handler
[1.118s] colcon.colcon_core.environment Level 1 checking '/Users/yosuke/gits/cxd5602pwbimu_ros2_driver/ros2_ws/install/h6x_packet_handler' for CMake module files
[1.118s] colcon.colcon_core.environment Level 1 checking '/Users/yosuke/gits/cxd5602pwbimu_ros2_driver/ros2_ws/install/h6x_packet_handler' for CMake config files
[1.119s] colcon.colcon_core.shell Level 1 create_environment_hook('h6x_packet_handler', 'cmake_prefix_path')
[1.119s] colcon.colcon_core.shell INFO Creating environment hook '/Users/yosuke/gits/cxd5602pwbimu_ros2_driver/ros2_ws/install/h6x_packet_handler/share/h6x_packet_handler/hook/cmake_prefix_path.ps1'
[1.120s] colcon.colcon_core.shell INFO Creating environment descriptor '/Users/yosuke/gits/cxd5602pwbimu_ros2_driver/ros2_ws/install/h6x_packet_handler/share/h6x_packet_handler/hook/cmake_prefix_path.dsv'
[1.120s] colcon.colcon_core.shell INFO Creating environment hook '/Users/yosuke/gits/cxd5602pwbimu_ros2_driver/ros2_ws/install/h6x_packet_handler/share/h6x_packet_handler/hook/cmake_prefix_path.sh'
[1.121s] colcon.colcon_core.environment Level 1 checking '/Users/yosuke/gits/cxd5602pwbimu_ros2_driver/ros2_ws/install/h6x_packet_handler/lib'
[1.121s] colcon.colcon_core.shell Level 1 create_environment_hook('h6x_packet_handler', 'dyld_library_path')
[1.122s] colcon.colcon_core.shell INFO Creating environment hook '/Users/yosuke/gits/cxd5602pwbimu_ros2_driver/ros2_ws/install/h6x_packet_handler/share/h6x_packet_handler/hook/dyld_library_path.ps1'
[1.122s] colcon.colcon_core.shell INFO Creating environment descriptor '/Users/yosuke/gits/cxd5602pwbimu_ros2_driver/ros2_ws/install/h6x_packet_handler/share/h6x_packet_handler/hook/dyld_library_path.dsv'
[1.123s] colcon.colcon_core.shell INFO Creating environment hook '/Users/yosuke/gits/cxd5602pwbimu_ros2_driver/ros2_ws/install/h6x_packet_handler/share/h6x_packet_handler/hook/dyld_library_path.sh'
[1.123s] colcon.colcon_core.environment Level 1 checking '/Users/yosuke/gits/cxd5602pwbimu_ros2_driver/ros2_ws/install/h6x_packet_handler/bin'
[1.123s] colcon.colcon_core.environment Level 1 checking '/Users/yosuke/gits/cxd5602pwbimu_ros2_driver/ros2_ws/install/h6x_packet_handler/lib/pkgconfig/h6x_packet_handler.pc'
[1.123s] colcon.colcon_core.environment Level 1 checking '/Users/yosuke/gits/cxd5602pwbimu_ros2_driver/ros2_ws/install/h6x_packet_handler/lib/python3.11/site-packages'
[1.123s] colcon.colcon_core.environment Level 1 checking '/Users/yosuke/gits/cxd5602pwbimu_ros2_driver/ros2_ws/install/h6x_packet_handler/bin'
[1.123s] colcon.colcon_core.shell INFO Creating package script '/Users/yosuke/gits/cxd5602pwbimu_ros2_driver/ros2_ws/install/h6x_packet_handler/share/h6x_packet_handler/package.ps1'
[1.124s] colcon.colcon_core.shell INFO Creating package descriptor '/Users/yosuke/gits/cxd5602pwbimu_ros2_driver/ros2_ws/install/h6x_packet_handler/share/h6x_packet_handler/package.dsv'
[1.124s] colcon.colcon_core.shell INFO Creating package script '/Users/yosuke/gits/cxd5602pwbimu_ros2_driver/ros2_ws/install/h6x_packet_handler/share/h6x_packet_handler/package.sh'
[1.125s] colcon.colcon_core.shell INFO Creating package script '/Users/yosuke/gits/cxd5602pwbimu_ros2_driver/ros2_ws/install/h6x_packet_handler/share/h6x_packet_handler/package.bash'
[1.125s] colcon.colcon_core.shell INFO Creating package script '/Users/yosuke/gits/cxd5602pwbimu_ros2_driver/ros2_ws/install/h6x_packet_handler/share/h6x_packet_handler/package.zsh'
[1.126s] colcon.colcon_core.environment Level 1 create_file_with_runtime_dependencies(/Users/yosuke/gits/cxd5602pwbimu_ros2_driver/ros2_ws/install/h6x_packet_handler/share/colcon-core/packages/h6x_packet_handler)
[1.222s] colcon.colcon_core.event_handler.log_command DEBUG Invoked command in '/Users/yosuke/gits/cxd5602pwbimu_ros2_driver/ros2_ws/build/h6x_serial_interface' returned '0': CMAKE_PREFIX_PATH=${CMAKE_PREFIX_PATH}:/Users/yosuke/miniforge3/envs/ros_env CONDA_PROMPT_MODIFIER=(ros_env) SHLVL=3 _=/Users/yosuke/miniforge3/envs/ros_env/bin/env /Users/yosuke/miniforge3/envs/ros_env/bin/cmake /Users/yosuke/gits/cxd5602pwbimu_ros2_driver/ros2_ws/src/h6x_serial_interface/h6x_serial_interface -DCMAKE_INSTALL_PREFIX=/Users/yosuke/gits/cxd5602pwbimu_ros2_driver/ros2_ws/install/h6x_serial_interface
[1.223s] colcon.colcon_core.event_handler.log_command DEBUG Invoking command in '/Users/yosuke/gits/cxd5602pwbimu_ros2_driver/ros2_ws/build/h6x_serial_interface': CMAKE_PREFIX_PATH=${CMAKE_PREFIX_PATH}:/Users/yosuke/miniforge3/envs/ros_env CONDA_PROMPT_MODIFIER=(ros_env) SHLVL=3 _=/Users/yosuke/miniforge3/envs/ros_env/bin/env /Users/yosuke/miniforge3/envs/ros_env/bin/cmake --build /Users/yosuke/gits/cxd5602pwbimu_ros2_driver/ros2_ws/build/h6x_serial_interface -- -j10 -l10
[1.305s] colcon.colcon_core.event_handler.log_command DEBUG Invoked command in '/Users/yosuke/gits/cxd5602pwbimu_ros2_driver/ros2_ws/build/imu_complementary_filter' returned '0': CMAKE_PREFIX_PATH=${CMAKE_PREFIX_PATH}:/Users/yosuke/miniforge3/envs/ros_env CONDA_PROMPT_MODIFIER=(ros_env) SHLVL=3 _=/Users/yosuke/miniforge3/envs/ros_env/bin/env /Users/yosuke/miniforge3/envs/ros_env/bin/cmake /Users/yosuke/gits/cxd5602pwbimu_ros2_driver/ros2_ws/src/imu_tools/imu_complementary_filter -DCMAKE_INSTALL_PREFIX=/Users/yosuke/gits/cxd5602pwbimu_ros2_driver/ros2_ws/install/imu_complementary_filter
[1.305s] colcon.colcon_core.event_handler.log_command DEBUG Invoking command in '/Users/yosuke/gits/cxd5602pwbimu_ros2_driver/ros2_ws/build/imu_complementary_filter': CMAKE_PREFIX_PATH=${CMAKE_PREFIX_PATH}:/Users/yosuke/miniforge3/envs/ros_env CONDA_PROMPT_MODIFIER=(ros_env) SHLVL=3 _=/Users/yosuke/miniforge3/envs/ros_env/bin/env /Users/yosuke/miniforge3/envs/ros_env/bin/cmake --build /Users/yosuke/gits/cxd5602pwbimu_ros2_driver/ros2_ws/build/imu_complementary_filter -- -j10 -l10
[1.321s] colcon.colcon_core.event_handler.log_command DEBUG Invoked command in '/Users/yosuke/gits/cxd5602pwbimu_ros2_driver/ros2_ws/build/imu_filter_madgwick' returned '0': CMAKE_PREFIX_PATH=${CMAKE_PREFIX_PATH}:/Users/yosuke/miniforge3/envs/ros_env CONDA_PROMPT_MODIFIER=(ros_env) SHLVL=3 _=/Users/yosuke/miniforge3/envs/ros_env/bin/env /Users/yosuke/miniforge3/envs/ros_env/bin/cmake /Users/yosuke/gits/cxd5602pwbimu_ros2_driver/ros2_ws/src/imu_tools/imu_filter_madgwick -DCMAKE_INSTALL_PREFIX=/Users/yosuke/gits/cxd5602pwbimu_ros2_driver/ros2_ws/install/imu_filter_madgwick
[1.325s] colcon.colcon_core.event_handler.log_command DEBUG Invoking command in '/Users/yosuke/gits/cxd5602pwbimu_ros2_driver/ros2_ws/build/imu_filter_madgwick': CMAKE_PREFIX_PATH=${CMAKE_PREFIX_PATH}:/Users/yosuke/miniforge3/envs/ros_env CONDA_PROMPT_MODIFIER=(ros_env) SHLVL=3 _=/Users/yosuke/miniforge3/envs/ros_env/bin/env /Users/yosuke/miniforge3/envs/ros_env/bin/cmake --build /Users/yosuke/gits/cxd5602pwbimu_ros2_driver/ros2_ws/build/imu_filter_madgwick -- -j10 -l10
[1.358s] colcon.colcon_core.event_handler.log_command DEBUG Invoked command in '/Users/yosuke/gits/cxd5602pwbimu_ros2_driver/ros2_ws/build/imu_trajectory_filter' returned '0': CMAKE_PREFIX_PATH=${CMAKE_PREFIX_PATH}:/Users/yosuke/miniforge3/envs/ros_env CONDA_PROMPT_MODIFIER=(ros_env) SHLVL=3 _=/Users/yosuke/miniforge3/envs/ros_env/bin/env /Users/yosuke/miniforge3/envs/ros_env/bin/cmake /Users/yosuke/gits/cxd5602pwbimu_ros2_driver/ros2_ws/src/imu_trajectory_filter -DCMAKE_INSTALL_PREFIX=/Users/yosuke/gits/cxd5602pwbimu_ros2_driver/ros2_ws/install/imu_trajectory_filter
[1.363s] colcon.colcon_core.event_handler.log_command DEBUG Invoking command in '/Users/yosuke/gits/cxd5602pwbimu_ros2_driver/ros2_ws/build/imu_trajectory_filter': CMAKE_PREFIX_PATH=${CMAKE_PREFIX_PATH}:/Users/yosuke/miniforge3/envs/ros_env CONDA_PROMPT_MODIFIER=(ros_env) SHLVL=3 _=/Users/yosuke/miniforge3/envs/ros_env/bin/env /Users/yosuke/miniforge3/envs/ros_env/bin/cmake --build /Users/yosuke/gits/cxd5602pwbimu_ros2_driver/ros2_ws/build/imu_trajectory_filter -- -j10 -l10
[1.499s] colcon.colcon_core.environment Level 1 create_environment_scripts_only(h6x_packet_handler)
[1.499s] colcon.colcon_core.environment Level 1 checking '/Users/yosuke/gits/cxd5602pwbimu_ros2_driver/ros2_ws/install/h6x_packet_handler' for CMake module files
[1.500s] colcon.colcon_core.environment Level 1 checking '/Users/yosuke/gits/cxd5602pwbimu_ros2_driver/ros2_ws/install/h6x_packet_handler' for CMake config files
[1.500s] colcon.colcon_core.shell Level 1 create_environment_hook('h6x_packet_handler', 'cmake_prefix_path')
[1.501s] colcon.colcon_core.shell INFO Creating environment hook '/Users/yosuke/gits/cxd5602pwbimu_ros2_driver/ros2_ws/install/h6x_packet_handler/share/h6x_packet_handler/hook/cmake_prefix_path.ps1'
[1.502s] colcon.colcon_core.shell INFO Creating environment descriptor '/Users/yosuke/gits/cxd5602pwbimu_ros2_driver/ros2_ws/install/h6x_packet_handler/share/h6x_packet_handler/hook/cmake_prefix_path.dsv'
[1.502s] colcon.colcon_core.shell INFO Creating environment hook '/Users/yosuke/gits/cxd5602pwbimu_ros2_driver/ros2_ws/install/h6x_packet_handler/share/h6x_packet_handler/hook/cmake_prefix_path.sh'
[1.503s] colcon.colcon_core.environment Level 1 checking '/Users/yosuke/gits/cxd5602pwbimu_ros2_driver/ros2_ws/install/h6x_packet_handler/lib'
[1.503s] colcon.colcon_core.shell Level 1 create_environment_hook('h6x_packet_handler', 'dyld_library_path')
[1.503s] colcon.colcon_core.shell INFO Creating environment hook '/Users/yosuke/gits/cxd5602pwbimu_ros2_driver/ros2_ws/install/h6x_packet_handler/share/h6x_packet_handler/hook/dyld_library_path.ps1'
[1.503s] colcon.colcon_core.shell INFO Creating environment descriptor '/Users/yosuke/gits/cxd5602pwbimu_ros2_driver/ros2_ws/install/h6x_packet_handler/share/h6x_packet_handler/hook/dyld_library_path.dsv'
[1.504s] colcon.colcon_core.shell INFO Creating environment hook '/Users/yosuke/gits/cxd5602pwbimu_ros2_driver/ros2_ws/install/h6x_packet_handler/share/h6x_packet_handler/hook/dyld_library_path.sh'
[1.504s] colcon.colcon_core.environment Level 1 checking '/Users/yosuke/gits/cxd5602pwbimu_ros2_driver/ros2_ws/install/h6x_packet_handler/bin'
[1.504s] colcon.colcon_core.environment Level 1 checking '/Users/yosuke/gits/cxd5602pwbimu_ros2_driver/ros2_ws/install/h6x_packet_handler/lib/pkgconfig/h6x_packet_handler.pc'
[1.505s] colcon.colcon_core.environment Level 1 checking '/Users/yosuke/gits/cxd5602pwbimu_ros2_driver/ros2_ws/install/h6x_packet_handler/lib/python3.11/site-packages'
[1.505s] colcon.colcon_core.environment Level 1 checking '/Users/yosuke/gits/cxd5602pwbimu_ros2_driver/ros2_ws/install/h6x_packet_handler/bin'
[1.505s] colcon.colcon_core.shell INFO Creating package script '/Users/yosuke/gits/cxd5602pwbimu_ros2_driver/ros2_ws/install/h6x_packet_handler/share/h6x_packet_handler/package.ps1'
[1.506s] colcon.colcon_core.shell INFO Creating package descriptor '/Users/yosuke/gits/cxd5602pwbimu_ros2_driver/ros2_ws/install/h6x_packet_handler/share/h6x_packet_handler/package.dsv'
[1.507s] colcon.colcon_core.shell INFO Creating package script '/Users/yosuke/gits/cxd5602pwbimu_ros2_driver/ros2_ws/install/h6x_packet_handler/share/h6x_packet_handler/package.sh'
[1.507s] colcon.colcon_core.shell INFO Creating package script '/Users/yosuke/gits/cxd5602pwbimu_ros2_driver/ros2_ws/install/h6x_packet_handler/share/h6x_packet_handler/package.bash'
[1.508s] colcon.colcon_core.shell INFO Creating package script '/Users/yosuke/gits/cxd5602pwbimu_ros2_driver/ros2_ws/install/h6x_packet_handler/share/h6x_packet_handler/package.zsh'
[1.508s] colcon.colcon_core.environment Level 1 create_file_with_runtime_dependencies(/Users/yosuke/gits/cxd5602pwbimu_ros2_driver/ros2_ws/install/h6x_packet_handler/share/colcon-core/packages/h6x_packet_handler)
[1.597s] colcon.colcon_core.event_handler.log_command DEBUG Invoked command in '/Users/yosuke/gits/cxd5602pwbimu_ros2_driver/ros2_ws/build/imu_filter_madgwick' returned '0': CMAKE_PREFIX_PATH=${CMAKE_PREFIX_PATH}:/Users/yosuke/miniforge3/envs/ros_env CONDA_PROMPT_MODIFIER=(ros_env) SHLVL=3 _=/Users/yosuke/miniforge3/envs/ros_env/bin/env /Users/yosuke/miniforge3/envs/ros_env/bin/cmake --build /Users/yosuke/gits/cxd5602pwbimu_ros2_driver/ros2_ws/build/imu_filter_madgwick -- -j10 -l10
[1.611s] colcon.colcon_core.event_handler.log_command DEBUG Invoked command in '/Users/yosuke/gits/cxd5602pwbimu_ros2_driver/ros2_ws/build/imu_complementary_filter' returned '0': CMAKE_PREFIX_PATH=${CMAKE_PREFIX_PATH}:/Users/yosuke/miniforge3/envs/ros_env CONDA_PROMPT_MODIFIER=(ros_env) SHLVL=3 _=/Users/yosuke/miniforge3/envs/ros_env/bin/env /Users/yosuke/miniforge3/envs/ros_env/bin/cmake --build /Users/yosuke/gits/cxd5602pwbimu_ros2_driver/ros2_ws/build/imu_complementary_filter -- -j10 -l10
[1.643s] colcon.colcon_core.event_handler.log_command DEBUG Invoked command in '/Users/yosuke/gits/cxd5602pwbimu_ros2_driver/ros2_ws/build/imu_trajectory_filter' returned '0': CMAKE_PREFIX_PATH=${CMAKE_PREFIX_PATH}:/Users/yosuke/miniforge3/envs/ros_env CONDA_PROMPT_MODIFIER=(ros_env) SHLVL=3 _=/Users/yosuke/miniforge3/envs/ros_env/bin/env /Users/yosuke/miniforge3/envs/ros_env/bin/cmake --build /Users/yosuke/gits/cxd5602pwbimu_ros2_driver/ros2_ws/build/imu_trajectory_filter -- -j10 -l10
[1.829s] colcon.colcon_core.event_handler.log_command DEBUG Invoking command in '/Users/yosuke/gits/cxd5602pwbimu_ros2_driver/ros2_ws/build/imu_trajectory_filter': CMAKE_PREFIX_PATH=${CMAKE_PREFIX_PATH}:/Users/yosuke/miniforge3/envs/ros_env CONDA_PROMPT_MODIFIER=(ros_env) SHLVL=3 _=/Users/yosuke/miniforge3/envs/ros_env/bin/env /Users/yosuke/miniforge3/envs/ros_env/bin/cmake --install /Users/yosuke/gits/cxd5602pwbimu_ros2_driver/ros2_ws/build/imu_trajectory_filter
[1.832s] colcon.colcon_core.event_handler.log_command DEBUG Invoking command in '/Users/yosuke/gits/cxd5602pwbimu_ros2_driver/ros2_ws/build/imu_complementary_filter': CMAKE_PREFIX_PATH=${CMAKE_PREFIX_PATH}:/Users/yosuke/miniforge3/envs/ros_env CONDA_PROMPT_MODIFIER=(ros_env) SHLVL=3 _=/Users/yosuke/miniforge3/envs/ros_env/bin/env /Users/yosuke/miniforge3/envs/ros_env/bin/cmake --install /Users/yosuke/gits/cxd5602pwbimu_ros2_driver/ros2_ws/build/imu_complementary_filter
[1.842s] colcon.colcon_core.event_handler.log_command DEBUG Invoked command in '/Users/yosuke/gits/cxd5602pwbimu_ros2_driver/ros2_ws/build/rviz_imu_plugin' returned '0': CMAKE_PREFIX_PATH=${CMAKE_PREFIX_PATH}:/Users/yosuke/miniforge3/envs/ros_env CONDA_PROMPT_MODIFIER=(ros_env) SHLVL=3 _=/Users/yosuke/miniforge3/envs/ros_env/bin/env /Users/yosuke/miniforge3/envs/ros_env/bin/cmake /Users/yosuke/gits/cxd5602pwbimu_ros2_driver/ros2_ws/src/imu_tools/rviz_imu_plugin -DCMAKE_INSTALL_PREFIX=/Users/yosuke/gits/cxd5602pwbimu_ros2_driver/ros2_ws/install/rviz_imu_plugin
[1.846s] colcon.colcon_core.event_handler.log_command DEBUG Invoking command in '/Users/yosuke/gits/cxd5602pwbimu_ros2_driver/ros2_ws/build/rviz_imu_plugin': CMAKE_PREFIX_PATH=${CMAKE_PREFIX_PATH}:/Users/yosuke/miniforge3/envs/ros_env CONDA_PROMPT_MODIFIER=(ros_env) SHLVL=3 _=/Users/yosuke/miniforge3/envs/ros_env/bin/env /Users/yosuke/miniforge3/envs/ros_env/bin/cmake --build /Users/yosuke/gits/cxd5602pwbimu_ros2_driver/ros2_ws/build/rviz_imu_plugin -- -j10 -l10
[1.871s] colcon.colcon_core.event_handler.log_command DEBUG Invoking command in '/Users/yosuke/gits/cxd5602pwbimu_ros2_driver/ros2_ws/build/imu_filter_madgwick': CMAKE_PREFIX_PATH=${CMAKE_PREFIX_PATH}:/Users/yosuke/miniforge3/envs/ros_env CONDA_PROMPT_MODIFIER=(ros_env) SHLVL=3 _=/Users/yosuke/miniforge3/envs/ros_env/bin/env /Users/yosuke/miniforge3/envs/ros_env/bin/cmake --install /Users/yosuke/gits/cxd5602pwbimu_ros2_driver/ros2_ws/build/imu_filter_madgwick
[1.924s] colcon.colcon_core.environment Level 1 create_environment_scripts_only(imu_trajectory_filter)
[1.925s] colcon.colcon_core.environment Level 1 checking '/Users/yosuke/gits/cxd5602pwbimu_ros2_driver/ros2_ws/install/imu_trajectory_filter' for CMake module files
[1.925s] colcon.colcon_core.event_handler.log_command DEBUG Invoked command in '/Users/yosuke/gits/cxd5602pwbimu_ros2_driver/ros2_ws/build/imu_trajectory_filter' returned '0': CMAKE_PREFIX_PATH=${CMAKE_PREFIX_PATH}:/Users/yosuke/miniforge3/envs/ros_env CONDA_PROMPT_MODIFIER=(ros_env) SHLVL=3 _=/Users/yosuke/miniforge3/envs/ros_env/bin/env /Users/yosuke/miniforge3/envs/ros_env/bin/cmake --install /Users/yosuke/gits/cxd5602pwbimu_ros2_driver/ros2_ws/build/imu_trajectory_filter
[1.925s] colcon.colcon_core.environment Level 1 checking '/Users/yosuke/gits/cxd5602pwbimu_ros2_driver/ros2_ws/install/imu_trajectory_filter' for CMake config files
[1.926s] colcon.colcon_core.shell Level 1 create_environment_hook('imu_trajectory_filter', 'cmake_prefix_path')
[1.926s] colcon.colcon_core.shell INFO Creating environment hook '/Users/yosuke/gits/cxd5602pwbimu_ros2_driver/ros2_ws/install/imu_trajectory_filter/share/imu_trajectory_filter/hook/cmake_prefix_path.ps1'
[1.926s] colcon.colcon_core.shell INFO Creating environment descriptor '/Users/yosuke/gits/cxd5602pwbimu_ros2_driver/ros2_ws/install/imu_trajectory_filter/share/imu_trajectory_filter/hook/cmake_prefix_path.dsv'
[1.926s] colcon.colcon_core.shell INFO Creating environment hook '/Users/yosuke/gits/cxd5602pwbimu_ros2_driver/ros2_ws/install/imu_trajectory_filter/share/imu_trajectory_filter/hook/cmake_prefix_path.sh'
[1.927s] colcon.colcon_core.environment Level 1 checking '/Users/yosuke/gits/cxd5602pwbimu_ros2_driver/ros2_ws/install/imu_trajectory_filter/lib'
[1.927s] colcon.colcon_core.shell Level 1 create_environment_hook('imu_trajectory_filter', 'dyld_library_path')
[1.927s] colcon.colcon_core.shell INFO Creating environment hook '/Users/yosuke/gits/cxd5602pwbimu_ros2_driver/ros2_ws/install/imu_trajectory_filter/share/imu_trajectory_filter/hook/dyld_library_path.ps1'
[1.927s] colcon.colcon_core.shell INFO Creating environment descriptor '/Users/yosuke/gits/cxd5602pwbimu_ros2_driver/ros2_ws/install/imu_trajectory_filter/share/imu_trajectory_filter/hook/dyld_library_path.dsv'
[1.927s] colcon.colcon_core.shell INFO Creating environment hook '/Users/yosuke/gits/cxd5602pwbimu_ros2_driver/ros2_ws/install/imu_trajectory_filter/share/imu_trajectory_filter/hook/dyld_library_path.sh'
[1.927s] colcon.colcon_core.environment Level 1 checking '/Users/yosuke/gits/cxd5602pwbimu_ros2_driver/ros2_ws/install/imu_trajectory_filter/bin'
[1.927s] colcon.colcon_core.environment Level 1 checking '/Users/yosuke/gits/cxd5602pwbimu_ros2_driver/ros2_ws/install/imu_trajectory_filter/lib/pkgconfig/imu_trajectory_filter.pc'
[1.928s] colcon.colcon_core.environment Level 1 checking '/Users/yosuke/gits/cxd5602pwbimu_ros2_driver/ros2_ws/install/imu_trajectory_filter/lib/python3.11/site-packages'
[1.928s] colcon.colcon_core.environment Level 1 checking '/Users/yosuke/gits/cxd5602pwbimu_ros2_driver/ros2_ws/install/imu_trajectory_filter/bin'
[1.928s] colcon.colcon_core.shell INFO Creating package script '/Users/yosuke/gits/cxd5602pwbimu_ros2_driver/ros2_ws/install/imu_trajectory_filter/share/imu_trajectory_filter/package.ps1'
[1.928s] colcon.colcon_core.shell INFO Creating package descriptor '/Users/yosuke/gits/cxd5602pwbimu_ros2_driver/ros2_ws/install/imu_trajectory_filter/share/imu_trajectory_filter/package.dsv'
[1.928s] colcon.colcon_core.shell INFO Creating package script '/Users/yosuke/gits/cxd5602pwbimu_ros2_driver/ros2_ws/install/imu_trajectory_filter/share/imu_trajectory_filter/package.sh'
[1.929s] colcon.colcon_core.shell INFO Creating package script '/Users/yosuke/gits/cxd5602pwbimu_ros2_driver/ros2_ws/install/imu_trajectory_filter/share/imu_trajectory_filter/package.bash'
[1.929s] colcon.colcon_core.shell INFO Creating package script '/Users/yosuke/gits/cxd5602pwbimu_ros2_driver/ros2_ws/install/imu_trajectory_filter/share/imu_trajectory_filter/package.zsh'
[1.929s] colcon.colcon_core.environment Level 1 create_file_with_runtime_dependencies(/Users/yosuke/gits/cxd5602pwbimu_ros2_driver/ros2_ws/install/imu_trajectory_filter/share/colcon-core/packages/imu_trajectory_filter)
[1.947s] colcon.colcon_core.environment Level 1 create_environment_scripts_only(imu_complementary_filter)
[1.947s] colcon.colcon_core.environment Level 1 checking '/Users/yosuke/gits/cxd5602pwbimu_ros2_driver/ros2_ws/install/imu_complementary_filter' for CMake module files
[1.948s] colcon.colcon_core.event_handler.log_command DEBUG Invoked command in '/Users/yosuke/gits/cxd5602pwbimu_ros2_driver/ros2_ws/build/imu_complementary_filter' returned '0': CMAKE_PREFIX_PATH=${CMAKE_PREFIX_PATH}:/Users/yosuke/miniforge3/envs/ros_env CONDA_PROMPT_MODIFIER=(ros_env) SHLVL=3 _=/Users/yosuke/miniforge3/envs/ros_env/bin/env /Users/yosuke/miniforge3/envs/ros_env/bin/cmake --install /Users/yosuke/gits/cxd5602pwbimu_ros2_driver/ros2_ws/build/imu_complementary_filter
[1.949s] colcon.colcon_core.environment Level 1 checking '/Users/yosuke/gits/cxd5602pwbimu_ros2_driver/ros2_ws/install/imu_complementary_filter' for CMake config files
[1.949s] colcon.colcon_core.shell Level 1 create_environment_hook('imu_complementary_filter', 'cmake_prefix_path')
[1.949s] colcon.colcon_core.shell INFO Creating environment hook '/Users/yosuke/gits/cxd5602pwbimu_ros2_driver/ros2_ws/install/imu_complementary_filter/share/imu_complementary_filter/hook/cmake_prefix_path.ps1'
[1.950s] colcon.colcon_core.shell INFO Creating environment descriptor '/Users/yosuke/gits/cxd5602pwbimu_ros2_driver/ros2_ws/install/imu_complementary_filter/share/imu_complementary_filter/hook/cmake_prefix_path.dsv'
[1.950s] colcon.colcon_core.shell INFO Creating environment hook '/Users/yosuke/gits/cxd5602pwbimu_ros2_driver/ros2_ws/install/imu_complementary_filter/share/imu_complementary_filter/hook/cmake_prefix_path.sh'
[1.950s] colcon.colcon_core.environment Level 1 checking '/Users/yosuke/gits/cxd5602pwbimu_ros2_driver/ros2_ws/install/imu_complementary_filter/lib'
[1.950s] colcon.colcon_core.shell Level 1 create_environment_hook('imu_complementary_filter', 'dyld_library_path')
[1.950s] colcon.colcon_core.shell INFO Creating environment hook '/Users/yosuke/gits/cxd5602pwbimu_ros2_driver/ros2_ws/install/imu_complementary_filter/share/imu_complementary_filter/hook/dyld_library_path.ps1'
[1.950s] colcon.colcon_core.shell INFO Creating environment descriptor '/Users/yosuke/gits/cxd5602pwbimu_ros2_driver/ros2_ws/install/imu_complementary_filter/share/imu_complementary_filter/hook/dyld_library_path.dsv'
[1.951s] colcon.colcon_core.shell INFO Creating environment hook '/Users/yosuke/gits/cxd5602pwbimu_ros2_driver/ros2_ws/install/imu_complementary_filter/share/imu_complementary_filter/hook/dyld_library_path.sh'
[1.951s] colcon.colcon_core.environment Level 1 checking '/Users/yosuke/gits/cxd5602pwbimu_ros2_driver/ros2_ws/install/imu_complementary_filter/bin'
[1.951s] colcon.colcon_core.environment Level 1 checking '/Users/yosuke/gits/cxd5602pwbimu_ros2_driver/ros2_ws/install/imu_complementary_filter/lib/pkgconfig/imu_complementary_filter.pc'
[1.951s] colcon.colcon_core.environment Level 1 checking '/Users/yosuke/gits/cxd5602pwbimu_ros2_driver/ros2_ws/install/imu_complementary_filter/lib/python3.11/site-packages'
[1.951s] colcon.colcon_core.environment Level 1 checking '/Users/yosuke/gits/cxd5602pwbimu_ros2_driver/ros2_ws/install/imu_complementary_filter/bin'
[1.951s] colcon.colcon_core.shell INFO Creating package script '/Users/yosuke/gits/cxd5602pwbimu_ros2_driver/ros2_ws/install/imu_complementary_filter/share/imu_complementary_filter/package.ps1'
[1.951s] colcon.colcon_core.shell INFO Creating package descriptor '/Users/yosuke/gits/cxd5602pwbimu_ros2_driver/ros2_ws/install/imu_complementary_filter/share/imu_complementary_filter/package.dsv'
[1.951s] colcon.colcon_core.shell INFO Creating package script '/Users/yosuke/gits/cxd5602pwbimu_ros2_driver/ros2_ws/install/imu_complementary_filter/share/imu_complementary_filter/package.sh'
[1.952s] colcon.colcon_core.shell INFO Creating package script '/Users/yosuke/gits/cxd5602pwbimu_ros2_driver/ros2_ws/install/imu_complementary_filter/share/imu_complementary_filter/package.bash'
[1.952s] colcon.colcon_core.shell INFO Creating package script '/Users/yosuke/gits/cxd5602pwbimu_ros2_driver/ros2_ws/install/imu_complementary_filter/share/imu_complementary_filter/package.zsh'
[1.952s] colcon.colcon_core.environment Level 1 create_file_with_runtime_dependencies(/Users/yosuke/gits/cxd5602pwbimu_ros2_driver/ros2_ws/install/imu_complementary_filter/share/colcon-core/packages/imu_complementary_filter)
[1.997s] colcon.colcon_core.environment Level 1 create_environment_scripts_only(imu_filter_madgwick)
[1.998s] colcon.colcon_core.environment Level 1 checking '/Users/yosuke/gits/cxd5602pwbimu_ros2_driver/ros2_ws/install/imu_filter_madgwick' for CMake module files
[1.998s] colcon.colcon_core.event_handler.log_command DEBUG Invoked command in '/Users/yosuke/gits/cxd5602pwbimu_ros2_driver/ros2_ws/build/imu_filter_madgwick' returned '0': CMAKE_PREFIX_PATH=${CMAKE_PREFIX_PATH}:/Users/yosuke/miniforge3/envs/ros_env CONDA_PROMPT_MODIFIER=(ros_env) SHLVL=3 _=/Users/yosuke/miniforge3/envs/ros_env/bin/env /Users/yosuke/miniforge3/envs/ros_env/bin/cmake --install /Users/yosuke/gits/cxd5602pwbimu_ros2_driver/ros2_ws/build/imu_filter_madgwick
[1.999s] colcon.colcon_core.environment Level 1 checking '/Users/yosuke/gits/cxd5602pwbimu_ros2_driver/ros2_ws/install/imu_filter_madgwick' for CMake config files
[1.999s] colcon.colcon_core.shell Level 1 create_environment_hook('imu_filter_madgwick', 'cmake_prefix_path')
[1.999s] colcon.colcon_core.shell INFO Creating environment hook '/Users/yosuke/gits/cxd5602pwbimu_ros2_driver/ros2_ws/install/imu_filter_madgwick/share/imu_filter_madgwick/hook/cmake_prefix_path.ps1'
[2.000s] colcon.colcon_core.shell INFO Creating environment descriptor '/Users/yosuke/gits/cxd5602pwbimu_ros2_driver/ros2_ws/install/imu_filter_madgwick/share/imu_filter_madgwick/hook/cmake_prefix_path.dsv'
[2.000s] colcon.colcon_core.shell INFO Creating environment hook '/Users/yosuke/gits/cxd5602pwbimu_ros2_driver/ros2_ws/install/imu_filter_madgwick/share/imu_filter_madgwick/hook/cmake_prefix_path.sh'
[2.000s] colcon.colcon_core.environment Level 1 checking '/Users/yosuke/gits/cxd5602pwbimu_ros2_driver/ros2_ws/install/imu_filter_madgwick/lib'
[2.000s] colcon.colcon_core.shell Level 1 create_environment_hook('imu_filter_madgwick', 'dyld_library_path')
[2.000s] colcon.colcon_core.shell INFO Creating environment hook '/Users/yosuke/gits/cxd5602pwbimu_ros2_driver/ros2_ws/install/imu_filter_madgwick/share/imu_filter_madgwick/hook/dyld_library_path.ps1'
[2.000s] colcon.colcon_core.shell INFO Creating environment descriptor '/Users/yosuke/gits/cxd5602pwbimu_ros2_driver/ros2_ws/install/imu_filter_madgwick/share/imu_filter_madgwick/hook/dyld_library_path.dsv'
[2.001s] colcon.colcon_core.shell INFO Creating environment hook '/Users/yosuke/gits/cxd5602pwbimu_ros2_driver/ros2_ws/install/imu_filter_madgwick/share/imu_filter_madgwick/hook/dyld_library_path.sh'
[2.001s] colcon.colcon_core.environment Level 1 checking '/Users/yosuke/gits/cxd5602pwbimu_ros2_driver/ros2_ws/install/imu_filter_madgwick/bin'
[2.001s] colcon.colcon_core.environment Level 1 checking '/Users/yosuke/gits/cxd5602pwbimu_ros2_driver/ros2_ws/install/imu_filter_madgwick/lib/pkgconfig/imu_filter_madgwick.pc'
[2.001s] colcon.colcon_core.environment Level 1 checking '/Users/yosuke/gits/cxd5602pwbimu_ros2_driver/ros2_ws/install/imu_filter_madgwick/lib/python3.11/site-packages'
[2.001s] colcon.colcon_core.environment Level 1 checking '/Users/yosuke/gits/cxd5602pwbimu_ros2_driver/ros2_ws/install/imu_filter_madgwick/bin'
[2.001s] colcon.colcon_core.shell INFO Creating package script '/Users/yosuke/gits/cxd5602pwbimu_ros2_driver/ros2_ws/install/imu_filter_madgwick/share/imu_filter_madgwick/package.ps1'
[2.001s] colcon.colcon_core.shell INFO Creating package descriptor '/Users/yosuke/gits/cxd5602pwbimu_ros2_driver/ros2_ws/install/imu_filter_madgwick/share/imu_filter_madgwick/package.dsv'
[2.002s] colcon.colcon_core.shell INFO Creating package script '/Users/yosuke/gits/cxd5602pwbimu_ros2_driver/ros2_ws/install/imu_filter_madgwick/share/imu_filter_madgwick/package.sh'
[2.002s] colcon.colcon_core.shell INFO Creating package script '/Users/yosuke/gits/cxd5602pwbimu_ros2_driver/ros2_ws/install/imu_filter_madgwick/share/imu_filter_madgwick/package.bash'
[2.002s] colcon.colcon_core.shell INFO Creating package script '/Users/yosuke/gits/cxd5602pwbimu_ros2_driver/ros2_ws/install/imu_filter_madgwick/share/imu_filter_madgwick/package.zsh'
[2.002s] colcon.colcon_core.environment Level 1 create_file_with_runtime_dependencies(/Users/yosuke/gits/cxd5602pwbimu_ros2_driver/ros2_ws/install/imu_filter_madgwick/share/colcon-core/packages/imu_filter_madgwick)
[2.135s] colcon.colcon_core.environment Level 1 create_environment_scripts_only(imu_trajectory_filter)
[2.135s] colcon.colcon_core.environment Level 1 checking '/Users/yosuke/gits/cxd5602pwbimu_ros2_driver/ros2_ws/install/imu_trajectory_filter' for CMake module files
[2.136s] colcon.colcon_core.environment Level 1 checking '/Users/yosuke/gits/cxd5602pwbimu_ros2_driver/ros2_ws/install/imu_trajectory_filter' for CMake config files
[2.136s] colcon.colcon_core.shell Level 1 create_environment_hook('imu_trajectory_filter', 'cmake_prefix_path')
[2.137s] colcon.colcon_core.shell INFO Creating environment hook '/Users/yosuke/gits/cxd5602pwbimu_ros2_driver/ros2_ws/install/imu_trajectory_filter/share/imu_trajectory_filter/hook/cmake_prefix_path.ps1'
[2.137s] colcon.colcon_core.shell INFO Creating environment descriptor '/Users/yosuke/gits/cxd5602pwbimu_ros2_driver/ros2_ws/install/imu_trajectory_filter/share/imu_trajectory_filter/hook/cmake_prefix_path.dsv'
[2.138s] colcon.colcon_core.shell INFO Creating environment hook '/Users/yosuke/gits/cxd5602pwbimu_ros2_driver/ros2_ws/install/imu_trajectory_filter/share/imu_trajectory_filter/hook/cmake_prefix_path.sh'
[2.138s] colcon.colcon_core.environment Level 1 checking '/Users/yosuke/gits/cxd5602pwbimu_ros2_driver/ros2_ws/install/imu_trajectory_filter/lib'
[2.139s] colcon.colcon_core.shell Level 1 create_environment_hook('imu_trajectory_filter', 'dyld_library_path')
[2.139s] colcon.colcon_core.shell INFO Creating environment hook '/Users/yosuke/gits/cxd5602pwbimu_ros2_driver/ros2_ws/install/imu_trajectory_filter/share/imu_trajectory_filter/hook/dyld_library_path.ps1'
[2.139s] colcon.colcon_core.shell INFO Creating environment descriptor '/Users/yosuke/gits/cxd5602pwbimu_ros2_driver/ros2_ws/install/imu_trajectory_filter/share/imu_trajectory_filter/hook/dyld_library_path.dsv'
[2.140s] colcon.colcon_core.shell INFO Creating environment hook '/Users/yosuke/gits/cxd5602pwbimu_ros2_driver/ros2_ws/install/imu_trajectory_filter/share/imu_trajectory_filter/hook/dyld_library_path.sh'
[2.140s] colcon.colcon_core.environment Level 1 checking '/Users/yosuke/gits/cxd5602pwbimu_ros2_driver/ros2_ws/install/imu_trajectory_filter/bin'
[2.140s] colcon.colcon_core.environment Level 1 checking '/Users/yosuke/gits/cxd5602pwbimu_ros2_driver/ros2_ws/install/imu_trajectory_filter/lib/pkgconfig/imu_trajectory_filter.pc'
[2.140s] colcon.colcon_core.environment Level 1 checking '/Users/yosuke/gits/cxd5602pwbimu_ros2_driver/ros2_ws/install/imu_trajectory_filter/lib/python3.11/site-packages'
[2.140s] colcon.colcon_core.environment Level 1 checking '/Users/yosuke/gits/cxd5602pwbimu_ros2_driver/ros2_ws/install/imu_trajectory_filter/bin'
[2.141s] colcon.colcon_core.shell INFO Creating package script '/Users/yosuke/gits/cxd5602pwbimu_ros2_driver/ros2_ws/install/imu_trajectory_filter/share/imu_trajectory_filter/package.ps1'
[2.141s] colcon.colcon_core.shell INFO Creating package descriptor '/Users/yosuke/gits/cxd5602pwbimu_ros2_driver/ros2_ws/install/imu_trajectory_filter/share/imu_trajectory_filter/package.dsv'
[2.141s] colcon.colcon_core.shell INFO Creating package script '/Users/yosuke/gits/cxd5602pwbimu_ros2_driver/ros2_ws/install/imu_trajectory_filter/share/imu_trajectory_filter/package.sh'
[2.142s] colcon.colcon_core.shell INFO Creating package script '/Users/yosuke/gits/cxd5602pwbimu_ros2_driver/ros2_ws/install/imu_trajectory_filter/share/imu_trajectory_filter/package.bash'
[2.142s] colcon.colcon_core.shell INFO Creating package script '/Users/yosuke/gits/cxd5602pwbimu_ros2_driver/ros2_ws/install/imu_trajectory_filter/share/imu_trajectory_filter/package.zsh'
[2.142s] colcon.colcon_core.environment Level 1 create_file_with_runtime_dependencies(/Users/yosuke/gits/cxd5602pwbimu_ros2_driver/ros2_ws/install/imu_trajectory_filter/share/colcon-core/packages/imu_trajectory_filter)
[2.221s] colcon.colcon_core.environment Level 1 create_environment_scripts_only(imu_complementary_filter)
[2.221s] colcon.colcon_core.environment Level 1 checking '/Users/yosuke/gits/cxd5602pwbimu_ros2_driver/ros2_ws/install/imu_complementary_filter' for CMake module files
[2.222s] colcon.colcon_core.environment Level 1 checking '/Users/yosuke/gits/cxd5602pwbimu_ros2_driver/ros2_ws/install/imu_complementary_filter' for CMake config files
[2.222s] colcon.colcon_core.shell Level 1 create_environment_hook('imu_complementary_filter', 'cmake_prefix_path')
[2.222s] colcon.colcon_core.shell INFO Creating environment hook '/Users/yosuke/gits/cxd5602pwbimu_ros2_driver/ros2_ws/install/imu_complementary_filter/share/imu_complementary_filter/hook/cmake_prefix_path.ps1'
[2.222s] colcon.colcon_core.shell INFO Creating environment descriptor '/Users/yosuke/gits/cxd5602pwbimu_ros2_driver/ros2_ws/install/imu_complementary_filter/share/imu_complementary_filter/hook/cmake_prefix_path.dsv'
[2.223s] colcon.colcon_core.shell INFO Creating environment hook '/Users/yosuke/gits/cxd5602pwbimu_ros2_driver/ros2_ws/install/imu_complementary_filter/share/imu_complementary_filter/hook/cmake_prefix_path.sh'
[2.223s] colcon.colcon_core.environment Level 1 checking '/Users/yosuke/gits/cxd5602pwbimu_ros2_driver/ros2_ws/install/imu_complementary_filter/lib'
[2.223s] colcon.colcon_core.shell Level 1 create_environment_hook('imu_complementary_filter', 'dyld_library_path')
[2.223s] colcon.colcon_core.shell INFO Creating environment hook '/Users/yosuke/gits/cxd5602pwbimu_ros2_driver/ros2_ws/install/imu_complementary_filter/share/imu_complementary_filter/hook/dyld_library_path.ps1'
[2.223s] colcon.colcon_core.shell INFO Creating environment descriptor '/Users/yosuke/gits/cxd5602pwbimu_ros2_driver/ros2_ws/install/imu_complementary_filter/share/imu_complementary_filter/hook/dyld_library_path.dsv'
[2.223s] colcon.colcon_core.shell INFO Creating environment hook '/Users/yosuke/gits/cxd5602pwbimu_ros2_driver/ros2_ws/install/imu_complementary_filter/share/imu_complementary_filter/hook/dyld_library_path.sh'
[2.223s] colcon.colcon_core.environment Level 1 checking '/Users/yosuke/gits/cxd5602pwbimu_ros2_driver/ros2_ws/install/imu_complementary_filter/bin'
[2.223s] colcon.colcon_core.environment Level 1 checking '/Users/yosuke/gits/cxd5602pwbimu_ros2_driver/ros2_ws/install/imu_complementary_filter/lib/pkgconfig/imu_complementary_filter.pc'
[2.223s] colcon.colcon_core.environment Level 1 checking '/Users/yosuke/gits/cxd5602pwbimu_ros2_driver/ros2_ws/install/imu_complementary_filter/lib/python3.11/site-packages'
[2.223s] colcon.colcon_core.environment Level 1 checking '/Users/yosuke/gits/cxd5602pwbimu_ros2_driver/ros2_ws/install/imu_complementary_filter/bin'
[2.224s] colcon.colcon_core.shell INFO Creating package script '/Users/yosuke/gits/cxd5602pwbimu_ros2_driver/ros2_ws/install/imu_complementary_filter/share/imu_complementary_filter/package.ps1'
[2.224s] colcon.colcon_core.shell INFO Creating package descriptor '/Users/yosuke/gits/cxd5602pwbimu_ros2_driver/ros2_ws/install/imu_complementary_filter/share/imu_complementary_filter/package.dsv'
[2.224s] colcon.colcon_core.shell INFO Creating package script '/Users/yosuke/gits/cxd5602pwbimu_ros2_driver/ros2_ws/install/imu_complementary_filter/share/imu_complementary_filter/package.sh'
[2.224s] colcon.colcon_core.shell INFO Creating package script '/Users/yosuke/gits/cxd5602pwbimu_ros2_driver/ros2_ws/install/imu_complementary_filter/share/imu_complementary_filter/package.bash'
[2.224s] colcon.colcon_core.shell INFO Creating package script '/Users/yosuke/gits/cxd5602pwbimu_ros2_driver/ros2_ws/install/imu_complementary_filter/share/imu_complementary_filter/package.zsh'
[2.224s] colcon.colcon_core.environment Level 1 create_file_with_runtime_dependencies(/Users/yosuke/gits/cxd5602pwbimu_ros2_driver/ros2_ws/install/imu_complementary_filter/share/colcon-core/packages/imu_complementary_filter)
[2.289s] colcon.colcon_core.environment Level 1 create_environment_scripts_only(imu_filter_madgwick)
[2.289s] colcon.colcon_core.environment Level 1 checking '/Users/yosuke/gits/cxd5602pwbimu_ros2_driver/ros2_ws/install/imu_filter_madgwick' for CMake module files
[2.290s] colcon.colcon_core.environment Level 1 checking '/Users/yosuke/gits/cxd5602pwbimu_ros2_driver/ros2_ws/install/imu_filter_madgwick' for CMake config files
[2.290s] colcon.colcon_core.shell Level 1 create_environment_hook('imu_filter_madgwick', 'cmake_prefix_path')
[2.290s] colcon.colcon_core.shell INFO Creating environment hook '/Users/yosuke/gits/cxd5602pwbimu_ros2_driver/ros2_ws/install/imu_filter_madgwick/share/imu_filter_madgwick/hook/cmake_prefix_path.ps1'
[2.290s] colcon.colcon_core.shell INFO Creating environment descriptor '/Users/yosuke/gits/cxd5602pwbimu_ros2_driver/ros2_ws/install/imu_filter_madgwick/share/imu_filter_madgwick/hook/cmake_prefix_path.dsv'
[2.290s] colcon.colcon_core.shell INFO Creating environment hook '/Users/yosuke/gits/cxd5602pwbimu_ros2_driver/ros2_ws/install/imu_filter_madgwick/share/imu_filter_madgwick/hook/cmake_prefix_path.sh'
[2.291s] colcon.colcon_core.environment Level 1 checking '/Users/yosuke/gits/cxd5602pwbimu_ros2_driver/ros2_ws/install/imu_filter_madgwick/lib'
[2.291s] colcon.colcon_core.shell Level 1 create_environment_hook('imu_filter_madgwick', 'dyld_library_path')
[2.291s] colcon.colcon_core.shell INFO Creating environment hook '/Users/yosuke/gits/cxd5602pwbimu_ros2_driver/ros2_ws/install/imu_filter_madgwick/share/imu_filter_madgwick/hook/dyld_library_path.ps1'
[2.291s] colcon.colcon_core.shell INFO Creating environment descriptor '/Users/yosuke/gits/cxd5602pwbimu_ros2_driver/ros2_ws/install/imu_filter_madgwick/share/imu_filter_madgwick/hook/dyld_library_path.dsv'
[2.291s] colcon.colcon_core.shell INFO Creating environment hook '/Users/yosuke/gits/cxd5602pwbimu_ros2_driver/ros2_ws/install/imu_filter_madgwick/share/imu_filter_madgwick/hook/dyld_library_path.sh'
[2.291s] colcon.colcon_core.environment Level 1 checking '/Users/yosuke/gits/cxd5602pwbimu_ros2_driver/ros2_ws/install/imu_filter_madgwick/bin'
[2.291s] colcon.colcon_core.environment Level 1 checking '/Users/yosuke/gits/cxd5602pwbimu_ros2_driver/ros2_ws/install/imu_filter_madgwick/lib/pkgconfig/imu_filter_madgwick.pc'
[2.291s] colcon.colcon_core.environment Level 1 checking '/Users/yosuke/gits/cxd5602pwbimu_ros2_driver/ros2_ws/install/imu_filter_madgwick/lib/python3.11/site-packages'
[2.291s] colcon.colcon_core.environment Level 1 checking '/Users/yosuke/gits/cxd5602pwbimu_ros2_driver/ros2_ws/install/imu_filter_madgwick/bin'
[2.291s] colcon.colcon_core.shell INFO Creating package script '/Users/yosuke/gits/cxd5602pwbimu_ros2_driver/ros2_ws/install/imu_filter_madgwick/share/imu_filter_madgwick/package.ps1'
[2.292s] colcon.colcon_core.shell INFO Creating package descriptor '/Users/yosuke/gits/cxd5602pwbimu_ros2_driver/ros2_ws/install/imu_filter_madgwick/share/imu_filter_madgwick/package.dsv'
[2.292s] colcon.colcon_core.shell INFO Creating package script '/Users/yosuke/gits/cxd5602pwbimu_ros2_driver/ros2_ws/install/imu_filter_madgwick/share/imu_filter_madgwick/package.sh'
[2.292s] colcon.colcon_core.shell INFO Creating package script '/Users/yosuke/gits/cxd5602pwbimu_ros2_driver/ros2_ws/install/imu_filter_madgwick/share/imu_filter_madgwick/package.bash'
[2.292s] colcon.colcon_core.shell INFO Creating package script '/Users/yosuke/gits/cxd5602pwbimu_ros2_driver/ros2_ws/install/imu_filter_madgwick/share/imu_filter_madgwick/package.zsh'
[2.292s] colcon.colcon_core.environment Level 1 create_file_with_runtime_dependencies(/Users/yosuke/gits/cxd5602pwbimu_ros2_driver/ros2_ws/install/imu_filter_madgwick/share/colcon-core/packages/imu_filter_madgwick)
[2.659s] colcon.colcon_core.event_handler.log_command DEBUG Invoked command in '/Users/yosuke/gits/cxd5602pwbimu_ros2_driver/ros2_ws/build/h6x_serial_interface' returned '2': CMAKE_PREFIX_PATH=${CMAKE_PREFIX_PATH}:/Users/yosuke/miniforge3/envs/ros_env CONDA_PROMPT_MODIFIER=(ros_env) SHLVL=3 _=/Users/yosuke/miniforge3/envs/ros_env/bin/env /Users/yosuke/miniforge3/envs/ros_env/bin/cmake --build /Users/yosuke/gits/cxd5602pwbimu_ros2_driver/ros2_ws/build/h6x_serial_interface -- -j10 -l10
[2.992s] colcon.colcon_core.environment Level 1 create_environment_scripts_only(h6x_serial_interface)
[2.992s] colcon.colcon_core.environment Level 1 checking '/Users/yosuke/gits/cxd5602pwbimu_ros2_driver/ros2_ws/install/h6x_serial_interface' for CMake module files
[2.992s] colcon.colcon_core.environment Level 1 checking '/Users/yosuke/gits/cxd5602pwbimu_ros2_driver/ros2_ws/install/h6x_serial_interface' for CMake config files
[2.993s] colcon.colcon_core.environment Level 1 checking '/Users/yosuke/gits/cxd5602pwbimu_ros2_driver/ros2_ws/install/h6x_serial_interface/lib'
[2.993s] colcon.colcon_core.environment Level 1 checking '/Users/yosuke/gits/cxd5602pwbimu_ros2_driver/ros2_ws/install/h6x_serial_interface/bin'
[2.993s] colcon.colcon_core.environment Level 1 checking '/Users/yosuke/gits/cxd5602pwbimu_ros2_driver/ros2_ws/install/h6x_serial_interface/lib/pkgconfig/h6x_serial_interface.pc'
[2.993s] colcon.colcon_core.environment Level 1 checking '/Users/yosuke/gits/cxd5602pwbimu_ros2_driver/ros2_ws/install/h6x_serial_interface/lib/python3.11/site-packages'
[2.994s] colcon.colcon_core.environment Level 1 checking '/Users/yosuke/gits/cxd5602pwbimu_ros2_driver/ros2_ws/install/h6x_serial_interface/bin'
[2.994s] colcon.colcon_core.shell INFO Creating package script '/Users/yosuke/gits/cxd5602pwbimu_ros2_driver/ros2_ws/install/h6x_serial_interface/share/h6x_serial_interface/package.ps1'
[2.995s] colcon.colcon_core.shell INFO Creating package descriptor '/Users/yosuke/gits/cxd5602pwbimu_ros2_driver/ros2_ws/install/h6x_serial_interface/share/h6x_serial_interface/package.dsv'
[2.995s] colcon.colcon_core.shell INFO Creating package script '/Users/yosuke/gits/cxd5602pwbimu_ros2_driver/ros2_ws/install/h6x_serial_interface/share/h6x_serial_interface/package.sh'
[2.996s] colcon.colcon_core.shell INFO Creating package script '/Users/yosuke/gits/cxd5602pwbimu_ros2_driver/ros2_ws/install/h6x_serial_interface/share/h6x_serial_interface/package.bash'
[2.997s] colcon.colcon_core.shell INFO Creating package script '/Users/yosuke/gits/cxd5602pwbimu_ros2_driver/ros2_ws/install/h6x_serial_interface/share/h6x_serial_interface/package.zsh'
[2.997s] colcon.colcon_core.environment Level 1 create_file_with_runtime_dependencies(/Users/yosuke/gits/cxd5602pwbimu_ros2_driver/ros2_ws/install/h6x_serial_interface/share/colcon-core/packages/h6x_serial_interface)
[7.285s] colcon.colcon_parallel_executor.executor.parallel DEBUG closing loop
[7.285s] colcon.colcon_parallel_executor.executor.parallel DEBUG loop closed
[7.285s] colcon.colcon_parallel_executor.executor.parallel DEBUG run_until_complete finished with '2'
[7.285s] colcon.colcon_core.event_reactor DEBUG joining thread
[7.285s] colcon.colcon_core.event_reactor DEBUG joined thread
[7.285s] colcon.colcon_core.shell INFO Creating prefix script '/Users/yosuke/gits/cxd5602pwbimu_ros2_driver/ros2_ws/install/local_setup.ps1'
[7.286s] colcon.colcon_core.shell INFO Creating prefix util module '/Users/yosuke/gits/cxd5602pwbimu_ros2_driver/ros2_ws/install/_local_setup_util_ps1.py'
[7.286s] colcon.colcon_core.shell INFO Creating prefix chain script '/Users/yosuke/gits/cxd5602pwbimu_ros2_driver/ros2_ws/install/setup.ps1'
[7.286s] colcon.colcon_core.shell INFO Creating prefix script '/Users/yosuke/gits/cxd5602pwbimu_ros2_driver/ros2_ws/install/local_setup.sh'
[7.287s] colcon.colcon_core.shell INFO Creating prefix util module '/Users/yosuke/gits/cxd5602pwbimu_ros2_driver/ros2_ws/install/_local_setup_util_sh.py'
[7.287s] colcon.colcon_core.shell INFO Creating prefix chain script '/Users/yosuke/gits/cxd5602pwbimu_ros2_driver/ros2_ws/install/setup.sh'
[7.287s] colcon.colcon_core.shell INFO Creating prefix script '/Users/yosuke/gits/cxd5602pwbimu_ros2_driver/ros2_ws/install/local_setup.bash'
[7.287s] colcon.colcon_core.shell INFO Creating prefix chain script '/Users/yosuke/gits/cxd5602pwbimu_ros2_driver/ros2_ws/install/setup.bash'
[7.288s] colcon.colcon_core.shell INFO Creating prefix script '/Users/yosuke/gits/cxd5602pwbimu_ros2_driver/ros2_ws/install/local_setup.zsh'
[7.288s] colcon.colcon_core.shell INFO Creating prefix chain script '/Users/yosuke/gits/cxd5602pwbimu_ros2_driver/ros2_ws/install/setup.zsh'
