[0.065s] colcon DEBUG Command line arguments: ['/Users/yosuke/miniforge3/envs/ros_env/bin/colcon', 'build', '--cmake-args', '-DCMAKE_PREFIX_PATH=/usr/local', '-DCMAKE_CXX_FLAGS=-I/usr/local/include', '-DCMAKE_EXE_LINKER_FLAGS=-L/usr/local/lib']
[0.065s] colcon DEBUG Parsed command line arguments: Namespace(log_base=None, log_level=None, verb_name='build', build_base='build', install_base='install', merge_install=False, symlink_install=False, test_result_base=None, continue_on_error=False, executor='parallel', parallel_workers=10, event_handlers=None, ignore_user_meta=False, metas=['./colcon.meta'], base_paths=['.'], packages_ignore=None, packages_ignore_regex=None, paths=None, packages_up_to=None, packages_up_to_regex=None, packages_above=None, packages_above_and_dependencies=None, packages_above_depth=None, packages_select_by_dep=None, packages_skip_by_dep=None, packages_skip_up_to=None, packages_select_build_failed=False, packages_skip_build_finished=False, packages_select_test_failures=False, packages_skip_test_passed=False, packages_select=None, packages_skip=None, packages_select_regex=None, packages_skip_regex=None, packages_start=None, packages_end=None, cmake_args=['-DCMAKE_PREFIX_PATH=/usr/local', '-DCMAKE_CXX_FLAGS=-I/usr/local/include', '-DCMAKE_EXE_LINKER_FLAGS=-L/usr/local/lib'], cmake_target=None, cmake_target_skip_unavailable=False, cmake_clean_cache=False, cmake_clean_first=False, cmake_force_configure=False, ament_cmake_args=None, catkin_cmake_args=None, catkin_skip_building_tests=False, verb_parser=<colcon_defaults.argument_parser.defaults.DefaultArgumentsDecorator object at 0x103bfb8d0>, verb_extension=<colcon_core.verb.build.BuildVerb object at 0x103bfb210>, main=<bound method BuildVerb.main of <colcon_core.verb.build.BuildVerb object at 0x103bfb210>>)
[0.080s] colcon.colcon_core.package_discovery Level 1 discover_packages(colcon_meta) check parameters
[0.080s] colcon.colcon_core.package_discovery Level 1 discover_packages(recursive) check parameters
[0.080s] colcon.colcon_core.package_discovery Level 1 discover_packages(ignore) check parameters
[0.080s] colcon.colcon_core.package_discovery Level 1 discover_packages(path) check parameters
[0.080s] colcon.colcon_core.package_discovery Level 1 discover_packages(colcon_meta) discover
[0.080s] colcon.colcon_core.package_discovery Level 1 discover_packages(recursive) discover
[0.080s] colcon.colcon_core.package_discovery INFO Crawling recursively for packages in '/Users/yosuke/gits/cxd5602pwbimu_ros2_driver/ros2_ws'
[0.080s] colcon.colcon_core.package_identification Level 1 _identify(.) by extensions ['ignore', 'ignore_ament_install']
[0.080s] colcon.colcon_core.package_identification Level 1 _identify(.) by extension 'ignore'
[0.080s] colcon.colcon_core.package_identification Level 1 _identify(.) by extension 'ignore_ament_install'
[0.080s] colcon.colcon_core.package_identification Level 1 _identify(.) by extensions ['colcon_pkg']
[0.081s] colcon.colcon_core.package_identification Level 1 _identify(.) by extension 'colcon_pkg'
[0.081s] colcon.colcon_core.package_identification Level 1 _identify(.) by extensions ['colcon_meta']
[0.081s] colcon.colcon_core.package_identification Level 1 _identify(.) by extension 'colcon_meta'
[0.081s] colcon.colcon_core.package_identification Level 1 _identify(.) by extensions ['ros']
[0.081s] colcon.colcon_core.package_identification Level 1 _identify(.) by extension 'ros'
[0.091s] colcon.colcon_core.package_identification Level 1 _identify(.) by extensions ['cmake', 'python']
[0.091s] colcon.colcon_core.package_identification Level 1 _identify(.) by extension 'cmake'
[0.091s] colcon.colcon_core.package_identification Level 1 _identify(.) by extension 'python'
[0.091s] colcon.colcon_core.package_identification Level 1 _identify(.) by extensions ['python_setup_py']
[0.091s] colcon.colcon_core.package_identification Level 1 _identify(.) by extension 'python_setup_py'
[0.091s] colcon.colcon_core.package_identification Level 1 _identify(build) by extensions ['ignore', 'ignore_ament_install']
[0.091s] colcon.colcon_core.package_identification Level 1 _identify(build) by extension 'ignore'
[0.091s] colcon.colcon_core.package_identification Level 1 _identify(build) ignored
[0.091s] colcon.colcon_core.package_identification Level 1 _identify(install) by extensions ['ignore', 'ignore_ament_install']
[0.091s] colcon.colcon_core.package_identification Level 1 _identify(install) by extension 'ignore'
[0.091s] colcon.colcon_core.package_identification Level 1 _identify(install) ignored
[0.091s] colcon.colcon_core.package_identification Level 1 _identify(log) by extensions ['ignore', 'ignore_ament_install']
[0.091s] colcon.colcon_core.package_identification Level 1 _identify(log) by extension 'ignore'
[0.091s] colcon.colcon_core.package_identification Level 1 _identify(log) ignored
[0.091s] colcon.colcon_core.package_identification Level 1 _identify(src) by extensions ['ignore', 'ignore_ament_install']
[0.091s] colcon.colcon_core.package_identification Level 1 _identify(src) by extension 'ignore'
[0.091s] colcon.colcon_core.package_identification Level 1 _identify(src) by extension 'ignore_ament_install'
[0.091s] colcon.colcon_core.package_identification Level 1 _identify(src) by extensions ['colcon_pkg']
[0.091s] colcon.colcon_core.package_identification Level 1 _identify(src) by extension 'colcon_pkg'
[0.091s] colcon.colcon_core.package_identification Level 1 _identify(src) by extensions ['colcon_meta']
[0.091s] colcon.colcon_core.package_identification Level 1 _identify(src) by extension 'colcon_meta'
[0.091s] colcon.colcon_core.package_identification Level 1 _identify(src) by extensions ['ros']
[0.091s] colcon.colcon_core.package_identification Level 1 _identify(src) by extension 'ros'
[0.091s] colcon.colcon_core.package_identification Level 1 _identify(src) by extensions ['cmake', 'python']
[0.091s] colcon.colcon_core.package_identification Level 1 _identify(src) by extension 'cmake'
[0.091s] colcon.colcon_core.package_identification Level 1 _identify(src) by extension 'python'
[0.091s] colcon.colcon_core.package_identification Level 1 _identify(src) by extensions ['python_setup_py']
[0.092s] colcon.colcon_core.package_identification Level 1 _identify(src) by extension 'python_setup_py'
[0.092s] colcon.colcon_core.package_identification Level 1 _identify(src/cxd5602pwbimu_driver) by extensions ['ignore', 'ignore_ament_install']
[0.092s] colcon.colcon_core.package_identification Level 1 _identify(src/cxd5602pwbimu_driver) by extension 'ignore'
[0.092s] colcon.colcon_core.package_identification Level 1 _identify(src/cxd5602pwbimu_driver) by extension 'ignore_ament_install'
[0.092s] colcon.colcon_core.package_identification Level 1 _identify(src/cxd5602pwbimu_driver) by extensions ['colcon_pkg']
[0.092s] colcon.colcon_core.package_identification Level 1 _identify(src/cxd5602pwbimu_driver) by extension 'colcon_pkg'
[0.092s] colcon.colcon_core.package_identification Level 1 _identify(src/cxd5602pwbimu_driver) by extensions ['colcon_meta']
[0.092s] colcon.colcon_core.package_identification Level 1 _identify(src/cxd5602pwbimu_driver) by extension 'colcon_meta'
[0.092s] colcon.colcon_core.package_identification Level 1 _identify(src/cxd5602pwbimu_driver) by extensions ['ros']
[0.092s] colcon.colcon_core.package_identification Level 1 _identify(src/cxd5602pwbimu_driver) by extension 'ros'
[0.093s] colcon.colcon_core.package_identification DEBUG Package 'src/cxd5602pwbimu_driver' with type 'ros.ament_cmake' and name 'cxd5602pwbimu_driver'
[0.093s] colcon.colcon_core.package_identification Level 1 _identify(src/cxd5602pwbimu_driver_bringup) by extensions ['ignore', 'ignore_ament_install']
[0.093s] colcon.colcon_core.package_identification Level 1 _identify(src/cxd5602pwbimu_driver_bringup) by extension 'ignore'
[0.093s] colcon.colcon_core.package_identification Level 1 _identify(src/cxd5602pwbimu_driver_bringup) by extension 'ignore_ament_install'
[0.093s] colcon.colcon_core.package_identification Level 1 _identify(src/cxd5602pwbimu_driver_bringup) by extensions ['colcon_pkg']
[0.093s] colcon.colcon_core.package_identification Level 1 _identify(src/cxd5602pwbimu_driver_bringup) by extension 'colcon_pkg'
[0.093s] colcon.colcon_core.package_identification Level 1 _identify(src/cxd5602pwbimu_driver_bringup) by extensions ['colcon_meta']
[0.093s] colcon.colcon_core.package_identification Level 1 _identify(src/cxd5602pwbimu_driver_bringup) by extension 'colcon_meta'
[0.093s] colcon.colcon_core.package_identification Level 1 _identify(src/cxd5602pwbimu_driver_bringup) by extensions ['ros']
[0.093s] colcon.colcon_core.package_identification Level 1 _identify(src/cxd5602pwbimu_driver_bringup) by extension 'ros'
[0.093s] colcon.colcon_core.package_identification DEBUG Package 'src/cxd5602pwbimu_driver_bringup' with type 'ros.ament_python' and name 'cxd5602pwbimu_driver_bringup'
[0.093s] colcon.colcon_core.package_identification Level 1 _identify(src/cxd5602pwbimu_driver_node) by extensions ['ignore', 'ignore_ament_install']
[0.093s] colcon.colcon_core.package_identification Level 1 _identify(src/cxd5602pwbimu_driver_node) by extension 'ignore'
[0.093s] colcon.colcon_core.package_identification Level 1 _identify(src/cxd5602pwbimu_driver_node) by extension 'ignore_ament_install'
[0.093s] colcon.colcon_core.package_identification Level 1 _identify(src/cxd5602pwbimu_driver_node) by extensions ['colcon_pkg']
[0.093s] colcon.colcon_core.package_identification Level 1 _identify(src/cxd5602pwbimu_driver_node) by extension 'colcon_pkg'
[0.093s] colcon.colcon_core.package_identification Level 1 _identify(src/cxd5602pwbimu_driver_node) by extensions ['colcon_meta']
[0.093s] colcon.colcon_core.package_identification Level 1 _identify(src/cxd5602pwbimu_driver_node) by extension 'colcon_meta'
[0.093s] colcon.colcon_core.package_identification Level 1 _identify(src/cxd5602pwbimu_driver_node) by extensions ['ros']
[0.093s] colcon.colcon_core.package_identification Level 1 _identify(src/cxd5602pwbimu_driver_node) by extension 'ros'
[0.093s] colcon.colcon_core.package_identification DEBUG Package 'src/cxd5602pwbimu_driver_node' with type 'ros.ament_cmake' and name 'cxd5602pwbimu_driver_node'
[0.093s] colcon.colcon_core.package_identification Level 1 _identify(src/h6x_serial_interface) by extensions ['ignore', 'ignore_ament_install']
[0.093s] colcon.colcon_core.package_identification Level 1 _identify(src/h6x_serial_interface) by extension 'ignore'
[0.093s] colcon.colcon_core.package_identification Level 1 _identify(src/h6x_serial_interface) by extension 'ignore_ament_install'
[0.094s] colcon.colcon_core.package_identification Level 1 _identify(src/h6x_serial_interface) by extensions ['colcon_pkg']
[0.094s] colcon.colcon_core.package_identification Level 1 _identify(src/h6x_serial_interface) by extension 'colcon_pkg'
[0.094s] colcon.colcon_core.package_identification Level 1 _identify(src/h6x_serial_interface) by extensions ['colcon_meta']
[0.094s] colcon.colcon_core.package_identification Level 1 _identify(src/h6x_serial_interface) by extension 'colcon_meta'
[0.094s] colcon.colcon_core.package_identification Level 1 _identify(src/h6x_serial_interface) by extensions ['ros']
[0.094s] colcon.colcon_core.package_identification Level 1 _identify(src/h6x_serial_interface) by extension 'ros'
[0.094s] colcon.colcon_core.package_identification Level 1 _identify(src/h6x_serial_interface) by extensions ['cmake', 'python']
[0.094s] colcon.colcon_core.package_identification Level 1 _identify(src/h6x_serial_interface) by extension 'cmake'
[0.094s] colcon.colcon_core.package_identification Level 1 _identify(src/h6x_serial_interface) by extension 'python'
[0.094s] colcon.colcon_core.package_identification Level 1 _identify(src/h6x_serial_interface) by extensions ['python_setup_py']
[0.094s] colcon.colcon_core.package_identification Level 1 _identify(src/h6x_serial_interface) by extension 'python_setup_py'
[0.094s] colcon.colcon_core.package_identification Level 1 _identify(src/h6x_serial_interface/h6x_packet_handler) by extensions ['ignore', 'ignore_ament_install']
[0.094s] colcon.colcon_core.package_identification Level 1 _identify(src/h6x_serial_interface/h6x_packet_handler) by extension 'ignore'
[0.094s] colcon.colcon_core.package_identification Level 1 _identify(src/h6x_serial_interface/h6x_packet_handler) by extension 'ignore_ament_install'
[0.094s] colcon.colcon_core.package_identification Level 1 _identify(src/h6x_serial_interface/h6x_packet_handler) by extensions ['colcon_pkg']
[0.094s] colcon.colcon_core.package_identification Level 1 _identify(src/h6x_serial_interface/h6x_packet_handler) by extension 'colcon_pkg'
[0.094s] colcon.colcon_core.package_identification Level 1 _identify(src/h6x_serial_interface/h6x_packet_handler) by extensions ['colcon_meta']
[0.094s] colcon.colcon_core.package_identification Level 1 _identify(src/h6x_serial_interface/h6x_packet_handler) by extension 'colcon_meta'
[0.094s] colcon.colcon_core.package_identification Level 1 _identify(src/h6x_serial_interface/h6x_packet_handler) by extensions ['ros']
[0.094s] colcon.colcon_core.package_identification Level 1 _identify(src/h6x_serial_interface/h6x_packet_handler) by extension 'ros'
[0.094s] colcon.colcon_core.package_identification DEBUG Package 'src/h6x_serial_interface/h6x_packet_handler' with type 'ros.ament_cmake' and name 'h6x_packet_handler'
[0.094s] colcon.colcon_core.package_identification Level 1 _identify(src/h6x_serial_interface/h6x_serial_interface) by extensions ['ignore', 'ignore_ament_install']
[0.094s] colcon.colcon_core.package_identification Level 1 _identify(src/h6x_serial_interface/h6x_serial_interface) by extension 'ignore'
[0.094s] colcon.colcon_core.package_identification Level 1 _identify(src/h6x_serial_interface/h6x_serial_interface) by extension 'ignore_ament_install'
[0.094s] colcon.colcon_core.package_identification Level 1 _identify(src/h6x_serial_interface/h6x_serial_interface) by extensions ['colcon_pkg']
[0.094s] colcon.colcon_core.package_identification Level 1 _identify(src/h6x_serial_interface/h6x_serial_interface) by extension 'colcon_pkg'
[0.094s] colcon.colcon_core.package_identification Level 1 _identify(src/h6x_serial_interface/h6x_serial_interface) by extensions ['colcon_meta']
[0.094s] colcon.colcon_core.package_identification Level 1 _identify(src/h6x_serial_interface/h6x_serial_interface) by extension 'colcon_meta'
[0.094s] colcon.colcon_core.package_identification Level 1 _identify(src/h6x_serial_interface/h6x_serial_interface) by extensions ['ros']
[0.094s] colcon.colcon_core.package_identification Level 1 _identify(src/h6x_serial_interface/h6x_serial_interface) by extension 'ros'
[0.095s] colcon.colcon_core.package_identification DEBUG Package 'src/h6x_serial_interface/h6x_serial_interface' with type 'ros.ament_cmake' and name 'h6x_serial_interface'
[0.095s] colcon.colcon_core.package_identification Level 1 _identify(src/h6x_serial_interface/h6x_serial_interface_example) by extensions ['ignore', 'ignore_ament_install']
[0.095s] colcon.colcon_core.package_identification Level 1 _identify(src/h6x_serial_interface/h6x_serial_interface_example) by extension 'ignore'
[0.095s] colcon.colcon_core.package_identification Level 1 _identify(src/h6x_serial_interface/h6x_serial_interface_example) by extension 'ignore_ament_install'
[0.095s] colcon.colcon_core.package_identification Level 1 _identify(src/h6x_serial_interface/h6x_serial_interface_example) by extensions ['colcon_pkg']
[0.095s] colcon.colcon_core.package_identification Level 1 _identify(src/h6x_serial_interface/h6x_serial_interface_example) by extension 'colcon_pkg'
[0.095s] colcon.colcon_core.package_identification Level 1 _identify(src/h6x_serial_interface/h6x_serial_interface_example) by extensions ['colcon_meta']
[0.095s] colcon.colcon_core.package_identification Level 1 _identify(src/h6x_serial_interface/h6x_serial_interface_example) by extension 'colcon_meta'
[0.095s] colcon.colcon_core.package_identification Level 1 _identify(src/h6x_serial_interface/h6x_serial_interface_example) by extensions ['ros']
[0.095s] colcon.colcon_core.package_identification Level 1 _identify(src/h6x_serial_interface/h6x_serial_interface_example) by extension 'ros'
[0.095s] colcon.colcon_core.package_identification DEBUG Package 'src/h6x_serial_interface/h6x_serial_interface_example' with type 'ros.ament_cmake' and name 'h6x_serial_interface_example'
[0.095s] colcon.colcon_core.package_identification Level 1 _identify(src/imu_tools) by extensions ['ignore', 'ignore_ament_install']
[0.095s] colcon.colcon_core.package_identification Level 1 _identify(src/imu_tools) by extension 'ignore'
[0.095s] colcon.colcon_core.package_identification Level 1 _identify(src/imu_tools) by extension 'ignore_ament_install'
[0.095s] colcon.colcon_core.package_identification Level 1 _identify(src/imu_tools) by extensions ['colcon_pkg']
[0.095s] colcon.colcon_core.package_identification Level 1 _identify(src/imu_tools) by extension 'colcon_pkg'
[0.095s] colcon.colcon_core.package_identification Level 1 _identify(src/imu_tools) by extensions ['colcon_meta']
[0.095s] colcon.colcon_core.package_identification Level 1 _identify(src/imu_tools) by extension 'colcon_meta'
[0.095s] colcon.colcon_core.package_identification Level 1 _identify(src/imu_tools) by extensions ['ros']
[0.095s] colcon.colcon_core.package_identification Level 1 _identify(src/imu_tools) by extension 'ros'
[0.095s] colcon.colcon_core.package_identification Level 1 _identify(src/imu_tools) by extensions ['cmake', 'python']
[0.095s] colcon.colcon_core.package_identification Level 1 _identify(src/imu_tools) by extension 'cmake'
[0.095s] colcon.colcon_core.package_identification Level 1 _identify(src/imu_tools) by extension 'python'
[0.095s] colcon.colcon_core.package_identification Level 1 _identify(src/imu_tools) by extensions ['python_setup_py']
[0.095s] colcon.colcon_core.package_identification Level 1 _identify(src/imu_tools) by extension 'python_setup_py'
[0.095s] colcon.colcon_core.package_identification Level 1 _identify(src/imu_tools/imu_complementary_filter) by extensions ['ignore', 'ignore_ament_install']
[0.096s] colcon.colcon_core.package_identification Level 1 _identify(src/imu_tools/imu_complementary_filter) by extension 'ignore'
[0.096s] colcon.colcon_core.package_identification Level 1 _identify(src/imu_tools/imu_complementary_filter) by extension 'ignore_ament_install'
[0.096s] colcon.colcon_core.package_identification Level 1 _identify(src/imu_tools/imu_complementary_filter) by extensions ['colcon_pkg']
[0.096s] colcon.colcon_core.package_identification Level 1 _identify(src/imu_tools/imu_complementary_filter) by extension 'colcon_pkg'
[0.096s] colcon.colcon_core.package_identification Level 1 _identify(src/imu_tools/imu_complementary_filter) by extensions ['colcon_meta']
[0.096s] colcon.colcon_core.package_identification Level 1 _identify(src/imu_tools/imu_complementary_filter) by extension 'colcon_meta'
[0.096s] colcon.colcon_core.package_identification Level 1 _identify(src/imu_tools/imu_complementary_filter) by extensions ['ros']
[0.096s] colcon.colcon_core.package_identification Level 1 _identify(src/imu_tools/imu_complementary_filter) by extension 'ros'
[0.096s] colcon.colcon_core.package_identification DEBUG Package 'src/imu_tools/imu_complementary_filter' with type 'ros.ament_cmake' and name 'imu_complementary_filter'
[0.096s] colcon.colcon_core.package_identification Level 1 _identify(src/imu_tools/imu_filter_madgwick) by extensions ['ignore', 'ignore_ament_install']
[0.096s] colcon.colcon_core.package_identification Level 1 _identify(src/imu_tools/imu_filter_madgwick) by extension 'ignore'
[0.096s] colcon.colcon_core.package_identification Level 1 _identify(src/imu_tools/imu_filter_madgwick) by extension 'ignore_ament_install'
[0.096s] colcon.colcon_core.package_identification Level 1 _identify(src/imu_tools/imu_filter_madgwick) by extensions ['colcon_pkg']
[0.096s] colcon.colcon_core.package_identification Level 1 _identify(src/imu_tools/imu_filter_madgwick) by extension 'colcon_pkg'
[0.096s] colcon.colcon_core.package_identification Level 1 _identify(src/imu_tools/imu_filter_madgwick) by extensions ['colcon_meta']
[0.096s] colcon.colcon_core.package_identification Level 1 _identify(src/imu_tools/imu_filter_madgwick) by extension 'colcon_meta'
[0.096s] colcon.colcon_core.package_identification Level 1 _identify(src/imu_tools/imu_filter_madgwick) by extensions ['ros']
[0.096s] colcon.colcon_core.package_identification Level 1 _identify(src/imu_tools/imu_filter_madgwick) by extension 'ros'
[0.096s] colcon.colcon_core.package_identification DEBUG Package 'src/imu_tools/imu_filter_madgwick' with type 'ros.ament_cmake' and name 'imu_filter_madgwick'
[0.096s] colcon.colcon_core.package_identification Level 1 _identify(src/imu_tools/imu_tools) by extensions ['ignore', 'ignore_ament_install']
[0.096s] colcon.colcon_core.package_identification Level 1 _identify(src/imu_tools/imu_tools) by extension 'ignore'
[0.096s] colcon.colcon_core.package_identification Level 1 _identify(src/imu_tools/imu_tools) by extension 'ignore_ament_install'
[0.096s] colcon.colcon_core.package_identification Level 1 _identify(src/imu_tools/imu_tools) by extensions ['colcon_pkg']
[0.096s] colcon.colcon_core.package_identification Level 1 _identify(src/imu_tools/imu_tools) by extension 'colcon_pkg'
[0.097s] colcon.colcon_core.package_identification Level 1 _identify(src/imu_tools/imu_tools) by extensions ['colcon_meta']
[0.097s] colcon.colcon_core.package_identification Level 1 _identify(src/imu_tools/imu_tools) by extension 'colcon_meta'
[0.097s] colcon.colcon_core.package_identification Level 1 _identify(src/imu_tools/imu_tools) by extensions ['ros']
[0.097s] colcon.colcon_core.package_identification Level 1 _identify(src/imu_tools/imu_tools) by extension 'ros'
[0.097s] colcon.colcon_core.package_identification DEBUG Package 'src/imu_tools/imu_tools' with type 'ros.ament_cmake' and name 'imu_tools'
[0.097s] colcon.colcon_core.package_identification Level 1 _identify(src/imu_tools/rviz_imu_plugin) by extensions ['ignore', 'ignore_ament_install']
[0.097s] colcon.colcon_core.package_identification Level 1 _identify(src/imu_tools/rviz_imu_plugin) by extension 'ignore'
[0.097s] colcon.colcon_core.package_identification Level 1 _identify(src/imu_tools/rviz_imu_plugin) by extension 'ignore_ament_install'
[0.097s] colcon.colcon_core.package_identification Level 1 _identify(src/imu_tools/rviz_imu_plugin) by extensions ['colcon_pkg']
[0.097s] colcon.colcon_core.package_identification Level 1 _identify(src/imu_tools/rviz_imu_plugin) by extension 'colcon_pkg'
[0.097s] colcon.colcon_core.package_identification Level 1 _identify(src/imu_tools/rviz_imu_plugin) by extensions ['colcon_meta']
[0.097s] colcon.colcon_core.package_identification Level 1 _identify(src/imu_tools/rviz_imu_plugin) by extension 'colcon_meta'
[0.097s] colcon.colcon_core.package_identification Level 1 _identify(src/imu_tools/rviz_imu_plugin) by extensions ['ros']
[0.097s] colcon.colcon_core.package_identification Level 1 _identify(src/imu_tools/rviz_imu_plugin) by extension 'ros'
[0.097s] colcon.colcon_core.package_identification DEBUG Package 'src/imu_tools/rviz_imu_plugin' with type 'ros.ament_cmake' and name 'rviz_imu_plugin'
[0.097s] colcon.colcon_core.package_identification Level 1 _identify(src/imu_trajectory_filter) by extensions ['ignore', 'ignore_ament_install']
[0.097s] colcon.colcon_core.package_identification Level 1 _identify(src/imu_trajectory_filter) by extension 'ignore'
[0.097s] colcon.colcon_core.package_identification Level 1 _identify(src/imu_trajectory_filter) by extension 'ignore_ament_install'
[0.097s] colcon.colcon_core.package_identification Level 1 _identify(src/imu_trajectory_filter) by extensions ['colcon_pkg']
[0.097s] colcon.colcon_core.package_identification Level 1 _identify(src/imu_trajectory_filter) by extension 'colcon_pkg'
[0.097s] colcon.colcon_core.package_identification Level 1 _identify(src/imu_trajectory_filter) by extensions ['colcon_meta']
[0.097s] colcon.colcon_core.package_identification Level 1 _identify(src/imu_trajectory_filter) by extension 'colcon_meta'
[0.097s] colcon.colcon_core.package_identification Level 1 _identify(src/imu_trajectory_filter) by extensions ['ros']
[0.097s] colcon.colcon_core.package_identification Level 1 _identify(src/imu_trajectory_filter) by extension 'ros'
[0.098s] colcon.colcon_core.package_identification DEBUG Package 'src/imu_trajectory_filter' with type 'ros.ament_cmake' and name 'imu_trajectory_filter'
[0.098s] colcon.colcon_core.package_discovery Level 1 discover_packages(recursive) using defaults
[0.098s] colcon.colcon_core.package_discovery Level 1 discover_packages(ignore) discover
[0.098s] colcon.colcon_core.package_discovery Level 1 discover_packages(ignore) using defaults
[0.098s] colcon.colcon_core.package_discovery Level 1 discover_packages(path) discover
[0.098s] colcon.colcon_core.package_discovery Level 1 discover_packages(path) using defaults
[0.105s] colcon.colcon_core.verb Level 5 set package 'h6x_packet_handler' build argument 'cmake_args' from command line to '['-DCMAKE_PREFIX_PATH=/usr/local', '-DCMAKE_CXX_FLAGS=-I/usr/local/include', '-DCMAKE_EXE_LINKER_FLAGS=-L/usr/local/lib']'
[0.105s] colcon.colcon_core.verb Level 5 set package 'h6x_packet_handler' build argument 'cmake_target' from command line to 'None'
[0.105s] colcon.colcon_core.verb Level 5 set package 'h6x_packet_handler' build argument 'cmake_target_skip_unavailable' from command line to 'False'
[0.105s] colcon.colcon_core.verb Level 5 set package 'h6x_packet_handler' build argument 'cmake_clean_cache' from command line to 'False'
[0.105s] colcon.colcon_core.verb Level 5 set package 'h6x_packet_handler' build argument 'cmake_clean_first' from command line to 'False'
[0.105s] colcon.colcon_core.verb Level 5 set package 'h6x_packet_handler' build argument 'cmake_force_configure' from command line to 'False'
[0.105s] colcon.colcon_core.verb Level 5 set package 'h6x_packet_handler' build argument 'ament_cmake_args' from command line to 'None'
[0.105s] colcon.colcon_core.verb Level 5 set package 'h6x_packet_handler' build argument 'catkin_cmake_args' from command line to 'None'
[0.105s] colcon.colcon_core.verb Level 5 set package 'h6x_packet_handler' build argument 'catkin_skip_building_tests' from command line to 'False'
[0.105s] colcon.colcon_core.verb DEBUG Building package 'h6x_packet_handler' with the following arguments: {'ament_cmake_args': None, 'build_base': '/Users/yosuke/gits/cxd5602pwbimu_ros2_driver/ros2_ws/build/h6x_packet_handler', 'catkin_cmake_args': None, 'catkin_skip_building_tests': False, 'cmake_args': ['-DCMAKE_PREFIX_PATH=/usr/local', '-DCMAKE_CXX_FLAGS=-I/usr/local/include', '-DCMAKE_EXE_LINKER_FLAGS=-L/usr/local/lib'], 'cmake_clean_cache': False, 'cmake_clean_first': False, 'cmake_force_configure': False, 'cmake_target': None, 'cmake_target_skip_unavailable': False, 'install_base': '/Users/yosuke/gits/cxd5602pwbimu_ros2_driver/ros2_ws/install/h6x_packet_handler', 'merge_install': False, 'path': '/Users/yosuke/gits/cxd5602pwbimu_ros2_driver/ros2_ws/src/h6x_serial_interface/h6x_packet_handler', 'symlink_install': False, 'test_result_base': None}
[0.105s] colcon.colcon_core.verb Level 5 set package 'h6x_serial_interface' build argument 'cmake_args' from command line to '['-DCMAKE_PREFIX_PATH=/usr/local', '-DCMAKE_CXX_FLAGS=-I/usr/local/include', '-DCMAKE_EXE_LINKER_FLAGS=-L/usr/local/lib']'
[0.105s] colcon.colcon_core.verb Level 5 set package 'h6x_serial_interface' build argument 'cmake_target' from command line to 'None'
[0.105s] colcon.colcon_core.verb Level 5 set package 'h6x_serial_interface' build argument 'cmake_target_skip_unavailable' from command line to 'False'
[0.105s] colcon.colcon_core.verb Level 5 set package 'h6x_serial_interface' build argument 'cmake_clean_cache' from command line to 'False'
[0.105s] colcon.colcon_core.verb Level 5 set package 'h6x_serial_interface' build argument 'cmake_clean_first' from command line to 'False'
[0.105s] colcon.colcon_core.verb Level 5 set package 'h6x_serial_interface' build argument 'cmake_force_configure' from command line to 'False'
[0.105s] colcon.colcon_core.verb Level 5 set package 'h6x_serial_interface' build argument 'ament_cmake_args' from command line to 'None'
[0.105s] colcon.colcon_core.verb Level 5 set package 'h6x_serial_interface' build argument 'catkin_cmake_args' from command line to 'None'
[0.105s] colcon.colcon_core.verb Level 5 set package 'h6x_serial_interface' build argument 'catkin_skip_building_tests' from command line to 'False'
[0.105s] colcon.colcon_core.verb DEBUG Building package 'h6x_serial_interface' with the following arguments: {'ament_cmake_args': None, 'build_base': '/Users/yosuke/gits/cxd5602pwbimu_ros2_driver/ros2_ws/build/h6x_serial_interface', 'catkin_cmake_args': None, 'catkin_skip_building_tests': False, 'cmake_args': ['-DCMAKE_PREFIX_PATH=/usr/local', '-DCMAKE_CXX_FLAGS=-I/usr/local/include', '-DCMAKE_EXE_LINKER_FLAGS=-L/usr/local/lib'], 'cmake_clean_cache': False, 'cmake_clean_first': False, 'cmake_force_configure': False, 'cmake_target': None, 'cmake_target_skip_unavailable': False, 'install_base': '/Users/yosuke/gits/cxd5602pwbimu_ros2_driver/ros2_ws/install/h6x_serial_interface', 'merge_install': False, 'path': '/Users/yosuke/gits/cxd5602pwbimu_ros2_driver/ros2_ws/src/h6x_serial_interface/h6x_serial_interface', 'symlink_install': False, 'test_result_base': None}
[0.105s] colcon.colcon_core.verb Level 5 set package 'imu_complementary_filter' build argument 'cmake_args' from command line to '['-DCMAKE_PREFIX_PATH=/usr/local', '-DCMAKE_CXX_FLAGS=-I/usr/local/include', '-DCMAKE_EXE_LINKER_FLAGS=-L/usr/local/lib']'
[0.105s] colcon.colcon_core.verb Level 5 set package 'imu_complementary_filter' build argument 'cmake_target' from command line to 'None'
[0.105s] colcon.colcon_core.verb Level 5 set package 'imu_complementary_filter' build argument 'cmake_target_skip_unavailable' from command line to 'False'
[0.105s] colcon.colcon_core.verb Level 5 set package 'imu_complementary_filter' build argument 'cmake_clean_cache' from command line to 'False'
[0.105s] colcon.colcon_core.verb Level 5 set package 'imu_complementary_filter' build argument 'cmake_clean_first' from command line to 'False'
[0.105s] colcon.colcon_core.verb Level 5 set package 'imu_complementary_filter' build argument 'cmake_force_configure' from command line to 'False'
[0.105s] colcon.colcon_core.verb Level 5 set package 'imu_complementary_filter' build argument 'ament_cmake_args' from command line to 'None'
[0.105s] colcon.colcon_core.verb Level 5 set package 'imu_complementary_filter' build argument 'catkin_cmake_args' from command line to 'None'
[0.105s] colcon.colcon_core.verb Level 5 set package 'imu_complementary_filter' build argument 'catkin_skip_building_tests' from command line to 'False'
[0.105s] colcon.colcon_core.verb DEBUG Building package 'imu_complementary_filter' with the following arguments: {'ament_cmake_args': None, 'build_base': '/Users/yosuke/gits/cxd5602pwbimu_ros2_driver/ros2_ws/build/imu_complementary_filter', 'catkin_cmake_args': None, 'catkin_skip_building_tests': False, 'cmake_args': ['-DCMAKE_PREFIX_PATH=/usr/local', '-DCMAKE_CXX_FLAGS=-I/usr/local/include', '-DCMAKE_EXE_LINKER_FLAGS=-L/usr/local/lib'], 'cmake_clean_cache': False, 'cmake_clean_first': False, 'cmake_force_configure': False, 'cmake_target': None, 'cmake_target_skip_unavailable': False, 'install_base': '/Users/yosuke/gits/cxd5602pwbimu_ros2_driver/ros2_ws/install/imu_complementary_filter', 'merge_install': False, 'path': '/Users/yosuke/gits/cxd5602pwbimu_ros2_driver/ros2_ws/src/imu_tools/imu_complementary_filter', 'symlink_install': False, 'test_result_base': None}
[0.106s] colcon.colcon_core.verb Level 5 set package 'imu_filter_madgwick' build argument 'cmake_args' from command line to '['-DCMAKE_PREFIX_PATH=/usr/local', '-DCMAKE_CXX_FLAGS=-I/usr/local/include', '-DCMAKE_EXE_LINKER_FLAGS=-L/usr/local/lib']'
[0.106s] colcon.colcon_core.verb Level 5 set package 'imu_filter_madgwick' build argument 'cmake_target' from command line to 'None'
[0.106s] colcon.colcon_core.verb Level 5 set package 'imu_filter_madgwick' build argument 'cmake_target_skip_unavailable' from command line to 'False'
[0.106s] colcon.colcon_core.verb Level 5 set package 'imu_filter_madgwick' build argument 'cmake_clean_cache' from command line to 'False'
[0.106s] colcon.colcon_core.verb Level 5 set package 'imu_filter_madgwick' build argument 'cmake_clean_first' from command line to 'False'
[0.106s] colcon.colcon_core.verb Level 5 set package 'imu_filter_madgwick' build argument 'cmake_force_configure' from command line to 'False'
[0.106s] colcon.colcon_core.verb Level 5 set package 'imu_filter_madgwick' build argument 'ament_cmake_args' from command line to 'None'
[0.106s] colcon.colcon_core.verb Level 5 set package 'imu_filter_madgwick' build argument 'catkin_cmake_args' from command line to 'None'
[0.106s] colcon.colcon_core.verb Level 5 set package 'imu_filter_madgwick' build argument 'catkin_skip_building_tests' from command line to 'False'
[0.106s] colcon.colcon_core.verb DEBUG Building package 'imu_filter_madgwick' with the following arguments: {'ament_cmake_args': None, 'build_base': '/Users/yosuke/gits/cxd5602pwbimu_ros2_driver/ros2_ws/build/imu_filter_madgwick', 'catkin_cmake_args': None, 'catkin_skip_building_tests': False, 'cmake_args': ['-DCMAKE_PREFIX_PATH=/usr/local', '-DCMAKE_CXX_FLAGS=-I/usr/local/include', '-DCMAKE_EXE_LINKER_FLAGS=-L/usr/local/lib'], 'cmake_clean_cache': False, 'cmake_clean_first': False, 'cmake_force_configure': False, 'cmake_target': None, 'cmake_target_skip_unavailable': False, 'install_base': '/Users/yosuke/gits/cxd5602pwbimu_ros2_driver/ros2_ws/install/imu_filter_madgwick', 'merge_install': False, 'path': '/Users/yosuke/gits/cxd5602pwbimu_ros2_driver/ros2_ws/src/imu_tools/imu_filter_madgwick', 'symlink_install': False, 'test_result_base': None}
[0.106s] colcon.colcon_core.verb Level 5 set package 'imu_trajectory_filter' build argument 'cmake_args' from command line to '['-DCMAKE_PREFIX_PATH=/usr/local', '-DCMAKE_CXX_FLAGS=-I/usr/local/include', '-DCMAKE_EXE_LINKER_FLAGS=-L/usr/local/lib']'
[0.106s] colcon.colcon_core.verb Level 5 set package 'imu_trajectory_filter' build argument 'cmake_target' from command line to 'None'
[0.106s] colcon.colcon_core.verb Level 5 set package 'imu_trajectory_filter' build argument 'cmake_target_skip_unavailable' from command line to 'False'
[0.106s] colcon.colcon_core.verb Level 5 set package 'imu_trajectory_filter' build argument 'cmake_clean_cache' from command line to 'False'
[0.106s] colcon.colcon_core.verb Level 5 set package 'imu_trajectory_filter' build argument 'cmake_clean_first' from command line to 'False'
[0.106s] colcon.colcon_core.verb Level 5 set package 'imu_trajectory_filter' build argument 'cmake_force_configure' from command line to 'False'
[0.106s] colcon.colcon_core.verb Level 5 set package 'imu_trajectory_filter' build argument 'ament_cmake_args' from command line to 'None'
[0.106s] colcon.colcon_core.verb Level 5 set package 'imu_trajectory_filter' build argument 'catkin_cmake_args' from command line to 'None'
[0.106s] colcon.colcon_core.verb Level 5 set package 'imu_trajectory_filter' build argument 'catkin_skip_building_tests' from command line to 'False'
[0.106s] colcon.colcon_core.verb DEBUG Building package 'imu_trajectory_filter' with the following arguments: {'ament_cmake_args': None, 'build_base': '/Users/yosuke/gits/cxd5602pwbimu_ros2_driver/ros2_ws/build/imu_trajectory_filter', 'catkin_cmake_args': None, 'catkin_skip_building_tests': False, 'cmake_args': ['-DCMAKE_PREFIX_PATH=/usr/local', '-DCMAKE_CXX_FLAGS=-I/usr/local/include', '-DCMAKE_EXE_LINKER_FLAGS=-L/usr/local/lib'], 'cmake_clean_cache': False, 'cmake_clean_first': False, 'cmake_force_configure': False, 'cmake_target': None, 'cmake_target_skip_unavailable': False, 'install_base': '/Users/yosuke/gits/cxd5602pwbimu_ros2_driver/ros2_ws/install/imu_trajectory_filter', 'merge_install': False, 'path': '/Users/yosuke/gits/cxd5602pwbimu_ros2_driver/ros2_ws/src/imu_trajectory_filter', 'symlink_install': False, 'test_result_base': None}
[0.106s] colcon.colcon_core.verb Level 5 set package 'rviz_imu_plugin' build argument 'cmake_args' from command line to '['-DCMAKE_PREFIX_PATH=/usr/local', '-DCMAKE_CXX_FLAGS=-I/usr/local/include', '-DCMAKE_EXE_LINKER_FLAGS=-L/usr/local/lib']'
[0.106s] colcon.colcon_core.verb Level 5 set package 'rviz_imu_plugin' build argument 'cmake_target' from command line to 'None'
[0.106s] colcon.colcon_core.verb Level 5 set package 'rviz_imu_plugin' build argument 'cmake_target_skip_unavailable' from command line to 'False'
[0.106s] colcon.colcon_core.verb Level 5 set package 'rviz_imu_plugin' build argument 'cmake_clean_cache' from command line to 'False'
[0.106s] colcon.colcon_core.verb Level 5 set package 'rviz_imu_plugin' build argument 'cmake_clean_first' from command line to 'False'
[0.106s] colcon.colcon_core.verb Level 5 set package 'rviz_imu_plugin' build argument 'cmake_force_configure' from command line to 'False'
[0.106s] colcon.colcon_core.verb Level 5 set package 'rviz_imu_plugin' build argument 'ament_cmake_args' from command line to 'None'
[0.106s] colcon.colcon_core.verb Level 5 set package 'rviz_imu_plugin' build argument 'catkin_cmake_args' from command line to 'None'
[0.106s] colcon.colcon_core.verb Level 5 set package 'rviz_imu_plugin' build argument 'catkin_skip_building_tests' from command line to 'False'
[0.106s] colcon.colcon_core.verb DEBUG Building package 'rviz_imu_plugin' with the following arguments: {'ament_cmake_args': None, 'build_base': '/Users/yosuke/gits/cxd5602pwbimu_ros2_driver/ros2_ws/build/rviz_imu_plugin', 'catkin_cmake_args': None, 'catkin_skip_building_tests': False, 'cmake_args': ['-DCMAKE_PREFIX_PATH=/usr/local', '-DCMAKE_CXX_FLAGS=-I/usr/local/include', '-DCMAKE_EXE_LINKER_FLAGS=-L/usr/local/lib'], 'cmake_clean_cache': False, 'cmake_clean_first': False, 'cmake_force_configure': False, 'cmake_target': None, 'cmake_target_skip_unavailable': False, 'install_base': '/Users/yosuke/gits/cxd5602pwbimu_ros2_driver/ros2_ws/install/rviz_imu_plugin', 'merge_install': False, 'path': '/Users/yosuke/gits/cxd5602pwbimu_ros2_driver/ros2_ws/src/imu_tools/rviz_imu_plugin', 'symlink_install': False, 'test_result_base': None}
[0.106s] colcon.colcon_core.verb Level 5 set package 'cxd5602pwbimu_driver_node' build argument 'cmake_args' from command line to '['-DCMAKE_PREFIX_PATH=/usr/local', '-DCMAKE_CXX_FLAGS=-I/usr/local/include', '-DCMAKE_EXE_LINKER_FLAGS=-L/usr/local/lib']'
[0.106s] colcon.colcon_core.verb Level 5 set package 'cxd5602pwbimu_driver_node' build argument 'cmake_target' from command line to 'None'
[0.106s] colcon.colcon_core.verb Level 5 set package 'cxd5602pwbimu_driver_node' build argument 'cmake_target_skip_unavailable' from command line to 'False'
[0.106s] colcon.colcon_core.verb Level 5 set package 'cxd5602pwbimu_driver_node' build argument 'cmake_clean_cache' from command line to 'False'
[0.106s] colcon.colcon_core.verb Level 5 set package 'cxd5602pwbimu_driver_node' build argument 'cmake_clean_first' from command line to 'False'
[0.106s] colcon.colcon_core.verb Level 5 set package 'cxd5602pwbimu_driver_node' build argument 'cmake_force_configure' from command line to 'False'
[0.106s] colcon.colcon_core.verb Level 5 set package 'cxd5602pwbimu_driver_node' build argument 'ament_cmake_args' from command line to 'None'
[0.106s] colcon.colcon_core.verb Level 5 set package 'cxd5602pwbimu_driver_node' build argument 'catkin_cmake_args' from command line to 'None'
[0.106s] colcon.colcon_core.verb Level 5 set package 'cxd5602pwbimu_driver_node' build argument 'catkin_skip_building_tests' from command line to 'False'
[0.106s] colcon.colcon_core.verb DEBUG Building package 'cxd5602pwbimu_driver_node' with the following arguments: {'ament_cmake_args': None, 'build_base': '/Users/yosuke/gits/cxd5602pwbimu_ros2_driver/ros2_ws/build/cxd5602pwbimu_driver_node', 'catkin_cmake_args': None, 'catkin_skip_building_tests': False, 'cmake_args': ['-DCMAKE_PREFIX_PATH=/usr/local', '-DCMAKE_CXX_FLAGS=-I/usr/local/include', '-DCMAKE_EXE_LINKER_FLAGS=-L/usr/local/lib'], 'cmake_clean_cache': False, 'cmake_clean_first': False, 'cmake_force_configure': False, 'cmake_target': None, 'cmake_target_skip_unavailable': False, 'install_base': '/Users/yosuke/gits/cxd5602pwbimu_ros2_driver/ros2_ws/install/cxd5602pwbimu_driver_node', 'merge_install': False, 'path': '/Users/yosuke/gits/cxd5602pwbimu_ros2_driver/ros2_ws/src/cxd5602pwbimu_driver_node', 'symlink_install': False, 'test_result_base': None}
[0.106s] colcon.colcon_core.verb Level 5 set package 'h6x_serial_interface_example' build argument 'cmake_args' from command line to '['-DCMAKE_PREFIX_PATH=/usr/local', '-DCMAKE_CXX_FLAGS=-I/usr/local/include', '-DCMAKE_EXE_LINKER_FLAGS=-L/usr/local/lib']'
[0.106s] colcon.colcon_core.verb Level 5 set package 'h6x_serial_interface_example' build argument 'cmake_target' from command line to 'None'
[0.106s] colcon.colcon_core.verb Level 5 set package 'h6x_serial_interface_example' build argument 'cmake_target_skip_unavailable' from command line to 'False'
[0.106s] colcon.colcon_core.verb Level 5 set package 'h6x_serial_interface_example' build argument 'cmake_clean_cache' from command line to 'False'
[0.106s] colcon.colcon_core.verb Level 5 set package 'h6x_serial_interface_example' build argument 'cmake_clean_first' from command line to 'False'
[0.106s] colcon.colcon_core.verb Level 5 set package 'h6x_serial_interface_example' build argument 'cmake_force_configure' from command line to 'False'
[0.106s] colcon.colcon_core.verb Level 5 set package 'h6x_serial_interface_example' build argument 'ament_cmake_args' from command line to 'None'
[0.106s] colcon.colcon_core.verb Level 5 set package 'h6x_serial_interface_example' build argument 'catkin_cmake_args' from command line to 'None'
[0.106s] colcon.colcon_core.verb Level 5 set package 'h6x_serial_interface_example' build argument 'catkin_skip_building_tests' from command line to 'False'
[0.106s] colcon.colcon_core.verb DEBUG Building package 'h6x_serial_interface_example' with the following arguments: {'ament_cmake_args': None, 'build_base': '/Users/yosuke/gits/cxd5602pwbimu_ros2_driver/ros2_ws/build/h6x_serial_interface_example', 'catkin_cmake_args': None, 'catkin_skip_building_tests': False, 'cmake_args': ['-DCMAKE_PREFIX_PATH=/usr/local', '-DCMAKE_CXX_FLAGS=-I/usr/local/include', '-DCMAKE_EXE_LINKER_FLAGS=-L/usr/local/lib'], 'cmake_clean_cache': False, 'cmake_clean_first': False, 'cmake_force_configure': False, 'cmake_target': None, 'cmake_target_skip_unavailable': False, 'install_base': '/Users/yosuke/gits/cxd5602pwbimu_ros2_driver/ros2_ws/install/h6x_serial_interface_example', 'merge_install': False, 'path': '/Users/yosuke/gits/cxd5602pwbimu_ros2_driver/ros2_ws/src/h6x_serial_interface/h6x_serial_interface_example', 'symlink_install': False, 'test_result_base': None}
[0.106s] colcon.colcon_core.verb Level 5 set package 'imu_tools' build argument 'cmake_args' from command line to '['-DCMAKE_PREFIX_PATH=/usr/local', '-DCMAKE_CXX_FLAGS=-I/usr/local/include', '-DCMAKE_EXE_LINKER_FLAGS=-L/usr/local/lib']'
[0.106s] colcon.colcon_core.verb Level 5 set package 'imu_tools' build argument 'cmake_target' from command line to 'None'
[0.106s] colcon.colcon_core.verb Level 5 set package 'imu_tools' build argument 'cmake_target_skip_unavailable' from command line to 'False'
[0.106s] colcon.colcon_core.verb Level 5 set package 'imu_tools' build argument 'cmake_clean_cache' from command line to 'False'
[0.106s] colcon.colcon_core.verb Level 5 set package 'imu_tools' build argument 'cmake_clean_first' from command line to 'False'
[0.106s] colcon.colcon_core.verb Level 5 set package 'imu_tools' build argument 'cmake_force_configure' from command line to 'False'
[0.106s] colcon.colcon_core.verb Level 5 set package 'imu_tools' build argument 'ament_cmake_args' from command line to 'None'
[0.106s] colcon.colcon_core.verb Level 5 set package 'imu_tools' build argument 'catkin_cmake_args' from command line to 'None'
[0.106s] colcon.colcon_core.verb Level 5 set package 'imu_tools' build argument 'catkin_skip_building_tests' from command line to 'False'
[0.106s] colcon.colcon_core.verb DEBUG Building package 'imu_tools' with the following arguments: {'ament_cmake_args': None, 'build_base': '/Users/yosuke/gits/cxd5602pwbimu_ros2_driver/ros2_ws/build/imu_tools', 'catkin_cmake_args': None, 'catkin_skip_building_tests': False, 'cmake_args': ['-DCMAKE_PREFIX_PATH=/usr/local', '-DCMAKE_CXX_FLAGS=-I/usr/local/include', '-DCMAKE_EXE_LINKER_FLAGS=-L/usr/local/lib'], 'cmake_clean_cache': False, 'cmake_clean_first': False, 'cmake_force_configure': False, 'cmake_target': None, 'cmake_target_skip_unavailable': False, 'install_base': '/Users/yosuke/gits/cxd5602pwbimu_ros2_driver/ros2_ws/install/imu_tools', 'merge_install': False, 'path': '/Users/yosuke/gits/cxd5602pwbimu_ros2_driver/ros2_ws/src/imu_tools/imu_tools', 'symlink_install': False, 'test_result_base': None}
[0.107s] colcon.colcon_core.verb Level 5 set package 'cxd5602pwbimu_driver_bringup' build argument 'cmake_args' from command line to '['-DCMAKE_PREFIX_PATH=/usr/local', '-DCMAKE_CXX_FLAGS=-I/usr/local/include', '-DCMAKE_EXE_LINKER_FLAGS=-L/usr/local/lib']'
[0.107s] colcon.colcon_core.verb Level 5 set package 'cxd5602pwbimu_driver_bringup' build argument 'cmake_target' from command line to 'None'
[0.107s] colcon.colcon_core.verb Level 5 set package 'cxd5602pwbimu_driver_bringup' build argument 'cmake_target_skip_unavailable' from command line to 'False'
[0.107s] colcon.colcon_core.verb Level 5 set package 'cxd5602pwbimu_driver_bringup' build argument 'cmake_clean_cache' from command line to 'False'
[0.107s] colcon.colcon_core.verb Level 5 set package 'cxd5602pwbimu_driver_bringup' build argument 'cmake_clean_first' from command line to 'False'
[0.107s] colcon.colcon_core.verb Level 5 set package 'cxd5602pwbimu_driver_bringup' build argument 'cmake_force_configure' from command line to 'False'
[0.107s] colcon.colcon_core.verb Level 5 set package 'cxd5602pwbimu_driver_bringup' build argument 'ament_cmake_args' from command line to 'None'
[0.107s] colcon.colcon_core.verb Level 5 set package 'cxd5602pwbimu_driver_bringup' build argument 'catkin_cmake_args' from command line to 'None'
[0.107s] colcon.colcon_core.verb Level 5 set package 'cxd5602pwbimu_driver_bringup' build argument 'catkin_skip_building_tests' from command line to 'False'
[0.107s] colcon.colcon_core.verb DEBUG Building package 'cxd5602pwbimu_driver_bringup' with the following arguments: {'ament_cmake_args': None, 'build_base': '/Users/yosuke/gits/cxd5602pwbimu_ros2_driver/ros2_ws/build/cxd5602pwbimu_driver_bringup', 'catkin_cmake_args': None, 'catkin_skip_building_tests': False, 'cmake_args': ['-DCMAKE_PREFIX_PATH=/usr/local', '-DCMAKE_CXX_FLAGS=-I/usr/local/include', '-DCMAKE_EXE_LINKER_FLAGS=-L/usr/local/lib'], 'cmake_clean_cache': False, 'cmake_clean_first': False, 'cmake_force_configure': False, 'cmake_target': None, 'cmake_target_skip_unavailable': False, 'install_base': '/Users/yosuke/gits/cxd5602pwbimu_ros2_driver/ros2_ws/install/cxd5602pwbimu_driver_bringup', 'merge_install': False, 'path': '/Users/yosuke/gits/cxd5602pwbimu_ros2_driver/ros2_ws/src/cxd5602pwbimu_driver_bringup', 'symlink_install': False, 'test_result_base': None}
[0.107s] colcon.colcon_core.verb Level 5 set package 'cxd5602pwbimu_driver' build argument 'cmake_args' from command line to '['-DCMAKE_PREFIX_PATH=/usr/local', '-DCMAKE_CXX_FLAGS=-I/usr/local/include', '-DCMAKE_EXE_LINKER_FLAGS=-L/usr/local/lib']'
[0.107s] colcon.colcon_core.verb Level 5 set package 'cxd5602pwbimu_driver' build argument 'cmake_target' from command line to 'None'
[0.107s] colcon.colcon_core.verb Level 5 set package 'cxd5602pwbimu_driver' build argument 'cmake_target_skip_unavailable' from command line to 'False'
[0.107s] colcon.colcon_core.verb Level 5 set package 'cxd5602pwbimu_driver' build argument 'cmake_clean_cache' from command line to 'False'
[0.107s] colcon.colcon_core.verb Level 5 set package 'cxd5602pwbimu_driver' build argument 'cmake_clean_first' from command line to 'False'
[0.107s] colcon.colcon_core.verb Level 5 set package 'cxd5602pwbimu_driver' build argument 'cmake_force_configure' from command line to 'False'
[0.107s] colcon.colcon_core.verb Level 5 set package 'cxd5602pwbimu_driver' build argument 'ament_cmake_args' from command line to 'None'
[0.107s] colcon.colcon_core.verb Level 5 set package 'cxd5602pwbimu_driver' build argument 'catkin_cmake_args' from command line to 'None'
[0.107s] colcon.colcon_core.verb Level 5 set package 'cxd5602pwbimu_driver' build argument 'catkin_skip_building_tests' from command line to 'False'
[0.107s] colcon.colcon_core.verb DEBUG Building package 'cxd5602pwbimu_driver' with the following arguments: {'ament_cmake_args': None, 'build_base': '/Users/yosuke/gits/cxd5602pwbimu_ros2_driver/ros2_ws/build/cxd5602pwbimu_driver', 'catkin_cmake_args': None, 'catkin_skip_building_tests': False, 'cmake_args': ['-DCMAKE_PREFIX_PATH=/usr/local', '-DCMAKE_CXX_FLAGS=-I/usr/local/include', '-DCMAKE_EXE_LINKER_FLAGS=-L/usr/local/lib'], 'cmake_clean_cache': False, 'cmake_clean_first': False, 'cmake_force_configure': False, 'cmake_target': None, 'cmake_target_skip_unavailable': False, 'install_base': '/Users/yosuke/gits/cxd5602pwbimu_ros2_driver/ros2_ws/install/cxd5602pwbimu_driver', 'merge_install': False, 'path': '/Users/yosuke/gits/cxd5602pwbimu_ros2_driver/ros2_ws/src/cxd5602pwbimu_driver', 'symlink_install': False, 'test_result_base': None}
[0.107s] colcon.colcon_core.executor INFO Executing jobs using 'parallel' executor
[0.107s] colcon.colcon_parallel_executor.executor.parallel DEBUG run_until_complete
[0.107s] colcon.colcon_ros.task.ament_cmake.build INFO Building ROS package in '/Users/yosuke/gits/cxd5602pwbimu_ros2_driver/ros2_ws/src/h6x_serial_interface/h6x_serial_interface' with build type 'ament_cmake'
[0.107s] colcon.colcon_cmake.task.cmake.build INFO Building CMake package in '/Users/yosuke/gits/cxd5602pwbimu_ros2_driver/ros2_ws/src/h6x_serial_interface/h6x_serial_interface'
[0.108s] colcon.colcon_core.plugin_system INFO Skipping extension 'colcon_core.shell.bat': Not used on non-Windows systems
[0.108s] colcon.colcon_core.shell INFO Skip shell extension 'powershell' for command environment: Not usable outside of PowerShell
[0.108s] colcon.colcon_core.shell DEBUG Skip shell extension 'dsv' for command environment
[0.111s] colcon.colcon_ros.task.ament_cmake.build INFO Building ROS package in '/Users/yosuke/gits/cxd5602pwbimu_ros2_driver/ros2_ws/src/imu_tools/imu_filter_madgwick' with build type 'ament_cmake'
[0.111s] colcon.colcon_cmake.task.cmake.build INFO Building CMake package in '/Users/yosuke/gits/cxd5602pwbimu_ros2_driver/ros2_ws/src/imu_tools/imu_filter_madgwick'
[0.111s] colcon.colcon_core.shell INFO Skip shell extension 'powershell' for command environment: Not usable outside of PowerShell
[0.111s] colcon.colcon_core.shell DEBUG Skip shell extension 'dsv' for command environment
[0.113s] colcon.colcon_ros.task.ament_cmake.build INFO Building ROS package in '/Users/yosuke/gits/cxd5602pwbimu_ros2_driver/ros2_ws/src/imu_tools/imu_complementary_filter' with build type 'ament_cmake'
[0.113s] colcon.colcon_cmake.task.cmake.build INFO Building CMake package in '/Users/yosuke/gits/cxd5602pwbimu_ros2_driver/ros2_ws/src/imu_tools/imu_complementary_filter'
[0.113s] colcon.colcon_core.shell INFO Skip shell extension 'powershell' for command environment: Not usable outside of PowerShell
[0.113s] colcon.colcon_core.shell DEBUG Skip shell extension 'dsv' for command environment
[0.115s] colcon.colcon_ros.task.ament_cmake.build INFO Building ROS package in '/Users/yosuke/gits/cxd5602pwbimu_ros2_driver/ros2_ws/src/imu_tools/rviz_imu_plugin' with build type 'ament_cmake'
[0.116s] colcon.colcon_cmake.task.cmake.build INFO Building CMake package in '/Users/yosuke/gits/cxd5602pwbimu_ros2_driver/ros2_ws/src/imu_tools/rviz_imu_plugin'
[0.116s] colcon.colcon_core.shell INFO Skip shell extension 'powershell' for command environment: Not usable outside of PowerShell
[0.116s] colcon.colcon_core.shell DEBUG Skip shell extension 'dsv' for command environment
[0.118s] colcon.colcon_ros.task.ament_cmake.build INFO Building ROS package in '/Users/yosuke/gits/cxd5602pwbimu_ros2_driver/ros2_ws/src/h6x_serial_interface/h6x_packet_handler' with build type 'ament_cmake'
[0.118s] colcon.colcon_cmake.task.cmake.build INFO Building CMake package in '/Users/yosuke/gits/cxd5602pwbimu_ros2_driver/ros2_ws/src/h6x_serial_interface/h6x_packet_handler'
[0.119s] colcon.colcon_core.shell INFO Skip shell extension 'powershell' for command environment: Not usable outside of PowerShell
[0.119s] colcon.colcon_core.shell DEBUG Skip shell extension 'dsv' for command environment
[0.121s] colcon.colcon_ros.task.ament_cmake.build INFO Building ROS package in '/Users/yosuke/gits/cxd5602pwbimu_ros2_driver/ros2_ws/src/imu_trajectory_filter' with build type 'ament_cmake'
[0.121s] colcon.colcon_cmake.task.cmake.build INFO Building CMake package in '/Users/yosuke/gits/cxd5602pwbimu_ros2_driver/ros2_ws/src/imu_trajectory_filter'
[0.122s] colcon.colcon_core.shell INFO Skip shell extension 'powershell' for command environment: Not usable outside of PowerShell
[0.122s] colcon.colcon_core.shell DEBUG Skip shell extension 'dsv' for command environment
[0.128s] colcon.colcon_core.event_handler.log_command DEBUG Invoking command in '/Users/yosuke/gits/cxd5602pwbimu_ros2_driver/ros2_ws/build/h6x_serial_interface': CMAKE_PREFIX_PATH=${CMAKE_PREFIX_PATH}:/Users/yosuke/miniforge3/envs/ros_env CONDA_PROMPT_MODIFIER=(ros_env) SHLVL=3 _=/Users/yosuke/miniforge3/envs/ros_env/bin/env /Users/yosuke/miniforge3/envs/ros_env/bin/cmake /Users/yosuke/gits/cxd5602pwbimu_ros2_driver/ros2_ws/src/h6x_serial_interface/h6x_serial_interface -DCMAKE_PREFIX_PATH=/usr/local -DCMAKE_CXX_FLAGS=-I/usr/local/include -DCMAKE_EXE_LINKER_FLAGS=-L/usr/local/lib -DCMAKE_INSTALL_PREFIX=/Users/yosuke/gits/cxd5602pwbimu_ros2_driver/ros2_ws/install/h6x_serial_interface
[0.130s] colcon.colcon_core.event_handler.log_command DEBUG Invoking command in '/Users/yosuke/gits/cxd5602pwbimu_ros2_driver/ros2_ws/build/imu_filter_madgwick': CMAKE_PREFIX_PATH=${CMAKE_PREFIX_PATH}:/Users/yosuke/miniforge3/envs/ros_env CONDA_PROMPT_MODIFIER=(ros_env) SHLVL=3 _=/Users/yosuke/miniforge3/envs/ros_env/bin/env /Users/yosuke/miniforge3/envs/ros_env/bin/cmake /Users/yosuke/gits/cxd5602pwbimu_ros2_driver/ros2_ws/src/imu_tools/imu_filter_madgwick -DCMAKE_PREFIX_PATH=/usr/local -DCMAKE_CXX_FLAGS=-I/usr/local/include -DCMAKE_EXE_LINKER_FLAGS=-L/usr/local/lib -DCMAKE_INSTALL_PREFIX=/Users/yosuke/gits/cxd5602pwbimu_ros2_driver/ros2_ws/install/imu_filter_madgwick
[0.135s] colcon.colcon_core.event_handler.log_command DEBUG Invoking command in '/Users/yosuke/gits/cxd5602pwbimu_ros2_driver/ros2_ws/build/imu_complementary_filter': CMAKE_PREFIX_PATH=${CMAKE_PREFIX_PATH}:/Users/yosuke/miniforge3/envs/ros_env CONDA_PROMPT_MODIFIER=(ros_env) SHLVL=3 _=/Users/yosuke/miniforge3/envs/ros_env/bin/env /Users/yosuke/miniforge3/envs/ros_env/bin/cmake /Users/yosuke/gits/cxd5602pwbimu_ros2_driver/ros2_ws/src/imu_tools/imu_complementary_filter -DCMAKE_PREFIX_PATH=/usr/local -DCMAKE_CXX_FLAGS=-I/usr/local/include -DCMAKE_EXE_LINKER_FLAGS=-L/usr/local/lib -DCMAKE_INSTALL_PREFIX=/Users/yosuke/gits/cxd5602pwbimu_ros2_driver/ros2_ws/install/imu_complementary_filter
[0.138s] colcon.colcon_core.event_handler.log_command DEBUG Invoking command in '/Users/yosuke/gits/cxd5602pwbimu_ros2_driver/ros2_ws/build/rviz_imu_plugin': CMAKE_PREFIX_PATH=${CMAKE_PREFIX_PATH}:/Users/yosuke/miniforge3/envs/ros_env CONDA_PROMPT_MODIFIER=(ros_env) SHLVL=3 _=/Users/yosuke/miniforge3/envs/ros_env/bin/env /Users/yosuke/miniforge3/envs/ros_env/bin/cmake /Users/yosuke/gits/cxd5602pwbimu_ros2_driver/ros2_ws/src/imu_tools/rviz_imu_plugin -DCMAKE_PREFIX_PATH=/usr/local -DCMAKE_CXX_FLAGS=-I/usr/local/include -DCMAKE_EXE_LINKER_FLAGS=-L/usr/local/lib -DCMAKE_INSTALL_PREFIX=/Users/yosuke/gits/cxd5602pwbimu_ros2_driver/ros2_ws/install/rviz_imu_plugin
[0.145s] colcon.colcon_core.event_handler.log_command DEBUG Invoking command in '/Users/yosuke/gits/cxd5602pwbimu_ros2_driver/ros2_ws/build/h6x_packet_handler': CMAKE_PREFIX_PATH=${CMAKE_PREFIX_PATH}:/Users/yosuke/miniforge3/envs/ros_env CONDA_PROMPT_MODIFIER=(ros_env) SHLVL=3 _=/Users/yosuke/miniforge3/envs/ros_env/bin/env /Users/yosuke/miniforge3/envs/ros_env/bin/cmake /Users/yosuke/gits/cxd5602pwbimu_ros2_driver/ros2_ws/src/h6x_serial_interface/h6x_packet_handler -DCMAKE_PREFIX_PATH=/usr/local -DCMAKE_CXX_FLAGS=-I/usr/local/include -DCMAKE_EXE_LINKER_FLAGS=-L/usr/local/lib -DCMAKE_INSTALL_PREFIX=/Users/yosuke/gits/cxd5602pwbimu_ros2_driver/ros2_ws/install/h6x_packet_handler
[0.148s] colcon.colcon_core.event_handler.log_command DEBUG Invoking command in '/Users/yosuke/gits/cxd5602pwbimu_ros2_driver/ros2_ws/build/imu_trajectory_filter': CMAKE_PREFIX_PATH=${CMAKE_PREFIX_PATH}:/Users/yosuke/miniforge3/envs/ros_env CONDA_PROMPT_MODIFIER=(ros_env) SHLVL=3 _=/Users/yosuke/miniforge3/envs/ros_env/bin/env /Users/yosuke/miniforge3/envs/ros_env/bin/cmake /Users/yosuke/gits/cxd5602pwbimu_ros2_driver/ros2_ws/src/imu_trajectory_filter -DCMAKE_PREFIX_PATH=/usr/local -DCMAKE_CXX_FLAGS=-I/usr/local/include -DCMAKE_EXE_LINKER_FLAGS=-L/usr/local/lib -DCMAKE_INSTALL_PREFIX=/Users/yosuke/gits/cxd5602pwbimu_ros2_driver/ros2_ws/install/imu_trajectory_filter
[0.609s] colcon.colcon_core.event_handler.log_command DEBUG Invoked command in '/Users/yosuke/gits/cxd5602pwbimu_ros2_driver/ros2_ws/build/h6x_packet_handler' returned '0': CMAKE_PREFIX_PATH=${CMAKE_PREFIX_PATH}:/Users/yosuke/miniforge3/envs/ros_env CONDA_PROMPT_MODIFIER=(ros_env) SHLVL=3 _=/Users/yosuke/miniforge3/envs/ros_env/bin/env /Users/yosuke/miniforge3/envs/ros_env/bin/cmake /Users/yosuke/gits/cxd5602pwbimu_ros2_driver/ros2_ws/src/h6x_serial_interface/h6x_packet_handler -DCMAKE_PREFIX_PATH=/usr/local -DCMAKE_CXX_FLAGS=-I/usr/local/include -DCMAKE_EXE_LINKER_FLAGS=-L/usr/local/lib -DCMAKE_INSTALL_PREFIX=/Users/yosuke/gits/cxd5602pwbimu_ros2_driver/ros2_ws/install/h6x_packet_handler
[0.610s] colcon.colcon_core.event_handler.log_command DEBUG Invoking command in '/Users/yosuke/gits/cxd5602pwbimu_ros2_driver/ros2_ws/build/h6x_packet_handler': CMAKE_PREFIX_PATH=${CMAKE_PREFIX_PATH}:/Users/yosuke/miniforge3/envs/ros_env CONDA_PROMPT_MODIFIER=(ros_env) SHLVL=3 _=/Users/yosuke/miniforge3/envs/ros_env/bin/env /Users/yosuke/miniforge3/envs/ros_env/bin/cmake --build /Users/yosuke/gits/cxd5602pwbimu_ros2_driver/ros2_ws/build/h6x_packet_handler -- -j10 -l10
[0.835s] colcon.colcon_core.event_handler.log_command DEBUG Invoked command in '/Users/yosuke/gits/cxd5602pwbimu_ros2_driver/ros2_ws/build/h6x_packet_handler' returned '0': CMAKE_PREFIX_PATH=${CMAKE_PREFIX_PATH}:/Users/yosuke/miniforge3/envs/ros_env CONDA_PROMPT_MODIFIER=(ros_env) SHLVL=3 _=/Users/yosuke/miniforge3/envs/ros_env/bin/env /Users/yosuke/miniforge3/envs/ros_env/bin/cmake --build /Users/yosuke/gits/cxd5602pwbimu_ros2_driver/ros2_ws/build/h6x_packet_handler -- -j10 -l10
[1.115s] colcon.colcon_core.event_handler.log_command DEBUG Invoking command in '/Users/yosuke/gits/cxd5602pwbimu_ros2_driver/ros2_ws/build/h6x_packet_handler': CMAKE_PREFIX_PATH=${CMAKE_PREFIX_PATH}:/Users/yosuke/miniforge3/envs/ros_env CONDA_PROMPT_MODIFIER=(ros_env) SHLVL=3 _=/Users/yosuke/miniforge3/envs/ros_env/bin/env /Users/yosuke/miniforge3/envs/ros_env/bin/cmake --install /Users/yosuke/gits/cxd5602pwbimu_ros2_driver/ros2_ws/build/h6x_packet_handler
[1.132s] colcon.colcon_core.environment Level 1 create_environment_scripts_only(h6x_packet_handler)
[1.133s] colcon.colcon_core.event_handler.log_command DEBUG Invoked command in '/Users/yosuke/gits/cxd5602pwbimu_ros2_driver/ros2_ws/build/h6x_packet_handler' returned '0': CMAKE_PREFIX_PATH=${CMAKE_PREFIX_PATH}:/Users/yosuke/miniforge3/envs/ros_env CONDA_PROMPT_MODIFIER=(ros_env) SHLVL=3 _=/Users/yosuke/miniforge3/envs/ros_env/bin/env /Users/yosuke/miniforge3/envs/ros_env/bin/cmake --install /Users/yosuke/gits/cxd5602pwbimu_ros2_driver/ros2_ws/build/h6x_packet_handler
[1.135s] colcon.colcon_core.environment Level 1 checking '/Users/yosuke/gits/cxd5602pwbimu_ros2_driver/ros2_ws/install/h6x_packet_handler' for CMake module files
[1.136s] colcon.colcon_core.environment Level 1 checking '/Users/yosuke/gits/cxd5602pwbimu_ros2_driver/ros2_ws/install/h6x_packet_handler' for CMake config files
[1.136s] colcon.colcon_core.shell Level 1 create_environment_hook('h6x_packet_handler', 'cmake_prefix_path')
[1.136s] colcon.colcon_core.shell INFO Creating environment hook '/Users/yosuke/gits/cxd5602pwbimu_ros2_driver/ros2_ws/install/h6x_packet_handler/share/h6x_packet_handler/hook/cmake_prefix_path.ps1'
[1.137s] colcon.colcon_core.shell INFO Creating environment descriptor '/Users/yosuke/gits/cxd5602pwbimu_ros2_driver/ros2_ws/install/h6x_packet_handler/share/h6x_packet_handler/hook/cmake_prefix_path.dsv'
[1.137s] colcon.colcon_core.shell INFO Creating environment hook '/Users/yosuke/gits/cxd5602pwbimu_ros2_driver/ros2_ws/install/h6x_packet_handler/share/h6x_packet_handler/hook/cmake_prefix_path.sh'
[1.138s] colcon.colcon_core.environment Level 1 checking '/Users/yosuke/gits/cxd5602pwbimu_ros2_driver/ros2_ws/install/h6x_packet_handler/lib'
[1.138s] colcon.colcon_core.shell Level 1 create_environment_hook('h6x_packet_handler', 'dyld_library_path')
[1.138s] colcon.colcon_core.shell INFO Creating environment hook '/Users/yosuke/gits/cxd5602pwbimu_ros2_driver/ros2_ws/install/h6x_packet_handler/share/h6x_packet_handler/hook/dyld_library_path.ps1'
[1.138s] colcon.colcon_core.shell INFO Creating environment descriptor '/Users/yosuke/gits/cxd5602pwbimu_ros2_driver/ros2_ws/install/h6x_packet_handler/share/h6x_packet_handler/hook/dyld_library_path.dsv'
[1.138s] colcon.colcon_core.shell INFO Creating environment hook '/Users/yosuke/gits/cxd5602pwbimu_ros2_driver/ros2_ws/install/h6x_packet_handler/share/h6x_packet_handler/hook/dyld_library_path.sh'
[1.138s] colcon.colcon_core.environment Level 1 checking '/Users/yosuke/gits/cxd5602pwbimu_ros2_driver/ros2_ws/install/h6x_packet_handler/bin'
[1.138s] colcon.colcon_core.environment Level 1 checking '/Users/yosuke/gits/cxd5602pwbimu_ros2_driver/ros2_ws/install/h6x_packet_handler/lib/pkgconfig/h6x_packet_handler.pc'
[1.138s] colcon.colcon_core.environment Level 1 checking '/Users/yosuke/gits/cxd5602pwbimu_ros2_driver/ros2_ws/install/h6x_packet_handler/lib/python3.11/site-packages'
[1.139s] colcon.colcon_core.environment Level 1 checking '/Users/yosuke/gits/cxd5602pwbimu_ros2_driver/ros2_ws/install/h6x_packet_handler/bin'
[1.139s] colcon.colcon_core.shell INFO Creating package script '/Users/yosuke/gits/cxd5602pwbimu_ros2_driver/ros2_ws/install/h6x_packet_handler/share/h6x_packet_handler/package.ps1'
[1.139s] colcon.colcon_core.shell INFO Creating package descriptor '/Users/yosuke/gits/cxd5602pwbimu_ros2_driver/ros2_ws/install/h6x_packet_handler/share/h6x_packet_handler/package.dsv'
[1.139s] colcon.colcon_core.shell INFO Creating package script '/Users/yosuke/gits/cxd5602pwbimu_ros2_driver/ros2_ws/install/h6x_packet_handler/share/h6x_packet_handler/package.sh'
[1.140s] colcon.colcon_core.shell INFO Creating package script '/Users/yosuke/gits/cxd5602pwbimu_ros2_driver/ros2_ws/install/h6x_packet_handler/share/h6x_packet_handler/package.bash'
[1.140s] colcon.colcon_core.shell INFO Creating package script '/Users/yosuke/gits/cxd5602pwbimu_ros2_driver/ros2_ws/install/h6x_packet_handler/share/h6x_packet_handler/package.zsh'
[1.141s] colcon.colcon_core.environment Level 1 create_file_with_runtime_dependencies(/Users/yosuke/gits/cxd5602pwbimu_ros2_driver/ros2_ws/install/h6x_packet_handler/share/colcon-core/packages/h6x_packet_handler)
[1.193s] colcon.colcon_core.event_handler.log_command DEBUG Invoked command in '/Users/yosuke/gits/cxd5602pwbimu_ros2_driver/ros2_ws/build/h6x_serial_interface' returned '0': CMAKE_PREFIX_PATH=${CMAKE_PREFIX_PATH}:/Users/yosuke/miniforge3/envs/ros_env CONDA_PROMPT_MODIFIER=(ros_env) SHLVL=3 _=/Users/yosuke/miniforge3/envs/ros_env/bin/env /Users/yosuke/miniforge3/envs/ros_env/bin/cmake /Users/yosuke/gits/cxd5602pwbimu_ros2_driver/ros2_ws/src/h6x_serial_interface/h6x_serial_interface -DCMAKE_PREFIX_PATH=/usr/local -DCMAKE_CXX_FLAGS=-I/usr/local/include -DCMAKE_EXE_LINKER_FLAGS=-L/usr/local/lib -DCMAKE_INSTALL_PREFIX=/Users/yosuke/gits/cxd5602pwbimu_ros2_driver/ros2_ws/install/h6x_serial_interface
[1.199s] colcon.colcon_core.event_handler.log_command DEBUG Invoking command in '/Users/yosuke/gits/cxd5602pwbimu_ros2_driver/ros2_ws/build/h6x_serial_interface': CMAKE_PREFIX_PATH=${CMAKE_PREFIX_PATH}:/Users/yosuke/miniforge3/envs/ros_env CONDA_PROMPT_MODIFIER=(ros_env) SHLVL=3 _=/Users/yosuke/miniforge3/envs/ros_env/bin/env /Users/yosuke/miniforge3/envs/ros_env/bin/cmake --build /Users/yosuke/gits/cxd5602pwbimu_ros2_driver/ros2_ws/build/h6x_serial_interface -- -j10 -l10
[1.283s] colcon.colcon_core.event_handler.log_command DEBUG Invoked command in '/Users/yosuke/gits/cxd5602pwbimu_ros2_driver/ros2_ws/build/imu_complementary_filter' returned '0': CMAKE_PREFIX_PATH=${CMAKE_PREFIX_PATH}:/Users/yosuke/miniforge3/envs/ros_env CONDA_PROMPT_MODIFIER=(ros_env) SHLVL=3 _=/Users/yosuke/miniforge3/envs/ros_env/bin/env /Users/yosuke/miniforge3/envs/ros_env/bin/cmake /Users/yosuke/gits/cxd5602pwbimu_ros2_driver/ros2_ws/src/imu_tools/imu_complementary_filter -DCMAKE_PREFIX_PATH=/usr/local -DCMAKE_CXX_FLAGS=-I/usr/local/include -DCMAKE_EXE_LINKER_FLAGS=-L/usr/local/lib -DCMAKE_INSTALL_PREFIX=/Users/yosuke/gits/cxd5602pwbimu_ros2_driver/ros2_ws/install/imu_complementary_filter
[1.286s] colcon.colcon_core.event_handler.log_command DEBUG Invoking command in '/Users/yosuke/gits/cxd5602pwbimu_ros2_driver/ros2_ws/build/imu_complementary_filter': CMAKE_PREFIX_PATH=${CMAKE_PREFIX_PATH}:/Users/yosuke/miniforge3/envs/ros_env CONDA_PROMPT_MODIFIER=(ros_env) SHLVL=3 _=/Users/yosuke/miniforge3/envs/ros_env/bin/env /Users/yosuke/miniforge3/envs/ros_env/bin/cmake --build /Users/yosuke/gits/cxd5602pwbimu_ros2_driver/ros2_ws/build/imu_complementary_filter -- -j10 -l10
[1.321s] colcon.colcon_core.event_handler.log_command DEBUG Invoked command in '/Users/yosuke/gits/cxd5602pwbimu_ros2_driver/ros2_ws/build/imu_trajectory_filter' returned '0': CMAKE_PREFIX_PATH=${CMAKE_PREFIX_PATH}:/Users/yosuke/miniforge3/envs/ros_env CONDA_PROMPT_MODIFIER=(ros_env) SHLVL=3 _=/Users/yosuke/miniforge3/envs/ros_env/bin/env /Users/yosuke/miniforge3/envs/ros_env/bin/cmake /Users/yosuke/gits/cxd5602pwbimu_ros2_driver/ros2_ws/src/imu_trajectory_filter -DCMAKE_PREFIX_PATH=/usr/local -DCMAKE_CXX_FLAGS=-I/usr/local/include -DCMAKE_EXE_LINKER_FLAGS=-L/usr/local/lib -DCMAKE_INSTALL_PREFIX=/Users/yosuke/gits/cxd5602pwbimu_ros2_driver/ros2_ws/install/imu_trajectory_filter
[1.324s] colcon.colcon_core.event_handler.log_command DEBUG Invoking command in '/Users/yosuke/gits/cxd5602pwbimu_ros2_driver/ros2_ws/build/imu_trajectory_filter': CMAKE_PREFIX_PATH=${CMAKE_PREFIX_PATH}:/Users/yosuke/miniforge3/envs/ros_env CONDA_PROMPT_MODIFIER=(ros_env) SHLVL=3 _=/Users/yosuke/miniforge3/envs/ros_env/bin/env /Users/yosuke/miniforge3/envs/ros_env/bin/cmake --build /Users/yosuke/gits/cxd5602pwbimu_ros2_driver/ros2_ws/build/imu_trajectory_filter -- -j10 -l10
[1.325s] colcon.colcon_core.event_handler.log_command DEBUG Invoked command in '/Users/yosuke/gits/cxd5602pwbimu_ros2_driver/ros2_ws/build/imu_filter_madgwick' returned '0': CMAKE_PREFIX_PATH=${CMAKE_PREFIX_PATH}:/Users/yosuke/miniforge3/envs/ros_env CONDA_PROMPT_MODIFIER=(ros_env) SHLVL=3 _=/Users/yosuke/miniforge3/envs/ros_env/bin/env /Users/yosuke/miniforge3/envs/ros_env/bin/cmake /Users/yosuke/gits/cxd5602pwbimu_ros2_driver/ros2_ws/src/imu_tools/imu_filter_madgwick -DCMAKE_PREFIX_PATH=/usr/local -DCMAKE_CXX_FLAGS=-I/usr/local/include -DCMAKE_EXE_LINKER_FLAGS=-L/usr/local/lib -DCMAKE_INSTALL_PREFIX=/Users/yosuke/gits/cxd5602pwbimu_ros2_driver/ros2_ws/install/imu_filter_madgwick
[1.327s] colcon.colcon_core.event_handler.log_command DEBUG Invoking command in '/Users/yosuke/gits/cxd5602pwbimu_ros2_driver/ros2_ws/build/imu_filter_madgwick': CMAKE_PREFIX_PATH=${CMAKE_PREFIX_PATH}:/Users/yosuke/miniforge3/envs/ros_env CONDA_PROMPT_MODIFIER=(ros_env) SHLVL=3 _=/Users/yosuke/miniforge3/envs/ros_env/bin/env /Users/yosuke/miniforge3/envs/ros_env/bin/cmake --build /Users/yosuke/gits/cxd5602pwbimu_ros2_driver/ros2_ws/build/imu_filter_madgwick -- -j10 -l10
[1.564s] colcon.colcon_core.environment Level 1 create_environment_scripts_only(h6x_packet_handler)
[1.564s] colcon.colcon_core.environment Level 1 checking '/Users/yosuke/gits/cxd5602pwbimu_ros2_driver/ros2_ws/install/h6x_packet_handler' for CMake module files
[1.565s] colcon.colcon_core.environment Level 1 checking '/Users/yosuke/gits/cxd5602pwbimu_ros2_driver/ros2_ws/install/h6x_packet_handler' for CMake config files
[1.565s] colcon.colcon_core.shell Level 1 create_environment_hook('h6x_packet_handler', 'cmake_prefix_path')
[1.565s] colcon.colcon_core.shell INFO Creating environment hook '/Users/yosuke/gits/cxd5602pwbimu_ros2_driver/ros2_ws/install/h6x_packet_handler/share/h6x_packet_handler/hook/cmake_prefix_path.ps1'
[1.566s] colcon.colcon_core.shell INFO Creating environment descriptor '/Users/yosuke/gits/cxd5602pwbimu_ros2_driver/ros2_ws/install/h6x_packet_handler/share/h6x_packet_handler/hook/cmake_prefix_path.dsv'
[1.566s] colcon.colcon_core.shell INFO Creating environment hook '/Users/yosuke/gits/cxd5602pwbimu_ros2_driver/ros2_ws/install/h6x_packet_handler/share/h6x_packet_handler/hook/cmake_prefix_path.sh'
[1.566s] colcon.colcon_core.environment Level 1 checking '/Users/yosuke/gits/cxd5602pwbimu_ros2_driver/ros2_ws/install/h6x_packet_handler/lib'
[1.566s] colcon.colcon_core.shell Level 1 create_environment_hook('h6x_packet_handler', 'dyld_library_path')
[1.566s] colcon.colcon_core.shell INFO Creating environment hook '/Users/yosuke/gits/cxd5602pwbimu_ros2_driver/ros2_ws/install/h6x_packet_handler/share/h6x_packet_handler/hook/dyld_library_path.ps1'
[1.567s] colcon.colcon_core.shell INFO Creating environment descriptor '/Users/yosuke/gits/cxd5602pwbimu_ros2_driver/ros2_ws/install/h6x_packet_handler/share/h6x_packet_handler/hook/dyld_library_path.dsv'
[1.567s] colcon.colcon_core.shell INFO Creating environment hook '/Users/yosuke/gits/cxd5602pwbimu_ros2_driver/ros2_ws/install/h6x_packet_handler/share/h6x_packet_handler/hook/dyld_library_path.sh'
[1.567s] colcon.colcon_core.environment Level 1 checking '/Users/yosuke/gits/cxd5602pwbimu_ros2_driver/ros2_ws/install/h6x_packet_handler/bin'
[1.567s] colcon.colcon_core.environment Level 1 checking '/Users/yosuke/gits/cxd5602pwbimu_ros2_driver/ros2_ws/install/h6x_packet_handler/lib/pkgconfig/h6x_packet_handler.pc'
[1.567s] colcon.colcon_core.environment Level 1 checking '/Users/yosuke/gits/cxd5602pwbimu_ros2_driver/ros2_ws/install/h6x_packet_handler/lib/python3.11/site-packages'
[1.567s] colcon.colcon_core.environment Level 1 checking '/Users/yosuke/gits/cxd5602pwbimu_ros2_driver/ros2_ws/install/h6x_packet_handler/bin'
[1.567s] colcon.colcon_core.shell INFO Creating package script '/Users/yosuke/gits/cxd5602pwbimu_ros2_driver/ros2_ws/install/h6x_packet_handler/share/h6x_packet_handler/package.ps1'
[1.568s] colcon.colcon_core.shell INFO Creating package descriptor '/Users/yosuke/gits/cxd5602pwbimu_ros2_driver/ros2_ws/install/h6x_packet_handler/share/h6x_packet_handler/package.dsv'
[1.568s] colcon.colcon_core.shell INFO Creating package script '/Users/yosuke/gits/cxd5602pwbimu_ros2_driver/ros2_ws/install/h6x_packet_handler/share/h6x_packet_handler/package.sh'
[1.568s] colcon.colcon_core.shell INFO Creating package script '/Users/yosuke/gits/cxd5602pwbimu_ros2_driver/ros2_ws/install/h6x_packet_handler/share/h6x_packet_handler/package.bash'
[1.569s] colcon.colcon_core.shell INFO Creating package script '/Users/yosuke/gits/cxd5602pwbimu_ros2_driver/ros2_ws/install/h6x_packet_handler/share/h6x_packet_handler/package.zsh'
[1.569s] colcon.colcon_core.environment Level 1 create_file_with_runtime_dependencies(/Users/yosuke/gits/cxd5602pwbimu_ros2_driver/ros2_ws/install/h6x_packet_handler/share/colcon-core/packages/h6x_packet_handler)
[1.577s] colcon.colcon_core.event_handler.log_command DEBUG Invoked command in '/Users/yosuke/gits/cxd5602pwbimu_ros2_driver/ros2_ws/build/imu_complementary_filter' returned '0': CMAKE_PREFIX_PATH=${CMAKE_PREFIX_PATH}:/Users/yosuke/miniforge3/envs/ros_env CONDA_PROMPT_MODIFIER=(ros_env) SHLVL=3 _=/Users/yosuke/miniforge3/envs/ros_env/bin/env /Users/yosuke/miniforge3/envs/ros_env/bin/cmake --build /Users/yosuke/gits/cxd5602pwbimu_ros2_driver/ros2_ws/build/imu_complementary_filter -- -j10 -l10
[1.614s] colcon.colcon_core.event_handler.log_command DEBUG Invoked command in '/Users/yosuke/gits/cxd5602pwbimu_ros2_driver/ros2_ws/build/imu_trajectory_filter' returned '0': CMAKE_PREFIX_PATH=${CMAKE_PREFIX_PATH}:/Users/yosuke/miniforge3/envs/ros_env CONDA_PROMPT_MODIFIER=(ros_env) SHLVL=3 _=/Users/yosuke/miniforge3/envs/ros_env/bin/env /Users/yosuke/miniforge3/envs/ros_env/bin/cmake --build /Users/yosuke/gits/cxd5602pwbimu_ros2_driver/ros2_ws/build/imu_trajectory_filter -- -j10 -l10
[1.634s] colcon.colcon_core.event_handler.log_command DEBUG Invoked command in '/Users/yosuke/gits/cxd5602pwbimu_ros2_driver/ros2_ws/build/imu_filter_madgwick' returned '0': CMAKE_PREFIX_PATH=${CMAKE_PREFIX_PATH}:/Users/yosuke/miniforge3/envs/ros_env CONDA_PROMPT_MODIFIER=(ros_env) SHLVL=3 _=/Users/yosuke/miniforge3/envs/ros_env/bin/env /Users/yosuke/miniforge3/envs/ros_env/bin/cmake --build /Users/yosuke/gits/cxd5602pwbimu_ros2_driver/ros2_ws/build/imu_filter_madgwick -- -j10 -l10
[1.787s] colcon.colcon_core.event_handler.log_command DEBUG Invoking command in '/Users/yosuke/gits/cxd5602pwbimu_ros2_driver/ros2_ws/build/imu_complementary_filter': CMAKE_PREFIX_PATH=${CMAKE_PREFIX_PATH}:/Users/yosuke/miniforge3/envs/ros_env CONDA_PROMPT_MODIFIER=(ros_env) SHLVL=3 _=/Users/yosuke/miniforge3/envs/ros_env/bin/env /Users/yosuke/miniforge3/envs/ros_env/bin/cmake --install /Users/yosuke/gits/cxd5602pwbimu_ros2_driver/ros2_ws/build/imu_complementary_filter
[1.810s] colcon.colcon_core.event_handler.log_command DEBUG Invoking command in '/Users/yosuke/gits/cxd5602pwbimu_ros2_driver/ros2_ws/build/imu_trajectory_filter': CMAKE_PREFIX_PATH=${CMAKE_PREFIX_PATH}:/Users/yosuke/miniforge3/envs/ros_env CONDA_PROMPT_MODIFIER=(ros_env) SHLVL=3 _=/Users/yosuke/miniforge3/envs/ros_env/bin/env /Users/yosuke/miniforge3/envs/ros_env/bin/cmake --install /Users/yosuke/gits/cxd5602pwbimu_ros2_driver/ros2_ws/build/imu_trajectory_filter
[1.882s] colcon.colcon_core.event_handler.log_command DEBUG Invoked command in '/Users/yosuke/gits/cxd5602pwbimu_ros2_driver/ros2_ws/build/rviz_imu_plugin' returned '0': CMAKE_PREFIX_PATH=${CMAKE_PREFIX_PATH}:/Users/yosuke/miniforge3/envs/ros_env CONDA_PROMPT_MODIFIER=(ros_env) SHLVL=3 _=/Users/yosuke/miniforge3/envs/ros_env/bin/env /Users/yosuke/miniforge3/envs/ros_env/bin/cmake /Users/yosuke/gits/cxd5602pwbimu_ros2_driver/ros2_ws/src/imu_tools/rviz_imu_plugin -DCMAKE_PREFIX_PATH=/usr/local -DCMAKE_CXX_FLAGS=-I/usr/local/include -DCMAKE_EXE_LINKER_FLAGS=-L/usr/local/lib -DCMAKE_INSTALL_PREFIX=/Users/yosuke/gits/cxd5602pwbimu_ros2_driver/ros2_ws/install/rviz_imu_plugin
[1.883s] colcon.colcon_core.event_handler.log_command DEBUG Invoking command in '/Users/yosuke/gits/cxd5602pwbimu_ros2_driver/ros2_ws/build/rviz_imu_plugin': CMAKE_PREFIX_PATH=${CMAKE_PREFIX_PATH}:/Users/yosuke/miniforge3/envs/ros_env CONDA_PROMPT_MODIFIER=(ros_env) SHLVL=3 _=/Users/yosuke/miniforge3/envs/ros_env/bin/env /Users/yosuke/miniforge3/envs/ros_env/bin/cmake --build /Users/yosuke/gits/cxd5602pwbimu_ros2_driver/ros2_ws/build/rviz_imu_plugin -- -j10 -l10
[1.890s] colcon.colcon_core.environment Level 1 create_environment_scripts_only(imu_trajectory_filter)
[1.890s] colcon.colcon_core.environment Level 1 checking '/Users/yosuke/gits/cxd5602pwbimu_ros2_driver/ros2_ws/install/imu_trajectory_filter' for CMake module files
[1.891s] colcon.colcon_core.event_handler.log_command DEBUG Invoked command in '/Users/yosuke/gits/cxd5602pwbimu_ros2_driver/ros2_ws/build/imu_trajectory_filter' returned '0': CMAKE_PREFIX_PATH=${CMAKE_PREFIX_PATH}:/Users/yosuke/miniforge3/envs/ros_env CONDA_PROMPT_MODIFIER=(ros_env) SHLVL=3 _=/Users/yosuke/miniforge3/envs/ros_env/bin/env /Users/yosuke/miniforge3/envs/ros_env/bin/cmake --install /Users/yosuke/gits/cxd5602pwbimu_ros2_driver/ros2_ws/build/imu_trajectory_filter
[1.891s] colcon.colcon_core.environment Level 1 checking '/Users/yosuke/gits/cxd5602pwbimu_ros2_driver/ros2_ws/install/imu_trajectory_filter' for CMake config files
[1.892s] colcon.colcon_core.shell Level 1 create_environment_hook('imu_trajectory_filter', 'cmake_prefix_path')
[1.892s] colcon.colcon_core.shell INFO Creating environment hook '/Users/yosuke/gits/cxd5602pwbimu_ros2_driver/ros2_ws/install/imu_trajectory_filter/share/imu_trajectory_filter/hook/cmake_prefix_path.ps1'
[1.893s] colcon.colcon_core.shell INFO Creating environment descriptor '/Users/yosuke/gits/cxd5602pwbimu_ros2_driver/ros2_ws/install/imu_trajectory_filter/share/imu_trajectory_filter/hook/cmake_prefix_path.dsv'
[1.894s] colcon.colcon_core.shell INFO Creating environment hook '/Users/yosuke/gits/cxd5602pwbimu_ros2_driver/ros2_ws/install/imu_trajectory_filter/share/imu_trajectory_filter/hook/cmake_prefix_path.sh'
[1.895s] colcon.colcon_core.environment Level 1 checking '/Users/yosuke/gits/cxd5602pwbimu_ros2_driver/ros2_ws/install/imu_trajectory_filter/lib'
[1.895s] colcon.colcon_core.shell Level 1 create_environment_hook('imu_trajectory_filter', 'dyld_library_path')
[1.895s] colcon.colcon_core.shell INFO Creating environment hook '/Users/yosuke/gits/cxd5602pwbimu_ros2_driver/ros2_ws/install/imu_trajectory_filter/share/imu_trajectory_filter/hook/dyld_library_path.ps1'
[1.895s] colcon.colcon_core.shell INFO Creating environment descriptor '/Users/yosuke/gits/cxd5602pwbimu_ros2_driver/ros2_ws/install/imu_trajectory_filter/share/imu_trajectory_filter/hook/dyld_library_path.dsv'
[1.895s] colcon.colcon_core.shell INFO Creating environment hook '/Users/yosuke/gits/cxd5602pwbimu_ros2_driver/ros2_ws/install/imu_trajectory_filter/share/imu_trajectory_filter/hook/dyld_library_path.sh'
[1.895s] colcon.colcon_core.environment Level 1 checking '/Users/yosuke/gits/cxd5602pwbimu_ros2_driver/ros2_ws/install/imu_trajectory_filter/bin'
[1.896s] colcon.colcon_core.environment Level 1 checking '/Users/yosuke/gits/cxd5602pwbimu_ros2_driver/ros2_ws/install/imu_trajectory_filter/lib/pkgconfig/imu_trajectory_filter.pc'
[1.896s] colcon.colcon_core.environment Level 1 checking '/Users/yosuke/gits/cxd5602pwbimu_ros2_driver/ros2_ws/install/imu_trajectory_filter/lib/python3.11/site-packages'
[1.896s] colcon.colcon_core.environment Level 1 checking '/Users/yosuke/gits/cxd5602pwbimu_ros2_driver/ros2_ws/install/imu_trajectory_filter/bin'
[1.896s] colcon.colcon_core.shell INFO Creating package script '/Users/yosuke/gits/cxd5602pwbimu_ros2_driver/ros2_ws/install/imu_trajectory_filter/share/imu_trajectory_filter/package.ps1'
[1.896s] colcon.colcon_core.shell INFO Creating package descriptor '/Users/yosuke/gits/cxd5602pwbimu_ros2_driver/ros2_ws/install/imu_trajectory_filter/share/imu_trajectory_filter/package.dsv'
[1.896s] colcon.colcon_core.shell INFO Creating package script '/Users/yosuke/gits/cxd5602pwbimu_ros2_driver/ros2_ws/install/imu_trajectory_filter/share/imu_trajectory_filter/package.sh'
[1.897s] colcon.colcon_core.shell INFO Creating package script '/Users/yosuke/gits/cxd5602pwbimu_ros2_driver/ros2_ws/install/imu_trajectory_filter/share/imu_trajectory_filter/package.bash'
[1.897s] colcon.colcon_core.shell INFO Creating package script '/Users/yosuke/gits/cxd5602pwbimu_ros2_driver/ros2_ws/install/imu_trajectory_filter/share/imu_trajectory_filter/package.zsh'
[1.897s] colcon.colcon_core.environment Level 1 create_file_with_runtime_dependencies(/Users/yosuke/gits/cxd5602pwbimu_ros2_driver/ros2_ws/install/imu_trajectory_filter/share/colcon-core/packages/imu_trajectory_filter)
[1.900s] colcon.colcon_core.environment Level 1 create_environment_scripts_only(imu_complementary_filter)
[1.901s] colcon.colcon_core.environment Level 1 checking '/Users/yosuke/gits/cxd5602pwbimu_ros2_driver/ros2_ws/install/imu_complementary_filter' for CMake module files
[1.902s] colcon.colcon_core.event_handler.log_command DEBUG Invoked command in '/Users/yosuke/gits/cxd5602pwbimu_ros2_driver/ros2_ws/build/imu_complementary_filter' returned '0': CMAKE_PREFIX_PATH=${CMAKE_PREFIX_PATH}:/Users/yosuke/miniforge3/envs/ros_env CONDA_PROMPT_MODIFIER=(ros_env) SHLVL=3 _=/Users/yosuke/miniforge3/envs/ros_env/bin/env /Users/yosuke/miniforge3/envs/ros_env/bin/cmake --install /Users/yosuke/gits/cxd5602pwbimu_ros2_driver/ros2_ws/build/imu_complementary_filter
[1.902s] colcon.colcon_core.environment Level 1 checking '/Users/yosuke/gits/cxd5602pwbimu_ros2_driver/ros2_ws/install/imu_complementary_filter' for CMake config files
[1.902s] colcon.colcon_core.shell Level 1 create_environment_hook('imu_complementary_filter', 'cmake_prefix_path')
[1.902s] colcon.colcon_core.shell INFO Creating environment hook '/Users/yosuke/gits/cxd5602pwbimu_ros2_driver/ros2_ws/install/imu_complementary_filter/share/imu_complementary_filter/hook/cmake_prefix_path.ps1'
[1.903s] colcon.colcon_core.shell INFO Creating environment descriptor '/Users/yosuke/gits/cxd5602pwbimu_ros2_driver/ros2_ws/install/imu_complementary_filter/share/imu_complementary_filter/hook/cmake_prefix_path.dsv'
[1.903s] colcon.colcon_core.shell INFO Creating environment hook '/Users/yosuke/gits/cxd5602pwbimu_ros2_driver/ros2_ws/install/imu_complementary_filter/share/imu_complementary_filter/hook/cmake_prefix_path.sh'
[1.903s] colcon.colcon_core.environment Level 1 checking '/Users/yosuke/gits/cxd5602pwbimu_ros2_driver/ros2_ws/install/imu_complementary_filter/lib'
[1.903s] colcon.colcon_core.shell Level 1 create_environment_hook('imu_complementary_filter', 'dyld_library_path')
[1.903s] colcon.colcon_core.shell INFO Creating environment hook '/Users/yosuke/gits/cxd5602pwbimu_ros2_driver/ros2_ws/install/imu_complementary_filter/share/imu_complementary_filter/hook/dyld_library_path.ps1'
[1.903s] colcon.colcon_core.shell INFO Creating environment descriptor '/Users/yosuke/gits/cxd5602pwbimu_ros2_driver/ros2_ws/install/imu_complementary_filter/share/imu_complementary_filter/hook/dyld_library_path.dsv'
[1.903s] colcon.colcon_core.shell INFO Creating environment hook '/Users/yosuke/gits/cxd5602pwbimu_ros2_driver/ros2_ws/install/imu_complementary_filter/share/imu_complementary_filter/hook/dyld_library_path.sh'
[1.903s] colcon.colcon_core.environment Level 1 checking '/Users/yosuke/gits/cxd5602pwbimu_ros2_driver/ros2_ws/install/imu_complementary_filter/bin'
[1.904s] colcon.colcon_core.environment Level 1 checking '/Users/yosuke/gits/cxd5602pwbimu_ros2_driver/ros2_ws/install/imu_complementary_filter/lib/pkgconfig/imu_complementary_filter.pc'
[1.904s] colcon.colcon_core.environment Level 1 checking '/Users/yosuke/gits/cxd5602pwbimu_ros2_driver/ros2_ws/install/imu_complementary_filter/lib/python3.11/site-packages'
[1.904s] colcon.colcon_core.environment Level 1 checking '/Users/yosuke/gits/cxd5602pwbimu_ros2_driver/ros2_ws/install/imu_complementary_filter/bin'
[1.904s] colcon.colcon_core.shell INFO Creating package script '/Users/yosuke/gits/cxd5602pwbimu_ros2_driver/ros2_ws/install/imu_complementary_filter/share/imu_complementary_filter/package.ps1'
[1.904s] colcon.colcon_core.shell INFO Creating package descriptor '/Users/yosuke/gits/cxd5602pwbimu_ros2_driver/ros2_ws/install/imu_complementary_filter/share/imu_complementary_filter/package.dsv'
[1.904s] colcon.colcon_core.shell INFO Creating package script '/Users/yosuke/gits/cxd5602pwbimu_ros2_driver/ros2_ws/install/imu_complementary_filter/share/imu_complementary_filter/package.sh'
[1.904s] colcon.colcon_core.shell INFO Creating package script '/Users/yosuke/gits/cxd5602pwbimu_ros2_driver/ros2_ws/install/imu_complementary_filter/share/imu_complementary_filter/package.bash'
[1.904s] colcon.colcon_core.shell INFO Creating package script '/Users/yosuke/gits/cxd5602pwbimu_ros2_driver/ros2_ws/install/imu_complementary_filter/share/imu_complementary_filter/package.zsh'
[1.905s] colcon.colcon_core.environment Level 1 create_file_with_runtime_dependencies(/Users/yosuke/gits/cxd5602pwbimu_ros2_driver/ros2_ws/install/imu_complementary_filter/share/colcon-core/packages/imu_complementary_filter)
[1.912s] colcon.colcon_core.event_handler.log_command DEBUG Invoking command in '/Users/yosuke/gits/cxd5602pwbimu_ros2_driver/ros2_ws/build/imu_filter_madgwick': CMAKE_PREFIX_PATH=${CMAKE_PREFIX_PATH}:/Users/yosuke/miniforge3/envs/ros_env CONDA_PROMPT_MODIFIER=(ros_env) SHLVL=3 _=/Users/yosuke/miniforge3/envs/ros_env/bin/env /Users/yosuke/miniforge3/envs/ros_env/bin/cmake --install /Users/yosuke/gits/cxd5602pwbimu_ros2_driver/ros2_ws/build/imu_filter_madgwick
[2.020s] colcon.colcon_core.environment Level 1 create_environment_scripts_only(imu_filter_madgwick)
[2.020s] colcon.colcon_core.environment Level 1 checking '/Users/yosuke/gits/cxd5602pwbimu_ros2_driver/ros2_ws/install/imu_filter_madgwick' for CMake module files
[2.020s] colcon.colcon_core.event_handler.log_command DEBUG Invoked command in '/Users/yosuke/gits/cxd5602pwbimu_ros2_driver/ros2_ws/build/imu_filter_madgwick' returned '0': CMAKE_PREFIX_PATH=${CMAKE_PREFIX_PATH}:/Users/yosuke/miniforge3/envs/ros_env CONDA_PROMPT_MODIFIER=(ros_env) SHLVL=3 _=/Users/yosuke/miniforge3/envs/ros_env/bin/env /Users/yosuke/miniforge3/envs/ros_env/bin/cmake --install /Users/yosuke/gits/cxd5602pwbimu_ros2_driver/ros2_ws/build/imu_filter_madgwick
[2.021s] colcon.colcon_core.environment Level 1 checking '/Users/yosuke/gits/cxd5602pwbimu_ros2_driver/ros2_ws/install/imu_filter_madgwick' for CMake config files
[2.021s] colcon.colcon_core.shell Level 1 create_environment_hook('imu_filter_madgwick', 'cmake_prefix_path')
[2.022s] colcon.colcon_core.shell INFO Creating environment hook '/Users/yosuke/gits/cxd5602pwbimu_ros2_driver/ros2_ws/install/imu_filter_madgwick/share/imu_filter_madgwick/hook/cmake_prefix_path.ps1'
[2.022s] colcon.colcon_core.shell INFO Creating environment descriptor '/Users/yosuke/gits/cxd5602pwbimu_ros2_driver/ros2_ws/install/imu_filter_madgwick/share/imu_filter_madgwick/hook/cmake_prefix_path.dsv'
[2.022s] colcon.colcon_core.shell INFO Creating environment hook '/Users/yosuke/gits/cxd5602pwbimu_ros2_driver/ros2_ws/install/imu_filter_madgwick/share/imu_filter_madgwick/hook/cmake_prefix_path.sh'
[2.023s] colcon.colcon_core.environment Level 1 checking '/Users/yosuke/gits/cxd5602pwbimu_ros2_driver/ros2_ws/install/imu_filter_madgwick/lib'
[2.023s] colcon.colcon_core.shell Level 1 create_environment_hook('imu_filter_madgwick', 'dyld_library_path')
[2.023s] colcon.colcon_core.shell INFO Creating environment hook '/Users/yosuke/gits/cxd5602pwbimu_ros2_driver/ros2_ws/install/imu_filter_madgwick/share/imu_filter_madgwick/hook/dyld_library_path.ps1'
[2.024s] colcon.colcon_core.shell INFO Creating environment descriptor '/Users/yosuke/gits/cxd5602pwbimu_ros2_driver/ros2_ws/install/imu_filter_madgwick/share/imu_filter_madgwick/hook/dyld_library_path.dsv'
[2.025s] colcon.colcon_core.shell INFO Creating environment hook '/Users/yosuke/gits/cxd5602pwbimu_ros2_driver/ros2_ws/install/imu_filter_madgwick/share/imu_filter_madgwick/hook/dyld_library_path.sh'
[2.025s] colcon.colcon_core.environment Level 1 checking '/Users/yosuke/gits/cxd5602pwbimu_ros2_driver/ros2_ws/install/imu_filter_madgwick/bin'
[2.025s] colcon.colcon_core.environment Level 1 checking '/Users/yosuke/gits/cxd5602pwbimu_ros2_driver/ros2_ws/install/imu_filter_madgwick/lib/pkgconfig/imu_filter_madgwick.pc'
[2.025s] colcon.colcon_core.environment Level 1 checking '/Users/yosuke/gits/cxd5602pwbimu_ros2_driver/ros2_ws/install/imu_filter_madgwick/lib/python3.11/site-packages'
[2.026s] colcon.colcon_core.environment Level 1 checking '/Users/yosuke/gits/cxd5602pwbimu_ros2_driver/ros2_ws/install/imu_filter_madgwick/bin'
[2.026s] colcon.colcon_core.shell INFO Creating package script '/Users/yosuke/gits/cxd5602pwbimu_ros2_driver/ros2_ws/install/imu_filter_madgwick/share/imu_filter_madgwick/package.ps1'
[2.027s] colcon.colcon_core.shell INFO Creating package descriptor '/Users/yosuke/gits/cxd5602pwbimu_ros2_driver/ros2_ws/install/imu_filter_madgwick/share/imu_filter_madgwick/package.dsv'
[2.027s] colcon.colcon_core.shell INFO Creating package script '/Users/yosuke/gits/cxd5602pwbimu_ros2_driver/ros2_ws/install/imu_filter_madgwick/share/imu_filter_madgwick/package.sh'
[2.028s] colcon.colcon_core.shell INFO Creating package script '/Users/yosuke/gits/cxd5602pwbimu_ros2_driver/ros2_ws/install/imu_filter_madgwick/share/imu_filter_madgwick/package.bash'
[2.028s] colcon.colcon_core.shell INFO Creating package script '/Users/yosuke/gits/cxd5602pwbimu_ros2_driver/ros2_ws/install/imu_filter_madgwick/share/imu_filter_madgwick/package.zsh'
[2.029s] colcon.colcon_core.environment Level 1 create_file_with_runtime_dependencies(/Users/yosuke/gits/cxd5602pwbimu_ros2_driver/ros2_ws/install/imu_filter_madgwick/share/colcon-core/packages/imu_filter_madgwick)
[2.079s] colcon.colcon_core.environment Level 1 create_environment_scripts_only(imu_trajectory_filter)
[2.079s] colcon.colcon_core.environment Level 1 checking '/Users/yosuke/gits/cxd5602pwbimu_ros2_driver/ros2_ws/install/imu_trajectory_filter' for CMake module files
[2.080s] colcon.colcon_core.environment Level 1 checking '/Users/yosuke/gits/cxd5602pwbimu_ros2_driver/ros2_ws/install/imu_trajectory_filter' for CMake config files
[2.080s] colcon.colcon_core.shell Level 1 create_environment_hook('imu_trajectory_filter', 'cmake_prefix_path')
[2.080s] colcon.colcon_core.shell INFO Creating environment hook '/Users/yosuke/gits/cxd5602pwbimu_ros2_driver/ros2_ws/install/imu_trajectory_filter/share/imu_trajectory_filter/hook/cmake_prefix_path.ps1'
[2.081s] colcon.colcon_core.shell INFO Creating environment descriptor '/Users/yosuke/gits/cxd5602pwbimu_ros2_driver/ros2_ws/install/imu_trajectory_filter/share/imu_trajectory_filter/hook/cmake_prefix_path.dsv'
[2.081s] colcon.colcon_core.shell INFO Creating environment hook '/Users/yosuke/gits/cxd5602pwbimu_ros2_driver/ros2_ws/install/imu_trajectory_filter/share/imu_trajectory_filter/hook/cmake_prefix_path.sh'
[2.082s] colcon.colcon_core.environment Level 1 checking '/Users/yosuke/gits/cxd5602pwbimu_ros2_driver/ros2_ws/install/imu_trajectory_filter/lib'
[2.082s] colcon.colcon_core.shell Level 1 create_environment_hook('imu_trajectory_filter', 'dyld_library_path')
[2.082s] colcon.colcon_core.shell INFO Creating environment hook '/Users/yosuke/gits/cxd5602pwbimu_ros2_driver/ros2_ws/install/imu_trajectory_filter/share/imu_trajectory_filter/hook/dyld_library_path.ps1'
[2.082s] colcon.colcon_core.shell INFO Creating environment descriptor '/Users/yosuke/gits/cxd5602pwbimu_ros2_driver/ros2_ws/install/imu_trajectory_filter/share/imu_trajectory_filter/hook/dyld_library_path.dsv'
[2.082s] colcon.colcon_core.shell INFO Creating environment hook '/Users/yosuke/gits/cxd5602pwbimu_ros2_driver/ros2_ws/install/imu_trajectory_filter/share/imu_trajectory_filter/hook/dyld_library_path.sh'
[2.082s] colcon.colcon_core.environment Level 1 checking '/Users/yosuke/gits/cxd5602pwbimu_ros2_driver/ros2_ws/install/imu_trajectory_filter/bin'
[2.082s] colcon.colcon_core.environment Level 1 checking '/Users/yosuke/gits/cxd5602pwbimu_ros2_driver/ros2_ws/install/imu_trajectory_filter/lib/pkgconfig/imu_trajectory_filter.pc'
[2.082s] colcon.colcon_core.environment Level 1 checking '/Users/yosuke/gits/cxd5602pwbimu_ros2_driver/ros2_ws/install/imu_trajectory_filter/lib/python3.11/site-packages'
[2.082s] colcon.colcon_core.environment Level 1 checking '/Users/yosuke/gits/cxd5602pwbimu_ros2_driver/ros2_ws/install/imu_trajectory_filter/bin'
[2.083s] colcon.colcon_core.shell INFO Creating package script '/Users/yosuke/gits/cxd5602pwbimu_ros2_driver/ros2_ws/install/imu_trajectory_filter/share/imu_trajectory_filter/package.ps1'
[2.083s] colcon.colcon_core.shell INFO Creating package descriptor '/Users/yosuke/gits/cxd5602pwbimu_ros2_driver/ros2_ws/install/imu_trajectory_filter/share/imu_trajectory_filter/package.dsv'
[2.083s] colcon.colcon_core.shell INFO Creating package script '/Users/yosuke/gits/cxd5602pwbimu_ros2_driver/ros2_ws/install/imu_trajectory_filter/share/imu_trajectory_filter/package.sh'
[2.084s] colcon.colcon_core.shell INFO Creating package script '/Users/yosuke/gits/cxd5602pwbimu_ros2_driver/ros2_ws/install/imu_trajectory_filter/share/imu_trajectory_filter/package.bash'
[2.084s] colcon.colcon_core.shell INFO Creating package script '/Users/yosuke/gits/cxd5602pwbimu_ros2_driver/ros2_ws/install/imu_trajectory_filter/share/imu_trajectory_filter/package.zsh'
[2.084s] colcon.colcon_core.environment Level 1 create_file_with_runtime_dependencies(/Users/yosuke/gits/cxd5602pwbimu_ros2_driver/ros2_ws/install/imu_trajectory_filter/share/colcon-core/packages/imu_trajectory_filter)
[2.113s] colcon.colcon_core.environment Level 1 create_environment_scripts_only(imu_complementary_filter)
[2.113s] colcon.colcon_core.environment Level 1 checking '/Users/yosuke/gits/cxd5602pwbimu_ros2_driver/ros2_ws/install/imu_complementary_filter' for CMake module files
[2.114s] colcon.colcon_core.environment Level 1 checking '/Users/yosuke/gits/cxd5602pwbimu_ros2_driver/ros2_ws/install/imu_complementary_filter' for CMake config files
[2.114s] colcon.colcon_core.shell Level 1 create_environment_hook('imu_complementary_filter', 'cmake_prefix_path')
[2.114s] colcon.colcon_core.shell INFO Creating environment hook '/Users/yosuke/gits/cxd5602pwbimu_ros2_driver/ros2_ws/install/imu_complementary_filter/share/imu_complementary_filter/hook/cmake_prefix_path.ps1'
[2.114s] colcon.colcon_core.shell INFO Creating environment descriptor '/Users/yosuke/gits/cxd5602pwbimu_ros2_driver/ros2_ws/install/imu_complementary_filter/share/imu_complementary_filter/hook/cmake_prefix_path.dsv'
[2.114s] colcon.colcon_core.shell INFO Creating environment hook '/Users/yosuke/gits/cxd5602pwbimu_ros2_driver/ros2_ws/install/imu_complementary_filter/share/imu_complementary_filter/hook/cmake_prefix_path.sh'
[2.115s] colcon.colcon_core.environment Level 1 checking '/Users/yosuke/gits/cxd5602pwbimu_ros2_driver/ros2_ws/install/imu_complementary_filter/lib'
[2.115s] colcon.colcon_core.shell Level 1 create_environment_hook('imu_complementary_filter', 'dyld_library_path')
[2.115s] colcon.colcon_core.shell INFO Creating environment hook '/Users/yosuke/gits/cxd5602pwbimu_ros2_driver/ros2_ws/install/imu_complementary_filter/share/imu_complementary_filter/hook/dyld_library_path.ps1'
[2.115s] colcon.colcon_core.shell INFO Creating environment descriptor '/Users/yosuke/gits/cxd5602pwbimu_ros2_driver/ros2_ws/install/imu_complementary_filter/share/imu_complementary_filter/hook/dyld_library_path.dsv'
[2.115s] colcon.colcon_core.shell INFO Creating environment hook '/Users/yosuke/gits/cxd5602pwbimu_ros2_driver/ros2_ws/install/imu_complementary_filter/share/imu_complementary_filter/hook/dyld_library_path.sh'
[2.115s] colcon.colcon_core.environment Level 1 checking '/Users/yosuke/gits/cxd5602pwbimu_ros2_driver/ros2_ws/install/imu_complementary_filter/bin'
[2.115s] colcon.colcon_core.environment Level 1 checking '/Users/yosuke/gits/cxd5602pwbimu_ros2_driver/ros2_ws/install/imu_complementary_filter/lib/pkgconfig/imu_complementary_filter.pc'
[2.115s] colcon.colcon_core.environment Level 1 checking '/Users/yosuke/gits/cxd5602pwbimu_ros2_driver/ros2_ws/install/imu_complementary_filter/lib/python3.11/site-packages'
[2.115s] colcon.colcon_core.environment Level 1 checking '/Users/yosuke/gits/cxd5602pwbimu_ros2_driver/ros2_ws/install/imu_complementary_filter/bin'
[2.115s] colcon.colcon_core.shell INFO Creating package script '/Users/yosuke/gits/cxd5602pwbimu_ros2_driver/ros2_ws/install/imu_complementary_filter/share/imu_complementary_filter/package.ps1'
[2.116s] colcon.colcon_core.shell INFO Creating package descriptor '/Users/yosuke/gits/cxd5602pwbimu_ros2_driver/ros2_ws/install/imu_complementary_filter/share/imu_complementary_filter/package.dsv'
[2.116s] colcon.colcon_core.shell INFO Creating package script '/Users/yosuke/gits/cxd5602pwbimu_ros2_driver/ros2_ws/install/imu_complementary_filter/share/imu_complementary_filter/package.sh'
[2.116s] colcon.colcon_core.shell INFO Creating package script '/Users/yosuke/gits/cxd5602pwbimu_ros2_driver/ros2_ws/install/imu_complementary_filter/share/imu_complementary_filter/package.bash'
[2.116s] colcon.colcon_core.shell INFO Creating package script '/Users/yosuke/gits/cxd5602pwbimu_ros2_driver/ros2_ws/install/imu_complementary_filter/share/imu_complementary_filter/package.zsh'
[2.117s] colcon.colcon_core.environment Level 1 create_file_with_runtime_dependencies(/Users/yosuke/gits/cxd5602pwbimu_ros2_driver/ros2_ws/install/imu_complementary_filter/share/colcon-core/packages/imu_complementary_filter)
[2.233s] colcon.colcon_core.environment Level 1 create_environment_scripts_only(imu_filter_madgwick)
[2.233s] colcon.colcon_core.environment Level 1 checking '/Users/yosuke/gits/cxd5602pwbimu_ros2_driver/ros2_ws/install/imu_filter_madgwick' for CMake module files
[2.233s] colcon.colcon_core.environment Level 1 checking '/Users/yosuke/gits/cxd5602pwbimu_ros2_driver/ros2_ws/install/imu_filter_madgwick' for CMake config files
[2.233s] colcon.colcon_core.shell Level 1 create_environment_hook('imu_filter_madgwick', 'cmake_prefix_path')
[2.233s] colcon.colcon_core.shell INFO Creating environment hook '/Users/yosuke/gits/cxd5602pwbimu_ros2_driver/ros2_ws/install/imu_filter_madgwick/share/imu_filter_madgwick/hook/cmake_prefix_path.ps1'
[2.234s] colcon.colcon_core.shell INFO Creating environment descriptor '/Users/yosuke/gits/cxd5602pwbimu_ros2_driver/ros2_ws/install/imu_filter_madgwick/share/imu_filter_madgwick/hook/cmake_prefix_path.dsv'
[2.234s] colcon.colcon_core.shell INFO Creating environment hook '/Users/yosuke/gits/cxd5602pwbimu_ros2_driver/ros2_ws/install/imu_filter_madgwick/share/imu_filter_madgwick/hook/cmake_prefix_path.sh'
[2.234s] colcon.colcon_core.environment Level 1 checking '/Users/yosuke/gits/cxd5602pwbimu_ros2_driver/ros2_ws/install/imu_filter_madgwick/lib'
[2.234s] colcon.colcon_core.shell Level 1 create_environment_hook('imu_filter_madgwick', 'dyld_library_path')
[2.234s] colcon.colcon_core.shell INFO Creating environment hook '/Users/yosuke/gits/cxd5602pwbimu_ros2_driver/ros2_ws/install/imu_filter_madgwick/share/imu_filter_madgwick/hook/dyld_library_path.ps1'
[2.234s] colcon.colcon_core.shell INFO Creating environment descriptor '/Users/yosuke/gits/cxd5602pwbimu_ros2_driver/ros2_ws/install/imu_filter_madgwick/share/imu_filter_madgwick/hook/dyld_library_path.dsv'
[2.234s] colcon.colcon_core.shell INFO Creating environment hook '/Users/yosuke/gits/cxd5602pwbimu_ros2_driver/ros2_ws/install/imu_filter_madgwick/share/imu_filter_madgwick/hook/dyld_library_path.sh'
[2.234s] colcon.colcon_core.environment Level 1 checking '/Users/yosuke/gits/cxd5602pwbimu_ros2_driver/ros2_ws/install/imu_filter_madgwick/bin'
[2.234s] colcon.colcon_core.environment Level 1 checking '/Users/yosuke/gits/cxd5602pwbimu_ros2_driver/ros2_ws/install/imu_filter_madgwick/lib/pkgconfig/imu_filter_madgwick.pc'
[2.235s] colcon.colcon_core.environment Level 1 checking '/Users/yosuke/gits/cxd5602pwbimu_ros2_driver/ros2_ws/install/imu_filter_madgwick/lib/python3.11/site-packages'
[2.235s] colcon.colcon_core.environment Level 1 checking '/Users/yosuke/gits/cxd5602pwbimu_ros2_driver/ros2_ws/install/imu_filter_madgwick/bin'
[2.235s] colcon.colcon_core.shell INFO Creating package script '/Users/yosuke/gits/cxd5602pwbimu_ros2_driver/ros2_ws/install/imu_filter_madgwick/share/imu_filter_madgwick/package.ps1'
[2.235s] colcon.colcon_core.shell INFO Creating package descriptor '/Users/yosuke/gits/cxd5602pwbimu_ros2_driver/ros2_ws/install/imu_filter_madgwick/share/imu_filter_madgwick/package.dsv'
[2.235s] colcon.colcon_core.shell INFO Creating package script '/Users/yosuke/gits/cxd5602pwbimu_ros2_driver/ros2_ws/install/imu_filter_madgwick/share/imu_filter_madgwick/package.sh'
[2.235s] colcon.colcon_core.shell INFO Creating package script '/Users/yosuke/gits/cxd5602pwbimu_ros2_driver/ros2_ws/install/imu_filter_madgwick/share/imu_filter_madgwick/package.bash'
[2.235s] colcon.colcon_core.shell INFO Creating package script '/Users/yosuke/gits/cxd5602pwbimu_ros2_driver/ros2_ws/install/imu_filter_madgwick/share/imu_filter_madgwick/package.zsh'
[2.236s] colcon.colcon_core.environment Level 1 create_file_with_runtime_dependencies(/Users/yosuke/gits/cxd5602pwbimu_ros2_driver/ros2_ws/install/imu_filter_madgwick/share/colcon-core/packages/imu_filter_madgwick)
[2.239s] colcon.colcon_core.event_handler.log_command DEBUG Invoked command in '/Users/yosuke/gits/cxd5602pwbimu_ros2_driver/ros2_ws/build/rviz_imu_plugin' returned '0': CMAKE_PREFIX_PATH=${CMAKE_PREFIX_PATH}:/Users/yosuke/miniforge3/envs/ros_env CONDA_PROMPT_MODIFIER=(ros_env) SHLVL=3 _=/Users/yosuke/miniforge3/envs/ros_env/bin/env /Users/yosuke/miniforge3/envs/ros_env/bin/cmake --build /Users/yosuke/gits/cxd5602pwbimu_ros2_driver/ros2_ws/build/rviz_imu_plugin -- -j10 -l10
[2.464s] colcon.colcon_core.event_handler.log_command DEBUG Invoking command in '/Users/yosuke/gits/cxd5602pwbimu_ros2_driver/ros2_ws/build/rviz_imu_plugin': CMAKE_PREFIX_PATH=${CMAKE_PREFIX_PATH}:/Users/yosuke/miniforge3/envs/ros_env CONDA_PROMPT_MODIFIER=(ros_env) SHLVL=3 _=/Users/yosuke/miniforge3/envs/ros_env/bin/env /Users/yosuke/miniforge3/envs/ros_env/bin/cmake --install /Users/yosuke/gits/cxd5602pwbimu_ros2_driver/ros2_ws/build/rviz_imu_plugin
[2.524s] colcon.colcon_core.environment Level 1 create_environment_scripts_only(rviz_imu_plugin)
[2.524s] colcon.colcon_core.environment Level 1 checking '/Users/yosuke/gits/cxd5602pwbimu_ros2_driver/ros2_ws/install/rviz_imu_plugin' for CMake module files
[2.524s] colcon.colcon_core.event_handler.log_command DEBUG Invoked command in '/Users/yosuke/gits/cxd5602pwbimu_ros2_driver/ros2_ws/build/rviz_imu_plugin' returned '0': CMAKE_PREFIX_PATH=${CMAKE_PREFIX_PATH}:/Users/yosuke/miniforge3/envs/ros_env CONDA_PROMPT_MODIFIER=(ros_env) SHLVL=3 _=/Users/yosuke/miniforge3/envs/ros_env/bin/env /Users/yosuke/miniforge3/envs/ros_env/bin/cmake --install /Users/yosuke/gits/cxd5602pwbimu_ros2_driver/ros2_ws/build/rviz_imu_plugin
[2.525s] colcon.colcon_core.environment Level 1 checking '/Users/yosuke/gits/cxd5602pwbimu_ros2_driver/ros2_ws/install/rviz_imu_plugin' for CMake config files
[2.525s] colcon.colcon_core.shell Level 1 create_environment_hook('rviz_imu_plugin', 'cmake_prefix_path')
[2.525s] colcon.colcon_core.shell INFO Creating environment hook '/Users/yosuke/gits/cxd5602pwbimu_ros2_driver/ros2_ws/install/rviz_imu_plugin/share/rviz_imu_plugin/hook/cmake_prefix_path.ps1'
[2.525s] colcon.colcon_core.shell INFO Creating environment descriptor '/Users/yosuke/gits/cxd5602pwbimu_ros2_driver/ros2_ws/install/rviz_imu_plugin/share/rviz_imu_plugin/hook/cmake_prefix_path.dsv'
[2.525s] colcon.colcon_core.shell INFO Creating environment hook '/Users/yosuke/gits/cxd5602pwbimu_ros2_driver/ros2_ws/install/rviz_imu_plugin/share/rviz_imu_plugin/hook/cmake_prefix_path.sh'
[2.526s] colcon.colcon_core.environment Level 1 checking '/Users/yosuke/gits/cxd5602pwbimu_ros2_driver/ros2_ws/install/rviz_imu_plugin/lib'
[2.526s] colcon.colcon_core.shell Level 1 create_environment_hook('rviz_imu_plugin', 'dyld_library_path')
[2.526s] colcon.colcon_core.shell INFO Creating environment hook '/Users/yosuke/gits/cxd5602pwbimu_ros2_driver/ros2_ws/install/rviz_imu_plugin/share/rviz_imu_plugin/hook/dyld_library_path.ps1'
[2.526s] colcon.colcon_core.shell INFO Creating environment descriptor '/Users/yosuke/gits/cxd5602pwbimu_ros2_driver/ros2_ws/install/rviz_imu_plugin/share/rviz_imu_plugin/hook/dyld_library_path.dsv'
[2.526s] colcon.colcon_core.shell INFO Creating environment hook '/Users/yosuke/gits/cxd5602pwbimu_ros2_driver/ros2_ws/install/rviz_imu_plugin/share/rviz_imu_plugin/hook/dyld_library_path.sh'
[2.526s] colcon.colcon_core.environment Level 1 checking '/Users/yosuke/gits/cxd5602pwbimu_ros2_driver/ros2_ws/install/rviz_imu_plugin/bin'
[2.526s] colcon.colcon_core.environment Level 1 checking '/Users/yosuke/gits/cxd5602pwbimu_ros2_driver/ros2_ws/install/rviz_imu_plugin/lib/pkgconfig/rviz_imu_plugin.pc'
[2.526s] colcon.colcon_core.environment Level 1 checking '/Users/yosuke/gits/cxd5602pwbimu_ros2_driver/ros2_ws/install/rviz_imu_plugin/lib/python3.11/site-packages'
[2.526s] colcon.colcon_core.environment Level 1 checking '/Users/yosuke/gits/cxd5602pwbimu_ros2_driver/ros2_ws/install/rviz_imu_plugin/bin'
[2.526s] colcon.colcon_core.shell INFO Creating package script '/Users/yosuke/gits/cxd5602pwbimu_ros2_driver/ros2_ws/install/rviz_imu_plugin/share/rviz_imu_plugin/package.ps1'
[2.527s] colcon.colcon_core.shell INFO Creating package descriptor '/Users/yosuke/gits/cxd5602pwbimu_ros2_driver/ros2_ws/install/rviz_imu_plugin/share/rviz_imu_plugin/package.dsv'
[2.527s] colcon.colcon_core.shell INFO Creating package script '/Users/yosuke/gits/cxd5602pwbimu_ros2_driver/ros2_ws/install/rviz_imu_plugin/share/rviz_imu_plugin/package.sh'
[2.527s] colcon.colcon_core.shell INFO Creating package script '/Users/yosuke/gits/cxd5602pwbimu_ros2_driver/ros2_ws/install/rviz_imu_plugin/share/rviz_imu_plugin/package.bash'
[2.527s] colcon.colcon_core.shell INFO Creating package script '/Users/yosuke/gits/cxd5602pwbimu_ros2_driver/ros2_ws/install/rviz_imu_plugin/share/rviz_imu_plugin/package.zsh'
[2.527s] colcon.colcon_core.environment Level 1 create_file_with_runtime_dependencies(/Users/yosuke/gits/cxd5602pwbimu_ros2_driver/ros2_ws/install/rviz_imu_plugin/share/colcon-core/packages/rviz_imu_plugin)
[2.655s] colcon.colcon_core.event_handler.log_command DEBUG Invoked command in '/Users/yosuke/gits/cxd5602pwbimu_ros2_driver/ros2_ws/build/h6x_serial_interface' returned '2': CMAKE_PREFIX_PATH=${CMAKE_PREFIX_PATH}:/Users/yosuke/miniforge3/envs/ros_env CONDA_PROMPT_MODIFIER=(ros_env) SHLVL=3 _=/Users/yosuke/miniforge3/envs/ros_env/bin/env /Users/yosuke/miniforge3/envs/ros_env/bin/cmake --build /Users/yosuke/gits/cxd5602pwbimu_ros2_driver/ros2_ws/build/h6x_serial_interface -- -j10 -l10
[2.743s] colcon.colcon_core.environment Level 1 create_environment_scripts_only(rviz_imu_plugin)
[2.743s] colcon.colcon_core.environment Level 1 checking '/Users/yosuke/gits/cxd5602pwbimu_ros2_driver/ros2_ws/install/rviz_imu_plugin' for CMake module files
[2.744s] colcon.colcon_core.environment Level 1 checking '/Users/yosuke/gits/cxd5602pwbimu_ros2_driver/ros2_ws/install/rviz_imu_plugin' for CMake config files
[2.744s] colcon.colcon_core.shell Level 1 create_environment_hook('rviz_imu_plugin', 'cmake_prefix_path')
[2.744s] colcon.colcon_core.shell INFO Creating environment hook '/Users/yosuke/gits/cxd5602pwbimu_ros2_driver/ros2_ws/install/rviz_imu_plugin/share/rviz_imu_plugin/hook/cmake_prefix_path.ps1'
[2.744s] colcon.colcon_core.shell INFO Creating environment descriptor '/Users/yosuke/gits/cxd5602pwbimu_ros2_driver/ros2_ws/install/rviz_imu_plugin/share/rviz_imu_plugin/hook/cmake_prefix_path.dsv'
[2.744s] colcon.colcon_core.shell INFO Creating environment hook '/Users/yosuke/gits/cxd5602pwbimu_ros2_driver/ros2_ws/install/rviz_imu_plugin/share/rviz_imu_plugin/hook/cmake_prefix_path.sh'
[2.745s] colcon.colcon_core.environment Level 1 checking '/Users/yosuke/gits/cxd5602pwbimu_ros2_driver/ros2_ws/install/rviz_imu_plugin/lib'
[2.745s] colcon.colcon_core.shell Level 1 create_environment_hook('rviz_imu_plugin', 'dyld_library_path')
[2.745s] colcon.colcon_core.shell INFO Creating environment hook '/Users/yosuke/gits/cxd5602pwbimu_ros2_driver/ros2_ws/install/rviz_imu_plugin/share/rviz_imu_plugin/hook/dyld_library_path.ps1'
[2.745s] colcon.colcon_core.shell INFO Creating environment descriptor '/Users/yosuke/gits/cxd5602pwbimu_ros2_driver/ros2_ws/install/rviz_imu_plugin/share/rviz_imu_plugin/hook/dyld_library_path.dsv'
[2.745s] colcon.colcon_core.shell INFO Creating environment hook '/Users/yosuke/gits/cxd5602pwbimu_ros2_driver/ros2_ws/install/rviz_imu_plugin/share/rviz_imu_plugin/hook/dyld_library_path.sh'
[2.745s] colcon.colcon_core.environment Level 1 checking '/Users/yosuke/gits/cxd5602pwbimu_ros2_driver/ros2_ws/install/rviz_imu_plugin/bin'
[2.745s] colcon.colcon_core.environment Level 1 checking '/Users/yosuke/gits/cxd5602pwbimu_ros2_driver/ros2_ws/install/rviz_imu_plugin/lib/pkgconfig/rviz_imu_plugin.pc'
[2.745s] colcon.colcon_core.environment Level 1 checking '/Users/yosuke/gits/cxd5602pwbimu_ros2_driver/ros2_ws/install/rviz_imu_plugin/lib/python3.11/site-packages'
[2.745s] colcon.colcon_core.environment Level 1 checking '/Users/yosuke/gits/cxd5602pwbimu_ros2_driver/ros2_ws/install/rviz_imu_plugin/bin'
[2.745s] colcon.colcon_core.shell INFO Creating package script '/Users/yosuke/gits/cxd5602pwbimu_ros2_driver/ros2_ws/install/rviz_imu_plugin/share/rviz_imu_plugin/package.ps1'
[2.746s] colcon.colcon_core.shell INFO Creating package descriptor '/Users/yosuke/gits/cxd5602pwbimu_ros2_driver/ros2_ws/install/rviz_imu_plugin/share/rviz_imu_plugin/package.dsv'
[2.746s] colcon.colcon_core.shell INFO Creating package script '/Users/yosuke/gits/cxd5602pwbimu_ros2_driver/ros2_ws/install/rviz_imu_plugin/share/rviz_imu_plugin/package.sh'
[2.746s] colcon.colcon_core.shell INFO Creating package script '/Users/yosuke/gits/cxd5602pwbimu_ros2_driver/ros2_ws/install/rviz_imu_plugin/share/rviz_imu_plugin/package.bash'
[2.746s] colcon.colcon_core.shell INFO Creating package script '/Users/yosuke/gits/cxd5602pwbimu_ros2_driver/ros2_ws/install/rviz_imu_plugin/share/rviz_imu_plugin/package.zsh'
[2.746s] colcon.colcon_core.environment Level 1 create_file_with_runtime_dependencies(/Users/yosuke/gits/cxd5602pwbimu_ros2_driver/ros2_ws/install/rviz_imu_plugin/share/colcon-core/packages/rviz_imu_plugin)
[2.746s] colcon.colcon_ros.task.ament_cmake.build INFO Building ROS package in '/Users/yosuke/gits/cxd5602pwbimu_ros2_driver/ros2_ws/src/imu_tools/imu_tools' with build type 'ament_cmake'
[2.747s] colcon.colcon_cmake.task.cmake.build INFO Building CMake package in '/Users/yosuke/gits/cxd5602pwbimu_ros2_driver/ros2_ws/src/imu_tools/imu_tools'
[2.747s] colcon.colcon_core.shell INFO Skip shell extension 'powershell' for command environment: Not usable outside of PowerShell
[2.747s] colcon.colcon_core.shell DEBUG Skip shell extension 'dsv' for command environment
[2.767s] colcon.colcon_core.event_handler.log_command DEBUG Invoking command in '/Users/yosuke/gits/cxd5602pwbimu_ros2_driver/ros2_ws/build/imu_tools': AMENT_PREFIX_PATH=/Users/yosuke/gits/cxd5602pwbimu_ros2_driver/ros2_ws/install/rviz_imu_plugin:/Users/yosuke/gits/cxd5602pwbimu_ros2_driver/ros2_ws/install/imu_filter_madgwick:/Users/yosuke/gits/cxd5602pwbimu_ros2_driver/ros2_ws/install/imu_complementary_filter:${AMENT_PREFIX_PATH} CMAKE_PREFIX_PATH=/Users/yosuke/gits/cxd5602pwbimu_ros2_driver/ros2_ws/install/rviz_imu_plugin:/Users/yosuke/gits/cxd5602pwbimu_ros2_driver/ros2_ws/install/imu_filter_madgwick:/Users/yosuke/gits/cxd5602pwbimu_ros2_driver/ros2_ws/install/imu_complementary_filter:/opt/homebrew/opt/qt@5:/Users/yosuke/miniforge3/envs/ros_env CONDA_PROMPT_MODIFIER=(ros_env) DYLD_LIBRARY_PATH=/Users/yosuke/gits/cxd5602pwbimu_ros2_driver/ros2_ws/install/rviz_imu_plugin/lib:/Users/yosuke/gits/cxd5602pwbimu_ros2_driver/ros2_ws/install/imu_filter_madgwick/lib:/Users/yosuke/gits/cxd5602pwbimu_ros2_driver/ros2_ws/install/imu_complementary_filter/lib:${DYLD_LIBRARY_PATH} SHLVL=3 _=/Users/yosuke/miniforge3/envs/ros_env/bin/env /Users/yosuke/miniforge3/envs/ros_env/bin/cmake /Users/yosuke/gits/cxd5602pwbimu_ros2_driver/ros2_ws/src/imu_tools/imu_tools -DCMAKE_PREFIX_PATH=/usr/local -DCMAKE_CXX_FLAGS=-I/usr/local/include -DCMAKE_EXE_LINKER_FLAGS=-L/usr/local/lib -DCMAKE_INSTALL_PREFIX=/Users/yosuke/gits/cxd5602pwbimu_ros2_driver/ros2_ws/install/imu_tools
[2.772s] colcon.colcon_core.environment Level 1 create_environment_scripts_only(h6x_serial_interface)
[2.772s] colcon.colcon_core.environment Level 1 checking '/Users/yosuke/gits/cxd5602pwbimu_ros2_driver/ros2_ws/install/h6x_serial_interface' for CMake module files
[2.772s] colcon.colcon_core.environment Level 1 checking '/Users/yosuke/gits/cxd5602pwbimu_ros2_driver/ros2_ws/install/h6x_serial_interface' for CMake config files
[2.772s] colcon.colcon_core.environment Level 1 checking '/Users/yosuke/gits/cxd5602pwbimu_ros2_driver/ros2_ws/install/h6x_serial_interface/lib'
[2.772s] colcon.colcon_core.environment Level 1 checking '/Users/yosuke/gits/cxd5602pwbimu_ros2_driver/ros2_ws/install/h6x_serial_interface/bin'
[2.772s] colcon.colcon_core.environment Level 1 checking '/Users/yosuke/gits/cxd5602pwbimu_ros2_driver/ros2_ws/install/h6x_serial_interface/lib/pkgconfig/h6x_serial_interface.pc'
[2.773s] colcon.colcon_core.environment Level 1 checking '/Users/yosuke/gits/cxd5602pwbimu_ros2_driver/ros2_ws/install/h6x_serial_interface/lib/python3.11/site-packages'
[2.773s] colcon.colcon_core.environment Level 1 checking '/Users/yosuke/gits/cxd5602pwbimu_ros2_driver/ros2_ws/install/h6x_serial_interface/bin'
[2.773s] colcon.colcon_core.shell INFO Creating package script '/Users/yosuke/gits/cxd5602pwbimu_ros2_driver/ros2_ws/install/h6x_serial_interface/share/h6x_serial_interface/package.ps1'
[2.773s] colcon.colcon_core.shell INFO Creating package descriptor '/Users/yosuke/gits/cxd5602pwbimu_ros2_driver/ros2_ws/install/h6x_serial_interface/share/h6x_serial_interface/package.dsv'
[2.773s] colcon.colcon_core.shell INFO Creating package script '/Users/yosuke/gits/cxd5602pwbimu_ros2_driver/ros2_ws/install/h6x_serial_interface/share/h6x_serial_interface/package.sh'
[2.773s] colcon.colcon_core.shell INFO Creating package script '/Users/yosuke/gits/cxd5602pwbimu_ros2_driver/ros2_ws/install/h6x_serial_interface/share/h6x_serial_interface/package.bash'
[2.774s] colcon.colcon_core.shell INFO Creating package script '/Users/yosuke/gits/cxd5602pwbimu_ros2_driver/ros2_ws/install/h6x_serial_interface/share/h6x_serial_interface/package.zsh'
[2.774s] colcon.colcon_core.environment Level 1 create_file_with_runtime_dependencies(/Users/yosuke/gits/cxd5602pwbimu_ros2_driver/ros2_ws/install/h6x_serial_interface/share/colcon-core/packages/h6x_serial_interface)
[3.008s] colcon.colcon_parallel_executor.executor.parallel DEBUG closing loop
[3.008s] colcon.colcon_parallel_executor.executor.parallel DEBUG loop closed
[3.008s] colcon.colcon_parallel_executor.executor.parallel DEBUG run_until_complete finished with '2'
[3.008s] colcon.colcon_core.event_reactor DEBUG joining thread
[3.008s] colcon.colcon_core.event_reactor DEBUG joined thread
[3.008s] colcon.colcon_core.shell INFO Creating prefix script '/Users/yosuke/gits/cxd5602pwbimu_ros2_driver/ros2_ws/install/local_setup.ps1'
[3.008s] colcon.colcon_core.shell INFO Creating prefix util module '/Users/yosuke/gits/cxd5602pwbimu_ros2_driver/ros2_ws/install/_local_setup_util_ps1.py'
[3.009s] colcon.colcon_core.shell INFO Creating prefix chain script '/Users/yosuke/gits/cxd5602pwbimu_ros2_driver/ros2_ws/install/setup.ps1'
[3.009s] colcon.colcon_core.shell INFO Creating prefix script '/Users/yosuke/gits/cxd5602pwbimu_ros2_driver/ros2_ws/install/local_setup.sh'
[3.009s] colcon.colcon_core.shell INFO Creating prefix util module '/Users/yosuke/gits/cxd5602pwbimu_ros2_driver/ros2_ws/install/_local_setup_util_sh.py'
[3.010s] colcon.colcon_core.shell INFO Creating prefix chain script '/Users/yosuke/gits/cxd5602pwbimu_ros2_driver/ros2_ws/install/setup.sh'
[3.010s] colcon.colcon_core.shell INFO Creating prefix script '/Users/yosuke/gits/cxd5602pwbimu_ros2_driver/ros2_ws/install/local_setup.bash'
[3.010s] colcon.colcon_core.shell INFO Creating prefix chain script '/Users/yosuke/gits/cxd5602pwbimu_ros2_driver/ros2_ws/install/setup.bash'
[3.010s] colcon.colcon_core.shell INFO Creating prefix script '/Users/yosuke/gits/cxd5602pwbimu_ros2_driver/ros2_ws/install/local_setup.zsh'
[3.011s] colcon.colcon_core.shell INFO Creating prefix chain script '/Users/yosuke/gits/cxd5602pwbimu_ros2_driver/ros2_ws/install/setup.zsh'
