[0.066s] colcon DEBUG Command line arguments: ['/Users/yosuke/miniforge3/envs/ros_env/bin/colcon', 'build', '--cmake-args', '-DCMAKE_PREFIX_PATH=/usr/local', '-DCMAKE_CXX_FLAGS=-I/usr/local/include', '-DCMAKE_EXE_LINKER_FLAGS=-L/usr/local/lib']
[0.066s] colcon DEBUG Parsed command line arguments: Namespace(log_base=None, log_level=None, verb_name='build', build_base='build', install_base='install', merge_install=False, symlink_install=False, test_result_base=None, continue_on_error=False, executor='parallel', parallel_workers=10, event_handlers=None, ignore_user_meta=False, metas=['./colcon.meta'], base_paths=['.'], packages_ignore=None, packages_ignore_regex=None, paths=None, packages_up_to=None, packages_up_to_regex=None, packages_above=None, packages_above_and_dependencies=None, packages_above_depth=None, packages_select_by_dep=None, packages_skip_by_dep=None, packages_skip_up_to=None, packages_select_build_failed=False, packages_skip_build_finished=False, packages_select_test_failures=False, packages_skip_test_passed=False, packages_select=None, packages_skip=None, packages_select_regex=None, packages_skip_regex=None, packages_start=None, packages_end=None, cmake_args=['-DCMAKE_PREFIX_PATH=/usr/local', '-DCMAKE_CXX_FLAGS=-I/usr/local/include', '-DCMAKE_EXE_LINKER_FLAGS=-L/usr/local/lib'], cmake_target=None, cmake_target_skip_unavailable=False, cmake_clean_cache=False, cmake_clean_first=False, cmake_force_configure=False, ament_cmake_args=None, catkin_cmake_args=None, catkin_skip_building_tests=False, verb_parser=<colcon_defaults.argument_parser.defaults.DefaultArgumentsDecorator object at 0x1035a9f50>, verb_extension=<colcon_core.verb.build.BuildVerb object at 0x10404b090>, main=<bound method BuildVerb.main of <colcon_core.verb.build.BuildVerb object at 0x10404b090>>)
[0.081s] colcon.colcon_core.package_discovery Level 1 discover_packages(colcon_meta) check parameters
[0.081s] colcon.colcon_core.package_discovery Level 1 discover_packages(recursive) check parameters
[0.081s] colcon.colcon_core.package_discovery Level 1 discover_packages(ignore) check parameters
[0.081s] colcon.colcon_core.package_discovery Level 1 discover_packages(path) check parameters
[0.081s] colcon.colcon_core.package_discovery Level 1 discover_packages(colcon_meta) discover
[0.081s] colcon.colcon_core.package_discovery Level 1 discover_packages(recursive) discover
[0.081s] colcon.colcon_core.package_discovery INFO Crawling recursively for packages in '/Users/yosuke/gits/cxd5602pwbimu_ros2_driver/ros2_ws'
[0.082s] colcon.colcon_core.package_identification Level 1 _identify(.) by extensions ['ignore', 'ignore_ament_install']
[0.082s] colcon.colcon_core.package_identification Level 1 _identify(.) by extension 'ignore'
[0.082s] colcon.colcon_core.package_identification Level 1 _identify(.) by extension 'ignore_ament_install'
[0.082s] colcon.colcon_core.package_identification Level 1 _identify(.) by extensions ['colcon_pkg']
[0.082s] colcon.colcon_core.package_identification Level 1 _identify(.) by extension 'colcon_pkg'
[0.082s] colcon.colcon_core.package_identification Level 1 _identify(.) by extensions ['colcon_meta']
[0.082s] colcon.colcon_core.package_identification Level 1 _identify(.) by extension 'colcon_meta'
[0.082s] colcon.colcon_core.package_identification Level 1 _identify(.) by extensions ['ros']
[0.082s] colcon.colcon_core.package_identification Level 1 _identify(.) by extension 'ros'
[0.092s] colcon.colcon_core.package_identification Level 1 _identify(.) by extensions ['cmake', 'python']
[0.092s] colcon.colcon_core.package_identification Level 1 _identify(.) by extension 'cmake'
[0.092s] colcon.colcon_core.package_identification Level 1 _identify(.) by extension 'python'
[0.092s] colcon.colcon_core.package_identification Level 1 _identify(.) by extensions ['python_setup_py']
[0.092s] colcon.colcon_core.package_identification Level 1 _identify(.) by extension 'python_setup_py'
[0.092s] colcon.colcon_core.package_identification Level 1 _identify(build) by extensions ['ignore', 'ignore_ament_install']
[0.092s] colcon.colcon_core.package_identification Level 1 _identify(build) by extension 'ignore'
[0.092s] colcon.colcon_core.package_identification Level 1 _identify(build) ignored
[0.092s] colcon.colcon_core.package_identification Level 1 _identify(install) by extensions ['ignore', 'ignore_ament_install']
[0.092s] colcon.colcon_core.package_identification Level 1 _identify(install) by extension 'ignore'
[0.092s] colcon.colcon_core.package_identification Level 1 _identify(install) ignored
[0.092s] colcon.colcon_core.package_identification Level 1 _identify(log) by extensions ['ignore', 'ignore_ament_install']
[0.092s] colcon.colcon_core.package_identification Level 1 _identify(log) by extension 'ignore'
[0.092s] colcon.colcon_core.package_identification Level 1 _identify(log) ignored
[0.093s] colcon.colcon_core.package_identification Level 1 _identify(src) by extensions ['ignore', 'ignore_ament_install']
[0.093s] colcon.colcon_core.package_identification Level 1 _identify(src) by extension 'ignore'
[0.093s] colcon.colcon_core.package_identification Level 1 _identify(src) by extension 'ignore_ament_install'
[0.093s] colcon.colcon_core.package_identification Level 1 _identify(src) by extensions ['colcon_pkg']
[0.093s] colcon.colcon_core.package_identification Level 1 _identify(src) by extension 'colcon_pkg'
[0.093s] colcon.colcon_core.package_identification Level 1 _identify(src) by extensions ['colcon_meta']
[0.093s] colcon.colcon_core.package_identification Level 1 _identify(src) by extension 'colcon_meta'
[0.093s] colcon.colcon_core.package_identification Level 1 _identify(src) by extensions ['ros']
[0.093s] colcon.colcon_core.package_identification Level 1 _identify(src) by extension 'ros'
[0.093s] colcon.colcon_core.package_identification Level 1 _identify(src) by extensions ['cmake', 'python']
[0.093s] colcon.colcon_core.package_identification Level 1 _identify(src) by extension 'cmake'
[0.093s] colcon.colcon_core.package_identification Level 1 _identify(src) by extension 'python'
[0.093s] colcon.colcon_core.package_identification Level 1 _identify(src) by extensions ['python_setup_py']
[0.093s] colcon.colcon_core.package_identification Level 1 _identify(src) by extension 'python_setup_py'
[0.093s] colcon.colcon_core.package_identification Level 1 _identify(src/cxd5602pwbimu_driver) by extensions ['ignore', 'ignore_ament_install']
[0.093s] colcon.colcon_core.package_identification Level 1 _identify(src/cxd5602pwbimu_driver) by extension 'ignore'
[0.093s] colcon.colcon_core.package_identification Level 1 _identify(src/cxd5602pwbimu_driver) by extension 'ignore_ament_install'
[0.093s] colcon.colcon_core.package_identification Level 1 _identify(src/cxd5602pwbimu_driver) by extensions ['colcon_pkg']
[0.093s] colcon.colcon_core.package_identification Level 1 _identify(src/cxd5602pwbimu_driver) by extension 'colcon_pkg'
[0.093s] colcon.colcon_core.package_identification Level 1 _identify(src/cxd5602pwbimu_driver) by extensions ['colcon_meta']
[0.093s] colcon.colcon_core.package_identification Level 1 _identify(src/cxd5602pwbimu_driver) by extension 'colcon_meta'
[0.093s] colcon.colcon_core.package_identification Level 1 _identify(src/cxd5602pwbimu_driver) by extensions ['ros']
[0.093s] colcon.colcon_core.package_identification Level 1 _identify(src/cxd5602pwbimu_driver) by extension 'ros'
[0.094s] colcon.colcon_core.package_identification DEBUG Package 'src/cxd5602pwbimu_driver' with type 'ros.ament_cmake' and name 'cxd5602pwbimu_driver'
[0.094s] colcon.colcon_core.package_identification Level 1 _identify(src/cxd5602pwbimu_driver_bringup) by extensions ['ignore', 'ignore_ament_install']
[0.094s] colcon.colcon_core.package_identification Level 1 _identify(src/cxd5602pwbimu_driver_bringup) by extension 'ignore'
[0.094s] colcon.colcon_core.package_identification Level 1 _identify(src/cxd5602pwbimu_driver_bringup) by extension 'ignore_ament_install'
[0.094s] colcon.colcon_core.package_identification Level 1 _identify(src/cxd5602pwbimu_driver_bringup) by extensions ['colcon_pkg']
[0.094s] colcon.colcon_core.package_identification Level 1 _identify(src/cxd5602pwbimu_driver_bringup) by extension 'colcon_pkg'
[0.094s] colcon.colcon_core.package_identification Level 1 _identify(src/cxd5602pwbimu_driver_bringup) by extensions ['colcon_meta']
[0.094s] colcon.colcon_core.package_identification Level 1 _identify(src/cxd5602pwbimu_driver_bringup) by extension 'colcon_meta'
[0.094s] colcon.colcon_core.package_identification Level 1 _identify(src/cxd5602pwbimu_driver_bringup) by extensions ['ros']
[0.094s] colcon.colcon_core.package_identification Level 1 _identify(src/cxd5602pwbimu_driver_bringup) by extension 'ros'
[0.094s] colcon.colcon_core.package_identification DEBUG Package 'src/cxd5602pwbimu_driver_bringup' with type 'ros.ament_python' and name 'cxd5602pwbimu_driver_bringup'
[0.094s] colcon.colcon_core.package_identification Level 1 _identify(src/cxd5602pwbimu_driver_node) by extensions ['ignore', 'ignore_ament_install']
[0.094s] colcon.colcon_core.package_identification Level 1 _identify(src/cxd5602pwbimu_driver_node) by extension 'ignore'
[0.094s] colcon.colcon_core.package_identification Level 1 _identify(src/cxd5602pwbimu_driver_node) by extension 'ignore_ament_install'
[0.094s] colcon.colcon_core.package_identification Level 1 _identify(src/cxd5602pwbimu_driver_node) by extensions ['colcon_pkg']
[0.094s] colcon.colcon_core.package_identification Level 1 _identify(src/cxd5602pwbimu_driver_node) by extension 'colcon_pkg'
[0.094s] colcon.colcon_core.package_identification Level 1 _identify(src/cxd5602pwbimu_driver_node) by extensions ['colcon_meta']
[0.094s] colcon.colcon_core.package_identification Level 1 _identify(src/cxd5602pwbimu_driver_node) by extension 'colcon_meta'
[0.094s] colcon.colcon_core.package_identification Level 1 _identify(src/cxd5602pwbimu_driver_node) by extensions ['ros']
[0.094s] colcon.colcon_core.package_identification Level 1 _identify(src/cxd5602pwbimu_driver_node) by extension 'ros'
[0.095s] colcon.colcon_core.package_identification DEBUG Package 'src/cxd5602pwbimu_driver_node' with type 'ros.ament_cmake' and name 'cxd5602pwbimu_driver_node'
[0.095s] colcon.colcon_core.package_identification Level 1 _identify(src/h6x_serial_interface) by extensions ['ignore', 'ignore_ament_install']
[0.095s] colcon.colcon_core.package_identification Level 1 _identify(src/h6x_serial_interface) by extension 'ignore'
[0.095s] colcon.colcon_core.package_identification Level 1 _identify(src/h6x_serial_interface) by extension 'ignore_ament_install'
[0.095s] colcon.colcon_core.package_identification Level 1 _identify(src/h6x_serial_interface) by extensions ['colcon_pkg']
[0.095s] colcon.colcon_core.package_identification Level 1 _identify(src/h6x_serial_interface) by extension 'colcon_pkg'
[0.095s] colcon.colcon_core.package_identification Level 1 _identify(src/h6x_serial_interface) by extensions ['colcon_meta']
[0.095s] colcon.colcon_core.package_identification Level 1 _identify(src/h6x_serial_interface) by extension 'colcon_meta'
[0.095s] colcon.colcon_core.package_identification Level 1 _identify(src/h6x_serial_interface) by extensions ['ros']
[0.095s] colcon.colcon_core.package_identification Level 1 _identify(src/h6x_serial_interface) by extension 'ros'
[0.095s] colcon.colcon_core.package_identification Level 1 _identify(src/h6x_serial_interface) by extensions ['cmake', 'python']
[0.095s] colcon.colcon_core.package_identification Level 1 _identify(src/h6x_serial_interface) by extension 'cmake'
[0.095s] colcon.colcon_core.package_identification Level 1 _identify(src/h6x_serial_interface) by extension 'python'
[0.095s] colcon.colcon_core.package_identification Level 1 _identify(src/h6x_serial_interface) by extensions ['python_setup_py']
[0.095s] colcon.colcon_core.package_identification Level 1 _identify(src/h6x_serial_interface) by extension 'python_setup_py'
[0.095s] colcon.colcon_core.package_identification Level 1 _identify(src/h6x_serial_interface/h6x_packet_handler) by extensions ['ignore', 'ignore_ament_install']
[0.095s] colcon.colcon_core.package_identification Level 1 _identify(src/h6x_serial_interface/h6x_packet_handler) by extension 'ignore'
[0.095s] colcon.colcon_core.package_identification Level 1 _identify(src/h6x_serial_interface/h6x_packet_handler) by extension 'ignore_ament_install'
[0.095s] colcon.colcon_core.package_identification Level 1 _identify(src/h6x_serial_interface/h6x_packet_handler) by extensions ['colcon_pkg']
[0.095s] colcon.colcon_core.package_identification Level 1 _identify(src/h6x_serial_interface/h6x_packet_handler) by extension 'colcon_pkg'
[0.095s] colcon.colcon_core.package_identification Level 1 _identify(src/h6x_serial_interface/h6x_packet_handler) by extensions ['colcon_meta']
[0.095s] colcon.colcon_core.package_identification Level 1 _identify(src/h6x_serial_interface/h6x_packet_handler) by extension 'colcon_meta'
[0.095s] colcon.colcon_core.package_identification Level 1 _identify(src/h6x_serial_interface/h6x_packet_handler) by extensions ['ros']
[0.095s] colcon.colcon_core.package_identification Level 1 _identify(src/h6x_serial_interface/h6x_packet_handler) by extension 'ros'
[0.095s] colcon.colcon_core.package_identification DEBUG Package 'src/h6x_serial_interface/h6x_packet_handler' with type 'ros.ament_cmake' and name 'h6x_packet_handler'
[0.095s] colcon.colcon_core.package_identification Level 1 _identify(src/h6x_serial_interface/h6x_serial_interface) by extensions ['ignore', 'ignore_ament_install']
[0.095s] colcon.colcon_core.package_identification Level 1 _identify(src/h6x_serial_interface/h6x_serial_interface) by extension 'ignore'
[0.095s] colcon.colcon_core.package_identification Level 1 _identify(src/h6x_serial_interface/h6x_serial_interface) by extension 'ignore_ament_install'
[0.095s] colcon.colcon_core.package_identification Level 1 _identify(src/h6x_serial_interface/h6x_serial_interface) by extensions ['colcon_pkg']
[0.095s] colcon.colcon_core.package_identification Level 1 _identify(src/h6x_serial_interface/h6x_serial_interface) by extension 'colcon_pkg'
[0.095s] colcon.colcon_core.package_identification Level 1 _identify(src/h6x_serial_interface/h6x_serial_interface) by extensions ['colcon_meta']
[0.095s] colcon.colcon_core.package_identification Level 1 _identify(src/h6x_serial_interface/h6x_serial_interface) by extension 'colcon_meta'
[0.095s] colcon.colcon_core.package_identification Level 1 _identify(src/h6x_serial_interface/h6x_serial_interface) by extensions ['ros']
[0.095s] colcon.colcon_core.package_identification Level 1 _identify(src/h6x_serial_interface/h6x_serial_interface) by extension 'ros'
[0.096s] colcon.colcon_core.package_identification DEBUG Package 'src/h6x_serial_interface/h6x_serial_interface' with type 'ros.ament_cmake' and name 'h6x_serial_interface'
[0.096s] colcon.colcon_core.package_identification Level 1 _identify(src/h6x_serial_interface/h6x_serial_interface_example) by extensions ['ignore', 'ignore_ament_install']
[0.096s] colcon.colcon_core.package_identification Level 1 _identify(src/h6x_serial_interface/h6x_serial_interface_example) by extension 'ignore'
[0.096s] colcon.colcon_core.package_identification Level 1 _identify(src/h6x_serial_interface/h6x_serial_interface_example) by extension 'ignore_ament_install'
[0.096s] colcon.colcon_core.package_identification Level 1 _identify(src/h6x_serial_interface/h6x_serial_interface_example) by extensions ['colcon_pkg']
[0.096s] colcon.colcon_core.package_identification Level 1 _identify(src/h6x_serial_interface/h6x_serial_interface_example) by extension 'colcon_pkg'
[0.096s] colcon.colcon_core.package_identification Level 1 _identify(src/h6x_serial_interface/h6x_serial_interface_example) by extensions ['colcon_meta']
[0.096s] colcon.colcon_core.package_identification Level 1 _identify(src/h6x_serial_interface/h6x_serial_interface_example) by extension 'colcon_meta'
[0.096s] colcon.colcon_core.package_identification Level 1 _identify(src/h6x_serial_interface/h6x_serial_interface_example) by extensions ['ros']
[0.096s] colcon.colcon_core.package_identification Level 1 _identify(src/h6x_serial_interface/h6x_serial_interface_example) by extension 'ros'
[0.096s] colcon.colcon_core.package_identification DEBUG Package 'src/h6x_serial_interface/h6x_serial_interface_example' with type 'ros.ament_cmake' and name 'h6x_serial_interface_example'
[0.096s] colcon.colcon_core.package_identification Level 1 _identify(src/imu_tools) by extensions ['ignore', 'ignore_ament_install']
[0.096s] colcon.colcon_core.package_identification Level 1 _identify(src/imu_tools) by extension 'ignore'
[0.096s] colcon.colcon_core.package_identification Level 1 _identify(src/imu_tools) by extension 'ignore_ament_install'
[0.097s] colcon.colcon_core.package_identification Level 1 _identify(src/imu_tools) by extensions ['colcon_pkg']
[0.097s] colcon.colcon_core.package_identification Level 1 _identify(src/imu_tools) by extension 'colcon_pkg'
[0.097s] colcon.colcon_core.package_identification Level 1 _identify(src/imu_tools) by extensions ['colcon_meta']
[0.097s] colcon.colcon_core.package_identification Level 1 _identify(src/imu_tools) by extension 'colcon_meta'
[0.097s] colcon.colcon_core.package_identification Level 1 _identify(src/imu_tools) by extensions ['ros']
[0.097s] colcon.colcon_core.package_identification Level 1 _identify(src/imu_tools) by extension 'ros'
[0.097s] colcon.colcon_core.package_identification Level 1 _identify(src/imu_tools) by extensions ['cmake', 'python']
[0.097s] colcon.colcon_core.package_identification Level 1 _identify(src/imu_tools) by extension 'cmake'
[0.097s] colcon.colcon_core.package_identification Level 1 _identify(src/imu_tools) by extension 'python'
[0.097s] colcon.colcon_core.package_identification Level 1 _identify(src/imu_tools) by extensions ['python_setup_py']
[0.097s] colcon.colcon_core.package_identification Level 1 _identify(src/imu_tools) by extension 'python_setup_py'
[0.097s] colcon.colcon_core.package_identification Level 1 _identify(src/imu_tools/imu_complementary_filter) by extensions ['ignore', 'ignore_ament_install']
[0.097s] colcon.colcon_core.package_identification Level 1 _identify(src/imu_tools/imu_complementary_filter) by extension 'ignore'
[0.097s] colcon.colcon_core.package_identification Level 1 _identify(src/imu_tools/imu_complementary_filter) by extension 'ignore_ament_install'
[0.097s] colcon.colcon_core.package_identification Level 1 _identify(src/imu_tools/imu_complementary_filter) by extensions ['colcon_pkg']
[0.097s] colcon.colcon_core.package_identification Level 1 _identify(src/imu_tools/imu_complementary_filter) by extension 'colcon_pkg'
[0.097s] colcon.colcon_core.package_identification Level 1 _identify(src/imu_tools/imu_complementary_filter) by extensions ['colcon_meta']
[0.097s] colcon.colcon_core.package_identification Level 1 _identify(src/imu_tools/imu_complementary_filter) by extension 'colcon_meta'
[0.097s] colcon.colcon_core.package_identification Level 1 _identify(src/imu_tools/imu_complementary_filter) by extensions ['ros']
[0.097s] colcon.colcon_core.package_identification Level 1 _identify(src/imu_tools/imu_complementary_filter) by extension 'ros'
[0.097s] colcon.colcon_core.package_identification DEBUG Package 'src/imu_tools/imu_complementary_filter' with type 'ros.ament_cmake' and name 'imu_complementary_filter'
[0.097s] colcon.colcon_core.package_identification Level 1 _identify(src/imu_tools/imu_filter_madgwick) by extensions ['ignore', 'ignore_ament_install']
[0.097s] colcon.colcon_core.package_identification Level 1 _identify(src/imu_tools/imu_filter_madgwick) by extension 'ignore'
[0.097s] colcon.colcon_core.package_identification Level 1 _identify(src/imu_tools/imu_filter_madgwick) by extension 'ignore_ament_install'
[0.097s] colcon.colcon_core.package_identification Level 1 _identify(src/imu_tools/imu_filter_madgwick) by extensions ['colcon_pkg']
[0.097s] colcon.colcon_core.package_identification Level 1 _identify(src/imu_tools/imu_filter_madgwick) by extension 'colcon_pkg'
[0.097s] colcon.colcon_core.package_identification Level 1 _identify(src/imu_tools/imu_filter_madgwick) by extensions ['colcon_meta']
[0.097s] colcon.colcon_core.package_identification Level 1 _identify(src/imu_tools/imu_filter_madgwick) by extension 'colcon_meta'
[0.097s] colcon.colcon_core.package_identification Level 1 _identify(src/imu_tools/imu_filter_madgwick) by extensions ['ros']
[0.097s] colcon.colcon_core.package_identification Level 1 _identify(src/imu_tools/imu_filter_madgwick) by extension 'ros'
[0.098s] colcon.colcon_core.package_identification DEBUG Package 'src/imu_tools/imu_filter_madgwick' with type 'ros.ament_cmake' and name 'imu_filter_madgwick'
[0.098s] colcon.colcon_core.package_identification Level 1 _identify(src/imu_tools/imu_tools) by extensions ['ignore', 'ignore_ament_install']
[0.098s] colcon.colcon_core.package_identification Level 1 _identify(src/imu_tools/imu_tools) by extension 'ignore'
[0.098s] colcon.colcon_core.package_identification Level 1 _identify(src/imu_tools/imu_tools) by extension 'ignore_ament_install'
[0.098s] colcon.colcon_core.package_identification Level 1 _identify(src/imu_tools/imu_tools) by extensions ['colcon_pkg']
[0.098s] colcon.colcon_core.package_identification Level 1 _identify(src/imu_tools/imu_tools) by extension 'colcon_pkg'
[0.098s] colcon.colcon_core.package_identification Level 1 _identify(src/imu_tools/imu_tools) by extensions ['colcon_meta']
[0.098s] colcon.colcon_core.package_identification Level 1 _identify(src/imu_tools/imu_tools) by extension 'colcon_meta'
[0.098s] colcon.colcon_core.package_identification Level 1 _identify(src/imu_tools/imu_tools) by extensions ['ros']
[0.098s] colcon.colcon_core.package_identification Level 1 _identify(src/imu_tools/imu_tools) by extension 'ros'
[0.098s] colcon.colcon_core.package_identification DEBUG Package 'src/imu_tools/imu_tools' with type 'ros.ament_cmake' and name 'imu_tools'
[0.098s] colcon.colcon_core.package_identification Level 1 _identify(src/imu_tools/rviz_imu_plugin) by extensions ['ignore', 'ignore_ament_install']
[0.098s] colcon.colcon_core.package_identification Level 1 _identify(src/imu_tools/rviz_imu_plugin) by extension 'ignore'
[0.098s] colcon.colcon_core.package_identification Level 1 _identify(src/imu_tools/rviz_imu_plugin) by extension 'ignore_ament_install'
[0.098s] colcon.colcon_core.package_identification Level 1 _identify(src/imu_tools/rviz_imu_plugin) by extensions ['colcon_pkg']
[0.098s] colcon.colcon_core.package_identification Level 1 _identify(src/imu_tools/rviz_imu_plugin) by extension 'colcon_pkg'
[0.098s] colcon.colcon_core.package_identification Level 1 _identify(src/imu_tools/rviz_imu_plugin) by extensions ['colcon_meta']
[0.098s] colcon.colcon_core.package_identification Level 1 _identify(src/imu_tools/rviz_imu_plugin) by extension 'colcon_meta'
[0.098s] colcon.colcon_core.package_identification Level 1 _identify(src/imu_tools/rviz_imu_plugin) by extensions ['ros']
[0.098s] colcon.colcon_core.package_identification Level 1 _identify(src/imu_tools/rviz_imu_plugin) by extension 'ros'
[0.099s] colcon.colcon_core.package_identification DEBUG Package 'src/imu_tools/rviz_imu_plugin' with type 'ros.ament_cmake' and name 'rviz_imu_plugin'
[0.099s] colcon.colcon_core.package_identification Level 1 _identify(src/imu_trajectory_filter) by extensions ['ignore', 'ignore_ament_install']
[0.099s] colcon.colcon_core.package_identification Level 1 _identify(src/imu_trajectory_filter) by extension 'ignore'
[0.099s] colcon.colcon_core.package_identification Level 1 _identify(src/imu_trajectory_filter) by extension 'ignore_ament_install'
[0.099s] colcon.colcon_core.package_identification Level 1 _identify(src/imu_trajectory_filter) by extensions ['colcon_pkg']
[0.099s] colcon.colcon_core.package_identification Level 1 _identify(src/imu_trajectory_filter) by extension 'colcon_pkg'
[0.099s] colcon.colcon_core.package_identification Level 1 _identify(src/imu_trajectory_filter) by extensions ['colcon_meta']
[0.099s] colcon.colcon_core.package_identification Level 1 _identify(src/imu_trajectory_filter) by extension 'colcon_meta'
[0.099s] colcon.colcon_core.package_identification Level 1 _identify(src/imu_trajectory_filter) by extensions ['ros']
[0.099s] colcon.colcon_core.package_identification Level 1 _identify(src/imu_trajectory_filter) by extension 'ros'
[0.099s] colcon.colcon_core.package_identification DEBUG Package 'src/imu_trajectory_filter' with type 'ros.ament_cmake' and name 'imu_trajectory_filter'
[0.099s] colcon.colcon_core.package_discovery Level 1 discover_packages(recursive) using defaults
[0.099s] colcon.colcon_core.package_discovery Level 1 discover_packages(ignore) discover
[0.099s] colcon.colcon_core.package_discovery Level 1 discover_packages(ignore) using defaults
[0.099s] colcon.colcon_core.package_discovery Level 1 discover_packages(path) discover
[0.099s] colcon.colcon_core.package_discovery Level 1 discover_packages(path) using defaults
[0.106s] colcon.colcon_core.verb Level 5 set package 'h6x_packet_handler' build argument 'cmake_args' from command line to '['-DCMAKE_PREFIX_PATH=/usr/local', '-DCMAKE_CXX_FLAGS=-I/usr/local/include', '-DCMAKE_EXE_LINKER_FLAGS=-L/usr/local/lib']'
[0.106s] colcon.colcon_core.verb Level 5 set package 'h6x_packet_handler' build argument 'cmake_target' from command line to 'None'
[0.106s] colcon.colcon_core.verb Level 5 set package 'h6x_packet_handler' build argument 'cmake_target_skip_unavailable' from command line to 'False'
[0.106s] colcon.colcon_core.verb Level 5 set package 'h6x_packet_handler' build argument 'cmake_clean_cache' from command line to 'False'
[0.106s] colcon.colcon_core.verb Level 5 set package 'h6x_packet_handler' build argument 'cmake_clean_first' from command line to 'False'
[0.107s] colcon.colcon_core.verb Level 5 set package 'h6x_packet_handler' build argument 'cmake_force_configure' from command line to 'False'
[0.107s] colcon.colcon_core.verb Level 5 set package 'h6x_packet_handler' build argument 'ament_cmake_args' from command line to 'None'
[0.107s] colcon.colcon_core.verb Level 5 set package 'h6x_packet_handler' build argument 'catkin_cmake_args' from command line to 'None'
[0.107s] colcon.colcon_core.verb Level 5 set package 'h6x_packet_handler' build argument 'catkin_skip_building_tests' from command line to 'False'
[0.107s] colcon.colcon_core.verb DEBUG Building package 'h6x_packet_handler' with the following arguments: {'ament_cmake_args': None, 'build_base': '/Users/yosuke/gits/cxd5602pwbimu_ros2_driver/ros2_ws/build/h6x_packet_handler', 'catkin_cmake_args': None, 'catkin_skip_building_tests': False, 'cmake_args': ['-DCMAKE_PREFIX_PATH=/usr/local', '-DCMAKE_CXX_FLAGS=-I/usr/local/include', '-DCMAKE_EXE_LINKER_FLAGS=-L/usr/local/lib'], 'cmake_clean_cache': False, 'cmake_clean_first': False, 'cmake_force_configure': False, 'cmake_target': None, 'cmake_target_skip_unavailable': False, 'install_base': '/Users/yosuke/gits/cxd5602pwbimu_ros2_driver/ros2_ws/install/h6x_packet_handler', 'merge_install': False, 'path': '/Users/yosuke/gits/cxd5602pwbimu_ros2_driver/ros2_ws/src/h6x_serial_interface/h6x_packet_handler', 'symlink_install': False, 'test_result_base': None}
[0.107s] colcon.colcon_core.verb Level 5 set package 'h6x_serial_interface' build argument 'cmake_args' from command line to '['-DCMAKE_PREFIX_PATH=/usr/local', '-DCMAKE_CXX_FLAGS=-I/usr/local/include', '-DCMAKE_EXE_LINKER_FLAGS=-L/usr/local/lib']'
[0.107s] colcon.colcon_core.verb Level 5 set package 'h6x_serial_interface' build argument 'cmake_target' from command line to 'None'
[0.107s] colcon.colcon_core.verb Level 5 set package 'h6x_serial_interface' build argument 'cmake_target_skip_unavailable' from command line to 'False'
[0.107s] colcon.colcon_core.verb Level 5 set package 'h6x_serial_interface' build argument 'cmake_clean_cache' from command line to 'False'
[0.107s] colcon.colcon_core.verb Level 5 set package 'h6x_serial_interface' build argument 'cmake_clean_first' from command line to 'False'
[0.107s] colcon.colcon_core.verb Level 5 set package 'h6x_serial_interface' build argument 'cmake_force_configure' from command line to 'False'
[0.107s] colcon.colcon_core.verb Level 5 set package 'h6x_serial_interface' build argument 'ament_cmake_args' from command line to 'None'
[0.107s] colcon.colcon_core.verb Level 5 set package 'h6x_serial_interface' build argument 'catkin_cmake_args' from command line to 'None'
[0.107s] colcon.colcon_core.verb Level 5 set package 'h6x_serial_interface' build argument 'catkin_skip_building_tests' from command line to 'False'
[0.107s] colcon.colcon_core.verb DEBUG Building package 'h6x_serial_interface' with the following arguments: {'ament_cmake_args': None, 'build_base': '/Users/yosuke/gits/cxd5602pwbimu_ros2_driver/ros2_ws/build/h6x_serial_interface', 'catkin_cmake_args': None, 'catkin_skip_building_tests': False, 'cmake_args': ['-DCMAKE_PREFIX_PATH=/usr/local', '-DCMAKE_CXX_FLAGS=-I/usr/local/include', '-DCMAKE_EXE_LINKER_FLAGS=-L/usr/local/lib'], 'cmake_clean_cache': False, 'cmake_clean_first': False, 'cmake_force_configure': False, 'cmake_target': None, 'cmake_target_skip_unavailable': False, 'install_base': '/Users/yosuke/gits/cxd5602pwbimu_ros2_driver/ros2_ws/install/h6x_serial_interface', 'merge_install': False, 'path': '/Users/yosuke/gits/cxd5602pwbimu_ros2_driver/ros2_ws/src/h6x_serial_interface/h6x_serial_interface', 'symlink_install': False, 'test_result_base': None}
[0.107s] colcon.colcon_core.verb Level 5 set package 'imu_complementary_filter' build argument 'cmake_args' from command line to '['-DCMAKE_PREFIX_PATH=/usr/local', '-DCMAKE_CXX_FLAGS=-I/usr/local/include', '-DCMAKE_EXE_LINKER_FLAGS=-L/usr/local/lib']'
[0.107s] colcon.colcon_core.verb Level 5 set package 'imu_complementary_filter' build argument 'cmake_target' from command line to 'None'
[0.107s] colcon.colcon_core.verb Level 5 set package 'imu_complementary_filter' build argument 'cmake_target_skip_unavailable' from command line to 'False'
[0.107s] colcon.colcon_core.verb Level 5 set package 'imu_complementary_filter' build argument 'cmake_clean_cache' from command line to 'False'
[0.107s] colcon.colcon_core.verb Level 5 set package 'imu_complementary_filter' build argument 'cmake_clean_first' from command line to 'False'
[0.107s] colcon.colcon_core.verb Level 5 set package 'imu_complementary_filter' build argument 'cmake_force_configure' from command line to 'False'
[0.107s] colcon.colcon_core.verb Level 5 set package 'imu_complementary_filter' build argument 'ament_cmake_args' from command line to 'None'
[0.107s] colcon.colcon_core.verb Level 5 set package 'imu_complementary_filter' build argument 'catkin_cmake_args' from command line to 'None'
[0.107s] colcon.colcon_core.verb Level 5 set package 'imu_complementary_filter' build argument 'catkin_skip_building_tests' from command line to 'False'
[0.107s] colcon.colcon_core.verb DEBUG Building package 'imu_complementary_filter' with the following arguments: {'ament_cmake_args': None, 'build_base': '/Users/yosuke/gits/cxd5602pwbimu_ros2_driver/ros2_ws/build/imu_complementary_filter', 'catkin_cmake_args': None, 'catkin_skip_building_tests': False, 'cmake_args': ['-DCMAKE_PREFIX_PATH=/usr/local', '-DCMAKE_CXX_FLAGS=-I/usr/local/include', '-DCMAKE_EXE_LINKER_FLAGS=-L/usr/local/lib'], 'cmake_clean_cache': False, 'cmake_clean_first': False, 'cmake_force_configure': False, 'cmake_target': None, 'cmake_target_skip_unavailable': False, 'install_base': '/Users/yosuke/gits/cxd5602pwbimu_ros2_driver/ros2_ws/install/imu_complementary_filter', 'merge_install': False, 'path': '/Users/yosuke/gits/cxd5602pwbimu_ros2_driver/ros2_ws/src/imu_tools/imu_complementary_filter', 'symlink_install': False, 'test_result_base': None}
[0.107s] colcon.colcon_core.verb Level 5 set package 'imu_filter_madgwick' build argument 'cmake_args' from command line to '['-DCMAKE_PREFIX_PATH=/usr/local', '-DCMAKE_CXX_FLAGS=-I/usr/local/include', '-DCMAKE_EXE_LINKER_FLAGS=-L/usr/local/lib']'
[0.107s] colcon.colcon_core.verb Level 5 set package 'imu_filter_madgwick' build argument 'cmake_target' from command line to 'None'
[0.107s] colcon.colcon_core.verb Level 5 set package 'imu_filter_madgwick' build argument 'cmake_target_skip_unavailable' from command line to 'False'
[0.107s] colcon.colcon_core.verb Level 5 set package 'imu_filter_madgwick' build argument 'cmake_clean_cache' from command line to 'False'
[0.107s] colcon.colcon_core.verb Level 5 set package 'imu_filter_madgwick' build argument 'cmake_clean_first' from command line to 'False'
[0.107s] colcon.colcon_core.verb Level 5 set package 'imu_filter_madgwick' build argument 'cmake_force_configure' from command line to 'False'
[0.107s] colcon.colcon_core.verb Level 5 set package 'imu_filter_madgwick' build argument 'ament_cmake_args' from command line to 'None'
[0.107s] colcon.colcon_core.verb Level 5 set package 'imu_filter_madgwick' build argument 'catkin_cmake_args' from command line to 'None'
[0.107s] colcon.colcon_core.verb Level 5 set package 'imu_filter_madgwick' build argument 'catkin_skip_building_tests' from command line to 'False'
[0.107s] colcon.colcon_core.verb DEBUG Building package 'imu_filter_madgwick' with the following arguments: {'ament_cmake_args': None, 'build_base': '/Users/yosuke/gits/cxd5602pwbimu_ros2_driver/ros2_ws/build/imu_filter_madgwick', 'catkin_cmake_args': None, 'catkin_skip_building_tests': False, 'cmake_args': ['-DCMAKE_PREFIX_PATH=/usr/local', '-DCMAKE_CXX_FLAGS=-I/usr/local/include', '-DCMAKE_EXE_LINKER_FLAGS=-L/usr/local/lib'], 'cmake_clean_cache': False, 'cmake_clean_first': False, 'cmake_force_configure': False, 'cmake_target': None, 'cmake_target_skip_unavailable': False, 'install_base': '/Users/yosuke/gits/cxd5602pwbimu_ros2_driver/ros2_ws/install/imu_filter_madgwick', 'merge_install': False, 'path': '/Users/yosuke/gits/cxd5602pwbimu_ros2_driver/ros2_ws/src/imu_tools/imu_filter_madgwick', 'symlink_install': False, 'test_result_base': None}
[0.107s] colcon.colcon_core.verb Level 5 set package 'imu_trajectory_filter' build argument 'cmake_args' from command line to '['-DCMAKE_PREFIX_PATH=/usr/local', '-DCMAKE_CXX_FLAGS=-I/usr/local/include', '-DCMAKE_EXE_LINKER_FLAGS=-L/usr/local/lib']'
[0.107s] colcon.colcon_core.verb Level 5 set package 'imu_trajectory_filter' build argument 'cmake_target' from command line to 'None'
[0.107s] colcon.colcon_core.verb Level 5 set package 'imu_trajectory_filter' build argument 'cmake_target_skip_unavailable' from command line to 'False'
[0.107s] colcon.colcon_core.verb Level 5 set package 'imu_trajectory_filter' build argument 'cmake_clean_cache' from command line to 'False'
[0.107s] colcon.colcon_core.verb Level 5 set package 'imu_trajectory_filter' build argument 'cmake_clean_first' from command line to 'False'
[0.107s] colcon.colcon_core.verb Level 5 set package 'imu_trajectory_filter' build argument 'cmake_force_configure' from command line to 'False'
[0.107s] colcon.colcon_core.verb Level 5 set package 'imu_trajectory_filter' build argument 'ament_cmake_args' from command line to 'None'
[0.107s] colcon.colcon_core.verb Level 5 set package 'imu_trajectory_filter' build argument 'catkin_cmake_args' from command line to 'None'
[0.107s] colcon.colcon_core.verb Level 5 set package 'imu_trajectory_filter' build argument 'catkin_skip_building_tests' from command line to 'False'
[0.107s] colcon.colcon_core.verb DEBUG Building package 'imu_trajectory_filter' with the following arguments: {'ament_cmake_args': None, 'build_base': '/Users/yosuke/gits/cxd5602pwbimu_ros2_driver/ros2_ws/build/imu_trajectory_filter', 'catkin_cmake_args': None, 'catkin_skip_building_tests': False, 'cmake_args': ['-DCMAKE_PREFIX_PATH=/usr/local', '-DCMAKE_CXX_FLAGS=-I/usr/local/include', '-DCMAKE_EXE_LINKER_FLAGS=-L/usr/local/lib'], 'cmake_clean_cache': False, 'cmake_clean_first': False, 'cmake_force_configure': False, 'cmake_target': None, 'cmake_target_skip_unavailable': False, 'install_base': '/Users/yosuke/gits/cxd5602pwbimu_ros2_driver/ros2_ws/install/imu_trajectory_filter', 'merge_install': False, 'path': '/Users/yosuke/gits/cxd5602pwbimu_ros2_driver/ros2_ws/src/imu_trajectory_filter', 'symlink_install': False, 'test_result_base': None}
[0.107s] colcon.colcon_core.verb Level 5 set package 'rviz_imu_plugin' build argument 'cmake_args' from command line to '['-DCMAKE_PREFIX_PATH=/usr/local', '-DCMAKE_CXX_FLAGS=-I/usr/local/include', '-DCMAKE_EXE_LINKER_FLAGS=-L/usr/local/lib']'
[0.107s] colcon.colcon_core.verb Level 5 set package 'rviz_imu_plugin' build argument 'cmake_target' from command line to 'None'
[0.107s] colcon.colcon_core.verb Level 5 set package 'rviz_imu_plugin' build argument 'cmake_target_skip_unavailable' from command line to 'False'
[0.107s] colcon.colcon_core.verb Level 5 set package 'rviz_imu_plugin' build argument 'cmake_clean_cache' from command line to 'False'
[0.107s] colcon.colcon_core.verb Level 5 set package 'rviz_imu_plugin' build argument 'cmake_clean_first' from command line to 'False'
[0.107s] colcon.colcon_core.verb Level 5 set package 'rviz_imu_plugin' build argument 'cmake_force_configure' from command line to 'False'
[0.107s] colcon.colcon_core.verb Level 5 set package 'rviz_imu_plugin' build argument 'ament_cmake_args' from command line to 'None'
[0.107s] colcon.colcon_core.verb Level 5 set package 'rviz_imu_plugin' build argument 'catkin_cmake_args' from command line to 'None'
[0.107s] colcon.colcon_core.verb Level 5 set package 'rviz_imu_plugin' build argument 'catkin_skip_building_tests' from command line to 'False'
[0.107s] colcon.colcon_core.verb DEBUG Building package 'rviz_imu_plugin' with the following arguments: {'ament_cmake_args': None, 'build_base': '/Users/yosuke/gits/cxd5602pwbimu_ros2_driver/ros2_ws/build/rviz_imu_plugin', 'catkin_cmake_args': None, 'catkin_skip_building_tests': False, 'cmake_args': ['-DCMAKE_PREFIX_PATH=/usr/local', '-DCMAKE_CXX_FLAGS=-I/usr/local/include', '-DCMAKE_EXE_LINKER_FLAGS=-L/usr/local/lib'], 'cmake_clean_cache': False, 'cmake_clean_first': False, 'cmake_force_configure': False, 'cmake_target': None, 'cmake_target_skip_unavailable': False, 'install_base': '/Users/yosuke/gits/cxd5602pwbimu_ros2_driver/ros2_ws/install/rviz_imu_plugin', 'merge_install': False, 'path': '/Users/yosuke/gits/cxd5602pwbimu_ros2_driver/ros2_ws/src/imu_tools/rviz_imu_plugin', 'symlink_install': False, 'test_result_base': None}
[0.108s] colcon.colcon_core.verb Level 5 set package 'cxd5602pwbimu_driver_node' build argument 'cmake_args' from command line to '['-DCMAKE_PREFIX_PATH=/usr/local', '-DCMAKE_CXX_FLAGS=-I/usr/local/include', '-DCMAKE_EXE_LINKER_FLAGS=-L/usr/local/lib']'
[0.108s] colcon.colcon_core.verb Level 5 set package 'cxd5602pwbimu_driver_node' build argument 'cmake_target' from command line to 'None'
[0.108s] colcon.colcon_core.verb Level 5 set package 'cxd5602pwbimu_driver_node' build argument 'cmake_target_skip_unavailable' from command line to 'False'
[0.108s] colcon.colcon_core.verb Level 5 set package 'cxd5602pwbimu_driver_node' build argument 'cmake_clean_cache' from command line to 'False'
[0.108s] colcon.colcon_core.verb Level 5 set package 'cxd5602pwbimu_driver_node' build argument 'cmake_clean_first' from command line to 'False'
[0.108s] colcon.colcon_core.verb Level 5 set package 'cxd5602pwbimu_driver_node' build argument 'cmake_force_configure' from command line to 'False'
[0.108s] colcon.colcon_core.verb Level 5 set package 'cxd5602pwbimu_driver_node' build argument 'ament_cmake_args' from command line to 'None'
[0.108s] colcon.colcon_core.verb Level 5 set package 'cxd5602pwbimu_driver_node' build argument 'catkin_cmake_args' from command line to 'None'
[0.108s] colcon.colcon_core.verb Level 5 set package 'cxd5602pwbimu_driver_node' build argument 'catkin_skip_building_tests' from command line to 'False'
[0.108s] colcon.colcon_core.verb DEBUG Building package 'cxd5602pwbimu_driver_node' with the following arguments: {'ament_cmake_args': None, 'build_base': '/Users/yosuke/gits/cxd5602pwbimu_ros2_driver/ros2_ws/build/cxd5602pwbimu_driver_node', 'catkin_cmake_args': None, 'catkin_skip_building_tests': False, 'cmake_args': ['-DCMAKE_PREFIX_PATH=/usr/local', '-DCMAKE_CXX_FLAGS=-I/usr/local/include', '-DCMAKE_EXE_LINKER_FLAGS=-L/usr/local/lib'], 'cmake_clean_cache': False, 'cmake_clean_first': False, 'cmake_force_configure': False, 'cmake_target': None, 'cmake_target_skip_unavailable': False, 'install_base': '/Users/yosuke/gits/cxd5602pwbimu_ros2_driver/ros2_ws/install/cxd5602pwbimu_driver_node', 'merge_install': False, 'path': '/Users/yosuke/gits/cxd5602pwbimu_ros2_driver/ros2_ws/src/cxd5602pwbimu_driver_node', 'symlink_install': False, 'test_result_base': None}
[0.108s] colcon.colcon_core.verb Level 5 set package 'h6x_serial_interface_example' build argument 'cmake_args' from command line to '['-DCMAKE_PREFIX_PATH=/usr/local', '-DCMAKE_CXX_FLAGS=-I/usr/local/include', '-DCMAKE_EXE_LINKER_FLAGS=-L/usr/local/lib']'
[0.108s] colcon.colcon_core.verb Level 5 set package 'h6x_serial_interface_example' build argument 'cmake_target' from command line to 'None'
[0.108s] colcon.colcon_core.verb Level 5 set package 'h6x_serial_interface_example' build argument 'cmake_target_skip_unavailable' from command line to 'False'
[0.108s] colcon.colcon_core.verb Level 5 set package 'h6x_serial_interface_example' build argument 'cmake_clean_cache' from command line to 'False'
[0.108s] colcon.colcon_core.verb Level 5 set package 'h6x_serial_interface_example' build argument 'cmake_clean_first' from command line to 'False'
[0.108s] colcon.colcon_core.verb Level 5 set package 'h6x_serial_interface_example' build argument 'cmake_force_configure' from command line to 'False'
[0.108s] colcon.colcon_core.verb Level 5 set package 'h6x_serial_interface_example' build argument 'ament_cmake_args' from command line to 'None'
[0.108s] colcon.colcon_core.verb Level 5 set package 'h6x_serial_interface_example' build argument 'catkin_cmake_args' from command line to 'None'
[0.108s] colcon.colcon_core.verb Level 5 set package 'h6x_serial_interface_example' build argument 'catkin_skip_building_tests' from command line to 'False'
[0.108s] colcon.colcon_core.verb DEBUG Building package 'h6x_serial_interface_example' with the following arguments: {'ament_cmake_args': None, 'build_base': '/Users/yosuke/gits/cxd5602pwbimu_ros2_driver/ros2_ws/build/h6x_serial_interface_example', 'catkin_cmake_args': None, 'catkin_skip_building_tests': False, 'cmake_args': ['-DCMAKE_PREFIX_PATH=/usr/local', '-DCMAKE_CXX_FLAGS=-I/usr/local/include', '-DCMAKE_EXE_LINKER_FLAGS=-L/usr/local/lib'], 'cmake_clean_cache': False, 'cmake_clean_first': False, 'cmake_force_configure': False, 'cmake_target': None, 'cmake_target_skip_unavailable': False, 'install_base': '/Users/yosuke/gits/cxd5602pwbimu_ros2_driver/ros2_ws/install/h6x_serial_interface_example', 'merge_install': False, 'path': '/Users/yosuke/gits/cxd5602pwbimu_ros2_driver/ros2_ws/src/h6x_serial_interface/h6x_serial_interface_example', 'symlink_install': False, 'test_result_base': None}
[0.108s] colcon.colcon_core.verb Level 5 set package 'imu_tools' build argument 'cmake_args' from command line to '['-DCMAKE_PREFIX_PATH=/usr/local', '-DCMAKE_CXX_FLAGS=-I/usr/local/include', '-DCMAKE_EXE_LINKER_FLAGS=-L/usr/local/lib']'
[0.108s] colcon.colcon_core.verb Level 5 set package 'imu_tools' build argument 'cmake_target' from command line to 'None'
[0.108s] colcon.colcon_core.verb Level 5 set package 'imu_tools' build argument 'cmake_target_skip_unavailable' from command line to 'False'
[0.108s] colcon.colcon_core.verb Level 5 set package 'imu_tools' build argument 'cmake_clean_cache' from command line to 'False'
[0.108s] colcon.colcon_core.verb Level 5 set package 'imu_tools' build argument 'cmake_clean_first' from command line to 'False'
[0.108s] colcon.colcon_core.verb Level 5 set package 'imu_tools' build argument 'cmake_force_configure' from command line to 'False'
[0.108s] colcon.colcon_core.verb Level 5 set package 'imu_tools' build argument 'ament_cmake_args' from command line to 'None'
[0.108s] colcon.colcon_core.verb Level 5 set package 'imu_tools' build argument 'catkin_cmake_args' from command line to 'None'
[0.108s] colcon.colcon_core.verb Level 5 set package 'imu_tools' build argument 'catkin_skip_building_tests' from command line to 'False'
[0.108s] colcon.colcon_core.verb DEBUG Building package 'imu_tools' with the following arguments: {'ament_cmake_args': None, 'build_base': '/Users/yosuke/gits/cxd5602pwbimu_ros2_driver/ros2_ws/build/imu_tools', 'catkin_cmake_args': None, 'catkin_skip_building_tests': False, 'cmake_args': ['-DCMAKE_PREFIX_PATH=/usr/local', '-DCMAKE_CXX_FLAGS=-I/usr/local/include', '-DCMAKE_EXE_LINKER_FLAGS=-L/usr/local/lib'], 'cmake_clean_cache': False, 'cmake_clean_first': False, 'cmake_force_configure': False, 'cmake_target': None, 'cmake_target_skip_unavailable': False, 'install_base': '/Users/yosuke/gits/cxd5602pwbimu_ros2_driver/ros2_ws/install/imu_tools', 'merge_install': False, 'path': '/Users/yosuke/gits/cxd5602pwbimu_ros2_driver/ros2_ws/src/imu_tools/imu_tools', 'symlink_install': False, 'test_result_base': None}
[0.108s] colcon.colcon_core.verb Level 5 set package 'cxd5602pwbimu_driver_bringup' build argument 'cmake_args' from command line to '['-DCMAKE_PREFIX_PATH=/usr/local', '-DCMAKE_CXX_FLAGS=-I/usr/local/include', '-DCMAKE_EXE_LINKER_FLAGS=-L/usr/local/lib']'
[0.108s] colcon.colcon_core.verb Level 5 set package 'cxd5602pwbimu_driver_bringup' build argument 'cmake_target' from command line to 'None'
[0.108s] colcon.colcon_core.verb Level 5 set package 'cxd5602pwbimu_driver_bringup' build argument 'cmake_target_skip_unavailable' from command line to 'False'
[0.108s] colcon.colcon_core.verb Level 5 set package 'cxd5602pwbimu_driver_bringup' build argument 'cmake_clean_cache' from command line to 'False'
[0.108s] colcon.colcon_core.verb Level 5 set package 'cxd5602pwbimu_driver_bringup' build argument 'cmake_clean_first' from command line to 'False'
[0.108s] colcon.colcon_core.verb Level 5 set package 'cxd5602pwbimu_driver_bringup' build argument 'cmake_force_configure' from command line to 'False'
[0.108s] colcon.colcon_core.verb Level 5 set package 'cxd5602pwbimu_driver_bringup' build argument 'ament_cmake_args' from command line to 'None'
[0.108s] colcon.colcon_core.verb Level 5 set package 'cxd5602pwbimu_driver_bringup' build argument 'catkin_cmake_args' from command line to 'None'
[0.108s] colcon.colcon_core.verb Level 5 set package 'cxd5602pwbimu_driver_bringup' build argument 'catkin_skip_building_tests' from command line to 'False'
[0.108s] colcon.colcon_core.verb DEBUG Building package 'cxd5602pwbimu_driver_bringup' with the following arguments: {'ament_cmake_args': None, 'build_base': '/Users/yosuke/gits/cxd5602pwbimu_ros2_driver/ros2_ws/build/cxd5602pwbimu_driver_bringup', 'catkin_cmake_args': None, 'catkin_skip_building_tests': False, 'cmake_args': ['-DCMAKE_PREFIX_PATH=/usr/local', '-DCMAKE_CXX_FLAGS=-I/usr/local/include', '-DCMAKE_EXE_LINKER_FLAGS=-L/usr/local/lib'], 'cmake_clean_cache': False, 'cmake_clean_first': False, 'cmake_force_configure': False, 'cmake_target': None, 'cmake_target_skip_unavailable': False, 'install_base': '/Users/yosuke/gits/cxd5602pwbimu_ros2_driver/ros2_ws/install/cxd5602pwbimu_driver_bringup', 'merge_install': False, 'path': '/Users/yosuke/gits/cxd5602pwbimu_ros2_driver/ros2_ws/src/cxd5602pwbimu_driver_bringup', 'symlink_install': False, 'test_result_base': None}
[0.108s] colcon.colcon_core.verb Level 5 set package 'cxd5602pwbimu_driver' build argument 'cmake_args' from command line to '['-DCMAKE_PREFIX_PATH=/usr/local', '-DCMAKE_CXX_FLAGS=-I/usr/local/include', '-DCMAKE_EXE_LINKER_FLAGS=-L/usr/local/lib']'
[0.108s] colcon.colcon_core.verb Level 5 set package 'cxd5602pwbimu_driver' build argument 'cmake_target' from command line to 'None'
[0.108s] colcon.colcon_core.verb Level 5 set package 'cxd5602pwbimu_driver' build argument 'cmake_target_skip_unavailable' from command line to 'False'
[0.108s] colcon.colcon_core.verb Level 5 set package 'cxd5602pwbimu_driver' build argument 'cmake_clean_cache' from command line to 'False'
[0.108s] colcon.colcon_core.verb Level 5 set package 'cxd5602pwbimu_driver' build argument 'cmake_clean_first' from command line to 'False'
[0.108s] colcon.colcon_core.verb Level 5 set package 'cxd5602pwbimu_driver' build argument 'cmake_force_configure' from command line to 'False'
[0.108s] colcon.colcon_core.verb Level 5 set package 'cxd5602pwbimu_driver' build argument 'ament_cmake_args' from command line to 'None'
[0.108s] colcon.colcon_core.verb Level 5 set package 'cxd5602pwbimu_driver' build argument 'catkin_cmake_args' from command line to 'None'
[0.108s] colcon.colcon_core.verb Level 5 set package 'cxd5602pwbimu_driver' build argument 'catkin_skip_building_tests' from command line to 'False'
[0.108s] colcon.colcon_core.verb DEBUG Building package 'cxd5602pwbimu_driver' with the following arguments: {'ament_cmake_args': None, 'build_base': '/Users/yosuke/gits/cxd5602pwbimu_ros2_driver/ros2_ws/build/cxd5602pwbimu_driver', 'catkin_cmake_args': None, 'catkin_skip_building_tests': False, 'cmake_args': ['-DCMAKE_PREFIX_PATH=/usr/local', '-DCMAKE_CXX_FLAGS=-I/usr/local/include', '-DCMAKE_EXE_LINKER_FLAGS=-L/usr/local/lib'], 'cmake_clean_cache': False, 'cmake_clean_first': False, 'cmake_force_configure': False, 'cmake_target': None, 'cmake_target_skip_unavailable': False, 'install_base': '/Users/yosuke/gits/cxd5602pwbimu_ros2_driver/ros2_ws/install/cxd5602pwbimu_driver', 'merge_install': False, 'path': '/Users/yosuke/gits/cxd5602pwbimu_ros2_driver/ros2_ws/src/cxd5602pwbimu_driver', 'symlink_install': False, 'test_result_base': None}
[0.108s] colcon.colcon_core.executor INFO Executing jobs using 'parallel' executor
[0.109s] colcon.colcon_parallel_executor.executor.parallel DEBUG run_until_complete
[0.109s] colcon.colcon_ros.task.ament_cmake.build INFO Building ROS package in '/Users/yosuke/gits/cxd5602pwbimu_ros2_driver/ros2_ws/src/h6x_serial_interface/h6x_serial_interface' with build type 'ament_cmake'
[0.109s] colcon.colcon_cmake.task.cmake.build INFO Building CMake package in '/Users/yosuke/gits/cxd5602pwbimu_ros2_driver/ros2_ws/src/h6x_serial_interface/h6x_serial_interface'
[0.110s] colcon.colcon_core.plugin_system INFO Skipping extension 'colcon_core.shell.bat': Not used on non-Windows systems
[0.110s] colcon.colcon_core.shell INFO Skip shell extension 'powershell' for command environment: Not usable outside of PowerShell
[0.110s] colcon.colcon_core.shell DEBUG Skip shell extension 'dsv' for command environment
[0.113s] colcon.colcon_ros.task.ament_cmake.build INFO Building ROS package in '/Users/yosuke/gits/cxd5602pwbimu_ros2_driver/ros2_ws/src/imu_tools/imu_filter_madgwick' with build type 'ament_cmake'
[0.113s] colcon.colcon_cmake.task.cmake.build INFO Building CMake package in '/Users/yosuke/gits/cxd5602pwbimu_ros2_driver/ros2_ws/src/imu_tools/imu_filter_madgwick'
[0.113s] colcon.colcon_core.shell INFO Skip shell extension 'powershell' for command environment: Not usable outside of PowerShell
[0.113s] colcon.colcon_core.shell DEBUG Skip shell extension 'dsv' for command environment
[0.115s] colcon.colcon_ros.task.ament_cmake.build INFO Building ROS package in '/Users/yosuke/gits/cxd5602pwbimu_ros2_driver/ros2_ws/src/imu_tools/imu_complementary_filter' with build type 'ament_cmake'
[0.115s] colcon.colcon_cmake.task.cmake.build INFO Building CMake package in '/Users/yosuke/gits/cxd5602pwbimu_ros2_driver/ros2_ws/src/imu_tools/imu_complementary_filter'
[0.115s] colcon.colcon_core.shell INFO Skip shell extension 'powershell' for command environment: Not usable outside of PowerShell
[0.115s] colcon.colcon_core.shell DEBUG Skip shell extension 'dsv' for command environment
[0.117s] colcon.colcon_ros.task.ament_cmake.build INFO Building ROS package in '/Users/yosuke/gits/cxd5602pwbimu_ros2_driver/ros2_ws/src/imu_tools/rviz_imu_plugin' with build type 'ament_cmake'
[0.117s] colcon.colcon_cmake.task.cmake.build INFO Building CMake package in '/Users/yosuke/gits/cxd5602pwbimu_ros2_driver/ros2_ws/src/imu_tools/rviz_imu_plugin'
[0.118s] colcon.colcon_core.shell INFO Skip shell extension 'powershell' for command environment: Not usable outside of PowerShell
[0.118s] colcon.colcon_core.shell DEBUG Skip shell extension 'dsv' for command environment
[0.120s] colcon.colcon_ros.task.ament_cmake.build INFO Building ROS package in '/Users/yosuke/gits/cxd5602pwbimu_ros2_driver/ros2_ws/src/h6x_serial_interface/h6x_packet_handler' with build type 'ament_cmake'
[0.120s] colcon.colcon_cmake.task.cmake.build INFO Building CMake package in '/Users/yosuke/gits/cxd5602pwbimu_ros2_driver/ros2_ws/src/h6x_serial_interface/h6x_packet_handler'
[0.120s] colcon.colcon_core.shell INFO Skip shell extension 'powershell' for command environment: Not usable outside of PowerShell
[0.121s] colcon.colcon_core.shell DEBUG Skip shell extension 'dsv' for command environment
[0.124s] colcon.colcon_ros.task.ament_cmake.build INFO Building ROS package in '/Users/yosuke/gits/cxd5602pwbimu_ros2_driver/ros2_ws/src/imu_trajectory_filter' with build type 'ament_cmake'
[0.124s] colcon.colcon_cmake.task.cmake.build INFO Building CMake package in '/Users/yosuke/gits/cxd5602pwbimu_ros2_driver/ros2_ws/src/imu_trajectory_filter'
[0.125s] colcon.colcon_core.shell INFO Skip shell extension 'powershell' for command environment: Not usable outside of PowerShell
[0.125s] colcon.colcon_core.shell DEBUG Skip shell extension 'dsv' for command environment
[0.131s] colcon.colcon_core.event_handler.log_command DEBUG Invoking command in '/Users/yosuke/gits/cxd5602pwbimu_ros2_driver/ros2_ws/build/h6x_serial_interface': CMAKE_PREFIX_PATH=${CMAKE_PREFIX_PATH}:/Users/yosuke/miniforge3/envs/ros_env CONDA_PROMPT_MODIFIER=(ros_env) SHLVL=3 _=/Users/yosuke/miniforge3/envs/ros_env/bin/env /Users/yosuke/miniforge3/envs/ros_env/bin/cmake --build /Users/yosuke/gits/cxd5602pwbimu_ros2_driver/ros2_ws/build/h6x_serial_interface -- -j10 -l10
[0.135s] colcon.colcon_core.event_handler.log_command DEBUG Invoking command in '/Users/yosuke/gits/cxd5602pwbimu_ros2_driver/ros2_ws/build/imu_filter_madgwick': CMAKE_PREFIX_PATH=${CMAKE_PREFIX_PATH}:/Users/yosuke/miniforge3/envs/ros_env CONDA_PROMPT_MODIFIER=(ros_env) SHLVL=3 _=/Users/yosuke/miniforge3/envs/ros_env/bin/env /Users/yosuke/miniforge3/envs/ros_env/bin/cmake --build /Users/yosuke/gits/cxd5602pwbimu_ros2_driver/ros2_ws/build/imu_filter_madgwick -- -j10 -l10
[0.138s] colcon.colcon_core.event_handler.log_command DEBUG Invoking command in '/Users/yosuke/gits/cxd5602pwbimu_ros2_driver/ros2_ws/build/imu_complementary_filter': CMAKE_PREFIX_PATH=${CMAKE_PREFIX_PATH}:/Users/yosuke/miniforge3/envs/ros_env CONDA_PROMPT_MODIFIER=(ros_env) SHLVL=3 _=/Users/yosuke/miniforge3/envs/ros_env/bin/env /Users/yosuke/miniforge3/envs/ros_env/bin/cmake --build /Users/yosuke/gits/cxd5602pwbimu_ros2_driver/ros2_ws/build/imu_complementary_filter -- -j10 -l10
[0.141s] colcon.colcon_core.event_handler.log_command DEBUG Invoking command in '/Users/yosuke/gits/cxd5602pwbimu_ros2_driver/ros2_ws/build/rviz_imu_plugin': CMAKE_PREFIX_PATH=${CMAKE_PREFIX_PATH}:/Users/yosuke/miniforge3/envs/ros_env CONDA_PROMPT_MODIFIER=(ros_env) SHLVL=3 _=/Users/yosuke/miniforge3/envs/ros_env/bin/env /Users/yosuke/miniforge3/envs/ros_env/bin/cmake --build /Users/yosuke/gits/cxd5602pwbimu_ros2_driver/ros2_ws/build/rviz_imu_plugin -- -j10 -l10
[0.147s] colcon.colcon_core.event_handler.log_command DEBUG Invoking command in '/Users/yosuke/gits/cxd5602pwbimu_ros2_driver/ros2_ws/build/h6x_packet_handler': CMAKE_PREFIX_PATH=${CMAKE_PREFIX_PATH}:/Users/yosuke/miniforge3/envs/ros_env CONDA_PROMPT_MODIFIER=(ros_env) SHLVL=3 _=/Users/yosuke/miniforge3/envs/ros_env/bin/env /Users/yosuke/miniforge3/envs/ros_env/bin/cmake --build /Users/yosuke/gits/cxd5602pwbimu_ros2_driver/ros2_ws/build/h6x_packet_handler -- -j10 -l10
[0.151s] colcon.colcon_core.event_handler.log_command DEBUG Invoking command in '/Users/yosuke/gits/cxd5602pwbimu_ros2_driver/ros2_ws/build/imu_trajectory_filter': CMAKE_PREFIX_PATH=${CMAKE_PREFIX_PATH}:/Users/yosuke/miniforge3/envs/ros_env CONDA_PROMPT_MODIFIER=(ros_env) SHLVL=3 _=/Users/yosuke/miniforge3/envs/ros_env/bin/env /Users/yosuke/miniforge3/envs/ros_env/bin/cmake --build /Users/yosuke/gits/cxd5602pwbimu_ros2_driver/ros2_ws/build/imu_trajectory_filter -- -j10 -l10
[0.313s] colcon.colcon_core.event_handler.log_command DEBUG Invoked command in '/Users/yosuke/gits/cxd5602pwbimu_ros2_driver/ros2_ws/build/h6x_serial_interface' returned '0': CMAKE_PREFIX_PATH=${CMAKE_PREFIX_PATH}:/Users/yosuke/miniforge3/envs/ros_env CONDA_PROMPT_MODIFIER=(ros_env) SHLVL=3 _=/Users/yosuke/miniforge3/envs/ros_env/bin/env /Users/yosuke/miniforge3/envs/ros_env/bin/cmake --build /Users/yosuke/gits/cxd5602pwbimu_ros2_driver/ros2_ws/build/h6x_serial_interface -- -j10 -l10
[0.397s] colcon.colcon_core.event_handler.log_command DEBUG Invoked command in '/Users/yosuke/gits/cxd5602pwbimu_ros2_driver/ros2_ws/build/h6x_packet_handler' returned '0': CMAKE_PREFIX_PATH=${CMAKE_PREFIX_PATH}:/Users/yosuke/miniforge3/envs/ros_env CONDA_PROMPT_MODIFIER=(ros_env) SHLVL=3 _=/Users/yosuke/miniforge3/envs/ros_env/bin/env /Users/yosuke/miniforge3/envs/ros_env/bin/cmake --build /Users/yosuke/gits/cxd5602pwbimu_ros2_driver/ros2_ws/build/h6x_packet_handler -- -j10 -l10
[0.402s] colcon.colcon_core.event_handler.log_command DEBUG Invoked command in '/Users/yosuke/gits/cxd5602pwbimu_ros2_driver/ros2_ws/build/imu_complementary_filter' returned '0': CMAKE_PREFIX_PATH=${CMAKE_PREFIX_PATH}:/Users/yosuke/miniforge3/envs/ros_env CONDA_PROMPT_MODIFIER=(ros_env) SHLVL=3 _=/Users/yosuke/miniforge3/envs/ros_env/bin/env /Users/yosuke/miniforge3/envs/ros_env/bin/cmake --build /Users/yosuke/gits/cxd5602pwbimu_ros2_driver/ros2_ws/build/imu_complementary_filter -- -j10 -l10
[0.410s] colcon.colcon_core.event_handler.log_command DEBUG Invoked command in '/Users/yosuke/gits/cxd5602pwbimu_ros2_driver/ros2_ws/build/imu_trajectory_filter' returned '0': CMAKE_PREFIX_PATH=${CMAKE_PREFIX_PATH}:/Users/yosuke/miniforge3/envs/ros_env CONDA_PROMPT_MODIFIER=(ros_env) SHLVL=3 _=/Users/yosuke/miniforge3/envs/ros_env/bin/env /Users/yosuke/miniforge3/envs/ros_env/bin/cmake --build /Users/yosuke/gits/cxd5602pwbimu_ros2_driver/ros2_ws/build/imu_trajectory_filter -- -j10 -l10
[0.415s] colcon.colcon_core.event_handler.log_command DEBUG Invoked command in '/Users/yosuke/gits/cxd5602pwbimu_ros2_driver/ros2_ws/build/imu_filter_madgwick' returned '0': CMAKE_PREFIX_PATH=${CMAKE_PREFIX_PATH}:/Users/yosuke/miniforge3/envs/ros_env CONDA_PROMPT_MODIFIER=(ros_env) SHLVL=3 _=/Users/yosuke/miniforge3/envs/ros_env/bin/env /Users/yosuke/miniforge3/envs/ros_env/bin/cmake --build /Users/yosuke/gits/cxd5602pwbimu_ros2_driver/ros2_ws/build/imu_filter_madgwick -- -j10 -l10
[0.529s] colcon.colcon_core.event_handler.log_command DEBUG Invoked command in '/Users/yosuke/gits/cxd5602pwbimu_ros2_driver/ros2_ws/build/rviz_imu_plugin' returned '0': CMAKE_PREFIX_PATH=${CMAKE_PREFIX_PATH}:/Users/yosuke/miniforge3/envs/ros_env CONDA_PROMPT_MODIFIER=(ros_env) SHLVL=3 _=/Users/yosuke/miniforge3/envs/ros_env/bin/env /Users/yosuke/miniforge3/envs/ros_env/bin/cmake --build /Users/yosuke/gits/cxd5602pwbimu_ros2_driver/ros2_ws/build/rviz_imu_plugin -- -j10 -l10
[0.557s] colcon.colcon_core.event_handler.log_command DEBUG Invoking command in '/Users/yosuke/gits/cxd5602pwbimu_ros2_driver/ros2_ws/build/h6x_serial_interface': CMAKE_PREFIX_PATH=${CMAKE_PREFIX_PATH}:/Users/yosuke/miniforge3/envs/ros_env CONDA_PROMPT_MODIFIER=(ros_env) SHLVL=3 _=/Users/yosuke/miniforge3/envs/ros_env/bin/env /Users/yosuke/miniforge3/envs/ros_env/bin/cmake --install /Users/yosuke/gits/cxd5602pwbimu_ros2_driver/ros2_ws/build/h6x_serial_interface
[0.580s] colcon.colcon_core.environment Level 1 create_environment_scripts_only(h6x_serial_interface)
[0.580s] colcon.colcon_core.event_handler.log_command DEBUG Invoked command in '/Users/yosuke/gits/cxd5602pwbimu_ros2_driver/ros2_ws/build/h6x_serial_interface' returned '0': CMAKE_PREFIX_PATH=${CMAKE_PREFIX_PATH}:/Users/yosuke/miniforge3/envs/ros_env CONDA_PROMPT_MODIFIER=(ros_env) SHLVL=3 _=/Users/yosuke/miniforge3/envs/ros_env/bin/env /Users/yosuke/miniforge3/envs/ros_env/bin/cmake --install /Users/yosuke/gits/cxd5602pwbimu_ros2_driver/ros2_ws/build/h6x_serial_interface
[0.582s] colcon.colcon_core.environment Level 1 checking '/Users/yosuke/gits/cxd5602pwbimu_ros2_driver/ros2_ws/install/h6x_serial_interface' for CMake module files
[0.582s] colcon.colcon_core.environment Level 1 checking '/Users/yosuke/gits/cxd5602pwbimu_ros2_driver/ros2_ws/install/h6x_serial_interface' for CMake config files
[0.582s] colcon.colcon_core.shell Level 1 create_environment_hook('h6x_serial_interface', 'cmake_prefix_path')
[0.582s] colcon.colcon_core.shell INFO Creating environment hook '/Users/yosuke/gits/cxd5602pwbimu_ros2_driver/ros2_ws/install/h6x_serial_interface/share/h6x_serial_interface/hook/cmake_prefix_path.ps1'
[0.583s] colcon.colcon_core.shell INFO Creating environment descriptor '/Users/yosuke/gits/cxd5602pwbimu_ros2_driver/ros2_ws/install/h6x_serial_interface/share/h6x_serial_interface/hook/cmake_prefix_path.dsv'
[0.583s] colcon.colcon_core.shell INFO Creating environment hook '/Users/yosuke/gits/cxd5602pwbimu_ros2_driver/ros2_ws/install/h6x_serial_interface/share/h6x_serial_interface/hook/cmake_prefix_path.sh'
[0.585s] colcon.colcon_core.environment Level 1 checking '/Users/yosuke/gits/cxd5602pwbimu_ros2_driver/ros2_ws/install/h6x_serial_interface/lib'
[0.585s] colcon.colcon_core.shell Level 1 create_environment_hook('h6x_serial_interface', 'dyld_library_path')
[0.585s] colcon.colcon_core.shell INFO Creating environment hook '/Users/yosuke/gits/cxd5602pwbimu_ros2_driver/ros2_ws/install/h6x_serial_interface/share/h6x_serial_interface/hook/dyld_library_path.ps1'
[0.585s] colcon.colcon_core.shell INFO Creating environment descriptor '/Users/yosuke/gits/cxd5602pwbimu_ros2_driver/ros2_ws/install/h6x_serial_interface/share/h6x_serial_interface/hook/dyld_library_path.dsv'
[0.586s] colcon.colcon_core.shell INFO Creating environment hook '/Users/yosuke/gits/cxd5602pwbimu_ros2_driver/ros2_ws/install/h6x_serial_interface/share/h6x_serial_interface/hook/dyld_library_path.sh'
[0.586s] colcon.colcon_core.environment Level 1 checking '/Users/yosuke/gits/cxd5602pwbimu_ros2_driver/ros2_ws/install/h6x_serial_interface/bin'
[0.586s] colcon.colcon_core.environment Level 1 checking '/Users/yosuke/gits/cxd5602pwbimu_ros2_driver/ros2_ws/install/h6x_serial_interface/lib/pkgconfig/h6x_serial_interface.pc'
[0.586s] colcon.colcon_core.environment Level 1 checking '/Users/yosuke/gits/cxd5602pwbimu_ros2_driver/ros2_ws/install/h6x_serial_interface/lib/python3.11/site-packages'
[0.586s] colcon.colcon_core.environment Level 1 checking '/Users/yosuke/gits/cxd5602pwbimu_ros2_driver/ros2_ws/install/h6x_serial_interface/bin'
[0.587s] colcon.colcon_core.shell INFO Creating package script '/Users/yosuke/gits/cxd5602pwbimu_ros2_driver/ros2_ws/install/h6x_serial_interface/share/h6x_serial_interface/package.ps1'
[0.587s] colcon.colcon_core.shell INFO Creating package descriptor '/Users/yosuke/gits/cxd5602pwbimu_ros2_driver/ros2_ws/install/h6x_serial_interface/share/h6x_serial_interface/package.dsv'
[0.588s] colcon.colcon_core.shell INFO Creating package script '/Users/yosuke/gits/cxd5602pwbimu_ros2_driver/ros2_ws/install/h6x_serial_interface/share/h6x_serial_interface/package.sh'
[0.588s] colcon.colcon_core.shell INFO Creating package script '/Users/yosuke/gits/cxd5602pwbimu_ros2_driver/ros2_ws/install/h6x_serial_interface/share/h6x_serial_interface/package.bash'
[0.589s] colcon.colcon_core.shell INFO Creating package script '/Users/yosuke/gits/cxd5602pwbimu_ros2_driver/ros2_ws/install/h6x_serial_interface/share/h6x_serial_interface/package.zsh'
[0.591s] colcon.colcon_core.environment Level 1 create_file_with_runtime_dependencies(/Users/yosuke/gits/cxd5602pwbimu_ros2_driver/ros2_ws/install/h6x_serial_interface/share/colcon-core/packages/h6x_serial_interface)
[0.614s] colcon.colcon_core.event_handler.log_command DEBUG Invoking command in '/Users/yosuke/gits/cxd5602pwbimu_ros2_driver/ros2_ws/build/imu_trajectory_filter': CMAKE_PREFIX_PATH=${CMAKE_PREFIX_PATH}:/Users/yosuke/miniforge3/envs/ros_env CONDA_PROMPT_MODIFIER=(ros_env) SHLVL=3 _=/Users/yosuke/miniforge3/envs/ros_env/bin/env /Users/yosuke/miniforge3/envs/ros_env/bin/cmake --install /Users/yosuke/gits/cxd5602pwbimu_ros2_driver/ros2_ws/build/imu_trajectory_filter
[0.634s] colcon.colcon_core.event_handler.log_command DEBUG Invoking command in '/Users/yosuke/gits/cxd5602pwbimu_ros2_driver/ros2_ws/build/imu_complementary_filter': CMAKE_PREFIX_PATH=${CMAKE_PREFIX_PATH}:/Users/yosuke/miniforge3/envs/ros_env CONDA_PROMPT_MODIFIER=(ros_env) SHLVL=3 _=/Users/yosuke/miniforge3/envs/ros_env/bin/env /Users/yosuke/miniforge3/envs/ros_env/bin/cmake --install /Users/yosuke/gits/cxd5602pwbimu_ros2_driver/ros2_ws/build/imu_complementary_filter
[0.682s] colcon.colcon_core.event_handler.log_command DEBUG Invoking command in '/Users/yosuke/gits/cxd5602pwbimu_ros2_driver/ros2_ws/build/h6x_packet_handler': CMAKE_PREFIX_PATH=${CMAKE_PREFIX_PATH}:/Users/yosuke/miniforge3/envs/ros_env CONDA_PROMPT_MODIFIER=(ros_env) SHLVL=3 _=/Users/yosuke/miniforge3/envs/ros_env/bin/env /Users/yosuke/miniforge3/envs/ros_env/bin/cmake --install /Users/yosuke/gits/cxd5602pwbimu_ros2_driver/ros2_ws/build/h6x_packet_handler
[0.697s] colcon.colcon_core.environment Level 1 create_environment_scripts_only(h6x_packet_handler)
[0.698s] colcon.colcon_core.environment Level 1 checking '/Users/yosuke/gits/cxd5602pwbimu_ros2_driver/ros2_ws/install/h6x_packet_handler' for CMake module files
[0.699s] colcon.colcon_core.event_handler.log_command DEBUG Invoked command in '/Users/yosuke/gits/cxd5602pwbimu_ros2_driver/ros2_ws/build/h6x_packet_handler' returned '0': CMAKE_PREFIX_PATH=${CMAKE_PREFIX_PATH}:/Users/yosuke/miniforge3/envs/ros_env CONDA_PROMPT_MODIFIER=(ros_env) SHLVL=3 _=/Users/yosuke/miniforge3/envs/ros_env/bin/env /Users/yosuke/miniforge3/envs/ros_env/bin/cmake --install /Users/yosuke/gits/cxd5602pwbimu_ros2_driver/ros2_ws/build/h6x_packet_handler
[0.699s] colcon.colcon_core.environment Level 1 checking '/Users/yosuke/gits/cxd5602pwbimu_ros2_driver/ros2_ws/install/h6x_packet_handler' for CMake config files
[0.700s] colcon.colcon_core.shell Level 1 create_environment_hook('h6x_packet_handler', 'cmake_prefix_path')
[0.700s] colcon.colcon_core.shell INFO Creating environment hook '/Users/yosuke/gits/cxd5602pwbimu_ros2_driver/ros2_ws/install/h6x_packet_handler/share/h6x_packet_handler/hook/cmake_prefix_path.ps1'
[0.700s] colcon.colcon_core.shell INFO Creating environment descriptor '/Users/yosuke/gits/cxd5602pwbimu_ros2_driver/ros2_ws/install/h6x_packet_handler/share/h6x_packet_handler/hook/cmake_prefix_path.dsv'
[0.700s] colcon.colcon_core.shell INFO Creating environment hook '/Users/yosuke/gits/cxd5602pwbimu_ros2_driver/ros2_ws/install/h6x_packet_handler/share/h6x_packet_handler/hook/cmake_prefix_path.sh'
[0.701s] colcon.colcon_core.environment Level 1 checking '/Users/yosuke/gits/cxd5602pwbimu_ros2_driver/ros2_ws/install/h6x_packet_handler/lib'
[0.701s] colcon.colcon_core.shell Level 1 create_environment_hook('h6x_packet_handler', 'dyld_library_path')
[0.701s] colcon.colcon_core.shell INFO Creating environment hook '/Users/yosuke/gits/cxd5602pwbimu_ros2_driver/ros2_ws/install/h6x_packet_handler/share/h6x_packet_handler/hook/dyld_library_path.ps1'
[0.701s] colcon.colcon_core.shell INFO Creating environment descriptor '/Users/yosuke/gits/cxd5602pwbimu_ros2_driver/ros2_ws/install/h6x_packet_handler/share/h6x_packet_handler/hook/dyld_library_path.dsv'
[0.701s] colcon.colcon_core.shell INFO Creating environment hook '/Users/yosuke/gits/cxd5602pwbimu_ros2_driver/ros2_ws/install/h6x_packet_handler/share/h6x_packet_handler/hook/dyld_library_path.sh'
[0.701s] colcon.colcon_core.environment Level 1 checking '/Users/yosuke/gits/cxd5602pwbimu_ros2_driver/ros2_ws/install/h6x_packet_handler/bin'
[0.701s] colcon.colcon_core.environment Level 1 checking '/Users/yosuke/gits/cxd5602pwbimu_ros2_driver/ros2_ws/install/h6x_packet_handler/lib/pkgconfig/h6x_packet_handler.pc'
[0.702s] colcon.colcon_core.environment Level 1 checking '/Users/yosuke/gits/cxd5602pwbimu_ros2_driver/ros2_ws/install/h6x_packet_handler/lib/python3.11/site-packages'
[0.702s] colcon.colcon_core.environment Level 1 checking '/Users/yosuke/gits/cxd5602pwbimu_ros2_driver/ros2_ws/install/h6x_packet_handler/bin'
[0.702s] colcon.colcon_core.shell INFO Creating package script '/Users/yosuke/gits/cxd5602pwbimu_ros2_driver/ros2_ws/install/h6x_packet_handler/share/h6x_packet_handler/package.ps1'
[0.702s] colcon.colcon_core.shell INFO Creating package descriptor '/Users/yosuke/gits/cxd5602pwbimu_ros2_driver/ros2_ws/install/h6x_packet_handler/share/h6x_packet_handler/package.dsv'
[0.702s] colcon.colcon_core.shell INFO Creating package script '/Users/yosuke/gits/cxd5602pwbimu_ros2_driver/ros2_ws/install/h6x_packet_handler/share/h6x_packet_handler/package.sh'
[0.702s] colcon.colcon_core.shell INFO Creating package script '/Users/yosuke/gits/cxd5602pwbimu_ros2_driver/ros2_ws/install/h6x_packet_handler/share/h6x_packet_handler/package.bash'
[0.702s] colcon.colcon_core.shell INFO Creating package script '/Users/yosuke/gits/cxd5602pwbimu_ros2_driver/ros2_ws/install/h6x_packet_handler/share/h6x_packet_handler/package.zsh'
[0.703s] colcon.colcon_core.environment Level 1 create_file_with_runtime_dependencies(/Users/yosuke/gits/cxd5602pwbimu_ros2_driver/ros2_ws/install/h6x_packet_handler/share/colcon-core/packages/h6x_packet_handler)
[0.708s] colcon.colcon_core.event_handler.log_command DEBUG Invoking command in '/Users/yosuke/gits/cxd5602pwbimu_ros2_driver/ros2_ws/build/imu_filter_madgwick': CMAKE_PREFIX_PATH=${CMAKE_PREFIX_PATH}:/Users/yosuke/miniforge3/envs/ros_env CONDA_PROMPT_MODIFIER=(ros_env) SHLVL=3 _=/Users/yosuke/miniforge3/envs/ros_env/bin/env /Users/yosuke/miniforge3/envs/ros_env/bin/cmake --install /Users/yosuke/gits/cxd5602pwbimu_ros2_driver/ros2_ws/build/imu_filter_madgwick
[0.710s] colcon.colcon_core.environment Level 1 create_environment_scripts_only(imu_trajectory_filter)
[0.711s] colcon.colcon_core.environment Level 1 checking '/Users/yosuke/gits/cxd5602pwbimu_ros2_driver/ros2_ws/install/imu_trajectory_filter' for CMake module files
[0.711s] colcon.colcon_core.event_handler.log_command DEBUG Invoked command in '/Users/yosuke/gits/cxd5602pwbimu_ros2_driver/ros2_ws/build/imu_trajectory_filter' returned '0': CMAKE_PREFIX_PATH=${CMAKE_PREFIX_PATH}:/Users/yosuke/miniforge3/envs/ros_env CONDA_PROMPT_MODIFIER=(ros_env) SHLVL=3 _=/Users/yosuke/miniforge3/envs/ros_env/bin/env /Users/yosuke/miniforge3/envs/ros_env/bin/cmake --install /Users/yosuke/gits/cxd5602pwbimu_ros2_driver/ros2_ws/build/imu_trajectory_filter
[0.712s] colcon.colcon_core.environment Level 1 checking '/Users/yosuke/gits/cxd5602pwbimu_ros2_driver/ros2_ws/install/imu_trajectory_filter' for CMake config files
[0.712s] colcon.colcon_core.shell Level 1 create_environment_hook('imu_trajectory_filter', 'cmake_prefix_path')
[0.712s] colcon.colcon_core.shell INFO Creating environment hook '/Users/yosuke/gits/cxd5602pwbimu_ros2_driver/ros2_ws/install/imu_trajectory_filter/share/imu_trajectory_filter/hook/cmake_prefix_path.ps1'
[0.712s] colcon.colcon_core.shell INFO Creating environment descriptor '/Users/yosuke/gits/cxd5602pwbimu_ros2_driver/ros2_ws/install/imu_trajectory_filter/share/imu_trajectory_filter/hook/cmake_prefix_path.dsv'
[0.712s] colcon.colcon_core.shell INFO Creating environment hook '/Users/yosuke/gits/cxd5602pwbimu_ros2_driver/ros2_ws/install/imu_trajectory_filter/share/imu_trajectory_filter/hook/cmake_prefix_path.sh'
[0.713s] colcon.colcon_core.environment Level 1 checking '/Users/yosuke/gits/cxd5602pwbimu_ros2_driver/ros2_ws/install/imu_trajectory_filter/lib'
[0.713s] colcon.colcon_core.shell Level 1 create_environment_hook('imu_trajectory_filter', 'dyld_library_path')
[0.713s] colcon.colcon_core.shell INFO Creating environment hook '/Users/yosuke/gits/cxd5602pwbimu_ros2_driver/ros2_ws/install/imu_trajectory_filter/share/imu_trajectory_filter/hook/dyld_library_path.ps1'
[0.713s] colcon.colcon_core.shell INFO Creating environment descriptor '/Users/yosuke/gits/cxd5602pwbimu_ros2_driver/ros2_ws/install/imu_trajectory_filter/share/imu_trajectory_filter/hook/dyld_library_path.dsv'
[0.713s] colcon.colcon_core.shell INFO Creating environment hook '/Users/yosuke/gits/cxd5602pwbimu_ros2_driver/ros2_ws/install/imu_trajectory_filter/share/imu_trajectory_filter/hook/dyld_library_path.sh'
[0.713s] colcon.colcon_core.environment Level 1 checking '/Users/yosuke/gits/cxd5602pwbimu_ros2_driver/ros2_ws/install/imu_trajectory_filter/bin'
[0.713s] colcon.colcon_core.environment Level 1 checking '/Users/yosuke/gits/cxd5602pwbimu_ros2_driver/ros2_ws/install/imu_trajectory_filter/lib/pkgconfig/imu_trajectory_filter.pc'
[0.713s] colcon.colcon_core.environment Level 1 checking '/Users/yosuke/gits/cxd5602pwbimu_ros2_driver/ros2_ws/install/imu_trajectory_filter/lib/python3.11/site-packages'
[0.714s] colcon.colcon_core.environment Level 1 checking '/Users/yosuke/gits/cxd5602pwbimu_ros2_driver/ros2_ws/install/imu_trajectory_filter/bin'
[0.714s] colcon.colcon_core.shell INFO Creating package script '/Users/yosuke/gits/cxd5602pwbimu_ros2_driver/ros2_ws/install/imu_trajectory_filter/share/imu_trajectory_filter/package.ps1'
[0.714s] colcon.colcon_core.shell INFO Creating package descriptor '/Users/yosuke/gits/cxd5602pwbimu_ros2_driver/ros2_ws/install/imu_trajectory_filter/share/imu_trajectory_filter/package.dsv'
[0.714s] colcon.colcon_core.shell INFO Creating package script '/Users/yosuke/gits/cxd5602pwbimu_ros2_driver/ros2_ws/install/imu_trajectory_filter/share/imu_trajectory_filter/package.sh'
[0.714s] colcon.colcon_core.shell INFO Creating package script '/Users/yosuke/gits/cxd5602pwbimu_ros2_driver/ros2_ws/install/imu_trajectory_filter/share/imu_trajectory_filter/package.bash'
[0.715s] colcon.colcon_core.shell INFO Creating package script '/Users/yosuke/gits/cxd5602pwbimu_ros2_driver/ros2_ws/install/imu_trajectory_filter/share/imu_trajectory_filter/package.zsh'
[0.715s] colcon.colcon_core.environment Level 1 create_file_with_runtime_dependencies(/Users/yosuke/gits/cxd5602pwbimu_ros2_driver/ros2_ws/install/imu_trajectory_filter/share/colcon-core/packages/imu_trajectory_filter)
[0.728s] colcon.colcon_core.environment Level 1 create_environment_scripts_only(imu_complementary_filter)
[0.729s] colcon.colcon_core.environment Level 1 checking '/Users/yosuke/gits/cxd5602pwbimu_ros2_driver/ros2_ws/install/imu_complementary_filter' for CMake module files
[0.729s] colcon.colcon_core.event_handler.log_command DEBUG Invoked command in '/Users/yosuke/gits/cxd5602pwbimu_ros2_driver/ros2_ws/build/imu_complementary_filter' returned '0': CMAKE_PREFIX_PATH=${CMAKE_PREFIX_PATH}:/Users/yosuke/miniforge3/envs/ros_env CONDA_PROMPT_MODIFIER=(ros_env) SHLVL=3 _=/Users/yosuke/miniforge3/envs/ros_env/bin/env /Users/yosuke/miniforge3/envs/ros_env/bin/cmake --install /Users/yosuke/gits/cxd5602pwbimu_ros2_driver/ros2_ws/build/imu_complementary_filter
[0.729s] colcon.colcon_core.environment Level 1 checking '/Users/yosuke/gits/cxd5602pwbimu_ros2_driver/ros2_ws/install/imu_complementary_filter' for CMake config files
[0.730s] colcon.colcon_core.shell Level 1 create_environment_hook('imu_complementary_filter', 'cmake_prefix_path')
[0.730s] colcon.colcon_core.shell INFO Creating environment hook '/Users/yosuke/gits/cxd5602pwbimu_ros2_driver/ros2_ws/install/imu_complementary_filter/share/imu_complementary_filter/hook/cmake_prefix_path.ps1'
[0.730s] colcon.colcon_core.shell INFO Creating environment descriptor '/Users/yosuke/gits/cxd5602pwbimu_ros2_driver/ros2_ws/install/imu_complementary_filter/share/imu_complementary_filter/hook/cmake_prefix_path.dsv'
[0.730s] colcon.colcon_core.shell INFO Creating environment hook '/Users/yosuke/gits/cxd5602pwbimu_ros2_driver/ros2_ws/install/imu_complementary_filter/share/imu_complementary_filter/hook/cmake_prefix_path.sh'
[0.731s] colcon.colcon_core.environment Level 1 checking '/Users/yosuke/gits/cxd5602pwbimu_ros2_driver/ros2_ws/install/imu_complementary_filter/lib'
[0.731s] colcon.colcon_core.shell Level 1 create_environment_hook('imu_complementary_filter', 'dyld_library_path')
[0.731s] colcon.colcon_core.shell INFO Creating environment hook '/Users/yosuke/gits/cxd5602pwbimu_ros2_driver/ros2_ws/install/imu_complementary_filter/share/imu_complementary_filter/hook/dyld_library_path.ps1'
[0.731s] colcon.colcon_core.shell INFO Creating environment descriptor '/Users/yosuke/gits/cxd5602pwbimu_ros2_driver/ros2_ws/install/imu_complementary_filter/share/imu_complementary_filter/hook/dyld_library_path.dsv'
[0.731s] colcon.colcon_core.shell INFO Creating environment hook '/Users/yosuke/gits/cxd5602pwbimu_ros2_driver/ros2_ws/install/imu_complementary_filter/share/imu_complementary_filter/hook/dyld_library_path.sh'
[0.731s] colcon.colcon_core.environment Level 1 checking '/Users/yosuke/gits/cxd5602pwbimu_ros2_driver/ros2_ws/install/imu_complementary_filter/bin'
[0.731s] colcon.colcon_core.environment Level 1 checking '/Users/yosuke/gits/cxd5602pwbimu_ros2_driver/ros2_ws/install/imu_complementary_filter/lib/pkgconfig/imu_complementary_filter.pc'
[0.731s] colcon.colcon_core.environment Level 1 checking '/Users/yosuke/gits/cxd5602pwbimu_ros2_driver/ros2_ws/install/imu_complementary_filter/lib/python3.11/site-packages'
[0.731s] colcon.colcon_core.environment Level 1 checking '/Users/yosuke/gits/cxd5602pwbimu_ros2_driver/ros2_ws/install/imu_complementary_filter/bin'
[0.732s] colcon.colcon_core.shell INFO Creating package script '/Users/yosuke/gits/cxd5602pwbimu_ros2_driver/ros2_ws/install/imu_complementary_filter/share/imu_complementary_filter/package.ps1'
[0.732s] colcon.colcon_core.shell INFO Creating package descriptor '/Users/yosuke/gits/cxd5602pwbimu_ros2_driver/ros2_ws/install/imu_complementary_filter/share/imu_complementary_filter/package.dsv'
[0.732s] colcon.colcon_core.shell INFO Creating package script '/Users/yosuke/gits/cxd5602pwbimu_ros2_driver/ros2_ws/install/imu_complementary_filter/share/imu_complementary_filter/package.sh'
[0.732s] colcon.colcon_core.shell INFO Creating package script '/Users/yosuke/gits/cxd5602pwbimu_ros2_driver/ros2_ws/install/imu_complementary_filter/share/imu_complementary_filter/package.bash'
[0.732s] colcon.colcon_core.shell INFO Creating package script '/Users/yosuke/gits/cxd5602pwbimu_ros2_driver/ros2_ws/install/imu_complementary_filter/share/imu_complementary_filter/package.zsh'
[0.732s] colcon.colcon_core.environment Level 1 create_file_with_runtime_dependencies(/Users/yosuke/gits/cxd5602pwbimu_ros2_driver/ros2_ws/install/imu_complementary_filter/share/colcon-core/packages/imu_complementary_filter)
[0.795s] colcon.colcon_core.environment Level 1 create_environment_scripts_only(h6x_serial_interface)
[0.795s] colcon.colcon_core.environment Level 1 checking '/Users/yosuke/gits/cxd5602pwbimu_ros2_driver/ros2_ws/install/h6x_serial_interface' for CMake module files
[0.796s] colcon.colcon_core.environment Level 1 checking '/Users/yosuke/gits/cxd5602pwbimu_ros2_driver/ros2_ws/install/h6x_serial_interface' for CMake config files
[0.796s] colcon.colcon_core.shell Level 1 create_environment_hook('h6x_serial_interface', 'cmake_prefix_path')
[0.796s] colcon.colcon_core.shell INFO Creating environment hook '/Users/yosuke/gits/cxd5602pwbimu_ros2_driver/ros2_ws/install/h6x_serial_interface/share/h6x_serial_interface/hook/cmake_prefix_path.ps1'
[0.797s] colcon.colcon_core.shell INFO Creating environment descriptor '/Users/yosuke/gits/cxd5602pwbimu_ros2_driver/ros2_ws/install/h6x_serial_interface/share/h6x_serial_interface/hook/cmake_prefix_path.dsv'
[0.797s] colcon.colcon_core.shell INFO Creating environment hook '/Users/yosuke/gits/cxd5602pwbimu_ros2_driver/ros2_ws/install/h6x_serial_interface/share/h6x_serial_interface/hook/cmake_prefix_path.sh'
[0.798s] colcon.colcon_core.environment Level 1 checking '/Users/yosuke/gits/cxd5602pwbimu_ros2_driver/ros2_ws/install/h6x_serial_interface/lib'
[0.798s] colcon.colcon_core.shell Level 1 create_environment_hook('h6x_serial_interface', 'dyld_library_path')
[0.798s] colcon.colcon_core.shell INFO Creating environment hook '/Users/yosuke/gits/cxd5602pwbimu_ros2_driver/ros2_ws/install/h6x_serial_interface/share/h6x_serial_interface/hook/dyld_library_path.ps1'
[0.798s] colcon.colcon_core.shell INFO Creating environment descriptor '/Users/yosuke/gits/cxd5602pwbimu_ros2_driver/ros2_ws/install/h6x_serial_interface/share/h6x_serial_interface/hook/dyld_library_path.dsv'
[0.798s] colcon.colcon_core.shell INFO Creating environment hook '/Users/yosuke/gits/cxd5602pwbimu_ros2_driver/ros2_ws/install/h6x_serial_interface/share/h6x_serial_interface/hook/dyld_library_path.sh'
[0.799s] colcon.colcon_core.environment Level 1 checking '/Users/yosuke/gits/cxd5602pwbimu_ros2_driver/ros2_ws/install/h6x_serial_interface/bin'
[0.799s] colcon.colcon_core.environment Level 1 checking '/Users/yosuke/gits/cxd5602pwbimu_ros2_driver/ros2_ws/install/h6x_serial_interface/lib/pkgconfig/h6x_serial_interface.pc'
[0.799s] colcon.colcon_core.environment Level 1 checking '/Users/yosuke/gits/cxd5602pwbimu_ros2_driver/ros2_ws/install/h6x_serial_interface/lib/python3.11/site-packages'
[0.799s] colcon.colcon_core.environment Level 1 checking '/Users/yosuke/gits/cxd5602pwbimu_ros2_driver/ros2_ws/install/h6x_serial_interface/bin'
[0.799s] colcon.colcon_core.shell INFO Creating package script '/Users/yosuke/gits/cxd5602pwbimu_ros2_driver/ros2_ws/install/h6x_serial_interface/share/h6x_serial_interface/package.ps1'
[0.800s] colcon.colcon_core.shell INFO Creating package descriptor '/Users/yosuke/gits/cxd5602pwbimu_ros2_driver/ros2_ws/install/h6x_serial_interface/share/h6x_serial_interface/package.dsv'
[0.800s] colcon.colcon_core.shell INFO Creating package script '/Users/yosuke/gits/cxd5602pwbimu_ros2_driver/ros2_ws/install/h6x_serial_interface/share/h6x_serial_interface/package.sh'
[0.800s] colcon.colcon_core.shell INFO Creating package script '/Users/yosuke/gits/cxd5602pwbimu_ros2_driver/ros2_ws/install/h6x_serial_interface/share/h6x_serial_interface/package.bash'
[0.800s] colcon.colcon_core.shell INFO Creating package script '/Users/yosuke/gits/cxd5602pwbimu_ros2_driver/ros2_ws/install/h6x_serial_interface/share/h6x_serial_interface/package.zsh'
[0.800s] colcon.colcon_core.environment Level 1 create_file_with_runtime_dependencies(/Users/yosuke/gits/cxd5602pwbimu_ros2_driver/ros2_ws/install/h6x_serial_interface/share/colcon-core/packages/h6x_serial_interface)
[0.801s] colcon.colcon_ros.task.ament_cmake.build INFO Building ROS package in '/Users/yosuke/gits/cxd5602pwbimu_ros2_driver/ros2_ws/src/cxd5602pwbimu_driver_node' with build type 'ament_cmake'
[0.801s] colcon.colcon_cmake.task.cmake.build INFO Building CMake package in '/Users/yosuke/gits/cxd5602pwbimu_ros2_driver/ros2_ws/src/cxd5602pwbimu_driver_node'
[0.801s] colcon.colcon_core.shell INFO Skip shell extension 'powershell' for command environment: Not usable outside of PowerShell
[0.801s] colcon.colcon_core.shell DEBUG Skip shell extension 'dsv' for command environment
[0.809s] colcon.colcon_ros.task.ament_cmake.build INFO Building ROS package in '/Users/yosuke/gits/cxd5602pwbimu_ros2_driver/ros2_ws/src/h6x_serial_interface/h6x_serial_interface_example' with build type 'ament_cmake'
[0.809s] colcon.colcon_cmake.task.cmake.build INFO Building CMake package in '/Users/yosuke/gits/cxd5602pwbimu_ros2_driver/ros2_ws/src/h6x_serial_interface/h6x_serial_interface_example'
[0.809s] colcon.colcon_core.shell INFO Skip shell extension 'powershell' for command environment: Not usable outside of PowerShell
[0.809s] colcon.colcon_core.shell DEBUG Skip shell extension 'dsv' for command environment
[0.824s] colcon.colcon_core.environment Level 1 create_environment_scripts_only(imu_filter_madgwick)
[0.825s] colcon.colcon_core.environment Level 1 checking '/Users/yosuke/gits/cxd5602pwbimu_ros2_driver/ros2_ws/install/imu_filter_madgwick' for CMake module files
[0.825s] colcon.colcon_core.event_handler.log_command DEBUG Invoked command in '/Users/yosuke/gits/cxd5602pwbimu_ros2_driver/ros2_ws/build/imu_filter_madgwick' returned '0': CMAKE_PREFIX_PATH=${CMAKE_PREFIX_PATH}:/Users/yosuke/miniforge3/envs/ros_env CONDA_PROMPT_MODIFIER=(ros_env) SHLVL=3 _=/Users/yosuke/miniforge3/envs/ros_env/bin/env /Users/yosuke/miniforge3/envs/ros_env/bin/cmake --install /Users/yosuke/gits/cxd5602pwbimu_ros2_driver/ros2_ws/build/imu_filter_madgwick
[0.825s] colcon.colcon_core.environment Level 1 checking '/Users/yosuke/gits/cxd5602pwbimu_ros2_driver/ros2_ws/install/imu_filter_madgwick' for CMake config files
[0.826s] colcon.colcon_core.shell Level 1 create_environment_hook('imu_filter_madgwick', 'cmake_prefix_path')
[0.826s] colcon.colcon_core.shell INFO Creating environment hook '/Users/yosuke/gits/cxd5602pwbimu_ros2_driver/ros2_ws/install/imu_filter_madgwick/share/imu_filter_madgwick/hook/cmake_prefix_path.ps1'
[0.826s] colcon.colcon_core.shell INFO Creating environment descriptor '/Users/yosuke/gits/cxd5602pwbimu_ros2_driver/ros2_ws/install/imu_filter_madgwick/share/imu_filter_madgwick/hook/cmake_prefix_path.dsv'
[0.826s] colcon.colcon_core.shell INFO Creating environment hook '/Users/yosuke/gits/cxd5602pwbimu_ros2_driver/ros2_ws/install/imu_filter_madgwick/share/imu_filter_madgwick/hook/cmake_prefix_path.sh'
[0.826s] colcon.colcon_core.environment Level 1 checking '/Users/yosuke/gits/cxd5602pwbimu_ros2_driver/ros2_ws/install/imu_filter_madgwick/lib'
[0.826s] colcon.colcon_core.shell Level 1 create_environment_hook('imu_filter_madgwick', 'dyld_library_path')
[0.827s] colcon.colcon_core.shell INFO Creating environment hook '/Users/yosuke/gits/cxd5602pwbimu_ros2_driver/ros2_ws/install/imu_filter_madgwick/share/imu_filter_madgwick/hook/dyld_library_path.ps1'
[0.827s] colcon.colcon_core.shell INFO Creating environment descriptor '/Users/yosuke/gits/cxd5602pwbimu_ros2_driver/ros2_ws/install/imu_filter_madgwick/share/imu_filter_madgwick/hook/dyld_library_path.dsv'
[0.827s] colcon.colcon_core.shell INFO Creating environment hook '/Users/yosuke/gits/cxd5602pwbimu_ros2_driver/ros2_ws/install/imu_filter_madgwick/share/imu_filter_madgwick/hook/dyld_library_path.sh'
[0.827s] colcon.colcon_core.environment Level 1 checking '/Users/yosuke/gits/cxd5602pwbimu_ros2_driver/ros2_ws/install/imu_filter_madgwick/bin'
[0.827s] colcon.colcon_core.environment Level 1 checking '/Users/yosuke/gits/cxd5602pwbimu_ros2_driver/ros2_ws/install/imu_filter_madgwick/lib/pkgconfig/imu_filter_madgwick.pc'
[0.827s] colcon.colcon_core.environment Level 1 checking '/Users/yosuke/gits/cxd5602pwbimu_ros2_driver/ros2_ws/install/imu_filter_madgwick/lib/python3.11/site-packages'
[0.827s] colcon.colcon_core.environment Level 1 checking '/Users/yosuke/gits/cxd5602pwbimu_ros2_driver/ros2_ws/install/imu_filter_madgwick/bin'
[0.827s] colcon.colcon_core.shell INFO Creating package script '/Users/yosuke/gits/cxd5602pwbimu_ros2_driver/ros2_ws/install/imu_filter_madgwick/share/imu_filter_madgwick/package.ps1'
[0.828s] colcon.colcon_core.shell INFO Creating package descriptor '/Users/yosuke/gits/cxd5602pwbimu_ros2_driver/ros2_ws/install/imu_filter_madgwick/share/imu_filter_madgwick/package.dsv'
[0.828s] colcon.colcon_core.shell INFO Creating package script '/Users/yosuke/gits/cxd5602pwbimu_ros2_driver/ros2_ws/install/imu_filter_madgwick/share/imu_filter_madgwick/package.sh'
[0.828s] colcon.colcon_core.shell INFO Creating package script '/Users/yosuke/gits/cxd5602pwbimu_ros2_driver/ros2_ws/install/imu_filter_madgwick/share/imu_filter_madgwick/package.bash'
[0.828s] colcon.colcon_core.shell INFO Creating package script '/Users/yosuke/gits/cxd5602pwbimu_ros2_driver/ros2_ws/install/imu_filter_madgwick/share/imu_filter_madgwick/package.zsh'
[0.828s] colcon.colcon_core.environment Level 1 create_file_with_runtime_dependencies(/Users/yosuke/gits/cxd5602pwbimu_ros2_driver/ros2_ws/install/imu_filter_madgwick/share/colcon-core/packages/imu_filter_madgwick)
[0.837s] colcon.colcon_core.event_handler.log_command DEBUG Invoking command in '/Users/yosuke/gits/cxd5602pwbimu_ros2_driver/ros2_ws/build/cxd5602pwbimu_driver_node': AMENT_PREFIX_PATH=/Users/yosuke/gits/cxd5602pwbimu_ros2_driver/ros2_ws/install/h6x_serial_interface:${AMENT_PREFIX_PATH} CMAKE_PREFIX_PATH=/Users/yosuke/gits/cxd5602pwbimu_ros2_driver/ros2_ws/install/h6x_serial_interface:/opt/homebrew/opt/qt@5:/Users/yosuke/miniforge3/envs/ros_env CONDA_PROMPT_MODIFIER=(ros_env) DYLD_LIBRARY_PATH=/Users/yosuke/gits/cxd5602pwbimu_ros2_driver/ros2_ws/install/h6x_serial_interface/lib:${DYLD_LIBRARY_PATH} SHLVL=3 _=/Users/yosuke/miniforge3/envs/ros_env/bin/env /Users/yosuke/miniforge3/envs/ros_env/bin/cmake /Users/yosuke/gits/cxd5602pwbimu_ros2_driver/ros2_ws/src/cxd5602pwbimu_driver_node -DCMAKE_PREFIX_PATH=/usr/local -DCMAKE_CXX_FLAGS=-I/usr/local/include -DCMAKE_EXE_LINKER_FLAGS=-L/usr/local/lib -DCMAKE_INSTALL_PREFIX=/Users/yosuke/gits/cxd5602pwbimu_ros2_driver/ros2_ws/install/cxd5602pwbimu_driver_node
[0.842s] colcon.colcon_core.event_handler.log_command DEBUG Invoking command in '/Users/yosuke/gits/cxd5602pwbimu_ros2_driver/ros2_ws/build/h6x_serial_interface_example': AMENT_PREFIX_PATH=/Users/yosuke/gits/cxd5602pwbimu_ros2_driver/ros2_ws/install/h6x_serial_interface:${AMENT_PREFIX_PATH} CMAKE_PREFIX_PATH=/Users/yosuke/gits/cxd5602pwbimu_ros2_driver/ros2_ws/install/h6x_serial_interface:/opt/homebrew/opt/qt@5:/Users/yosuke/miniforge3/envs/ros_env CONDA_PROMPT_MODIFIER=(ros_env) DYLD_LIBRARY_PATH=/Users/yosuke/gits/cxd5602pwbimu_ros2_driver/ros2_ws/install/h6x_serial_interface/lib:${DYLD_LIBRARY_PATH} SHLVL=3 _=/Users/yosuke/miniforge3/envs/ros_env/bin/env /Users/yosuke/miniforge3/envs/ros_env/bin/cmake /Users/yosuke/gits/cxd5602pwbimu_ros2_driver/ros2_ws/src/h6x_serial_interface/h6x_serial_interface_example -DCMAKE_PREFIX_PATH=/usr/local -DCMAKE_CXX_FLAGS=-I/usr/local/include -DCMAKE_EXE_LINKER_FLAGS=-L/usr/local/lib -DCMAKE_INSTALL_PREFIX=/Users/yosuke/gits/cxd5602pwbimu_ros2_driver/ros2_ws/install/h6x_serial_interface_example
[0.872s] colcon.colcon_core.event_handler.log_command DEBUG Invoking command in '/Users/yosuke/gits/cxd5602pwbimu_ros2_driver/ros2_ws/build/rviz_imu_plugin': CMAKE_PREFIX_PATH=${CMAKE_PREFIX_PATH}:/Users/yosuke/miniforge3/envs/ros_env CONDA_PROMPT_MODIFIER=(ros_env) SHLVL=3 _=/Users/yosuke/miniforge3/envs/ros_env/bin/env /Users/yosuke/miniforge3/envs/ros_env/bin/cmake --install /Users/yosuke/gits/cxd5602pwbimu_ros2_driver/ros2_ws/build/rviz_imu_plugin
[0.933s] colcon.colcon_core.environment Level 1 create_environment_scripts_only(imu_trajectory_filter)
[0.933s] colcon.colcon_core.environment Level 1 checking '/Users/yosuke/gits/cxd5602pwbimu_ros2_driver/ros2_ws/install/imu_trajectory_filter' for CMake module files
[0.934s] colcon.colcon_core.environment Level 1 checking '/Users/yosuke/gits/cxd5602pwbimu_ros2_driver/ros2_ws/install/imu_trajectory_filter' for CMake config files
[0.934s] colcon.colcon_core.shell Level 1 create_environment_hook('imu_trajectory_filter', 'cmake_prefix_path')
[0.934s] colcon.colcon_core.shell INFO Creating environment hook '/Users/yosuke/gits/cxd5602pwbimu_ros2_driver/ros2_ws/install/imu_trajectory_filter/share/imu_trajectory_filter/hook/cmake_prefix_path.ps1'
[0.935s] colcon.colcon_core.shell INFO Creating environment descriptor '/Users/yosuke/gits/cxd5602pwbimu_ros2_driver/ros2_ws/install/imu_trajectory_filter/share/imu_trajectory_filter/hook/cmake_prefix_path.dsv'
[0.936s] colcon.colcon_core.shell INFO Creating environment hook '/Users/yosuke/gits/cxd5602pwbimu_ros2_driver/ros2_ws/install/imu_trajectory_filter/share/imu_trajectory_filter/hook/cmake_prefix_path.sh'
[0.936s] colcon.colcon_core.environment Level 1 checking '/Users/yosuke/gits/cxd5602pwbimu_ros2_driver/ros2_ws/install/imu_trajectory_filter/lib'
[0.936s] colcon.colcon_core.shell Level 1 create_environment_hook('imu_trajectory_filter', 'dyld_library_path')
[0.936s] colcon.colcon_core.shell INFO Creating environment hook '/Users/yosuke/gits/cxd5602pwbimu_ros2_driver/ros2_ws/install/imu_trajectory_filter/share/imu_trajectory_filter/hook/dyld_library_path.ps1'
[0.936s] colcon.colcon_core.shell INFO Creating environment descriptor '/Users/yosuke/gits/cxd5602pwbimu_ros2_driver/ros2_ws/install/imu_trajectory_filter/share/imu_trajectory_filter/hook/dyld_library_path.dsv'
[0.937s] colcon.colcon_core.shell INFO Creating environment hook '/Users/yosuke/gits/cxd5602pwbimu_ros2_driver/ros2_ws/install/imu_trajectory_filter/share/imu_trajectory_filter/hook/dyld_library_path.sh'
[0.937s] colcon.colcon_core.environment Level 1 checking '/Users/yosuke/gits/cxd5602pwbimu_ros2_driver/ros2_ws/install/imu_trajectory_filter/bin'
[0.937s] colcon.colcon_core.environment Level 1 checking '/Users/yosuke/gits/cxd5602pwbimu_ros2_driver/ros2_ws/install/imu_trajectory_filter/lib/pkgconfig/imu_trajectory_filter.pc'
[0.937s] colcon.colcon_core.environment Level 1 checking '/Users/yosuke/gits/cxd5602pwbimu_ros2_driver/ros2_ws/install/imu_trajectory_filter/lib/python3.11/site-packages'
[0.937s] colcon.colcon_core.environment Level 1 checking '/Users/yosuke/gits/cxd5602pwbimu_ros2_driver/ros2_ws/install/imu_trajectory_filter/bin'
[0.937s] colcon.colcon_core.shell INFO Creating package script '/Users/yosuke/gits/cxd5602pwbimu_ros2_driver/ros2_ws/install/imu_trajectory_filter/share/imu_trajectory_filter/package.ps1'
[0.937s] colcon.colcon_core.shell INFO Creating package descriptor '/Users/yosuke/gits/cxd5602pwbimu_ros2_driver/ros2_ws/install/imu_trajectory_filter/share/imu_trajectory_filter/package.dsv'
[0.938s] colcon.colcon_core.shell INFO Creating package script '/Users/yosuke/gits/cxd5602pwbimu_ros2_driver/ros2_ws/install/imu_trajectory_filter/share/imu_trajectory_filter/package.sh'
[0.938s] colcon.colcon_core.shell INFO Creating package script '/Users/yosuke/gits/cxd5602pwbimu_ros2_driver/ros2_ws/install/imu_trajectory_filter/share/imu_trajectory_filter/package.bash'
[0.938s] colcon.colcon_core.shell INFO Creating package script '/Users/yosuke/gits/cxd5602pwbimu_ros2_driver/ros2_ws/install/imu_trajectory_filter/share/imu_trajectory_filter/package.zsh'
[0.938s] colcon.colcon_core.environment Level 1 create_file_with_runtime_dependencies(/Users/yosuke/gits/cxd5602pwbimu_ros2_driver/ros2_ws/install/imu_trajectory_filter/share/colcon-core/packages/imu_trajectory_filter)
[0.953s] colcon.colcon_core.environment Level 1 create_environment_scripts_only(rviz_imu_plugin)
[0.954s] colcon.colcon_core.environment Level 1 checking '/Users/yosuke/gits/cxd5602pwbimu_ros2_driver/ros2_ws/install/rviz_imu_plugin' for CMake module files
[0.954s] colcon.colcon_core.event_handler.log_command DEBUG Invoked command in '/Users/yosuke/gits/cxd5602pwbimu_ros2_driver/ros2_ws/build/rviz_imu_plugin' returned '0': CMAKE_PREFIX_PATH=${CMAKE_PREFIX_PATH}:/Users/yosuke/miniforge3/envs/ros_env CONDA_PROMPT_MODIFIER=(ros_env) SHLVL=3 _=/Users/yosuke/miniforge3/envs/ros_env/bin/env /Users/yosuke/miniforge3/envs/ros_env/bin/cmake --install /Users/yosuke/gits/cxd5602pwbimu_ros2_driver/ros2_ws/build/rviz_imu_plugin
[0.955s] colcon.colcon_core.environment Level 1 checking '/Users/yosuke/gits/cxd5602pwbimu_ros2_driver/ros2_ws/install/rviz_imu_plugin' for CMake config files
[0.955s] colcon.colcon_core.shell Level 1 create_environment_hook('rviz_imu_plugin', 'cmake_prefix_path')
[0.955s] colcon.colcon_core.shell INFO Creating environment hook '/Users/yosuke/gits/cxd5602pwbimu_ros2_driver/ros2_ws/install/rviz_imu_plugin/share/rviz_imu_plugin/hook/cmake_prefix_path.ps1'
[0.956s] colcon.colcon_core.shell INFO Creating environment descriptor '/Users/yosuke/gits/cxd5602pwbimu_ros2_driver/ros2_ws/install/rviz_imu_plugin/share/rviz_imu_plugin/hook/cmake_prefix_path.dsv'
[0.956s] colcon.colcon_core.shell INFO Creating environment hook '/Users/yosuke/gits/cxd5602pwbimu_ros2_driver/ros2_ws/install/rviz_imu_plugin/share/rviz_imu_plugin/hook/cmake_prefix_path.sh'
[0.956s] colcon.colcon_core.environment Level 1 checking '/Users/yosuke/gits/cxd5602pwbimu_ros2_driver/ros2_ws/install/rviz_imu_plugin/lib'
[0.956s] colcon.colcon_core.shell Level 1 create_environment_hook('rviz_imu_plugin', 'dyld_library_path')
[0.956s] colcon.colcon_core.shell INFO Creating environment hook '/Users/yosuke/gits/cxd5602pwbimu_ros2_driver/ros2_ws/install/rviz_imu_plugin/share/rviz_imu_plugin/hook/dyld_library_path.ps1'
[0.956s] colcon.colcon_core.shell INFO Creating environment descriptor '/Users/yosuke/gits/cxd5602pwbimu_ros2_driver/ros2_ws/install/rviz_imu_plugin/share/rviz_imu_plugin/hook/dyld_library_path.dsv'
[0.957s] colcon.colcon_core.shell INFO Creating environment hook '/Users/yosuke/gits/cxd5602pwbimu_ros2_driver/ros2_ws/install/rviz_imu_plugin/share/rviz_imu_plugin/hook/dyld_library_path.sh'
[0.957s] colcon.colcon_core.environment Level 1 checking '/Users/yosuke/gits/cxd5602pwbimu_ros2_driver/ros2_ws/install/rviz_imu_plugin/bin'
[0.957s] colcon.colcon_core.environment Level 1 checking '/Users/yosuke/gits/cxd5602pwbimu_ros2_driver/ros2_ws/install/rviz_imu_plugin/lib/pkgconfig/rviz_imu_plugin.pc'
[0.957s] colcon.colcon_core.environment Level 1 checking '/Users/yosuke/gits/cxd5602pwbimu_ros2_driver/ros2_ws/install/rviz_imu_plugin/lib/python3.11/site-packages'
[0.957s] colcon.colcon_core.environment Level 1 checking '/Users/yosuke/gits/cxd5602pwbimu_ros2_driver/ros2_ws/install/rviz_imu_plugin/bin'
[0.957s] colcon.colcon_core.shell INFO Creating package script '/Users/yosuke/gits/cxd5602pwbimu_ros2_driver/ros2_ws/install/rviz_imu_plugin/share/rviz_imu_plugin/package.ps1'
[0.957s] colcon.colcon_core.shell INFO Creating package descriptor '/Users/yosuke/gits/cxd5602pwbimu_ros2_driver/ros2_ws/install/rviz_imu_plugin/share/rviz_imu_plugin/package.dsv'
[0.957s] colcon.colcon_core.shell INFO Creating package script '/Users/yosuke/gits/cxd5602pwbimu_ros2_driver/ros2_ws/install/rviz_imu_plugin/share/rviz_imu_plugin/package.sh'
[0.958s] colcon.colcon_core.shell INFO Creating package script '/Users/yosuke/gits/cxd5602pwbimu_ros2_driver/ros2_ws/install/rviz_imu_plugin/share/rviz_imu_plugin/package.bash'
[0.958s] colcon.colcon_core.shell INFO Creating package script '/Users/yosuke/gits/cxd5602pwbimu_ros2_driver/ros2_ws/install/rviz_imu_plugin/share/rviz_imu_plugin/package.zsh'
[0.958s] colcon.colcon_core.environment Level 1 create_file_with_runtime_dependencies(/Users/yosuke/gits/cxd5602pwbimu_ros2_driver/ros2_ws/install/rviz_imu_plugin/share/colcon-core/packages/rviz_imu_plugin)
[0.982s] colcon.colcon_core.environment Level 1 create_environment_scripts_only(imu_complementary_filter)
[0.983s] colcon.colcon_core.environment Level 1 checking '/Users/yosuke/gits/cxd5602pwbimu_ros2_driver/ros2_ws/install/imu_complementary_filter' for CMake module files
[0.983s] colcon.colcon_core.environment Level 1 checking '/Users/yosuke/gits/cxd5602pwbimu_ros2_driver/ros2_ws/install/imu_complementary_filter' for CMake config files
[0.984s] colcon.colcon_core.shell Level 1 create_environment_hook('imu_complementary_filter', 'cmake_prefix_path')
[0.984s] colcon.colcon_core.shell INFO Creating environment hook '/Users/yosuke/gits/cxd5602pwbimu_ros2_driver/ros2_ws/install/imu_complementary_filter/share/imu_complementary_filter/hook/cmake_prefix_path.ps1'
[0.985s] colcon.colcon_core.shell INFO Creating environment descriptor '/Users/yosuke/gits/cxd5602pwbimu_ros2_driver/ros2_ws/install/imu_complementary_filter/share/imu_complementary_filter/hook/cmake_prefix_path.dsv'
[0.985s] colcon.colcon_core.shell INFO Creating environment hook '/Users/yosuke/gits/cxd5602pwbimu_ros2_driver/ros2_ws/install/imu_complementary_filter/share/imu_complementary_filter/hook/cmake_prefix_path.sh'
[0.986s] colcon.colcon_core.environment Level 1 checking '/Users/yosuke/gits/cxd5602pwbimu_ros2_driver/ros2_ws/install/imu_complementary_filter/lib'
[0.986s] colcon.colcon_core.shell Level 1 create_environment_hook('imu_complementary_filter', 'dyld_library_path')
[0.986s] colcon.colcon_core.shell INFO Creating environment hook '/Users/yosuke/gits/cxd5602pwbimu_ros2_driver/ros2_ws/install/imu_complementary_filter/share/imu_complementary_filter/hook/dyld_library_path.ps1'
[0.987s] colcon.colcon_core.shell INFO Creating environment descriptor '/Users/yosuke/gits/cxd5602pwbimu_ros2_driver/ros2_ws/install/imu_complementary_filter/share/imu_complementary_filter/hook/dyld_library_path.dsv'
[0.987s] colcon.colcon_core.shell INFO Creating environment hook '/Users/yosuke/gits/cxd5602pwbimu_ros2_driver/ros2_ws/install/imu_complementary_filter/share/imu_complementary_filter/hook/dyld_library_path.sh'
[0.987s] colcon.colcon_core.environment Level 1 checking '/Users/yosuke/gits/cxd5602pwbimu_ros2_driver/ros2_ws/install/imu_complementary_filter/bin'
[0.987s] colcon.colcon_core.environment Level 1 checking '/Users/yosuke/gits/cxd5602pwbimu_ros2_driver/ros2_ws/install/imu_complementary_filter/lib/pkgconfig/imu_complementary_filter.pc'
[0.987s] colcon.colcon_core.environment Level 1 checking '/Users/yosuke/gits/cxd5602pwbimu_ros2_driver/ros2_ws/install/imu_complementary_filter/lib/python3.11/site-packages'
[0.987s] colcon.colcon_core.environment Level 1 checking '/Users/yosuke/gits/cxd5602pwbimu_ros2_driver/ros2_ws/install/imu_complementary_filter/bin'
[0.987s] colcon.colcon_core.shell INFO Creating package script '/Users/yosuke/gits/cxd5602pwbimu_ros2_driver/ros2_ws/install/imu_complementary_filter/share/imu_complementary_filter/package.ps1'
[0.987s] colcon.colcon_core.shell INFO Creating package descriptor '/Users/yosuke/gits/cxd5602pwbimu_ros2_driver/ros2_ws/install/imu_complementary_filter/share/imu_complementary_filter/package.dsv'
[0.988s] colcon.colcon_core.shell INFO Creating package script '/Users/yosuke/gits/cxd5602pwbimu_ros2_driver/ros2_ws/install/imu_complementary_filter/share/imu_complementary_filter/package.sh'
[0.988s] colcon.colcon_core.shell INFO Creating package script '/Users/yosuke/gits/cxd5602pwbimu_ros2_driver/ros2_ws/install/imu_complementary_filter/share/imu_complementary_filter/package.bash'
[0.988s] colcon.colcon_core.shell INFO Creating package script '/Users/yosuke/gits/cxd5602pwbimu_ros2_driver/ros2_ws/install/imu_complementary_filter/share/imu_complementary_filter/package.zsh'
[0.988s] colcon.colcon_core.environment Level 1 create_file_with_runtime_dependencies(/Users/yosuke/gits/cxd5602pwbimu_ros2_driver/ros2_ws/install/imu_complementary_filter/share/colcon-core/packages/imu_complementary_filter)
[1.024s] colcon.colcon_core.environment Level 1 create_environment_scripts_only(h6x_packet_handler)
[1.024s] colcon.colcon_core.environment Level 1 checking '/Users/yosuke/gits/cxd5602pwbimu_ros2_driver/ros2_ws/install/h6x_packet_handler' for CMake module files
[1.025s] colcon.colcon_core.environment Level 1 checking '/Users/yosuke/gits/cxd5602pwbimu_ros2_driver/ros2_ws/install/h6x_packet_handler' for CMake config files
[1.026s] colcon.colcon_core.shell Level 1 create_environment_hook('h6x_packet_handler', 'cmake_prefix_path')
[1.026s] colcon.colcon_core.shell INFO Creating environment hook '/Users/yosuke/gits/cxd5602pwbimu_ros2_driver/ros2_ws/install/h6x_packet_handler/share/h6x_packet_handler/hook/cmake_prefix_path.ps1'
[1.026s] colcon.colcon_core.shell INFO Creating environment descriptor '/Users/yosuke/gits/cxd5602pwbimu_ros2_driver/ros2_ws/install/h6x_packet_handler/share/h6x_packet_handler/hook/cmake_prefix_path.dsv'
[1.026s] colcon.colcon_core.shell INFO Creating environment hook '/Users/yosuke/gits/cxd5602pwbimu_ros2_driver/ros2_ws/install/h6x_packet_handler/share/h6x_packet_handler/hook/cmake_prefix_path.sh'
[1.027s] colcon.colcon_core.environment Level 1 checking '/Users/yosuke/gits/cxd5602pwbimu_ros2_driver/ros2_ws/install/h6x_packet_handler/lib'
[1.027s] colcon.colcon_core.shell Level 1 create_environment_hook('h6x_packet_handler', 'dyld_library_path')
[1.027s] colcon.colcon_core.shell INFO Creating environment hook '/Users/yosuke/gits/cxd5602pwbimu_ros2_driver/ros2_ws/install/h6x_packet_handler/share/h6x_packet_handler/hook/dyld_library_path.ps1'
[1.027s] colcon.colcon_core.shell INFO Creating environment descriptor '/Users/yosuke/gits/cxd5602pwbimu_ros2_driver/ros2_ws/install/h6x_packet_handler/share/h6x_packet_handler/hook/dyld_library_path.dsv'
[1.027s] colcon.colcon_core.shell INFO Creating environment hook '/Users/yosuke/gits/cxd5602pwbimu_ros2_driver/ros2_ws/install/h6x_packet_handler/share/h6x_packet_handler/hook/dyld_library_path.sh'
[1.027s] colcon.colcon_core.environment Level 1 checking '/Users/yosuke/gits/cxd5602pwbimu_ros2_driver/ros2_ws/install/h6x_packet_handler/bin'
[1.027s] colcon.colcon_core.environment Level 1 checking '/Users/yosuke/gits/cxd5602pwbimu_ros2_driver/ros2_ws/install/h6x_packet_handler/lib/pkgconfig/h6x_packet_handler.pc'
[1.027s] colcon.colcon_core.environment Level 1 checking '/Users/yosuke/gits/cxd5602pwbimu_ros2_driver/ros2_ws/install/h6x_packet_handler/lib/python3.11/site-packages'
[1.028s] colcon.colcon_core.environment Level 1 checking '/Users/yosuke/gits/cxd5602pwbimu_ros2_driver/ros2_ws/install/h6x_packet_handler/bin'
[1.028s] colcon.colcon_core.shell INFO Creating package script '/Users/yosuke/gits/cxd5602pwbimu_ros2_driver/ros2_ws/install/h6x_packet_handler/share/h6x_packet_handler/package.ps1'
[1.028s] colcon.colcon_core.shell INFO Creating package descriptor '/Users/yosuke/gits/cxd5602pwbimu_ros2_driver/ros2_ws/install/h6x_packet_handler/share/h6x_packet_handler/package.dsv'
[1.028s] colcon.colcon_core.shell INFO Creating package script '/Users/yosuke/gits/cxd5602pwbimu_ros2_driver/ros2_ws/install/h6x_packet_handler/share/h6x_packet_handler/package.sh'
[1.028s] colcon.colcon_core.shell INFO Creating package script '/Users/yosuke/gits/cxd5602pwbimu_ros2_driver/ros2_ws/install/h6x_packet_handler/share/h6x_packet_handler/package.bash'
[1.028s] colcon.colcon_core.shell INFO Creating package script '/Users/yosuke/gits/cxd5602pwbimu_ros2_driver/ros2_ws/install/h6x_packet_handler/share/h6x_packet_handler/package.zsh'
[1.028s] colcon.colcon_core.environment Level 1 create_file_with_runtime_dependencies(/Users/yosuke/gits/cxd5602pwbimu_ros2_driver/ros2_ws/install/h6x_packet_handler/share/colcon-core/packages/h6x_packet_handler)
[1.150s] colcon.colcon_core.environment Level 1 create_environment_scripts_only(imu_filter_madgwick)
[1.150s] colcon.colcon_core.environment Level 1 checking '/Users/yosuke/gits/cxd5602pwbimu_ros2_driver/ros2_ws/install/imu_filter_madgwick' for CMake module files
[1.151s] colcon.colcon_core.environment Level 1 checking '/Users/yosuke/gits/cxd5602pwbimu_ros2_driver/ros2_ws/install/imu_filter_madgwick' for CMake config files
[1.151s] colcon.colcon_core.shell Level 1 create_environment_hook('imu_filter_madgwick', 'cmake_prefix_path')
[1.151s] colcon.colcon_core.shell INFO Creating environment hook '/Users/yosuke/gits/cxd5602pwbimu_ros2_driver/ros2_ws/install/imu_filter_madgwick/share/imu_filter_madgwick/hook/cmake_prefix_path.ps1'
[1.151s] colcon.colcon_core.shell INFO Creating environment descriptor '/Users/yosuke/gits/cxd5602pwbimu_ros2_driver/ros2_ws/install/imu_filter_madgwick/share/imu_filter_madgwick/hook/cmake_prefix_path.dsv'
[1.151s] colcon.colcon_core.shell INFO Creating environment hook '/Users/yosuke/gits/cxd5602pwbimu_ros2_driver/ros2_ws/install/imu_filter_madgwick/share/imu_filter_madgwick/hook/cmake_prefix_path.sh'
[1.152s] colcon.colcon_core.environment Level 1 checking '/Users/yosuke/gits/cxd5602pwbimu_ros2_driver/ros2_ws/install/imu_filter_madgwick/lib'
[1.152s] colcon.colcon_core.shell Level 1 create_environment_hook('imu_filter_madgwick', 'dyld_library_path')
[1.152s] colcon.colcon_core.shell INFO Creating environment hook '/Users/yosuke/gits/cxd5602pwbimu_ros2_driver/ros2_ws/install/imu_filter_madgwick/share/imu_filter_madgwick/hook/dyld_library_path.ps1'
[1.152s] colcon.colcon_core.shell INFO Creating environment descriptor '/Users/yosuke/gits/cxd5602pwbimu_ros2_driver/ros2_ws/install/imu_filter_madgwick/share/imu_filter_madgwick/hook/dyld_library_path.dsv'
[1.152s] colcon.colcon_core.shell INFO Creating environment hook '/Users/yosuke/gits/cxd5602pwbimu_ros2_driver/ros2_ws/install/imu_filter_madgwick/share/imu_filter_madgwick/hook/dyld_library_path.sh'
[1.152s] colcon.colcon_core.environment Level 1 checking '/Users/yosuke/gits/cxd5602pwbimu_ros2_driver/ros2_ws/install/imu_filter_madgwick/bin'
[1.152s] colcon.colcon_core.environment Level 1 checking '/Users/yosuke/gits/cxd5602pwbimu_ros2_driver/ros2_ws/install/imu_filter_madgwick/lib/pkgconfig/imu_filter_madgwick.pc'
[1.152s] colcon.colcon_core.environment Level 1 checking '/Users/yosuke/gits/cxd5602pwbimu_ros2_driver/ros2_ws/install/imu_filter_madgwick/lib/python3.11/site-packages'
[1.152s] colcon.colcon_core.environment Level 1 checking '/Users/yosuke/gits/cxd5602pwbimu_ros2_driver/ros2_ws/install/imu_filter_madgwick/bin'
[1.152s] colcon.colcon_core.shell INFO Creating package script '/Users/yosuke/gits/cxd5602pwbimu_ros2_driver/ros2_ws/install/imu_filter_madgwick/share/imu_filter_madgwick/package.ps1'
[1.153s] colcon.colcon_core.shell INFO Creating package descriptor '/Users/yosuke/gits/cxd5602pwbimu_ros2_driver/ros2_ws/install/imu_filter_madgwick/share/imu_filter_madgwick/package.dsv'
[1.153s] colcon.colcon_core.shell INFO Creating package script '/Users/yosuke/gits/cxd5602pwbimu_ros2_driver/ros2_ws/install/imu_filter_madgwick/share/imu_filter_madgwick/package.sh'
[1.153s] colcon.colcon_core.shell INFO Creating package script '/Users/yosuke/gits/cxd5602pwbimu_ros2_driver/ros2_ws/install/imu_filter_madgwick/share/imu_filter_madgwick/package.bash'
[1.153s] colcon.colcon_core.shell INFO Creating package script '/Users/yosuke/gits/cxd5602pwbimu_ros2_driver/ros2_ws/install/imu_filter_madgwick/share/imu_filter_madgwick/package.zsh'
[1.153s] colcon.colcon_core.environment Level 1 create_file_with_runtime_dependencies(/Users/yosuke/gits/cxd5602pwbimu_ros2_driver/ros2_ws/install/imu_filter_madgwick/share/colcon-core/packages/imu_filter_madgwick)
[1.256s] colcon.colcon_core.environment Level 1 create_environment_scripts_only(rviz_imu_plugin)
[1.256s] colcon.colcon_core.environment Level 1 checking '/Users/yosuke/gits/cxd5602pwbimu_ros2_driver/ros2_ws/install/rviz_imu_plugin' for CMake module files
[1.257s] colcon.colcon_core.environment Level 1 checking '/Users/yosuke/gits/cxd5602pwbimu_ros2_driver/ros2_ws/install/rviz_imu_plugin' for CMake config files
[1.257s] colcon.colcon_core.shell Level 1 create_environment_hook('rviz_imu_plugin', 'cmake_prefix_path')
[1.257s] colcon.colcon_core.shell INFO Creating environment hook '/Users/yosuke/gits/cxd5602pwbimu_ros2_driver/ros2_ws/install/rviz_imu_plugin/share/rviz_imu_plugin/hook/cmake_prefix_path.ps1'
[1.257s] colcon.colcon_core.shell INFO Creating environment descriptor '/Users/yosuke/gits/cxd5602pwbimu_ros2_driver/ros2_ws/install/rviz_imu_plugin/share/rviz_imu_plugin/hook/cmake_prefix_path.dsv'
[1.257s] colcon.colcon_core.shell INFO Creating environment hook '/Users/yosuke/gits/cxd5602pwbimu_ros2_driver/ros2_ws/install/rviz_imu_plugin/share/rviz_imu_plugin/hook/cmake_prefix_path.sh'
[1.258s] colcon.colcon_core.environment Level 1 checking '/Users/yosuke/gits/cxd5602pwbimu_ros2_driver/ros2_ws/install/rviz_imu_plugin/lib'
[1.258s] colcon.colcon_core.shell Level 1 create_environment_hook('rviz_imu_plugin', 'dyld_library_path')
[1.258s] colcon.colcon_core.shell INFO Creating environment hook '/Users/yosuke/gits/cxd5602pwbimu_ros2_driver/ros2_ws/install/rviz_imu_plugin/share/rviz_imu_plugin/hook/dyld_library_path.ps1'
[1.258s] colcon.colcon_core.shell INFO Creating environment descriptor '/Users/yosuke/gits/cxd5602pwbimu_ros2_driver/ros2_ws/install/rviz_imu_plugin/share/rviz_imu_plugin/hook/dyld_library_path.dsv'
[1.258s] colcon.colcon_core.shell INFO Creating environment hook '/Users/yosuke/gits/cxd5602pwbimu_ros2_driver/ros2_ws/install/rviz_imu_plugin/share/rviz_imu_plugin/hook/dyld_library_path.sh'
[1.258s] colcon.colcon_core.environment Level 1 checking '/Users/yosuke/gits/cxd5602pwbimu_ros2_driver/ros2_ws/install/rviz_imu_plugin/bin'
[1.258s] colcon.colcon_core.environment Level 1 checking '/Users/yosuke/gits/cxd5602pwbimu_ros2_driver/ros2_ws/install/rviz_imu_plugin/lib/pkgconfig/rviz_imu_plugin.pc'
[1.258s] colcon.colcon_core.environment Level 1 checking '/Users/yosuke/gits/cxd5602pwbimu_ros2_driver/ros2_ws/install/rviz_imu_plugin/lib/python3.11/site-packages'
[1.258s] colcon.colcon_core.environment Level 1 checking '/Users/yosuke/gits/cxd5602pwbimu_ros2_driver/ros2_ws/install/rviz_imu_plugin/bin'
[1.258s] colcon.colcon_core.shell INFO Creating package script '/Users/yosuke/gits/cxd5602pwbimu_ros2_driver/ros2_ws/install/rviz_imu_plugin/share/rviz_imu_plugin/package.ps1'
[1.259s] colcon.colcon_core.shell INFO Creating package descriptor '/Users/yosuke/gits/cxd5602pwbimu_ros2_driver/ros2_ws/install/rviz_imu_plugin/share/rviz_imu_plugin/package.dsv'
[1.259s] colcon.colcon_core.shell INFO Creating package script '/Users/yosuke/gits/cxd5602pwbimu_ros2_driver/ros2_ws/install/rviz_imu_plugin/share/rviz_imu_plugin/package.sh'
[1.259s] colcon.colcon_core.shell INFO Creating package script '/Users/yosuke/gits/cxd5602pwbimu_ros2_driver/ros2_ws/install/rviz_imu_plugin/share/rviz_imu_plugin/package.bash'
[1.259s] colcon.colcon_core.shell INFO Creating package script '/Users/yosuke/gits/cxd5602pwbimu_ros2_driver/ros2_ws/install/rviz_imu_plugin/share/rviz_imu_plugin/package.zsh'
[1.260s] colcon.colcon_core.environment Level 1 create_file_with_runtime_dependencies(/Users/yosuke/gits/cxd5602pwbimu_ros2_driver/ros2_ws/install/rviz_imu_plugin/share/colcon-core/packages/rviz_imu_plugin)
[1.260s] colcon.colcon_ros.task.ament_cmake.build INFO Building ROS package in '/Users/yosuke/gits/cxd5602pwbimu_ros2_driver/ros2_ws/src/imu_tools/imu_tools' with build type 'ament_cmake'
[1.260s] colcon.colcon_cmake.task.cmake.build INFO Building CMake package in '/Users/yosuke/gits/cxd5602pwbimu_ros2_driver/ros2_ws/src/imu_tools/imu_tools'
[1.260s] colcon.colcon_core.shell INFO Skip shell extension 'powershell' for command environment: Not usable outside of PowerShell
[1.260s] colcon.colcon_core.shell DEBUG Skip shell extension 'dsv' for command environment
[1.282s] colcon.colcon_core.event_handler.log_command DEBUG Invoking command in '/Users/yosuke/gits/cxd5602pwbimu_ros2_driver/ros2_ws/build/imu_tools': AMENT_PREFIX_PATH=/Users/yosuke/gits/cxd5602pwbimu_ros2_driver/ros2_ws/install/rviz_imu_plugin:/Users/yosuke/gits/cxd5602pwbimu_ros2_driver/ros2_ws/install/imu_filter_madgwick:/Users/yosuke/gits/cxd5602pwbimu_ros2_driver/ros2_ws/install/imu_complementary_filter:${AMENT_PREFIX_PATH} CMAKE_PREFIX_PATH=/Users/yosuke/gits/cxd5602pwbimu_ros2_driver/ros2_ws/install/rviz_imu_plugin:/Users/yosuke/gits/cxd5602pwbimu_ros2_driver/ros2_ws/install/imu_filter_madgwick:/Users/yosuke/gits/cxd5602pwbimu_ros2_driver/ros2_ws/install/imu_complementary_filter:/opt/homebrew/opt/qt@5:/Users/yosuke/miniforge3/envs/ros_env CONDA_PROMPT_MODIFIER=(ros_env) DYLD_LIBRARY_PATH=/Users/yosuke/gits/cxd5602pwbimu_ros2_driver/ros2_ws/install/rviz_imu_plugin/lib:/Users/yosuke/gits/cxd5602pwbimu_ros2_driver/ros2_ws/install/imu_filter_madgwick/lib:/Users/yosuke/gits/cxd5602pwbimu_ros2_driver/ros2_ws/install/imu_complementary_filter/lib:${DYLD_LIBRARY_PATH} SHLVL=3 _=/Users/yosuke/miniforge3/envs/ros_env/bin/env /Users/yosuke/miniforge3/envs/ros_env/bin/cmake --build /Users/yosuke/gits/cxd5602pwbimu_ros2_driver/ros2_ws/build/imu_tools -- -j10 -l10
[1.339s] colcon.colcon_core.event_handler.log_command DEBUG Invoked command in '/Users/yosuke/gits/cxd5602pwbimu_ros2_driver/ros2_ws/build/imu_tools' returned '0': AMENT_PREFIX_PATH=/Users/yosuke/gits/cxd5602pwbimu_ros2_driver/ros2_ws/install/rviz_imu_plugin:/Users/yosuke/gits/cxd5602pwbimu_ros2_driver/ros2_ws/install/imu_filter_madgwick:/Users/yosuke/gits/cxd5602pwbimu_ros2_driver/ros2_ws/install/imu_complementary_filter:${AMENT_PREFIX_PATH} CMAKE_PREFIX_PATH=/Users/yosuke/gits/cxd5602pwbimu_ros2_driver/ros2_ws/install/rviz_imu_plugin:/Users/yosuke/gits/cxd5602pwbimu_ros2_driver/ros2_ws/install/imu_filter_madgwick:/Users/yosuke/gits/cxd5602pwbimu_ros2_driver/ros2_ws/install/imu_complementary_filter:/opt/homebrew/opt/qt@5:/Users/yosuke/miniforge3/envs/ros_env CONDA_PROMPT_MODIFIER=(ros_env) DYLD_LIBRARY_PATH=/Users/yosuke/gits/cxd5602pwbimu_ros2_driver/ros2_ws/install/rviz_imu_plugin/lib:/Users/yosuke/gits/cxd5602pwbimu_ros2_driver/ros2_ws/install/imu_filter_madgwick/lib:/Users/yosuke/gits/cxd5602pwbimu_ros2_driver/ros2_ws/install/imu_complementary_filter/lib:${DYLD_LIBRARY_PATH} SHLVL=3 _=/Users/yosuke/miniforge3/envs/ros_env/bin/env /Users/yosuke/miniforge3/envs/ros_env/bin/cmake --build /Users/yosuke/gits/cxd5602pwbimu_ros2_driver/ros2_ws/build/imu_tools -- -j10 -l10
[1.461s] colcon.colcon_core.event_handler.log_command DEBUG Invoking command in '/Users/yosuke/gits/cxd5602pwbimu_ros2_driver/ros2_ws/build/imu_tools': AMENT_PREFIX_PATH=/Users/yosuke/gits/cxd5602pwbimu_ros2_driver/ros2_ws/install/rviz_imu_plugin:/Users/yosuke/gits/cxd5602pwbimu_ros2_driver/ros2_ws/install/imu_filter_madgwick:/Users/yosuke/gits/cxd5602pwbimu_ros2_driver/ros2_ws/install/imu_complementary_filter:${AMENT_PREFIX_PATH} CMAKE_PREFIX_PATH=/Users/yosuke/gits/cxd5602pwbimu_ros2_driver/ros2_ws/install/rviz_imu_plugin:/Users/yosuke/gits/cxd5602pwbimu_ros2_driver/ros2_ws/install/imu_filter_madgwick:/Users/yosuke/gits/cxd5602pwbimu_ros2_driver/ros2_ws/install/imu_complementary_filter:/opt/homebrew/opt/qt@5:/Users/yosuke/miniforge3/envs/ros_env CONDA_PROMPT_MODIFIER=(ros_env) DYLD_LIBRARY_PATH=/Users/yosuke/gits/cxd5602pwbimu_ros2_driver/ros2_ws/install/rviz_imu_plugin/lib:/Users/yosuke/gits/cxd5602pwbimu_ros2_driver/ros2_ws/install/imu_filter_madgwick/lib:/Users/yosuke/gits/cxd5602pwbimu_ros2_driver/ros2_ws/install/imu_complementary_filter/lib:${DYLD_LIBRARY_PATH} SHLVL=3 _=/Users/yosuke/miniforge3/envs/ros_env/bin/env /Users/yosuke/miniforge3/envs/ros_env/bin/cmake --install /Users/yosuke/gits/cxd5602pwbimu_ros2_driver/ros2_ws/build/imu_tools
[1.475s] colcon.colcon_core.environment Level 1 create_environment_scripts_only(imu_tools)
[1.475s] colcon.colcon_core.environment Level 1 checking '/Users/yosuke/gits/cxd5602pwbimu_ros2_driver/ros2_ws/install/imu_tools' for CMake module files
[1.476s] colcon.colcon_core.event_handler.log_command DEBUG Invoked command in '/Users/yosuke/gits/cxd5602pwbimu_ros2_driver/ros2_ws/build/imu_tools' returned '0': AMENT_PREFIX_PATH=/Users/yosuke/gits/cxd5602pwbimu_ros2_driver/ros2_ws/install/rviz_imu_plugin:/Users/yosuke/gits/cxd5602pwbimu_ros2_driver/ros2_ws/install/imu_filter_madgwick:/Users/yosuke/gits/cxd5602pwbimu_ros2_driver/ros2_ws/install/imu_complementary_filter:${AMENT_PREFIX_PATH} CMAKE_PREFIX_PATH=/Users/yosuke/gits/cxd5602pwbimu_ros2_driver/ros2_ws/install/rviz_imu_plugin:/Users/yosuke/gits/cxd5602pwbimu_ros2_driver/ros2_ws/install/imu_filter_madgwick:/Users/yosuke/gits/cxd5602pwbimu_ros2_driver/ros2_ws/install/imu_complementary_filter:/opt/homebrew/opt/qt@5:/Users/yosuke/miniforge3/envs/ros_env CONDA_PROMPT_MODIFIER=(ros_env) DYLD_LIBRARY_PATH=/Users/yosuke/gits/cxd5602pwbimu_ros2_driver/ros2_ws/install/rviz_imu_plugin/lib:/Users/yosuke/gits/cxd5602pwbimu_ros2_driver/ros2_ws/install/imu_filter_madgwick/lib:/Users/yosuke/gits/cxd5602pwbimu_ros2_driver/ros2_ws/install/imu_complementary_filter/lib:${DYLD_LIBRARY_PATH} SHLVL=3 _=/Users/yosuke/miniforge3/envs/ros_env/bin/env /Users/yosuke/miniforge3/envs/ros_env/bin/cmake --install /Users/yosuke/gits/cxd5602pwbimu_ros2_driver/ros2_ws/build/imu_tools
[1.476s] colcon.colcon_core.environment Level 1 checking '/Users/yosuke/gits/cxd5602pwbimu_ros2_driver/ros2_ws/install/imu_tools' for CMake config files
[1.476s] colcon.colcon_core.shell Level 1 create_environment_hook('imu_tools', 'cmake_prefix_path')
[1.476s] colcon.colcon_core.shell INFO Creating environment hook '/Users/yosuke/gits/cxd5602pwbimu_ros2_driver/ros2_ws/install/imu_tools/share/imu_tools/hook/cmake_prefix_path.ps1'
[1.476s] colcon.colcon_core.shell INFO Creating environment descriptor '/Users/yosuke/gits/cxd5602pwbimu_ros2_driver/ros2_ws/install/imu_tools/share/imu_tools/hook/cmake_prefix_path.dsv'
[1.476s] colcon.colcon_core.shell INFO Creating environment hook '/Users/yosuke/gits/cxd5602pwbimu_ros2_driver/ros2_ws/install/imu_tools/share/imu_tools/hook/cmake_prefix_path.sh'
[1.477s] colcon.colcon_core.environment Level 1 checking '/Users/yosuke/gits/cxd5602pwbimu_ros2_driver/ros2_ws/install/imu_tools/lib'
[1.477s] colcon.colcon_core.environment Level 1 checking '/Users/yosuke/gits/cxd5602pwbimu_ros2_driver/ros2_ws/install/imu_tools/bin'
[1.477s] colcon.colcon_core.environment Level 1 checking '/Users/yosuke/gits/cxd5602pwbimu_ros2_driver/ros2_ws/install/imu_tools/lib/pkgconfig/imu_tools.pc'
[1.477s] colcon.colcon_core.environment Level 1 checking '/Users/yosuke/gits/cxd5602pwbimu_ros2_driver/ros2_ws/install/imu_tools/lib/python3.11/site-packages'
[1.477s] colcon.colcon_core.environment Level 1 checking '/Users/yosuke/gits/cxd5602pwbimu_ros2_driver/ros2_ws/install/imu_tools/bin'
[1.477s] colcon.colcon_core.shell INFO Creating package script '/Users/yosuke/gits/cxd5602pwbimu_ros2_driver/ros2_ws/install/imu_tools/share/imu_tools/package.ps1'
[1.477s] colcon.colcon_core.shell INFO Creating package descriptor '/Users/yosuke/gits/cxd5602pwbimu_ros2_driver/ros2_ws/install/imu_tools/share/imu_tools/package.dsv'
[1.477s] colcon.colcon_core.shell INFO Creating package script '/Users/yosuke/gits/cxd5602pwbimu_ros2_driver/ros2_ws/install/imu_tools/share/imu_tools/package.sh'
[1.478s] colcon.colcon_core.shell INFO Creating package script '/Users/yosuke/gits/cxd5602pwbimu_ros2_driver/ros2_ws/install/imu_tools/share/imu_tools/package.bash'
[1.478s] colcon.colcon_core.shell INFO Creating package script '/Users/yosuke/gits/cxd5602pwbimu_ros2_driver/ros2_ws/install/imu_tools/share/imu_tools/package.zsh'
[1.478s] colcon.colcon_core.environment Level 1 create_file_with_runtime_dependencies(/Users/yosuke/gits/cxd5602pwbimu_ros2_driver/ros2_ws/install/imu_tools/share/colcon-core/packages/imu_tools)
[1.577s] colcon.colcon_core.environment Level 1 create_environment_scripts_only(imu_tools)
[1.577s] colcon.colcon_core.environment Level 1 checking '/Users/yosuke/gits/cxd5602pwbimu_ros2_driver/ros2_ws/install/imu_tools' for CMake module files
[1.578s] colcon.colcon_core.environment Level 1 checking '/Users/yosuke/gits/cxd5602pwbimu_ros2_driver/ros2_ws/install/imu_tools' for CMake config files
[1.578s] colcon.colcon_core.shell Level 1 create_environment_hook('imu_tools', 'cmake_prefix_path')
[1.578s] colcon.colcon_core.shell INFO Creating environment hook '/Users/yosuke/gits/cxd5602pwbimu_ros2_driver/ros2_ws/install/imu_tools/share/imu_tools/hook/cmake_prefix_path.ps1'
[1.578s] colcon.colcon_core.shell INFO Creating environment descriptor '/Users/yosuke/gits/cxd5602pwbimu_ros2_driver/ros2_ws/install/imu_tools/share/imu_tools/hook/cmake_prefix_path.dsv'
[1.578s] colcon.colcon_core.shell INFO Creating environment hook '/Users/yosuke/gits/cxd5602pwbimu_ros2_driver/ros2_ws/install/imu_tools/share/imu_tools/hook/cmake_prefix_path.sh'
[1.580s] colcon.colcon_core.environment Level 1 checking '/Users/yosuke/gits/cxd5602pwbimu_ros2_driver/ros2_ws/install/imu_tools/lib'
[1.580s] colcon.colcon_core.environment Level 1 checking '/Users/yosuke/gits/cxd5602pwbimu_ros2_driver/ros2_ws/install/imu_tools/bin'
[1.580s] colcon.colcon_core.environment Level 1 checking '/Users/yosuke/gits/cxd5602pwbimu_ros2_driver/ros2_ws/install/imu_tools/lib/pkgconfig/imu_tools.pc'
[1.580s] colcon.colcon_core.environment Level 1 checking '/Users/yosuke/gits/cxd5602pwbimu_ros2_driver/ros2_ws/install/imu_tools/lib/python3.11/site-packages'
[1.581s] colcon.colcon_core.environment Level 1 checking '/Users/yosuke/gits/cxd5602pwbimu_ros2_driver/ros2_ws/install/imu_tools/bin'
[1.581s] colcon.colcon_core.shell INFO Creating package script '/Users/yosuke/gits/cxd5602pwbimu_ros2_driver/ros2_ws/install/imu_tools/share/imu_tools/package.ps1'
[1.583s] colcon.colcon_core.shell INFO Creating package descriptor '/Users/yosuke/gits/cxd5602pwbimu_ros2_driver/ros2_ws/install/imu_tools/share/imu_tools/package.dsv'
[1.583s] colcon.colcon_core.shell INFO Creating package script '/Users/yosuke/gits/cxd5602pwbimu_ros2_driver/ros2_ws/install/imu_tools/share/imu_tools/package.sh'
[1.584s] colcon.colcon_core.shell INFO Creating package script '/Users/yosuke/gits/cxd5602pwbimu_ros2_driver/ros2_ws/install/imu_tools/share/imu_tools/package.bash'
[1.586s] colcon.colcon_core.shell INFO Creating package script '/Users/yosuke/gits/cxd5602pwbimu_ros2_driver/ros2_ws/install/imu_tools/share/imu_tools/package.zsh'
[1.586s] colcon.colcon_core.environment Level 1 create_file_with_runtime_dependencies(/Users/yosuke/gits/cxd5602pwbimu_ros2_driver/ros2_ws/install/imu_tools/share/colcon-core/packages/imu_tools)
[5.141s] colcon.colcon_core.event_handler.log_command DEBUG Invoked command in '/Users/yosuke/gits/cxd5602pwbimu_ros2_driver/ros2_ws/build/h6x_serial_interface_example' returned '0': AMENT_PREFIX_PATH=/Users/yosuke/gits/cxd5602pwbimu_ros2_driver/ros2_ws/install/h6x_serial_interface:${AMENT_PREFIX_PATH} CMAKE_PREFIX_PATH=/Users/yosuke/gits/cxd5602pwbimu_ros2_driver/ros2_ws/install/h6x_serial_interface:/opt/homebrew/opt/qt@5:/Users/yosuke/miniforge3/envs/ros_env CONDA_PROMPT_MODIFIER=(ros_env) DYLD_LIBRARY_PATH=/Users/yosuke/gits/cxd5602pwbimu_ros2_driver/ros2_ws/install/h6x_serial_interface/lib:${DYLD_LIBRARY_PATH} SHLVL=3 _=/Users/yosuke/miniforge3/envs/ros_env/bin/env /Users/yosuke/miniforge3/envs/ros_env/bin/cmake /Users/yosuke/gits/cxd5602pwbimu_ros2_driver/ros2_ws/src/h6x_serial_interface/h6x_serial_interface_example -DCMAKE_PREFIX_PATH=/usr/local -DCMAKE_CXX_FLAGS=-I/usr/local/include -DCMAKE_EXE_LINKER_FLAGS=-L/usr/local/lib -DCMAKE_INSTALL_PREFIX=/Users/yosuke/gits/cxd5602pwbimu_ros2_driver/ros2_ws/install/h6x_serial_interface_example
[5.142s] colcon.colcon_core.event_handler.log_command DEBUG Invoking command in '/Users/yosuke/gits/cxd5602pwbimu_ros2_driver/ros2_ws/build/h6x_serial_interface_example': AMENT_PREFIX_PATH=/Users/yosuke/gits/cxd5602pwbimu_ros2_driver/ros2_ws/install/h6x_serial_interface:${AMENT_PREFIX_PATH} CMAKE_PREFIX_PATH=/Users/yosuke/gits/cxd5602pwbimu_ros2_driver/ros2_ws/install/h6x_serial_interface:/opt/homebrew/opt/qt@5:/Users/yosuke/miniforge3/envs/ros_env CONDA_PROMPT_MODIFIER=(ros_env) DYLD_LIBRARY_PATH=/Users/yosuke/gits/cxd5602pwbimu_ros2_driver/ros2_ws/install/h6x_serial_interface/lib:${DYLD_LIBRARY_PATH} SHLVL=3 _=/Users/yosuke/miniforge3/envs/ros_env/bin/env /Users/yosuke/miniforge3/envs/ros_env/bin/cmake --build /Users/yosuke/gits/cxd5602pwbimu_ros2_driver/ros2_ws/build/h6x_serial_interface_example -- -j10 -l10
[5.145s] colcon.colcon_core.event_handler.log_command DEBUG Invoked command in '/Users/yosuke/gits/cxd5602pwbimu_ros2_driver/ros2_ws/build/cxd5602pwbimu_driver_node' returned '0': AMENT_PREFIX_PATH=/Users/yosuke/gits/cxd5602pwbimu_ros2_driver/ros2_ws/install/h6x_serial_interface:${AMENT_PREFIX_PATH} CMAKE_PREFIX_PATH=/Users/yosuke/gits/cxd5602pwbimu_ros2_driver/ros2_ws/install/h6x_serial_interface:/opt/homebrew/opt/qt@5:/Users/yosuke/miniforge3/envs/ros_env CONDA_PROMPT_MODIFIER=(ros_env) DYLD_LIBRARY_PATH=/Users/yosuke/gits/cxd5602pwbimu_ros2_driver/ros2_ws/install/h6x_serial_interface/lib:${DYLD_LIBRARY_PATH} SHLVL=3 _=/Users/yosuke/miniforge3/envs/ros_env/bin/env /Users/yosuke/miniforge3/envs/ros_env/bin/cmake /Users/yosuke/gits/cxd5602pwbimu_ros2_driver/ros2_ws/src/cxd5602pwbimu_driver_node -DCMAKE_PREFIX_PATH=/usr/local -DCMAKE_CXX_FLAGS=-I/usr/local/include -DCMAKE_EXE_LINKER_FLAGS=-L/usr/local/lib -DCMAKE_INSTALL_PREFIX=/Users/yosuke/gits/cxd5602pwbimu_ros2_driver/ros2_ws/install/cxd5602pwbimu_driver_node
[5.146s] colcon.colcon_core.event_handler.log_command DEBUG Invoking command in '/Users/yosuke/gits/cxd5602pwbimu_ros2_driver/ros2_ws/build/cxd5602pwbimu_driver_node': AMENT_PREFIX_PATH=/Users/yosuke/gits/cxd5602pwbimu_ros2_driver/ros2_ws/install/h6x_serial_interface:${AMENT_PREFIX_PATH} CMAKE_PREFIX_PATH=/Users/yosuke/gits/cxd5602pwbimu_ros2_driver/ros2_ws/install/h6x_serial_interface:/opt/homebrew/opt/qt@5:/Users/yosuke/miniforge3/envs/ros_env CONDA_PROMPT_MODIFIER=(ros_env) DYLD_LIBRARY_PATH=/Users/yosuke/gits/cxd5602pwbimu_ros2_driver/ros2_ws/install/h6x_serial_interface/lib:${DYLD_LIBRARY_PATH} SHLVL=3 _=/Users/yosuke/miniforge3/envs/ros_env/bin/env /Users/yosuke/miniforge3/envs/ros_env/bin/cmake --build /Users/yosuke/gits/cxd5602pwbimu_ros2_driver/ros2_ws/build/cxd5602pwbimu_driver_node -- -j10 -l10
[7.946s] colcon.colcon_core.event_handler.log_command DEBUG Invoked command in '/Users/yosuke/gits/cxd5602pwbimu_ros2_driver/ros2_ws/build/cxd5602pwbimu_driver_node' returned '0': AMENT_PREFIX_PATH=/Users/yosuke/gits/cxd5602pwbimu_ros2_driver/ros2_ws/install/h6x_serial_interface:${AMENT_PREFIX_PATH} CMAKE_PREFIX_PATH=/Users/yosuke/gits/cxd5602pwbimu_ros2_driver/ros2_ws/install/h6x_serial_interface:/opt/homebrew/opt/qt@5:/Users/yosuke/miniforge3/envs/ros_env CONDA_PROMPT_MODIFIER=(ros_env) DYLD_LIBRARY_PATH=/Users/yosuke/gits/cxd5602pwbimu_ros2_driver/ros2_ws/install/h6x_serial_interface/lib:${DYLD_LIBRARY_PATH} SHLVL=3 _=/Users/yosuke/miniforge3/envs/ros_env/bin/env /Users/yosuke/miniforge3/envs/ros_env/bin/cmake --build /Users/yosuke/gits/cxd5602pwbimu_ros2_driver/ros2_ws/build/cxd5602pwbimu_driver_node -- -j10 -l10
[8.108s] colcon.colcon_core.event_handler.log_command DEBUG Invoking command in '/Users/yosuke/gits/cxd5602pwbimu_ros2_driver/ros2_ws/build/cxd5602pwbimu_driver_node': AMENT_PREFIX_PATH=/Users/yosuke/gits/cxd5602pwbimu_ros2_driver/ros2_ws/install/h6x_serial_interface:${AMENT_PREFIX_PATH} CMAKE_PREFIX_PATH=/Users/yosuke/gits/cxd5602pwbimu_ros2_driver/ros2_ws/install/h6x_serial_interface:/opt/homebrew/opt/qt@5:/Users/yosuke/miniforge3/envs/ros_env CONDA_PROMPT_MODIFIER=(ros_env) DYLD_LIBRARY_PATH=/Users/yosuke/gits/cxd5602pwbimu_ros2_driver/ros2_ws/install/h6x_serial_interface/lib:${DYLD_LIBRARY_PATH} SHLVL=3 _=/Users/yosuke/miniforge3/envs/ros_env/bin/env /Users/yosuke/miniforge3/envs/ros_env/bin/cmake --install /Users/yosuke/gits/cxd5602pwbimu_ros2_driver/ros2_ws/build/cxd5602pwbimu_driver_node
[8.163s] colcon.colcon_core.environment Level 1 create_environment_scripts_only(cxd5602pwbimu_driver_node)
[8.164s] colcon.colcon_core.environment Level 1 checking '/Users/yosuke/gits/cxd5602pwbimu_ros2_driver/ros2_ws/install/cxd5602pwbimu_driver_node' for CMake module files
[8.164s] colcon.colcon_core.event_handler.log_command DEBUG Invoked command in '/Users/yosuke/gits/cxd5602pwbimu_ros2_driver/ros2_ws/build/cxd5602pwbimu_driver_node' returned '0': AMENT_PREFIX_PATH=/Users/yosuke/gits/cxd5602pwbimu_ros2_driver/ros2_ws/install/h6x_serial_interface:${AMENT_PREFIX_PATH} CMAKE_PREFIX_PATH=/Users/yosuke/gits/cxd5602pwbimu_ros2_driver/ros2_ws/install/h6x_serial_interface:/opt/homebrew/opt/qt@5:/Users/yosuke/miniforge3/envs/ros_env CONDA_PROMPT_MODIFIER=(ros_env) DYLD_LIBRARY_PATH=/Users/yosuke/gits/cxd5602pwbimu_ros2_driver/ros2_ws/install/h6x_serial_interface/lib:${DYLD_LIBRARY_PATH} SHLVL=3 _=/Users/yosuke/miniforge3/envs/ros_env/bin/env /Users/yosuke/miniforge3/envs/ros_env/bin/cmake --install /Users/yosuke/gits/cxd5602pwbimu_ros2_driver/ros2_ws/build/cxd5602pwbimu_driver_node
[8.164s] colcon.colcon_core.environment Level 1 checking '/Users/yosuke/gits/cxd5602pwbimu_ros2_driver/ros2_ws/install/cxd5602pwbimu_driver_node' for CMake config files
[8.164s] colcon.colcon_core.shell Level 1 create_environment_hook('cxd5602pwbimu_driver_node', 'cmake_prefix_path')
[8.164s] colcon.colcon_core.shell INFO Creating environment hook '/Users/yosuke/gits/cxd5602pwbimu_ros2_driver/ros2_ws/install/cxd5602pwbimu_driver_node/share/cxd5602pwbimu_driver_node/hook/cmake_prefix_path.ps1'
[8.165s] colcon.colcon_core.shell INFO Creating environment descriptor '/Users/yosuke/gits/cxd5602pwbimu_ros2_driver/ros2_ws/install/cxd5602pwbimu_driver_node/share/cxd5602pwbimu_driver_node/hook/cmake_prefix_path.dsv'
[8.165s] colcon.colcon_core.shell INFO Creating environment hook '/Users/yosuke/gits/cxd5602pwbimu_ros2_driver/ros2_ws/install/cxd5602pwbimu_driver_node/share/cxd5602pwbimu_driver_node/hook/cmake_prefix_path.sh'
[8.165s] colcon.colcon_core.environment Level 1 checking '/Users/yosuke/gits/cxd5602pwbimu_ros2_driver/ros2_ws/install/cxd5602pwbimu_driver_node/lib'
[8.165s] colcon.colcon_core.shell Level 1 create_environment_hook('cxd5602pwbimu_driver_node', 'dyld_library_path')
[8.165s] colcon.colcon_core.shell INFO Creating environment hook '/Users/yosuke/gits/cxd5602pwbimu_ros2_driver/ros2_ws/install/cxd5602pwbimu_driver_node/share/cxd5602pwbimu_driver_node/hook/dyld_library_path.ps1'
[8.165s] colcon.colcon_core.shell INFO Creating environment descriptor '/Users/yosuke/gits/cxd5602pwbimu_ros2_driver/ros2_ws/install/cxd5602pwbimu_driver_node/share/cxd5602pwbimu_driver_node/hook/dyld_library_path.dsv'
[8.165s] colcon.colcon_core.shell INFO Creating environment hook '/Users/yosuke/gits/cxd5602pwbimu_ros2_driver/ros2_ws/install/cxd5602pwbimu_driver_node/share/cxd5602pwbimu_driver_node/hook/dyld_library_path.sh'
[8.166s] colcon.colcon_core.environment Level 1 checking '/Users/yosuke/gits/cxd5602pwbimu_ros2_driver/ros2_ws/install/cxd5602pwbimu_driver_node/bin'
[8.166s] colcon.colcon_core.environment Level 1 checking '/Users/yosuke/gits/cxd5602pwbimu_ros2_driver/ros2_ws/install/cxd5602pwbimu_driver_node/lib/pkgconfig/cxd5602pwbimu_driver_node.pc'
[8.166s] colcon.colcon_core.environment Level 1 checking '/Users/yosuke/gits/cxd5602pwbimu_ros2_driver/ros2_ws/install/cxd5602pwbimu_driver_node/lib/python3.11/site-packages'
[8.166s] colcon.colcon_core.environment Level 1 checking '/Users/yosuke/gits/cxd5602pwbimu_ros2_driver/ros2_ws/install/cxd5602pwbimu_driver_node/bin'
[8.166s] colcon.colcon_core.shell INFO Creating package script '/Users/yosuke/gits/cxd5602pwbimu_ros2_driver/ros2_ws/install/cxd5602pwbimu_driver_node/share/cxd5602pwbimu_driver_node/package.ps1'
[8.166s] colcon.colcon_core.shell INFO Creating package descriptor '/Users/yosuke/gits/cxd5602pwbimu_ros2_driver/ros2_ws/install/cxd5602pwbimu_driver_node/share/cxd5602pwbimu_driver_node/package.dsv'
[8.166s] colcon.colcon_core.shell INFO Creating package script '/Users/yosuke/gits/cxd5602pwbimu_ros2_driver/ros2_ws/install/cxd5602pwbimu_driver_node/share/cxd5602pwbimu_driver_node/package.sh'
[8.166s] colcon.colcon_core.shell INFO Creating package script '/Users/yosuke/gits/cxd5602pwbimu_ros2_driver/ros2_ws/install/cxd5602pwbimu_driver_node/share/cxd5602pwbimu_driver_node/package.bash'
[8.167s] colcon.colcon_core.shell INFO Creating package script '/Users/yosuke/gits/cxd5602pwbimu_ros2_driver/ros2_ws/install/cxd5602pwbimu_driver_node/share/cxd5602pwbimu_driver_node/package.zsh'
[8.167s] colcon.colcon_core.environment Level 1 create_file_with_runtime_dependencies(/Users/yosuke/gits/cxd5602pwbimu_ros2_driver/ros2_ws/install/cxd5602pwbimu_driver_node/share/colcon-core/packages/cxd5602pwbimu_driver_node)
[8.334s] colcon.colcon_core.environment Level 1 create_environment_scripts_only(cxd5602pwbimu_driver_node)
[8.334s] colcon.colcon_core.environment Level 1 checking '/Users/yosuke/gits/cxd5602pwbimu_ros2_driver/ros2_ws/install/cxd5602pwbimu_driver_node' for CMake module files
[8.335s] colcon.colcon_core.environment Level 1 checking '/Users/yosuke/gits/cxd5602pwbimu_ros2_driver/ros2_ws/install/cxd5602pwbimu_driver_node' for CMake config files
[8.335s] colcon.colcon_core.shell Level 1 create_environment_hook('cxd5602pwbimu_driver_node', 'cmake_prefix_path')
[8.335s] colcon.colcon_core.shell INFO Creating environment hook '/Users/yosuke/gits/cxd5602pwbimu_ros2_driver/ros2_ws/install/cxd5602pwbimu_driver_node/share/cxd5602pwbimu_driver_node/hook/cmake_prefix_path.ps1'
[8.336s] colcon.colcon_core.shell INFO Creating environment descriptor '/Users/yosuke/gits/cxd5602pwbimu_ros2_driver/ros2_ws/install/cxd5602pwbimu_driver_node/share/cxd5602pwbimu_driver_node/hook/cmake_prefix_path.dsv'
[8.337s] colcon.colcon_core.shell INFO Creating environment hook '/Users/yosuke/gits/cxd5602pwbimu_ros2_driver/ros2_ws/install/cxd5602pwbimu_driver_node/share/cxd5602pwbimu_driver_node/hook/cmake_prefix_path.sh'
[8.337s] colcon.colcon_core.environment Level 1 checking '/Users/yosuke/gits/cxd5602pwbimu_ros2_driver/ros2_ws/install/cxd5602pwbimu_driver_node/lib'
[8.338s] colcon.colcon_core.shell Level 1 create_environment_hook('cxd5602pwbimu_driver_node', 'dyld_library_path')
[8.338s] colcon.colcon_core.shell INFO Creating environment hook '/Users/yosuke/gits/cxd5602pwbimu_ros2_driver/ros2_ws/install/cxd5602pwbimu_driver_node/share/cxd5602pwbimu_driver_node/hook/dyld_library_path.ps1'
[8.340s] colcon.colcon_core.shell INFO Creating environment descriptor '/Users/yosuke/gits/cxd5602pwbimu_ros2_driver/ros2_ws/install/cxd5602pwbimu_driver_node/share/cxd5602pwbimu_driver_node/hook/dyld_library_path.dsv'
[8.341s] colcon.colcon_core.shell INFO Creating environment hook '/Users/yosuke/gits/cxd5602pwbimu_ros2_driver/ros2_ws/install/cxd5602pwbimu_driver_node/share/cxd5602pwbimu_driver_node/hook/dyld_library_path.sh'
[8.342s] colcon.colcon_core.environment Level 1 checking '/Users/yosuke/gits/cxd5602pwbimu_ros2_driver/ros2_ws/install/cxd5602pwbimu_driver_node/bin'
[8.342s] colcon.colcon_core.environment Level 1 checking '/Users/yosuke/gits/cxd5602pwbimu_ros2_driver/ros2_ws/install/cxd5602pwbimu_driver_node/lib/pkgconfig/cxd5602pwbimu_driver_node.pc'
[8.342s] colcon.colcon_core.environment Level 1 checking '/Users/yosuke/gits/cxd5602pwbimu_ros2_driver/ros2_ws/install/cxd5602pwbimu_driver_node/lib/python3.11/site-packages'
[8.343s] colcon.colcon_core.environment Level 1 checking '/Users/yosuke/gits/cxd5602pwbimu_ros2_driver/ros2_ws/install/cxd5602pwbimu_driver_node/bin'
[8.343s] colcon.colcon_core.shell INFO Creating package script '/Users/yosuke/gits/cxd5602pwbimu_ros2_driver/ros2_ws/install/cxd5602pwbimu_driver_node/share/cxd5602pwbimu_driver_node/package.ps1'
[8.345s] colcon.colcon_core.shell INFO Creating package descriptor '/Users/yosuke/gits/cxd5602pwbimu_ros2_driver/ros2_ws/install/cxd5602pwbimu_driver_node/share/cxd5602pwbimu_driver_node/package.dsv'
[8.346s] colcon.colcon_core.shell INFO Creating package script '/Users/yosuke/gits/cxd5602pwbimu_ros2_driver/ros2_ws/install/cxd5602pwbimu_driver_node/share/cxd5602pwbimu_driver_node/package.sh'
[8.348s] colcon.colcon_core.shell INFO Creating package script '/Users/yosuke/gits/cxd5602pwbimu_ros2_driver/ros2_ws/install/cxd5602pwbimu_driver_node/share/cxd5602pwbimu_driver_node/package.bash'
[8.349s] colcon.colcon_core.shell INFO Creating package script '/Users/yosuke/gits/cxd5602pwbimu_ros2_driver/ros2_ws/install/cxd5602pwbimu_driver_node/share/cxd5602pwbimu_driver_node/package.zsh'
[8.351s] colcon.colcon_core.environment Level 1 create_file_with_runtime_dependencies(/Users/yosuke/gits/cxd5602pwbimu_ros2_driver/ros2_ws/install/cxd5602pwbimu_driver_node/share/colcon-core/packages/cxd5602pwbimu_driver_node)
[8.353s] colcon.colcon_ros.task.ament_python.build INFO Building ROS package in '/Users/yosuke/gits/cxd5602pwbimu_ros2_driver/ros2_ws/src/cxd5602pwbimu_driver_bringup' with build type 'ament_python'
[8.353s] colcon.colcon_core.shell Level 1 create_environment_hook('cxd5602pwbimu_driver_bringup', 'ament_prefix_path')
[8.353s] colcon.colcon_core.shell INFO Creating environment hook '/Users/yosuke/gits/cxd5602pwbimu_ros2_driver/ros2_ws/install/cxd5602pwbimu_driver_bringup/share/cxd5602pwbimu_driver_bringup/hook/ament_prefix_path.ps1'
[8.354s] colcon.colcon_core.shell INFO Creating environment descriptor '/Users/yosuke/gits/cxd5602pwbimu_ros2_driver/ros2_ws/install/cxd5602pwbimu_driver_bringup/share/cxd5602pwbimu_driver_bringup/hook/ament_prefix_path.dsv'
[8.355s] colcon.colcon_core.shell INFO Creating environment hook '/Users/yosuke/gits/cxd5602pwbimu_ros2_driver/ros2_ws/install/cxd5602pwbimu_driver_bringup/share/cxd5602pwbimu_driver_bringup/hook/ament_prefix_path.sh'
[8.355s] colcon.colcon_core.shell INFO Skip shell extension 'powershell' for command environment: Not usable outside of PowerShell
[8.355s] colcon.colcon_core.shell DEBUG Skip shell extension 'dsv' for command environment
[8.484s] colcon.colcon_core.task.python.build INFO Building Python package in '/Users/yosuke/gits/cxd5602pwbimu_ros2_driver/ros2_ws/src/cxd5602pwbimu_driver_bringup'
[8.484s] colcon.colcon_core.shell INFO Skip shell extension 'powershell' for command environment: Not usable outside of PowerShell
[8.484s] colcon.colcon_core.shell DEBUG Skip shell extension 'dsv' for command environment
[8.689s] colcon.colcon_core.event_handler.log_command DEBUG Invoking command in '/Users/yosuke/gits/cxd5602pwbimu_ros2_driver/ros2_ws/src/cxd5602pwbimu_driver_bringup': AMENT_PREFIX_PATH=/Users/yosuke/gits/cxd5602pwbimu_ros2_driver/ros2_ws/install/cxd5602pwbimu_driver_node:/Users/yosuke/gits/cxd5602pwbimu_ros2_driver/ros2_ws/install/imu_filter_madgwick:/Users/yosuke/gits/cxd5602pwbimu_ros2_driver/ros2_ws/install/h6x_serial_interface:${AMENT_PREFIX_PATH} CMAKE_PREFIX_PATH=/Users/yosuke/gits/cxd5602pwbimu_ros2_driver/ros2_ws/install/cxd5602pwbimu_driver_node:/Users/yosuke/gits/cxd5602pwbimu_ros2_driver/ros2_ws/install/imu_filter_madgwick:/Users/yosuke/gits/cxd5602pwbimu_ros2_driver/ros2_ws/install/h6x_serial_interface${CMAKE_PREFIX_PATH} CONDA_PROMPT_MODIFIER=(ros_env) DYLD_LIBRARY_PATH=/Users/yosuke/gits/cxd5602pwbimu_ros2_driver/ros2_ws/install/cxd5602pwbimu_driver_node/lib:/Users/yosuke/gits/cxd5602pwbimu_ros2_driver/ros2_ws/install/imu_filter_madgwick/lib:/Users/yosuke/gits/cxd5602pwbimu_ros2_driver/ros2_ws/install/h6x_serial_interface/lib:${DYLD_LIBRARY_PATH} PYTHONPATH=/Users/yosuke/gits/cxd5602pwbimu_ros2_driver/ros2_ws/build/cxd5602pwbimu_driver_bringup/prefix_override:/Users/yosuke/miniforge3/envs/ros_env/lib/python3.11/site-packages/colcon_core/task/python/colcon_distutils_commands:/Users/yosuke/gits/cxd5602pwbimu_ros2_driver/ros2_ws/install/cxd5602pwbimu_driver_bringup/lib/python3.11/site-packages:${PYTHONPATH} SHLVL=3 _=/Users/yosuke/miniforge3/envs/ros_env/bin/env /Users/yosuke/miniforge3/envs/ros_env/bin/python3.11 -W ignore:setup.py install is deprecated -W ignore:easy_install command is deprecated setup.py egg_info --egg-base ../../build/cxd5602pwbimu_driver_bringup build --build-base /Users/yosuke/gits/cxd5602pwbimu_ros2_driver/ros2_ws/build/cxd5602pwbimu_driver_bringup/build install --record /Users/yosuke/gits/cxd5602pwbimu_ros2_driver/ros2_ws/build/cxd5602pwbimu_driver_bringup/install.log --single-version-externally-managed install_data
[8.882s] colcon.colcon_core.environment Level 1 checking '/Users/yosuke/gits/cxd5602pwbimu_ros2_driver/ros2_ws/install/cxd5602pwbimu_driver_bringup' for CMake module files
[8.883s] colcon.colcon_core.event_handler.log_command DEBUG Invoked command in '/Users/yosuke/gits/cxd5602pwbimu_ros2_driver/ros2_ws/src/cxd5602pwbimu_driver_bringup' returned '0': AMENT_PREFIX_PATH=/Users/yosuke/gits/cxd5602pwbimu_ros2_driver/ros2_ws/install/cxd5602pwbimu_driver_node:/Users/yosuke/gits/cxd5602pwbimu_ros2_driver/ros2_ws/install/imu_filter_madgwick:/Users/yosuke/gits/cxd5602pwbimu_ros2_driver/ros2_ws/install/h6x_serial_interface:${AMENT_PREFIX_PATH} CMAKE_PREFIX_PATH=/Users/yosuke/gits/cxd5602pwbimu_ros2_driver/ros2_ws/install/cxd5602pwbimu_driver_node:/Users/yosuke/gits/cxd5602pwbimu_ros2_driver/ros2_ws/install/imu_filter_madgwick:/Users/yosuke/gits/cxd5602pwbimu_ros2_driver/ros2_ws/install/h6x_serial_interface${CMAKE_PREFIX_PATH} CONDA_PROMPT_MODIFIER=(ros_env) DYLD_LIBRARY_PATH=/Users/yosuke/gits/cxd5602pwbimu_ros2_driver/ros2_ws/install/cxd5602pwbimu_driver_node/lib:/Users/yosuke/gits/cxd5602pwbimu_ros2_driver/ros2_ws/install/imu_filter_madgwick/lib:/Users/yosuke/gits/cxd5602pwbimu_ros2_driver/ros2_ws/install/h6x_serial_interface/lib:${DYLD_LIBRARY_PATH} PYTHONPATH=/Users/yosuke/gits/cxd5602pwbimu_ros2_driver/ros2_ws/build/cxd5602pwbimu_driver_bringup/prefix_override:/Users/yosuke/miniforge3/envs/ros_env/lib/python3.11/site-packages/colcon_core/task/python/colcon_distutils_commands:/Users/yosuke/gits/cxd5602pwbimu_ros2_driver/ros2_ws/install/cxd5602pwbimu_driver_bringup/lib/python3.11/site-packages:${PYTHONPATH} SHLVL=3 _=/Users/yosuke/miniforge3/envs/ros_env/bin/env /Users/yosuke/miniforge3/envs/ros_env/bin/python3.11 -W ignore:setup.py install is deprecated -W ignore:easy_install command is deprecated setup.py egg_info --egg-base ../../build/cxd5602pwbimu_driver_bringup build --build-base /Users/yosuke/gits/cxd5602pwbimu_ros2_driver/ros2_ws/build/cxd5602pwbimu_driver_bringup/build install --record /Users/yosuke/gits/cxd5602pwbimu_ros2_driver/ros2_ws/build/cxd5602pwbimu_driver_bringup/install.log --single-version-externally-managed install_data
[8.883s] colcon.colcon_core.environment Level 1 checking '/Users/yosuke/gits/cxd5602pwbimu_ros2_driver/ros2_ws/install/cxd5602pwbimu_driver_bringup' for CMake config files
[8.883s] colcon.colcon_core.environment Level 1 checking '/Users/yosuke/gits/cxd5602pwbimu_ros2_driver/ros2_ws/install/cxd5602pwbimu_driver_bringup/lib'
[8.883s] colcon.colcon_core.environment Level 1 checking '/Users/yosuke/gits/cxd5602pwbimu_ros2_driver/ros2_ws/install/cxd5602pwbimu_driver_bringup/bin'
[8.883s] colcon.colcon_core.environment Level 1 checking '/Users/yosuke/gits/cxd5602pwbimu_ros2_driver/ros2_ws/install/cxd5602pwbimu_driver_bringup/lib/pkgconfig/cxd5602pwbimu_driver_bringup.pc'
[8.883s] colcon.colcon_core.environment Level 1 checking '/Users/yosuke/gits/cxd5602pwbimu_ros2_driver/ros2_ws/install/cxd5602pwbimu_driver_bringup/lib/python3.11/site-packages'
[8.883s] colcon.colcon_core.shell Level 1 create_environment_hook('cxd5602pwbimu_driver_bringup', 'pythonpath')
[8.883s] colcon.colcon_core.shell INFO Creating environment hook '/Users/yosuke/gits/cxd5602pwbimu_ros2_driver/ros2_ws/install/cxd5602pwbimu_driver_bringup/share/cxd5602pwbimu_driver_bringup/hook/pythonpath.ps1'
[8.884s] colcon.colcon_core.shell INFO Creating environment descriptor '/Users/yosuke/gits/cxd5602pwbimu_ros2_driver/ros2_ws/install/cxd5602pwbimu_driver_bringup/share/cxd5602pwbimu_driver_bringup/hook/pythonpath.dsv'
[8.884s] colcon.colcon_core.shell INFO Creating environment hook '/Users/yosuke/gits/cxd5602pwbimu_ros2_driver/ros2_ws/install/cxd5602pwbimu_driver_bringup/share/cxd5602pwbimu_driver_bringup/hook/pythonpath.sh'
[8.884s] colcon.colcon_core.environment Level 1 checking '/Users/yosuke/gits/cxd5602pwbimu_ros2_driver/ros2_ws/install/cxd5602pwbimu_driver_bringup/bin'
[8.884s] colcon.colcon_core.environment Level 1 create_environment_scripts_only(cxd5602pwbimu_driver_bringup)
[8.884s] colcon.colcon_core.shell INFO Creating package script '/Users/yosuke/gits/cxd5602pwbimu_ros2_driver/ros2_ws/install/cxd5602pwbimu_driver_bringup/share/cxd5602pwbimu_driver_bringup/package.ps1'
[8.884s] colcon.colcon_core.shell INFO Creating package descriptor '/Users/yosuke/gits/cxd5602pwbimu_ros2_driver/ros2_ws/install/cxd5602pwbimu_driver_bringup/share/cxd5602pwbimu_driver_bringup/package.dsv'
[8.885s] colcon.colcon_core.shell INFO Creating package script '/Users/yosuke/gits/cxd5602pwbimu_ros2_driver/ros2_ws/install/cxd5602pwbimu_driver_bringup/share/cxd5602pwbimu_driver_bringup/package.sh'
[8.885s] colcon.colcon_core.shell INFO Creating package script '/Users/yosuke/gits/cxd5602pwbimu_ros2_driver/ros2_ws/install/cxd5602pwbimu_driver_bringup/share/cxd5602pwbimu_driver_bringup/package.bash'
[8.885s] colcon.colcon_core.shell INFO Creating package script '/Users/yosuke/gits/cxd5602pwbimu_ros2_driver/ros2_ws/install/cxd5602pwbimu_driver_bringup/share/cxd5602pwbimu_driver_bringup/package.zsh'
[8.885s] colcon.colcon_core.environment Level 1 create_file_with_runtime_dependencies(/Users/yosuke/gits/cxd5602pwbimu_ros2_driver/ros2_ws/install/cxd5602pwbimu_driver_bringup/share/colcon-core/packages/cxd5602pwbimu_driver_bringup)
[8.885s] colcon.colcon_ros.task.ament_cmake.build INFO Building ROS package in '/Users/yosuke/gits/cxd5602pwbimu_ros2_driver/ros2_ws/src/cxd5602pwbimu_driver' with build type 'ament_cmake'
[8.885s] colcon.colcon_cmake.task.cmake.build INFO Building CMake package in '/Users/yosuke/gits/cxd5602pwbimu_ros2_driver/ros2_ws/src/cxd5602pwbimu_driver'
[8.885s] colcon.colcon_core.shell INFO Skip shell extension 'powershell' for command environment: Not usable outside of PowerShell
[8.885s] colcon.colcon_core.shell DEBUG Skip shell extension 'dsv' for command environment
[8.907s] colcon.colcon_core.event_handler.log_command DEBUG Invoking command in '/Users/yosuke/gits/cxd5602pwbimu_ros2_driver/ros2_ws/build/cxd5602pwbimu_driver': AMENT_PREFIX_PATH=/Users/yosuke/gits/cxd5602pwbimu_ros2_driver/ros2_ws/install/cxd5602pwbimu_driver_bringup:/Users/yosuke/gits/cxd5602pwbimu_ros2_driver/ros2_ws/install/cxd5602pwbimu_driver_node:/Users/yosuke/gits/cxd5602pwbimu_ros2_driver/ros2_ws/install/imu_filter_madgwick:/Users/yosuke/gits/cxd5602pwbimu_ros2_driver/ros2_ws/install/h6x_serial_interface:${AMENT_PREFIX_PATH} CMAKE_PREFIX_PATH=/Users/yosuke/gits/cxd5602pwbimu_ros2_driver/ros2_ws/install/cxd5602pwbimu_driver_node:/Users/yosuke/gits/cxd5602pwbimu_ros2_driver/ros2_ws/install/imu_filter_madgwick:/Users/yosuke/gits/cxd5602pwbimu_ros2_driver/ros2_ws/install/h6x_serial_interface:/opt/homebrew/opt/qt@5:/Users/yosuke/miniforge3/envs/ros_env CONDA_PROMPT_MODIFIER=(ros_env) DYLD_LIBRARY_PATH=/Users/yosuke/gits/cxd5602pwbimu_ros2_driver/ros2_ws/install/cxd5602pwbimu_driver_node/lib:/Users/yosuke/gits/cxd5602pwbimu_ros2_driver/ros2_ws/install/imu_filter_madgwick/lib:/Users/yosuke/gits/cxd5602pwbimu_ros2_driver/ros2_ws/install/h6x_serial_interface/lib:${DYLD_LIBRARY_PATH} PYTHONPATH=/Users/yosuke/gits/cxd5602pwbimu_ros2_driver/ros2_ws/install/cxd5602pwbimu_driver_bringup/lib/python3.11/site-packages:${PYTHONPATH} SHLVL=3 _=/Users/yosuke/miniforge3/envs/ros_env/bin/env /Users/yosuke/miniforge3/envs/ros_env/bin/cmake /Users/yosuke/gits/cxd5602pwbimu_ros2_driver/ros2_ws/src/cxd5602pwbimu_driver -DCMAKE_PREFIX_PATH=/usr/local -DCMAKE_CXX_FLAGS=-I/usr/local/include -DCMAKE_EXE_LINKER_FLAGS=-L/usr/local/lib -DCMAKE_INSTALL_PREFIX=/Users/yosuke/gits/cxd5602pwbimu_ros2_driver/ros2_ws/install/cxd5602pwbimu_driver
[10.008s] colcon.colcon_core.event_handler.log_command DEBUG Invoked command in '/Users/yosuke/gits/cxd5602pwbimu_ros2_driver/ros2_ws/build/cxd5602pwbimu_driver' returned '0': AMENT_PREFIX_PATH=/Users/yosuke/gits/cxd5602pwbimu_ros2_driver/ros2_ws/install/cxd5602pwbimu_driver_bringup:/Users/yosuke/gits/cxd5602pwbimu_ros2_driver/ros2_ws/install/cxd5602pwbimu_driver_node:/Users/yosuke/gits/cxd5602pwbimu_ros2_driver/ros2_ws/install/imu_filter_madgwick:/Users/yosuke/gits/cxd5602pwbimu_ros2_driver/ros2_ws/install/h6x_serial_interface:${AMENT_PREFIX_PATH} CMAKE_PREFIX_PATH=/Users/yosuke/gits/cxd5602pwbimu_ros2_driver/ros2_ws/install/cxd5602pwbimu_driver_node:/Users/yosuke/gits/cxd5602pwbimu_ros2_driver/ros2_ws/install/imu_filter_madgwick:/Users/yosuke/gits/cxd5602pwbimu_ros2_driver/ros2_ws/install/h6x_serial_interface:/opt/homebrew/opt/qt@5:/Users/yosuke/miniforge3/envs/ros_env CONDA_PROMPT_MODIFIER=(ros_env) DYLD_LIBRARY_PATH=/Users/yosuke/gits/cxd5602pwbimu_ros2_driver/ros2_ws/install/cxd5602pwbimu_driver_node/lib:/Users/yosuke/gits/cxd5602pwbimu_ros2_driver/ros2_ws/install/imu_filter_madgwick/lib:/Users/yosuke/gits/cxd5602pwbimu_ros2_driver/ros2_ws/install/h6x_serial_interface/lib:${DYLD_LIBRARY_PATH} PYTHONPATH=/Users/yosuke/gits/cxd5602pwbimu_ros2_driver/ros2_ws/install/cxd5602pwbimu_driver_bringup/lib/python3.11/site-packages:${PYTHONPATH} SHLVL=3 _=/Users/yosuke/miniforge3/envs/ros_env/bin/env /Users/yosuke/miniforge3/envs/ros_env/bin/cmake /Users/yosuke/gits/cxd5602pwbimu_ros2_driver/ros2_ws/src/cxd5602pwbimu_driver -DCMAKE_PREFIX_PATH=/usr/local -DCMAKE_CXX_FLAGS=-I/usr/local/include -DCMAKE_EXE_LINKER_FLAGS=-L/usr/local/lib -DCMAKE_INSTALL_PREFIX=/Users/yosuke/gits/cxd5602pwbimu_ros2_driver/ros2_ws/install/cxd5602pwbimu_driver
[10.010s] colcon.colcon_core.event_handler.log_command DEBUG Invoking command in '/Users/yosuke/gits/cxd5602pwbimu_ros2_driver/ros2_ws/build/cxd5602pwbimu_driver': AMENT_PREFIX_PATH=/Users/yosuke/gits/cxd5602pwbimu_ros2_driver/ros2_ws/install/cxd5602pwbimu_driver_bringup:/Users/yosuke/gits/cxd5602pwbimu_ros2_driver/ros2_ws/install/cxd5602pwbimu_driver_node:/Users/yosuke/gits/cxd5602pwbimu_ros2_driver/ros2_ws/install/imu_filter_madgwick:/Users/yosuke/gits/cxd5602pwbimu_ros2_driver/ros2_ws/install/h6x_serial_interface:${AMENT_PREFIX_PATH} CMAKE_PREFIX_PATH=/Users/yosuke/gits/cxd5602pwbimu_ros2_driver/ros2_ws/install/cxd5602pwbimu_driver_node:/Users/yosuke/gits/cxd5602pwbimu_ros2_driver/ros2_ws/install/imu_filter_madgwick:/Users/yosuke/gits/cxd5602pwbimu_ros2_driver/ros2_ws/install/h6x_serial_interface:/opt/homebrew/opt/qt@5:/Users/yosuke/miniforge3/envs/ros_env CONDA_PROMPT_MODIFIER=(ros_env) DYLD_LIBRARY_PATH=/Users/yosuke/gits/cxd5602pwbimu_ros2_driver/ros2_ws/install/cxd5602pwbimu_driver_node/lib:/Users/yosuke/gits/cxd5602pwbimu_ros2_driver/ros2_ws/install/imu_filter_madgwick/lib:/Users/yosuke/gits/cxd5602pwbimu_ros2_driver/ros2_ws/install/h6x_serial_interface/lib:${DYLD_LIBRARY_PATH} PYTHONPATH=/Users/yosuke/gits/cxd5602pwbimu_ros2_driver/ros2_ws/install/cxd5602pwbimu_driver_bringup/lib/python3.11/site-packages:${PYTHONPATH} SHLVL=3 _=/Users/yosuke/miniforge3/envs/ros_env/bin/env /Users/yosuke/miniforge3/envs/ros_env/bin/cmake --build /Users/yosuke/gits/cxd5602pwbimu_ros2_driver/ros2_ws/build/cxd5602pwbimu_driver -- -j10 -l10
[10.069s] colcon.colcon_core.event_handler.log_command DEBUG Invoked command in '/Users/yosuke/gits/cxd5602pwbimu_ros2_driver/ros2_ws/build/cxd5602pwbimu_driver' returned '0': AMENT_PREFIX_PATH=/Users/yosuke/gits/cxd5602pwbimu_ros2_driver/ros2_ws/install/cxd5602pwbimu_driver_bringup:/Users/yosuke/gits/cxd5602pwbimu_ros2_driver/ros2_ws/install/cxd5602pwbimu_driver_node:/Users/yosuke/gits/cxd5602pwbimu_ros2_driver/ros2_ws/install/imu_filter_madgwick:/Users/yosuke/gits/cxd5602pwbimu_ros2_driver/ros2_ws/install/h6x_serial_interface:${AMENT_PREFIX_PATH} CMAKE_PREFIX_PATH=/Users/yosuke/gits/cxd5602pwbimu_ros2_driver/ros2_ws/install/cxd5602pwbimu_driver_node:/Users/yosuke/gits/cxd5602pwbimu_ros2_driver/ros2_ws/install/imu_filter_madgwick:/Users/yosuke/gits/cxd5602pwbimu_ros2_driver/ros2_ws/install/h6x_serial_interface:/opt/homebrew/opt/qt@5:/Users/yosuke/miniforge3/envs/ros_env CONDA_PROMPT_MODIFIER=(ros_env) DYLD_LIBRARY_PATH=/Users/yosuke/gits/cxd5602pwbimu_ros2_driver/ros2_ws/install/cxd5602pwbimu_driver_node/lib:/Users/yosuke/gits/cxd5602pwbimu_ros2_driver/ros2_ws/install/imu_filter_madgwick/lib:/Users/yosuke/gits/cxd5602pwbimu_ros2_driver/ros2_ws/install/h6x_serial_interface/lib:${DYLD_LIBRARY_PATH} PYTHONPATH=/Users/yosuke/gits/cxd5602pwbimu_ros2_driver/ros2_ws/install/cxd5602pwbimu_driver_bringup/lib/python3.11/site-packages:${PYTHONPATH} SHLVL=3 _=/Users/yosuke/miniforge3/envs/ros_env/bin/env /Users/yosuke/miniforge3/envs/ros_env/bin/cmake --build /Users/yosuke/gits/cxd5602pwbimu_ros2_driver/ros2_ws/build/cxd5602pwbimu_driver -- -j10 -l10
[10.154s] colcon.colcon_core.event_handler.log_command DEBUG Invoking command in '/Users/yosuke/gits/cxd5602pwbimu_ros2_driver/ros2_ws/build/cxd5602pwbimu_driver': AMENT_PREFIX_PATH=/Users/yosuke/gits/cxd5602pwbimu_ros2_driver/ros2_ws/install/cxd5602pwbimu_driver_bringup:/Users/yosuke/gits/cxd5602pwbimu_ros2_driver/ros2_ws/install/cxd5602pwbimu_driver_node:/Users/yosuke/gits/cxd5602pwbimu_ros2_driver/ros2_ws/install/imu_filter_madgwick:/Users/yosuke/gits/cxd5602pwbimu_ros2_driver/ros2_ws/install/h6x_serial_interface:${AMENT_PREFIX_PATH} CMAKE_PREFIX_PATH=/Users/yosuke/gits/cxd5602pwbimu_ros2_driver/ros2_ws/install/cxd5602pwbimu_driver_node:/Users/yosuke/gits/cxd5602pwbimu_ros2_driver/ros2_ws/install/imu_filter_madgwick:/Users/yosuke/gits/cxd5602pwbimu_ros2_driver/ros2_ws/install/h6x_serial_interface:/opt/homebrew/opt/qt@5:/Users/yosuke/miniforge3/envs/ros_env CONDA_PROMPT_MODIFIER=(ros_env) DYLD_LIBRARY_PATH=/Users/yosuke/gits/cxd5602pwbimu_ros2_driver/ros2_ws/install/cxd5602pwbimu_driver_node/lib:/Users/yosuke/gits/cxd5602pwbimu_ros2_driver/ros2_ws/install/imu_filter_madgwick/lib:/Users/yosuke/gits/cxd5602pwbimu_ros2_driver/ros2_ws/install/h6x_serial_interface/lib:${DYLD_LIBRARY_PATH} PYTHONPATH=/Users/yosuke/gits/cxd5602pwbimu_ros2_driver/ros2_ws/install/cxd5602pwbimu_driver_bringup/lib/python3.11/site-packages:${PYTHONPATH} SHLVL=3 _=/Users/yosuke/miniforge3/envs/ros_env/bin/env /Users/yosuke/miniforge3/envs/ros_env/bin/cmake --install /Users/yosuke/gits/cxd5602pwbimu_ros2_driver/ros2_ws/build/cxd5602pwbimu_driver
[10.168s] colcon.colcon_core.environment Level 1 create_environment_scripts_only(cxd5602pwbimu_driver)
[10.168s] colcon.colcon_core.environment Level 1 checking '/Users/yosuke/gits/cxd5602pwbimu_ros2_driver/ros2_ws/install/cxd5602pwbimu_driver' for CMake module files
[10.168s] colcon.colcon_core.event_handler.log_command DEBUG Invoked command in '/Users/yosuke/gits/cxd5602pwbimu_ros2_driver/ros2_ws/build/cxd5602pwbimu_driver' returned '0': AMENT_PREFIX_PATH=/Users/yosuke/gits/cxd5602pwbimu_ros2_driver/ros2_ws/install/cxd5602pwbimu_driver_bringup:/Users/yosuke/gits/cxd5602pwbimu_ros2_driver/ros2_ws/install/cxd5602pwbimu_driver_node:/Users/yosuke/gits/cxd5602pwbimu_ros2_driver/ros2_ws/install/imu_filter_madgwick:/Users/yosuke/gits/cxd5602pwbimu_ros2_driver/ros2_ws/install/h6x_serial_interface:${AMENT_PREFIX_PATH} CMAKE_PREFIX_PATH=/Users/yosuke/gits/cxd5602pwbimu_ros2_driver/ros2_ws/install/cxd5602pwbimu_driver_node:/Users/yosuke/gits/cxd5602pwbimu_ros2_driver/ros2_ws/install/imu_filter_madgwick:/Users/yosuke/gits/cxd5602pwbimu_ros2_driver/ros2_ws/install/h6x_serial_interface:/opt/homebrew/opt/qt@5:/Users/yosuke/miniforge3/envs/ros_env CONDA_PROMPT_MODIFIER=(ros_env) DYLD_LIBRARY_PATH=/Users/yosuke/gits/cxd5602pwbimu_ros2_driver/ros2_ws/install/cxd5602pwbimu_driver_node/lib:/Users/yosuke/gits/cxd5602pwbimu_ros2_driver/ros2_ws/install/imu_filter_madgwick/lib:/Users/yosuke/gits/cxd5602pwbimu_ros2_driver/ros2_ws/install/h6x_serial_interface/lib:${DYLD_LIBRARY_PATH} PYTHONPATH=/Users/yosuke/gits/cxd5602pwbimu_ros2_driver/ros2_ws/install/cxd5602pwbimu_driver_bringup/lib/python3.11/site-packages:${PYTHONPATH} SHLVL=3 _=/Users/yosuke/miniforge3/envs/ros_env/bin/env /Users/yosuke/miniforge3/envs/ros_env/bin/cmake --install /Users/yosuke/gits/cxd5602pwbimu_ros2_driver/ros2_ws/build/cxd5602pwbimu_driver
[10.168s] colcon.colcon_core.environment Level 1 checking '/Users/yosuke/gits/cxd5602pwbimu_ros2_driver/ros2_ws/install/cxd5602pwbimu_driver' for CMake config files
[10.168s] colcon.colcon_core.shell Level 1 create_environment_hook('cxd5602pwbimu_driver', 'cmake_prefix_path')
[10.168s] colcon.colcon_core.shell INFO Creating environment hook '/Users/yosuke/gits/cxd5602pwbimu_ros2_driver/ros2_ws/install/cxd5602pwbimu_driver/share/cxd5602pwbimu_driver/hook/cmake_prefix_path.ps1'
[10.169s] colcon.colcon_core.shell INFO Creating environment descriptor '/Users/yosuke/gits/cxd5602pwbimu_ros2_driver/ros2_ws/install/cxd5602pwbimu_driver/share/cxd5602pwbimu_driver/hook/cmake_prefix_path.dsv'
[10.169s] colcon.colcon_core.shell INFO Creating environment hook '/Users/yosuke/gits/cxd5602pwbimu_ros2_driver/ros2_ws/install/cxd5602pwbimu_driver/share/cxd5602pwbimu_driver/hook/cmake_prefix_path.sh'
[10.169s] colcon.colcon_core.environment Level 1 checking '/Users/yosuke/gits/cxd5602pwbimu_ros2_driver/ros2_ws/install/cxd5602pwbimu_driver/lib'
[10.169s] colcon.colcon_core.environment Level 1 checking '/Users/yosuke/gits/cxd5602pwbimu_ros2_driver/ros2_ws/install/cxd5602pwbimu_driver/bin'
[10.169s] colcon.colcon_core.environment Level 1 checking '/Users/yosuke/gits/cxd5602pwbimu_ros2_driver/ros2_ws/install/cxd5602pwbimu_driver/lib/pkgconfig/cxd5602pwbimu_driver.pc'
[10.169s] colcon.colcon_core.environment Level 1 checking '/Users/yosuke/gits/cxd5602pwbimu_ros2_driver/ros2_ws/install/cxd5602pwbimu_driver/lib/python3.11/site-packages'
[10.169s] colcon.colcon_core.environment Level 1 checking '/Users/yosuke/gits/cxd5602pwbimu_ros2_driver/ros2_ws/install/cxd5602pwbimu_driver/bin'
[10.169s] colcon.colcon_core.shell INFO Creating package script '/Users/yosuke/gits/cxd5602pwbimu_ros2_driver/ros2_ws/install/cxd5602pwbimu_driver/share/cxd5602pwbimu_driver/package.ps1'
[10.170s] colcon.colcon_core.shell INFO Creating package descriptor '/Users/yosuke/gits/cxd5602pwbimu_ros2_driver/ros2_ws/install/cxd5602pwbimu_driver/share/cxd5602pwbimu_driver/package.dsv'
[10.170s] colcon.colcon_core.shell INFO Creating package script '/Users/yosuke/gits/cxd5602pwbimu_ros2_driver/ros2_ws/install/cxd5602pwbimu_driver/share/cxd5602pwbimu_driver/package.sh'
[10.170s] colcon.colcon_core.shell INFO Creating package script '/Users/yosuke/gits/cxd5602pwbimu_ros2_driver/ros2_ws/install/cxd5602pwbimu_driver/share/cxd5602pwbimu_driver/package.bash'
[10.170s] colcon.colcon_core.shell INFO Creating package script '/Users/yosuke/gits/cxd5602pwbimu_ros2_driver/ros2_ws/install/cxd5602pwbimu_driver/share/cxd5602pwbimu_driver/package.zsh'
[10.170s] colcon.colcon_core.environment Level 1 create_file_with_runtime_dependencies(/Users/yosuke/gits/cxd5602pwbimu_ros2_driver/ros2_ws/install/cxd5602pwbimu_driver/share/colcon-core/packages/cxd5602pwbimu_driver)
[10.195s] colcon.colcon_core.event_handler.log_command DEBUG Invoked command in '/Users/yosuke/gits/cxd5602pwbimu_ros2_driver/ros2_ws/build/h6x_serial_interface_example' returned '0': AMENT_PREFIX_PATH=/Users/yosuke/gits/cxd5602pwbimu_ros2_driver/ros2_ws/install/h6x_serial_interface:${AMENT_PREFIX_PATH} CMAKE_PREFIX_PATH=/Users/yosuke/gits/cxd5602pwbimu_ros2_driver/ros2_ws/install/h6x_serial_interface:/opt/homebrew/opt/qt@5:/Users/yosuke/miniforge3/envs/ros_env CONDA_PROMPT_MODIFIER=(ros_env) DYLD_LIBRARY_PATH=/Users/yosuke/gits/cxd5602pwbimu_ros2_driver/ros2_ws/install/h6x_serial_interface/lib:${DYLD_LIBRARY_PATH} SHLVL=3 _=/Users/yosuke/miniforge3/envs/ros_env/bin/env /Users/yosuke/miniforge3/envs/ros_env/bin/cmake --build /Users/yosuke/gits/cxd5602pwbimu_ros2_driver/ros2_ws/build/h6x_serial_interface_example -- -j10 -l10
[10.248s] colcon.colcon_core.environment Level 1 create_environment_scripts_only(cxd5602pwbimu_driver)
[10.249s] colcon.colcon_core.environment Level 1 checking '/Users/yosuke/gits/cxd5602pwbimu_ros2_driver/ros2_ws/install/cxd5602pwbimu_driver' for CMake module files
[10.249s] colcon.colcon_core.environment Level 1 checking '/Users/yosuke/gits/cxd5602pwbimu_ros2_driver/ros2_ws/install/cxd5602pwbimu_driver' for CMake config files
[10.249s] colcon.colcon_core.shell Level 1 create_environment_hook('cxd5602pwbimu_driver', 'cmake_prefix_path')
[10.249s] colcon.colcon_core.shell INFO Creating environment hook '/Users/yosuke/gits/cxd5602pwbimu_ros2_driver/ros2_ws/install/cxd5602pwbimu_driver/share/cxd5602pwbimu_driver/hook/cmake_prefix_path.ps1'
[10.250s] colcon.colcon_core.shell INFO Creating environment descriptor '/Users/yosuke/gits/cxd5602pwbimu_ros2_driver/ros2_ws/install/cxd5602pwbimu_driver/share/cxd5602pwbimu_driver/hook/cmake_prefix_path.dsv'
[10.250s] colcon.colcon_core.shell INFO Creating environment hook '/Users/yosuke/gits/cxd5602pwbimu_ros2_driver/ros2_ws/install/cxd5602pwbimu_driver/share/cxd5602pwbimu_driver/hook/cmake_prefix_path.sh'
[10.250s] colcon.colcon_core.environment Level 1 checking '/Users/yosuke/gits/cxd5602pwbimu_ros2_driver/ros2_ws/install/cxd5602pwbimu_driver/lib'
[10.250s] colcon.colcon_core.environment Level 1 checking '/Users/yosuke/gits/cxd5602pwbimu_ros2_driver/ros2_ws/install/cxd5602pwbimu_driver/bin'
[10.250s] colcon.colcon_core.environment Level 1 checking '/Users/yosuke/gits/cxd5602pwbimu_ros2_driver/ros2_ws/install/cxd5602pwbimu_driver/lib/pkgconfig/cxd5602pwbimu_driver.pc'
[10.250s] colcon.colcon_core.environment Level 1 checking '/Users/yosuke/gits/cxd5602pwbimu_ros2_driver/ros2_ws/install/cxd5602pwbimu_driver/lib/python3.11/site-packages'
[10.250s] colcon.colcon_core.environment Level 1 checking '/Users/yosuke/gits/cxd5602pwbimu_ros2_driver/ros2_ws/install/cxd5602pwbimu_driver/bin'
[10.250s] colcon.colcon_core.shell INFO Creating package script '/Users/yosuke/gits/cxd5602pwbimu_ros2_driver/ros2_ws/install/cxd5602pwbimu_driver/share/cxd5602pwbimu_driver/package.ps1'
[10.251s] colcon.colcon_core.shell INFO Creating package descriptor '/Users/yosuke/gits/cxd5602pwbimu_ros2_driver/ros2_ws/install/cxd5602pwbimu_driver/share/cxd5602pwbimu_driver/package.dsv'
[10.251s] colcon.colcon_core.shell INFO Creating package script '/Users/yosuke/gits/cxd5602pwbimu_ros2_driver/ros2_ws/install/cxd5602pwbimu_driver/share/cxd5602pwbimu_driver/package.sh'
[10.251s] colcon.colcon_core.shell INFO Creating package script '/Users/yosuke/gits/cxd5602pwbimu_ros2_driver/ros2_ws/install/cxd5602pwbimu_driver/share/cxd5602pwbimu_driver/package.bash'
[10.251s] colcon.colcon_core.shell INFO Creating package script '/Users/yosuke/gits/cxd5602pwbimu_ros2_driver/ros2_ws/install/cxd5602pwbimu_driver/share/cxd5602pwbimu_driver/package.zsh'
[10.251s] colcon.colcon_core.environment Level 1 create_file_with_runtime_dependencies(/Users/yosuke/gits/cxd5602pwbimu_ros2_driver/ros2_ws/install/cxd5602pwbimu_driver/share/colcon-core/packages/cxd5602pwbimu_driver)
[10.413s] colcon.colcon_core.event_handler.log_command DEBUG Invoking command in '/Users/yosuke/gits/cxd5602pwbimu_ros2_driver/ros2_ws/build/h6x_serial_interface_example': AMENT_PREFIX_PATH=/Users/yosuke/gits/cxd5602pwbimu_ros2_driver/ros2_ws/install/h6x_serial_interface:${AMENT_PREFIX_PATH} CMAKE_PREFIX_PATH=/Users/yosuke/gits/cxd5602pwbimu_ros2_driver/ros2_ws/install/h6x_serial_interface:/opt/homebrew/opt/qt@5:/Users/yosuke/miniforge3/envs/ros_env CONDA_PROMPT_MODIFIER=(ros_env) DYLD_LIBRARY_PATH=/Users/yosuke/gits/cxd5602pwbimu_ros2_driver/ros2_ws/install/h6x_serial_interface/lib:${DYLD_LIBRARY_PATH} SHLVL=3 _=/Users/yosuke/miniforge3/envs/ros_env/bin/env /Users/yosuke/miniforge3/envs/ros_env/bin/cmake --install /Users/yosuke/gits/cxd5602pwbimu_ros2_driver/ros2_ws/build/h6x_serial_interface_example
[10.531s] colcon.colcon_core.environment Level 1 create_environment_scripts_only(h6x_serial_interface_example)
[10.531s] colcon.colcon_core.environment Level 1 checking '/Users/yosuke/gits/cxd5602pwbimu_ros2_driver/ros2_ws/install/h6x_serial_interface_example' for CMake module files
[10.532s] colcon.colcon_core.event_handler.log_command DEBUG Invoked command in '/Users/yosuke/gits/cxd5602pwbimu_ros2_driver/ros2_ws/build/h6x_serial_interface_example' returned '0': AMENT_PREFIX_PATH=/Users/yosuke/gits/cxd5602pwbimu_ros2_driver/ros2_ws/install/h6x_serial_interface:${AMENT_PREFIX_PATH} CMAKE_PREFIX_PATH=/Users/yosuke/gits/cxd5602pwbimu_ros2_driver/ros2_ws/install/h6x_serial_interface:/opt/homebrew/opt/qt@5:/Users/yosuke/miniforge3/envs/ros_env CONDA_PROMPT_MODIFIER=(ros_env) DYLD_LIBRARY_PATH=/Users/yosuke/gits/cxd5602pwbimu_ros2_driver/ros2_ws/install/h6x_serial_interface/lib:${DYLD_LIBRARY_PATH} SHLVL=3 _=/Users/yosuke/miniforge3/envs/ros_env/bin/env /Users/yosuke/miniforge3/envs/ros_env/bin/cmake --install /Users/yosuke/gits/cxd5602pwbimu_ros2_driver/ros2_ws/build/h6x_serial_interface_example
[10.532s] colcon.colcon_core.environment Level 1 checking '/Users/yosuke/gits/cxd5602pwbimu_ros2_driver/ros2_ws/install/h6x_serial_interface_example' for CMake config files
[10.532s] colcon.colcon_core.shell Level 1 create_environment_hook('h6x_serial_interface_example', 'cmake_prefix_path')
[10.532s] colcon.colcon_core.shell INFO Creating environment hook '/Users/yosuke/gits/cxd5602pwbimu_ros2_driver/ros2_ws/install/h6x_serial_interface_example/share/h6x_serial_interface_example/hook/cmake_prefix_path.ps1'
[10.532s] colcon.colcon_core.shell INFO Creating environment descriptor '/Users/yosuke/gits/cxd5602pwbimu_ros2_driver/ros2_ws/install/h6x_serial_interface_example/share/h6x_serial_interface_example/hook/cmake_prefix_path.dsv'
[10.533s] colcon.colcon_core.shell INFO Creating environment hook '/Users/yosuke/gits/cxd5602pwbimu_ros2_driver/ros2_ws/install/h6x_serial_interface_example/share/h6x_serial_interface_example/hook/cmake_prefix_path.sh'
[10.533s] colcon.colcon_core.environment Level 1 checking '/Users/yosuke/gits/cxd5602pwbimu_ros2_driver/ros2_ws/install/h6x_serial_interface_example/lib'
[10.533s] colcon.colcon_core.shell Level 1 create_environment_hook('h6x_serial_interface_example', 'dyld_library_path')
[10.533s] colcon.colcon_core.shell INFO Creating environment hook '/Users/yosuke/gits/cxd5602pwbimu_ros2_driver/ros2_ws/install/h6x_serial_interface_example/share/h6x_serial_interface_example/hook/dyld_library_path.ps1'
[10.533s] colcon.colcon_core.shell INFO Creating environment descriptor '/Users/yosuke/gits/cxd5602pwbimu_ros2_driver/ros2_ws/install/h6x_serial_interface_example/share/h6x_serial_interface_example/hook/dyld_library_path.dsv'
[10.533s] colcon.colcon_core.shell INFO Creating environment hook '/Users/yosuke/gits/cxd5602pwbimu_ros2_driver/ros2_ws/install/h6x_serial_interface_example/share/h6x_serial_interface_example/hook/dyld_library_path.sh'
[10.533s] colcon.colcon_core.environment Level 1 checking '/Users/yosuke/gits/cxd5602pwbimu_ros2_driver/ros2_ws/install/h6x_serial_interface_example/bin'
[10.533s] colcon.colcon_core.environment Level 1 checking '/Users/yosuke/gits/cxd5602pwbimu_ros2_driver/ros2_ws/install/h6x_serial_interface_example/lib/pkgconfig/h6x_serial_interface_example.pc'
[10.533s] colcon.colcon_core.environment Level 1 checking '/Users/yosuke/gits/cxd5602pwbimu_ros2_driver/ros2_ws/install/h6x_serial_interface_example/lib/python3.11/site-packages'
[10.534s] colcon.colcon_core.environment Level 1 checking '/Users/yosuke/gits/cxd5602pwbimu_ros2_driver/ros2_ws/install/h6x_serial_interface_example/bin'
[10.534s] colcon.colcon_core.shell INFO Creating package script '/Users/yosuke/gits/cxd5602pwbimu_ros2_driver/ros2_ws/install/h6x_serial_interface_example/share/h6x_serial_interface_example/package.ps1'
[10.534s] colcon.colcon_core.shell INFO Creating package descriptor '/Users/yosuke/gits/cxd5602pwbimu_ros2_driver/ros2_ws/install/h6x_serial_interface_example/share/h6x_serial_interface_example/package.dsv'
[10.534s] colcon.colcon_core.shell INFO Creating package script '/Users/yosuke/gits/cxd5602pwbimu_ros2_driver/ros2_ws/install/h6x_serial_interface_example/share/h6x_serial_interface_example/package.sh'
[10.534s] colcon.colcon_core.shell INFO Creating package script '/Users/yosuke/gits/cxd5602pwbimu_ros2_driver/ros2_ws/install/h6x_serial_interface_example/share/h6x_serial_interface_example/package.bash'
[10.534s] colcon.colcon_core.shell INFO Creating package script '/Users/yosuke/gits/cxd5602pwbimu_ros2_driver/ros2_ws/install/h6x_serial_interface_example/share/h6x_serial_interface_example/package.zsh'
[10.534s] colcon.colcon_core.environment Level 1 create_file_with_runtime_dependencies(/Users/yosuke/gits/cxd5602pwbimu_ros2_driver/ros2_ws/install/h6x_serial_interface_example/share/colcon-core/packages/h6x_serial_interface_example)
[10.751s] colcon.colcon_core.environment Level 1 create_environment_scripts_only(h6x_serial_interface_example)
[10.751s] colcon.colcon_core.environment Level 1 checking '/Users/yosuke/gits/cxd5602pwbimu_ros2_driver/ros2_ws/install/h6x_serial_interface_example' for CMake module files
[10.751s] colcon.colcon_core.environment Level 1 checking '/Users/yosuke/gits/cxd5602pwbimu_ros2_driver/ros2_ws/install/h6x_serial_interface_example' for CMake config files
[10.751s] colcon.colcon_core.shell Level 1 create_environment_hook('h6x_serial_interface_example', 'cmake_prefix_path')
[10.751s] colcon.colcon_core.shell INFO Creating environment hook '/Users/yosuke/gits/cxd5602pwbimu_ros2_driver/ros2_ws/install/h6x_serial_interface_example/share/h6x_serial_interface_example/hook/cmake_prefix_path.ps1'
[10.752s] colcon.colcon_core.shell INFO Creating environment descriptor '/Users/yosuke/gits/cxd5602pwbimu_ros2_driver/ros2_ws/install/h6x_serial_interface_example/share/h6x_serial_interface_example/hook/cmake_prefix_path.dsv'
[10.752s] colcon.colcon_core.shell INFO Creating environment hook '/Users/yosuke/gits/cxd5602pwbimu_ros2_driver/ros2_ws/install/h6x_serial_interface_example/share/h6x_serial_interface_example/hook/cmake_prefix_path.sh'
[10.752s] colcon.colcon_core.environment Level 1 checking '/Users/yosuke/gits/cxd5602pwbimu_ros2_driver/ros2_ws/install/h6x_serial_interface_example/lib'
[10.752s] colcon.colcon_core.shell Level 1 create_environment_hook('h6x_serial_interface_example', 'dyld_library_path')
[10.752s] colcon.colcon_core.shell INFO Creating environment hook '/Users/yosuke/gits/cxd5602pwbimu_ros2_driver/ros2_ws/install/h6x_serial_interface_example/share/h6x_serial_interface_example/hook/dyld_library_path.ps1'
[10.752s] colcon.colcon_core.shell INFO Creating environment descriptor '/Users/yosuke/gits/cxd5602pwbimu_ros2_driver/ros2_ws/install/h6x_serial_interface_example/share/h6x_serial_interface_example/hook/dyld_library_path.dsv'
[10.753s] colcon.colcon_core.shell INFO Creating environment hook '/Users/yosuke/gits/cxd5602pwbimu_ros2_driver/ros2_ws/install/h6x_serial_interface_example/share/h6x_serial_interface_example/hook/dyld_library_path.sh'
[10.753s] colcon.colcon_core.environment Level 1 checking '/Users/yosuke/gits/cxd5602pwbimu_ros2_driver/ros2_ws/install/h6x_serial_interface_example/bin'
[10.753s] colcon.colcon_core.environment Level 1 checking '/Users/yosuke/gits/cxd5602pwbimu_ros2_driver/ros2_ws/install/h6x_serial_interface_example/lib/pkgconfig/h6x_serial_interface_example.pc'
[10.753s] colcon.colcon_core.environment Level 1 checking '/Users/yosuke/gits/cxd5602pwbimu_ros2_driver/ros2_ws/install/h6x_serial_interface_example/lib/python3.11/site-packages'
[10.753s] colcon.colcon_core.environment Level 1 checking '/Users/yosuke/gits/cxd5602pwbimu_ros2_driver/ros2_ws/install/h6x_serial_interface_example/bin'
[10.753s] colcon.colcon_core.shell INFO Creating package script '/Users/yosuke/gits/cxd5602pwbimu_ros2_driver/ros2_ws/install/h6x_serial_interface_example/share/h6x_serial_interface_example/package.ps1'
[10.753s] colcon.colcon_core.shell INFO Creating package descriptor '/Users/yosuke/gits/cxd5602pwbimu_ros2_driver/ros2_ws/install/h6x_serial_interface_example/share/h6x_serial_interface_example/package.dsv'
[10.754s] colcon.colcon_core.shell INFO Creating package script '/Users/yosuke/gits/cxd5602pwbimu_ros2_driver/ros2_ws/install/h6x_serial_interface_example/share/h6x_serial_interface_example/package.sh'
[10.754s] colcon.colcon_core.shell INFO Creating package script '/Users/yosuke/gits/cxd5602pwbimu_ros2_driver/ros2_ws/install/h6x_serial_interface_example/share/h6x_serial_interface_example/package.bash'
[10.754s] colcon.colcon_core.shell INFO Creating package script '/Users/yosuke/gits/cxd5602pwbimu_ros2_driver/ros2_ws/install/h6x_serial_interface_example/share/h6x_serial_interface_example/package.zsh'
[10.754s] colcon.colcon_core.environment Level 1 create_file_with_runtime_dependencies(/Users/yosuke/gits/cxd5602pwbimu_ros2_driver/ros2_ws/install/h6x_serial_interface_example/share/colcon-core/packages/h6x_serial_interface_example)
[10.754s] colcon.colcon_parallel_executor.executor.parallel DEBUG closing loop
[10.754s] colcon.colcon_parallel_executor.executor.parallel DEBUG loop closed
[10.754s] colcon.colcon_parallel_executor.executor.parallel DEBUG run_until_complete finished with '0'
[10.754s] colcon.colcon_core.event_reactor DEBUG joining thread
[10.755s] colcon.colcon_core.event_reactor DEBUG joined thread
[10.755s] colcon.colcon_core.shell INFO Creating prefix script '/Users/yosuke/gits/cxd5602pwbimu_ros2_driver/ros2_ws/install/local_setup.ps1'
[10.755s] colcon.colcon_core.shell INFO Creating prefix util module '/Users/yosuke/gits/cxd5602pwbimu_ros2_driver/ros2_ws/install/_local_setup_util_ps1.py'
[10.756s] colcon.colcon_core.shell INFO Creating prefix chain script '/Users/yosuke/gits/cxd5602pwbimu_ros2_driver/ros2_ws/install/setup.ps1'
[10.757s] colcon.colcon_core.shell INFO Creating prefix script '/Users/yosuke/gits/cxd5602pwbimu_ros2_driver/ros2_ws/install/local_setup.sh'
[10.757s] colcon.colcon_core.shell INFO Creating prefix util module '/Users/yosuke/gits/cxd5602pwbimu_ros2_driver/ros2_ws/install/_local_setup_util_sh.py'
[10.757s] colcon.colcon_core.shell INFO Creating prefix chain script '/Users/yosuke/gits/cxd5602pwbimu_ros2_driver/ros2_ws/install/setup.sh'
[10.758s] colcon.colcon_core.shell INFO Creating prefix script '/Users/yosuke/gits/cxd5602pwbimu_ros2_driver/ros2_ws/install/local_setup.bash'
[10.758s] colcon.colcon_core.shell INFO Creating prefix chain script '/Users/yosuke/gits/cxd5602pwbimu_ros2_driver/ros2_ws/install/setup.bash'
[10.758s] colcon.colcon_core.shell INFO Creating prefix script '/Users/yosuke/gits/cxd5602pwbimu_ros2_driver/ros2_ws/install/local_setup.zsh'
[10.759s] colcon.colcon_core.shell INFO Creating prefix chain script '/Users/yosuke/gits/cxd5602pwbimu_ros2_driver/ros2_ws/install/setup.zsh'
