[0.066s] [34mcolcon[0m [1;30mDEBUG[0m [32mCommand line arguments: ['/Users/yosuke/miniforge3/envs/ros_env/bin/colcon', 'build', '--cmake-args', '-DCMAKE_PREFIX_PATH=/usr/local', '-DCMAKE_CXX_FLAGS=-I/usr/local/include', '-DCMAKE_EXE_LINKER_FLAGS=-L/usr/local/lib'][0m
[0.066s] [34mcolcon[0m [1;30mDEBUG[0m [32mParsed command line arguments: Namespace(log_base=None, log_level=None, verb_name='build', build_base='build', install_base='install', merge_install=False, symlink_install=False, test_result_base=None, continue_on_error=False, executor='parallel', parallel_workers=10, event_handlers=None, ignore_user_meta=False, metas=['./colcon.meta'], base_paths=['.'], packages_ignore=None, packages_ignore_regex=None, paths=None, packages_up_to=None, packages_up_to_regex=None, packages_above=None, packages_above_and_dependencies=None, packages_above_depth=None, packages_select_by_dep=None, packages_skip_by_dep=None, packages_skip_up_to=None, packages_select_build_failed=False, packages_skip_build_finished=False, packages_select_test_failures=False, packages_skip_test_passed=False, packages_select=None, packages_skip=None, packages_select_regex=None, packages_skip_regex=None, packages_start=None, packages_end=None, cmake_args=['-DCMAKE_PREFIX_PATH=/usr/local', '-DCMAKE_CXX_FLAGS=-I/usr/local/include', '-DCMAKE_EXE_LINKER_FLAGS=-L/usr/local/lib'], cmake_target=None, cmake_target_skip_unavailable=False, cmake_clean_cache=False, cmake_clean_first=False, cmake_force_configure=False, ament_cmake_args=None, catkin_cmake_args=None, catkin_skip_building_tests=False, verb_parser=<colcon_defaults.argument_parser.defaults.DefaultArgumentsDecorator object at 0x10605f550>, verb_extension=<colcon_core.verb.build.BuildVerb object at 0x10605ee90>, main=<bound method BuildVerb.main of <colcon_core.verb.build.BuildVerb object at 0x10605ee90>>)[0m
[0.082s] [34mcolcon.colcon_core.package_discovery[0m [1;30mLevel 1[0m discover_packages(colcon_meta) check parameters
[0.082s] [34mcolcon.colcon_core.package_discovery[0m [1;30mLevel 1[0m discover_packages(recursive) check parameters
[0.082s] [34mcolcon.colcon_core.package_discovery[0m [1;30mLevel 1[0m discover_packages(ignore) check parameters
[0.082s] [34mcolcon.colcon_core.package_discovery[0m [1;30mLevel 1[0m discover_packages(path) check parameters
[0.082s] [34mcolcon.colcon_core.package_discovery[0m [1;30mLevel 1[0m discover_packages(colcon_meta) discover
[0.082s] [34mcolcon.colcon_core.package_discovery[0m [1;30mLevel 1[0m discover_packages(recursive) discover
[0.082s] [34mcolcon.colcon_core.package_discovery[0m [1;30mINFO[0m Crawling recursively for packages in '/Users/yosuke/gits/cxd5602pwbimu_ros2_driver/ros2_ws'
[0.082s] [34mcolcon.colcon_core.package_identification[0m [1;30mLevel 1[0m _identify(.) by extensions ['ignore', 'ignore_ament_install']
[0.082s] [34mcolcon.colcon_core.package_identification[0m [1;30mLevel 1[0m _identify(.) by extension 'ignore'
[0.082s] [34mcolcon.colcon_core.package_identification[0m [1;30mLevel 1[0m _identify(.) by extension 'ignore_ament_install'
[0.082s] [34mcolcon.colcon_core.package_identification[0m [1;30mLevel 1[0m _identify(.) by extensions ['colcon_pkg']
[0.082s] [34mcolcon.colcon_core.package_identification[0m [1;30mLevel 1[0m _identify(.) by extension 'colcon_pkg'
[0.082s] [34mcolcon.colcon_core.package_identification[0m [1;30mLevel 1[0m _identify(.) by extensions ['colcon_meta']
[0.082s] [34mcolcon.colcon_core.package_identification[0m [1;30mLevel 1[0m _identify(.) by extension 'colcon_meta'
[0.082s] [34mcolcon.colcon_core.package_identification[0m [1;30mLevel 1[0m _identify(.) by extensions ['ros']
[0.082s] [34mcolcon.colcon_core.package_identification[0m [1;30mLevel 1[0m _identify(.) by extension 'ros'
[0.092s] [34mcolcon.colcon_core.package_identification[0m [1;30mLevel 1[0m _identify(.) by extensions ['cmake', 'python']
[0.092s] [34mcolcon.colcon_core.package_identification[0m [1;30mLevel 1[0m _identify(.) by extension 'cmake'
[0.093s] [34mcolcon.colcon_core.package_identification[0m [1;30mLevel 1[0m _identify(.) by extension 'python'
[0.093s] [34mcolcon.colcon_core.package_identification[0m [1;30mLevel 1[0m _identify(.) by extensions ['python_setup_py']
[0.093s] [34mcolcon.colcon_core.package_identification[0m [1;30mLevel 1[0m _identify(.) by extension 'python_setup_py'
[0.093s] [34mcolcon.colcon_core.package_identification[0m [1;30mLevel 1[0m _identify(build) by extensions ['ignore', 'ignore_ament_install']
[0.093s] [34mcolcon.colcon_core.package_identification[0m [1;30mLevel 1[0m _identify(build) by extension 'ignore'
[0.093s] [34mcolcon.colcon_core.package_identification[0m [1;30mLevel 1[0m _identify(build) ignored
[0.093s] [34mcolcon.colcon_core.package_identification[0m [1;30mLevel 1[0m _identify(install) by extensions ['ignore', 'ignore_ament_install']
[0.093s] [34mcolcon.colcon_core.package_identification[0m [1;30mLevel 1[0m _identify(install) by extension 'ignore'
[0.093s] [34mcolcon.colcon_core.package_identification[0m [1;30mLevel 1[0m _identify(install) ignored
[0.093s] [34mcolcon.colcon_core.package_identification[0m [1;30mLevel 1[0m _identify(log) by extensions ['ignore', 'ignore_ament_install']
[0.093s] [34mcolcon.colcon_core.package_identification[0m [1;30mLevel 1[0m _identify(log) by extension 'ignore'
[0.093s] [34mcolcon.colcon_core.package_identification[0m [1;30mLevel 1[0m _identify(log) ignored
[0.093s] [34mcolcon.colcon_core.package_identification[0m [1;30mLevel 1[0m _identify(src) by extensions ['ignore', 'ignore_ament_install']
[0.093s] [34mcolcon.colcon_core.package_identification[0m [1;30mLevel 1[0m _identify(src) by extension 'ignore'
[0.093s] [34mcolcon.colcon_core.package_identification[0m [1;30mLevel 1[0m _identify(src) by extension 'ignore_ament_install'
[0.093s] [34mcolcon.colcon_core.package_identification[0m [1;30mLevel 1[0m _identify(src) by extensions ['colcon_pkg']
[0.093s] [34mcolcon.colcon_core.package_identification[0m [1;30mLevel 1[0m _identify(src) by extension 'colcon_pkg'
[0.093s] [34mcolcon.colcon_core.package_identification[0m [1;30mLevel 1[0m _identify(src) by extensions ['colcon_meta']
[0.093s] [34mcolcon.colcon_core.package_identification[0m [1;30mLevel 1[0m _identify(src) by extension 'colcon_meta'
[0.093s] [34mcolcon.colcon_core.package_identification[0m [1;30mLevel 1[0m _identify(src) by extensions ['ros']
[0.093s] [34mcolcon.colcon_core.package_identification[0m [1;30mLevel 1[0m _identify(src) by extension 'ros'
[0.093s] [34mcolcon.colcon_core.package_identification[0m [1;30mLevel 1[0m _identify(src) by extensions ['cmake', 'python']
[0.093s] [34mcolcon.colcon_core.package_identification[0m [1;30mLevel 1[0m _identify(src) by extension 'cmake'
[0.093s] [34mcolcon.colcon_core.package_identification[0m [1;30mLevel 1[0m _identify(src) by extension 'python'
[0.093s] [34mcolcon.colcon_core.package_identification[0m [1;30mLevel 1[0m _identify(src) by extensions ['python_setup_py']
[0.093s] [34mcolcon.colcon_core.package_identification[0m [1;30mLevel 1[0m _identify(src) by extension 'python_setup_py'
[0.093s] [34mcolcon.colcon_core.package_identification[0m [1;30mLevel 1[0m _identify(src/cxd5602pwbimu_driver) by extensions ['ignore', 'ignore_ament_install']
[0.093s] [34mcolcon.colcon_core.package_identification[0m [1;30mLevel 1[0m _identify(src/cxd5602pwbimu_driver) by extension 'ignore'
[0.093s] [34mcolcon.colcon_core.package_identification[0m [1;30mLevel 1[0m _identify(src/cxd5602pwbimu_driver) by extension 'ignore_ament_install'
[0.093s] [34mcolcon.colcon_core.package_identification[0m [1;30mLevel 1[0m _identify(src/cxd5602pwbimu_driver) by extensions ['colcon_pkg']
[0.093s] [34mcolcon.colcon_core.package_identification[0m [1;30mLevel 1[0m _identify(src/cxd5602pwbimu_driver) by extension 'colcon_pkg'
[0.093s] [34mcolcon.colcon_core.package_identification[0m [1;30mLevel 1[0m _identify(src/cxd5602pwbimu_driver) by extensions ['colcon_meta']
[0.093s] [34mcolcon.colcon_core.package_identification[0m [1;30mLevel 1[0m _identify(src/cxd5602pwbimu_driver) by extension 'colcon_meta'
[0.093s] [34mcolcon.colcon_core.package_identification[0m [1;30mLevel 1[0m _identify(src/cxd5602pwbimu_driver) by extensions ['ros']
[0.093s] [34mcolcon.colcon_core.package_identification[0m [1;30mLevel 1[0m _identify(src/cxd5602pwbimu_driver) by extension 'ros'
[0.094s] [34mcolcon.colcon_core.package_identification[0m [1;30mDEBUG[0m [32mPackage 'src/cxd5602pwbimu_driver' with type 'ros.ament_cmake' and name 'cxd5602pwbimu_driver'[0m
[0.095s] [34mcolcon.colcon_core.package_identification[0m [1;30mLevel 1[0m _identify(src/cxd5602pwbimu_driver_bringup) by extensions ['ignore', 'ignore_ament_install']
[0.095s] [34mcolcon.colcon_core.package_identification[0m [1;30mLevel 1[0m _identify(src/cxd5602pwbimu_driver_bringup) by extension 'ignore'
[0.095s] [34mcolcon.colcon_core.package_identification[0m [1;30mLevel 1[0m _identify(src/cxd5602pwbimu_driver_bringup) by extension 'ignore_ament_install'
[0.095s] [34mcolcon.colcon_core.package_identification[0m [1;30mLevel 1[0m _identify(src/cxd5602pwbimu_driver_bringup) by extensions ['colcon_pkg']
[0.095s] [34mcolcon.colcon_core.package_identification[0m [1;30mLevel 1[0m _identify(src/cxd5602pwbimu_driver_bringup) by extension 'colcon_pkg'
[0.095s] [34mcolcon.colcon_core.package_identification[0m [1;30mLevel 1[0m _identify(src/cxd5602pwbimu_driver_bringup) by extensions ['colcon_meta']
[0.095s] [34mcolcon.colcon_core.package_identification[0m [1;30mLevel 1[0m _identify(src/cxd5602pwbimu_driver_bringup) by extension 'colcon_meta'
[0.095s] [34mcolcon.colcon_core.package_identification[0m [1;30mLevel 1[0m _identify(src/cxd5602pwbimu_driver_bringup) by extensions ['ros']
[0.095s] [34mcolcon.colcon_core.package_identification[0m [1;30mLevel 1[0m _identify(src/cxd5602pwbimu_driver_bringup) by extension 'ros'
[0.095s] [34mcolcon.colcon_core.package_identification[0m [1;30mDEBUG[0m [32mPackage 'src/cxd5602pwbimu_driver_bringup' with type 'ros.ament_python' and name 'cxd5602pwbimu_driver_bringup'[0m
[0.095s] [34mcolcon.colcon_core.package_identification[0m [1;30mLevel 1[0m _identify(src/cxd5602pwbimu_driver_node) by extensions ['ignore', 'ignore_ament_install']
[0.095s] [34mcolcon.colcon_core.package_identification[0m [1;30mLevel 1[0m _identify(src/cxd5602pwbimu_driver_node) by extension 'ignore'
[0.095s] [34mcolcon.colcon_core.package_identification[0m [1;30mLevel 1[0m _identify(src/cxd5602pwbimu_driver_node) by extension 'ignore_ament_install'
[0.095s] [34mcolcon.colcon_core.package_identification[0m [1;30mLevel 1[0m _identify(src/cxd5602pwbimu_driver_node) by extensions ['colcon_pkg']
[0.095s] [34mcolcon.colcon_core.package_identification[0m [1;30mLevel 1[0m _identify(src/cxd5602pwbimu_driver_node) by extension 'colcon_pkg'
[0.095s] [34mcolcon.colcon_core.package_identification[0m [1;30mLevel 1[0m _identify(src/cxd5602pwbimu_driver_node) by extensions ['colcon_meta']
[0.095s] [34mcolcon.colcon_core.package_identification[0m [1;30mLevel 1[0m _identify(src/cxd5602pwbimu_driver_node) by extension 'colcon_meta'
[0.095s] [34mcolcon.colcon_core.package_identification[0m [1;30mLevel 1[0m _identify(src/cxd5602pwbimu_driver_node) by extensions ['ros']
[0.095s] [34mcolcon.colcon_core.package_identification[0m [1;30mLevel 1[0m _identify(src/cxd5602pwbimu_driver_node) by extension 'ros'
[0.095s] [34mcolcon.colcon_core.package_identification[0m [1;30mDEBUG[0m [32mPackage 'src/cxd5602pwbimu_driver_node' with type 'ros.ament_cmake' and name 'cxd5602pwbimu_driver_node'[0m
[0.095s] [34mcolcon.colcon_core.package_identification[0m [1;30mLevel 1[0m _identify(src/h6x_serial_interface) by extensions ['ignore', 'ignore_ament_install']
[0.095s] [34mcolcon.colcon_core.package_identification[0m [1;30mLevel 1[0m _identify(src/h6x_serial_interface) by extension 'ignore'
[0.095s] [34mcolcon.colcon_core.package_identification[0m [1;30mLevel 1[0m _identify(src/h6x_serial_interface) by extension 'ignore_ament_install'
[0.095s] [34mcolcon.colcon_core.package_identification[0m [1;30mLevel 1[0m _identify(src/h6x_serial_interface) by extensions ['colcon_pkg']
[0.095s] [34mcolcon.colcon_core.package_identification[0m [1;30mLevel 1[0m _identify(src/h6x_serial_interface) by extension 'colcon_pkg'
[0.095s] [34mcolcon.colcon_core.package_identification[0m [1;30mLevel 1[0m _identify(src/h6x_serial_interface) by extensions ['colcon_meta']
[0.095s] [34mcolcon.colcon_core.package_identification[0m [1;30mLevel 1[0m _identify(src/h6x_serial_interface) by extension 'colcon_meta'
[0.095s] [34mcolcon.colcon_core.package_identification[0m [1;30mLevel 1[0m _identify(src/h6x_serial_interface) by extensions ['ros']
[0.095s] [34mcolcon.colcon_core.package_identification[0m [1;30mLevel 1[0m _identify(src/h6x_serial_interface) by extension 'ros'
[0.095s] [34mcolcon.colcon_core.package_identification[0m [1;30mLevel 1[0m _identify(src/h6x_serial_interface) by extensions ['cmake', 'python']
[0.095s] [34mcolcon.colcon_core.package_identification[0m [1;30mLevel 1[0m _identify(src/h6x_serial_interface) by extension 'cmake'
[0.095s] [34mcolcon.colcon_core.package_identification[0m [1;30mLevel 1[0m _identify(src/h6x_serial_interface) by extension 'python'
[0.095s] [34mcolcon.colcon_core.package_identification[0m [1;30mLevel 1[0m _identify(src/h6x_serial_interface) by extensions ['python_setup_py']
[0.095s] [34mcolcon.colcon_core.package_identification[0m [1;30mLevel 1[0m _identify(src/h6x_serial_interface) by extension 'python_setup_py'
[0.096s] [34mcolcon.colcon_core.package_identification[0m [1;30mLevel 1[0m _identify(src/h6x_serial_interface/h6x_packet_handler) by extensions ['ignore', 'ignore_ament_install']
[0.096s] [34mcolcon.colcon_core.package_identification[0m [1;30mLevel 1[0m _identify(src/h6x_serial_interface/h6x_packet_handler) by extension 'ignore'
[0.096s] [34mcolcon.colcon_core.package_identification[0m [1;30mLevel 1[0m _identify(src/h6x_serial_interface/h6x_packet_handler) by extension 'ignore_ament_install'
[0.096s] [34mcolcon.colcon_core.package_identification[0m [1;30mLevel 1[0m _identify(src/h6x_serial_interface/h6x_packet_handler) by extensions ['colcon_pkg']
[0.096s] [34mcolcon.colcon_core.package_identification[0m [1;30mLevel 1[0m _identify(src/h6x_serial_interface/h6x_packet_handler) by extension 'colcon_pkg'
[0.096s] [34mcolcon.colcon_core.package_identification[0m [1;30mLevel 1[0m _identify(src/h6x_serial_interface/h6x_packet_handler) by extensions ['colcon_meta']
[0.096s] [34mcolcon.colcon_core.package_identification[0m [1;30mLevel 1[0m _identify(src/h6x_serial_interface/h6x_packet_handler) by extension 'colcon_meta'
[0.096s] [34mcolcon.colcon_core.package_identification[0m [1;30mLevel 1[0m _identify(src/h6x_serial_interface/h6x_packet_handler) by extensions ['ros']
[0.096s] [34mcolcon.colcon_core.package_identification[0m [1;30mLevel 1[0m _identify(src/h6x_serial_interface/h6x_packet_handler) by extension 'ros'
[0.096s] [34mcolcon.colcon_core.package_identification[0m [1;30mDEBUG[0m [32mPackage 'src/h6x_serial_interface/h6x_packet_handler' with type 'ros.ament_cmake' and name 'h6x_packet_handler'[0m
[0.096s] [34mcolcon.colcon_core.package_identification[0m [1;30mLevel 1[0m _identify(src/h6x_serial_interface/h6x_serial_interface) by extensions ['ignore', 'ignore_ament_install']
[0.096s] [34mcolcon.colcon_core.package_identification[0m [1;30mLevel 1[0m _identify(src/h6x_serial_interface/h6x_serial_interface) by extension 'ignore'
[0.096s] [34mcolcon.colcon_core.package_identification[0m [1;30mLevel 1[0m _identify(src/h6x_serial_interface/h6x_serial_interface) by extension 'ignore_ament_install'
[0.096s] [34mcolcon.colcon_core.package_identification[0m [1;30mLevel 1[0m _identify(src/h6x_serial_interface/h6x_serial_interface) by extensions ['colcon_pkg']
[0.096s] [34mcolcon.colcon_core.package_identification[0m [1;30mLevel 1[0m _identify(src/h6x_serial_interface/h6x_serial_interface) by extension 'colcon_pkg'
[0.096s] [34mcolcon.colcon_core.package_identification[0m [1;30mLevel 1[0m _identify(src/h6x_serial_interface/h6x_serial_interface) by extensions ['colcon_meta']
[0.096s] [34mcolcon.colcon_core.package_identification[0m [1;30mLevel 1[0m _identify(src/h6x_serial_interface/h6x_serial_interface) by extension 'colcon_meta'
[0.096s] [34mcolcon.colcon_core.package_identification[0m [1;30mLevel 1[0m _identify(src/h6x_serial_interface/h6x_serial_interface) by extensions ['ros']
[0.096s] [34mcolcon.colcon_core.package_identification[0m [1;30mLevel 1[0m _identify(src/h6x_serial_interface/h6x_serial_interface) by extension 'ros'
[0.096s] [34mcolcon.colcon_core.package_identification[0m [1;30mDEBUG[0m [32mPackage 'src/h6x_serial_interface/h6x_serial_interface' with type 'ros.ament_cmake' and name 'h6x_serial_interface'[0m
[0.096s] [34mcolcon.colcon_core.package_identification[0m [1;30mLevel 1[0m _identify(src/h6x_serial_interface/h6x_serial_interface_example) by extensions ['ignore', 'ignore_ament_install']
[0.097s] [34mcolcon.colcon_core.package_identification[0m [1;30mLevel 1[0m _identify(src/h6x_serial_interface/h6x_serial_interface_example) by extension 'ignore'
[0.097s] [34mcolcon.colcon_core.package_identification[0m [1;30mLevel 1[0m _identify(src/h6x_serial_interface/h6x_serial_interface_example) by extension 'ignore_ament_install'
[0.097s] [34mcolcon.colcon_core.package_identification[0m [1;30mLevel 1[0m _identify(src/h6x_serial_interface/h6x_serial_interface_example) by extensions ['colcon_pkg']
[0.097s] [34mcolcon.colcon_core.package_identification[0m [1;30mLevel 1[0m _identify(src/h6x_serial_interface/h6x_serial_interface_example) by extension 'colcon_pkg'
[0.097s] [34mcolcon.colcon_core.package_identification[0m [1;30mLevel 1[0m _identify(src/h6x_serial_interface/h6x_serial_interface_example) by extensions ['colcon_meta']
[0.097s] [34mcolcon.colcon_core.package_identification[0m [1;30mLevel 1[0m _identify(src/h6x_serial_interface/h6x_serial_interface_example) by extension 'colcon_meta'
[0.097s] [34mcolcon.colcon_core.package_identification[0m [1;30mLevel 1[0m _identify(src/h6x_serial_interface/h6x_serial_interface_example) by extensions ['ros']
[0.097s] [34mcolcon.colcon_core.package_identification[0m [1;30mLevel 1[0m _identify(src/h6x_serial_interface/h6x_serial_interface_example) by extension 'ros'
[0.097s] [34mcolcon.colcon_core.package_identification[0m [1;30mDEBUG[0m [32mPackage 'src/h6x_serial_interface/h6x_serial_interface_example' with type 'ros.ament_cmake' and name 'h6x_serial_interface_example'[0m
[0.097s] [34mcolcon.colcon_core.package_identification[0m [1;30mLevel 1[0m _identify(src/imu_tools) by extensions ['ignore', 'ignore_ament_install']
[0.097s] [34mcolcon.colcon_core.package_identification[0m [1;30mLevel 1[0m _identify(src/imu_tools) by extension 'ignore'
[0.097s] [34mcolcon.colcon_core.package_identification[0m [1;30mLevel 1[0m _identify(src/imu_tools) by extension 'ignore_ament_install'
[0.097s] [34mcolcon.colcon_core.package_identification[0m [1;30mLevel 1[0m _identify(src/imu_tools) by extensions ['colcon_pkg']
[0.097s] [34mcolcon.colcon_core.package_identification[0m [1;30mLevel 1[0m _identify(src/imu_tools) by extension 'colcon_pkg'
[0.097s] [34mcolcon.colcon_core.package_identification[0m [1;30mLevel 1[0m _identify(src/imu_tools) by extensions ['colcon_meta']
[0.097s] [34mcolcon.colcon_core.package_identification[0m [1;30mLevel 1[0m _identify(src/imu_tools) by extension 'colcon_meta'
[0.097s] [34mcolcon.colcon_core.package_identification[0m [1;30mLevel 1[0m _identify(src/imu_tools) by extensions ['ros']
[0.097s] [34mcolcon.colcon_core.package_identification[0m [1;30mLevel 1[0m _identify(src/imu_tools) by extension 'ros'
[0.097s] [34mcolcon.colcon_core.package_identification[0m [1;30mLevel 1[0m _identify(src/imu_tools) by extensions ['cmake', 'python']
[0.097s] [34mcolcon.colcon_core.package_identification[0m [1;30mLevel 1[0m _identify(src/imu_tools) by extension 'cmake'
[0.097s] [34mcolcon.colcon_core.package_identification[0m [1;30mLevel 1[0m _identify(src/imu_tools) by extension 'python'
[0.097s] [34mcolcon.colcon_core.package_identification[0m [1;30mLevel 1[0m _identify(src/imu_tools) by extensions ['python_setup_py']
[0.097s] [34mcolcon.colcon_core.package_identification[0m [1;30mLevel 1[0m _identify(src/imu_tools) by extension 'python_setup_py'
[0.097s] [34mcolcon.colcon_core.package_identification[0m [1;30mLevel 1[0m _identify(src/imu_tools/imu_complementary_filter) by extensions ['ignore', 'ignore_ament_install']
[0.097s] [34mcolcon.colcon_core.package_identification[0m [1;30mLevel 1[0m _identify(src/imu_tools/imu_complementary_filter) by extension 'ignore'
[0.097s] [34mcolcon.colcon_core.package_identification[0m [1;30mLevel 1[0m _identify(src/imu_tools/imu_complementary_filter) by extension 'ignore_ament_install'
[0.097s] [34mcolcon.colcon_core.package_identification[0m [1;30mLevel 1[0m _identify(src/imu_tools/imu_complementary_filter) by extensions ['colcon_pkg']
[0.097s] [34mcolcon.colcon_core.package_identification[0m [1;30mLevel 1[0m _identify(src/imu_tools/imu_complementary_filter) by extension 'colcon_pkg'
[0.097s] [34mcolcon.colcon_core.package_identification[0m [1;30mLevel 1[0m _identify(src/imu_tools/imu_complementary_filter) by extensions ['colcon_meta']
[0.097s] [34mcolcon.colcon_core.package_identification[0m [1;30mLevel 1[0m _identify(src/imu_tools/imu_complementary_filter) by extension 'colcon_meta'
[0.097s] [34mcolcon.colcon_core.package_identification[0m [1;30mLevel 1[0m _identify(src/imu_tools/imu_complementary_filter) by extensions ['ros']
[0.097s] [34mcolcon.colcon_core.package_identification[0m [1;30mLevel 1[0m _identify(src/imu_tools/imu_complementary_filter) by extension 'ros'
[0.097s] [34mcolcon.colcon_core.package_identification[0m [1;30mDEBUG[0m [32mPackage 'src/imu_tools/imu_complementary_filter' with type 'ros.ament_cmake' and name 'imu_complementary_filter'[0m
[0.098s] [34mcolcon.colcon_core.package_identification[0m [1;30mLevel 1[0m _identify(src/imu_tools/imu_filter_madgwick) by extensions ['ignore', 'ignore_ament_install']
[0.098s] [34mcolcon.colcon_core.package_identification[0m [1;30mLevel 1[0m _identify(src/imu_tools/imu_filter_madgwick) by extension 'ignore'
[0.098s] [34mcolcon.colcon_core.package_identification[0m [1;30mLevel 1[0m _identify(src/imu_tools/imu_filter_madgwick) by extension 'ignore_ament_install'
[0.098s] [34mcolcon.colcon_core.package_identification[0m [1;30mLevel 1[0m _identify(src/imu_tools/imu_filter_madgwick) by extensions ['colcon_pkg']
[0.098s] [34mcolcon.colcon_core.package_identification[0m [1;30mLevel 1[0m _identify(src/imu_tools/imu_filter_madgwick) by extension 'colcon_pkg'
[0.098s] [34mcolcon.colcon_core.package_identification[0m [1;30mLevel 1[0m _identify(src/imu_tools/imu_filter_madgwick) by extensions ['colcon_meta']
[0.098s] [34mcolcon.colcon_core.package_identification[0m [1;30mLevel 1[0m _identify(src/imu_tools/imu_filter_madgwick) by extension 'colcon_meta'
[0.098s] [34mcolcon.colcon_core.package_identification[0m [1;30mLevel 1[0m _identify(src/imu_tools/imu_filter_madgwick) by extensions ['ros']
[0.098s] [34mcolcon.colcon_core.package_identification[0m [1;30mLevel 1[0m _identify(src/imu_tools/imu_filter_madgwick) by extension 'ros'
[0.098s] [34mcolcon.colcon_core.package_identification[0m [1;30mDEBUG[0m [32mPackage 'src/imu_tools/imu_filter_madgwick' with type 'ros.ament_cmake' and name 'imu_filter_madgwick'[0m
[0.098s] [34mcolcon.colcon_core.package_identification[0m [1;30mLevel 1[0m _identify(src/imu_tools/imu_tools) by extensions ['ignore', 'ignore_ament_install']
[0.098s] [34mcolcon.colcon_core.package_identification[0m [1;30mLevel 1[0m _identify(src/imu_tools/imu_tools) by extension 'ignore'
[0.098s] [34mcolcon.colcon_core.package_identification[0m [1;30mLevel 1[0m _identify(src/imu_tools/imu_tools) by extension 'ignore_ament_install'
[0.098s] [34mcolcon.colcon_core.package_identification[0m [1;30mLevel 1[0m _identify(src/imu_tools/imu_tools) by extensions ['colcon_pkg']
[0.098s] [34mcolcon.colcon_core.package_identification[0m [1;30mLevel 1[0m _identify(src/imu_tools/imu_tools) by extension 'colcon_pkg'
[0.098s] [34mcolcon.colcon_core.package_identification[0m [1;30mLevel 1[0m _identify(src/imu_tools/imu_tools) by extensions ['colcon_meta']
[0.098s] [34mcolcon.colcon_core.package_identification[0m [1;30mLevel 1[0m _identify(src/imu_tools/imu_tools) by extension 'colcon_meta'
[0.098s] [34mcolcon.colcon_core.package_identification[0m [1;30mLevel 1[0m _identify(src/imu_tools/imu_tools) by extensions ['ros']
[0.098s] [34mcolcon.colcon_core.package_identification[0m [1;30mLevel 1[0m _identify(src/imu_tools/imu_tools) by extension 'ros'
[0.098s] [34mcolcon.colcon_core.package_identification[0m [1;30mDEBUG[0m [32mPackage 'src/imu_tools/imu_tools' with type 'ros.ament_cmake' and name 'imu_tools'[0m
[0.098s] [34mcolcon.colcon_core.package_identification[0m [1;30mLevel 1[0m _identify(src/imu_tools/rviz_imu_plugin) by extensions ['ignore', 'ignore_ament_install']
[0.098s] [34mcolcon.colcon_core.package_identification[0m [1;30mLevel 1[0m _identify(src/imu_tools/rviz_imu_plugin) by extension 'ignore'
[0.098s] [34mcolcon.colcon_core.package_identification[0m [1;30mLevel 1[0m _identify(src/imu_tools/rviz_imu_plugin) by extension 'ignore_ament_install'
[0.098s] [34mcolcon.colcon_core.package_identification[0m [1;30mLevel 1[0m _identify(src/imu_tools/rviz_imu_plugin) by extensions ['colcon_pkg']
[0.098s] [34mcolcon.colcon_core.package_identification[0m [1;30mLevel 1[0m _identify(src/imu_tools/rviz_imu_plugin) by extension 'colcon_pkg'
[0.098s] [34mcolcon.colcon_core.package_identification[0m [1;30mLevel 1[0m _identify(src/imu_tools/rviz_imu_plugin) by extensions ['colcon_meta']
[0.098s] [34mcolcon.colcon_core.package_identification[0m [1;30mLevel 1[0m _identify(src/imu_tools/rviz_imu_plugin) by extension 'colcon_meta'
[0.098s] [34mcolcon.colcon_core.package_identification[0m [1;30mLevel 1[0m _identify(src/imu_tools/rviz_imu_plugin) by extensions ['ros']
[0.099s] [34mcolcon.colcon_core.package_identification[0m [1;30mLevel 1[0m _identify(src/imu_tools/rviz_imu_plugin) by extension 'ros'
[0.099s] [34mcolcon.colcon_core.package_identification[0m [1;30mDEBUG[0m [32mPackage 'src/imu_tools/rviz_imu_plugin' with type 'ros.ament_cmake' and name 'rviz_imu_plugin'[0m
[0.099s] [34mcolcon.colcon_core.package_identification[0m [1;30mLevel 1[0m _identify(src/imu_trajectory_filter) by extensions ['ignore', 'ignore_ament_install']
[0.099s] [34mcolcon.colcon_core.package_identification[0m [1;30mLevel 1[0m _identify(src/imu_trajectory_filter) by extension 'ignore'
[0.099s] [34mcolcon.colcon_core.package_identification[0m [1;30mLevel 1[0m _identify(src/imu_trajectory_filter) by extension 'ignore_ament_install'
[0.099s] [34mcolcon.colcon_core.package_identification[0m [1;30mLevel 1[0m _identify(src/imu_trajectory_filter) by extensions ['colcon_pkg']
[0.099s] [34mcolcon.colcon_core.package_identification[0m [1;30mLevel 1[0m _identify(src/imu_trajectory_filter) by extension 'colcon_pkg'
[0.099s] [34mcolcon.colcon_core.package_identification[0m [1;30mLevel 1[0m _identify(src/imu_trajectory_filter) by extensions ['colcon_meta']
[0.099s] [34mcolcon.colcon_core.package_identification[0m [1;30mLevel 1[0m _identify(src/imu_trajectory_filter) by extension 'colcon_meta'
[0.099s] [34mcolcon.colcon_core.package_identification[0m [1;30mLevel 1[0m _identify(src/imu_trajectory_filter) by extensions ['ros']
[0.099s] [34mcolcon.colcon_core.package_identification[0m [1;30mLevel 1[0m _identify(src/imu_trajectory_filter) by extension 'ros'
[0.099s] [34mcolcon.colcon_core.package_identification[0m [1;30mDEBUG[0m [32mPackage 'src/imu_trajectory_filter' with type 'ros.ament_cmake' and name 'imu_trajectory_filter'[0m
[0.099s] [34mcolcon.colcon_core.package_discovery[0m [1;30mLevel 1[0m discover_packages(recursive) using defaults
[0.099s] [34mcolcon.colcon_core.package_discovery[0m [1;30mLevel 1[0m discover_packages(ignore) discover
[0.099s] [34mcolcon.colcon_core.package_discovery[0m [1;30mLevel 1[0m discover_packages(ignore) using defaults
[0.099s] [34mcolcon.colcon_core.package_discovery[0m [1;30mLevel 1[0m discover_packages(path) discover
[0.099s] [34mcolcon.colcon_core.package_discovery[0m [1;30mLevel 1[0m discover_packages(path) using defaults
[0.106s] [34mcolcon.colcon_core.verb[0m [1;30mLevel 5[0m set package 'h6x_packet_handler' build argument 'cmake_args' from command line to '['-DCMAKE_PREFIX_PATH=/usr/local', '-DCMAKE_CXX_FLAGS=-I/usr/local/include', '-DCMAKE_EXE_LINKER_FLAGS=-L/usr/local/lib']'
[0.106s] [34mcolcon.colcon_core.verb[0m [1;30mLevel 5[0m set package 'h6x_packet_handler' build argument 'cmake_target' from command line to 'None'
[0.106s] [34mcolcon.colcon_core.verb[0m [1;30mLevel 5[0m set package 'h6x_packet_handler' build argument 'cmake_target_skip_unavailable' from command line to 'False'
[0.106s] [34mcolcon.colcon_core.verb[0m [1;30mLevel 5[0m set package 'h6x_packet_handler' build argument 'cmake_clean_cache' from command line to 'False'
[0.106s] [34mcolcon.colcon_core.verb[0m [1;30mLevel 5[0m set package 'h6x_packet_handler' build argument 'cmake_clean_first' from command line to 'False'
[0.106s] [34mcolcon.colcon_core.verb[0m [1;30mLevel 5[0m set package 'h6x_packet_handler' build argument 'cmake_force_configure' from command line to 'False'
[0.106s] [34mcolcon.colcon_core.verb[0m [1;30mLevel 5[0m set package 'h6x_packet_handler' build argument 'ament_cmake_args' from command line to 'None'
[0.106s] [34mcolcon.colcon_core.verb[0m [1;30mLevel 5[0m set package 'h6x_packet_handler' build argument 'catkin_cmake_args' from command line to 'None'
[0.106s] [34mcolcon.colcon_core.verb[0m [1;30mLevel 5[0m set package 'h6x_packet_handler' build argument 'catkin_skip_building_tests' from command line to 'False'
[0.106s] [34mcolcon.colcon_core.verb[0m [1;30mDEBUG[0m [32mBuilding package 'h6x_packet_handler' with the following arguments: {'ament_cmake_args': None, 'build_base': '/Users/yosuke/gits/cxd5602pwbimu_ros2_driver/ros2_ws/build/h6x_packet_handler', 'catkin_cmake_args': None, 'catkin_skip_building_tests': False, 'cmake_args': ['-DCMAKE_PREFIX_PATH=/usr/local', '-DCMAKE_CXX_FLAGS=-I/usr/local/include', '-DCMAKE_EXE_LINKER_FLAGS=-L/usr/local/lib'], 'cmake_clean_cache': False, 'cmake_clean_first': False, 'cmake_force_configure': False, 'cmake_target': None, 'cmake_target_skip_unavailable': False, 'install_base': '/Users/yosuke/gits/cxd5602pwbimu_ros2_driver/ros2_ws/install/h6x_packet_handler', 'merge_install': False, 'path': '/Users/yosuke/gits/cxd5602pwbimu_ros2_driver/ros2_ws/src/h6x_serial_interface/h6x_packet_handler', 'symlink_install': False, 'test_result_base': None}[0m
[0.107s] [34mcolcon.colcon_core.verb[0m [1;30mLevel 5[0m set package 'h6x_serial_interface' build argument 'cmake_args' from command line to '['-DCMAKE_PREFIX_PATH=/usr/local', '-DCMAKE_CXX_FLAGS=-I/usr/local/include', '-DCMAKE_EXE_LINKER_FLAGS=-L/usr/local/lib']'
[0.107s] [34mcolcon.colcon_core.verb[0m [1;30mLevel 5[0m set package 'h6x_serial_interface' build argument 'cmake_target' from command line to 'None'
[0.107s] [34mcolcon.colcon_core.verb[0m [1;30mLevel 5[0m set package 'h6x_serial_interface' build argument 'cmake_target_skip_unavailable' from command line to 'False'
[0.107s] [34mcolcon.colcon_core.verb[0m [1;30mLevel 5[0m set package 'h6x_serial_interface' build argument 'cmake_clean_cache' from command line to 'False'
[0.107s] [34mcolcon.colcon_core.verb[0m [1;30mLevel 5[0m set package 'h6x_serial_interface' build argument 'cmake_clean_first' from command line to 'False'
[0.107s] [34mcolcon.colcon_core.verb[0m [1;30mLevel 5[0m set package 'h6x_serial_interface' build argument 'cmake_force_configure' from command line to 'False'
[0.107s] [34mcolcon.colcon_core.verb[0m [1;30mLevel 5[0m set package 'h6x_serial_interface' build argument 'ament_cmake_args' from command line to 'None'
[0.107s] [34mcolcon.colcon_core.verb[0m [1;30mLevel 5[0m set package 'h6x_serial_interface' build argument 'catkin_cmake_args' from command line to 'None'
[0.107s] [34mcolcon.colcon_core.verb[0m [1;30mLevel 5[0m set package 'h6x_serial_interface' build argument 'catkin_skip_building_tests' from command line to 'False'
[0.107s] [34mcolcon.colcon_core.verb[0m [1;30mDEBUG[0m [32mBuilding package 'h6x_serial_interface' with the following arguments: {'ament_cmake_args': None, 'build_base': '/Users/yosuke/gits/cxd5602pwbimu_ros2_driver/ros2_ws/build/h6x_serial_interface', 'catkin_cmake_args': None, 'catkin_skip_building_tests': False, 'cmake_args': ['-DCMAKE_PREFIX_PATH=/usr/local', '-DCMAKE_CXX_FLAGS=-I/usr/local/include', '-DCMAKE_EXE_LINKER_FLAGS=-L/usr/local/lib'], 'cmake_clean_cache': False, 'cmake_clean_first': False, 'cmake_force_configure': False, 'cmake_target': None, 'cmake_target_skip_unavailable': False, 'install_base': '/Users/yosuke/gits/cxd5602pwbimu_ros2_driver/ros2_ws/install/h6x_serial_interface', 'merge_install': False, 'path': '/Users/yosuke/gits/cxd5602pwbimu_ros2_driver/ros2_ws/src/h6x_serial_interface/h6x_serial_interface', 'symlink_install': False, 'test_result_base': None}[0m
[0.107s] [34mcolcon.colcon_core.verb[0m [1;30mLevel 5[0m set package 'imu_complementary_filter' build argument 'cmake_args' from command line to '['-DCMAKE_PREFIX_PATH=/usr/local', '-DCMAKE_CXX_FLAGS=-I/usr/local/include', '-DCMAKE_EXE_LINKER_FLAGS=-L/usr/local/lib']'
[0.107s] [34mcolcon.colcon_core.verb[0m [1;30mLevel 5[0m set package 'imu_complementary_filter' build argument 'cmake_target' from command line to 'None'
[0.107s] [34mcolcon.colcon_core.verb[0m [1;30mLevel 5[0m set package 'imu_complementary_filter' build argument 'cmake_target_skip_unavailable' from command line to 'False'
[0.107s] [34mcolcon.colcon_core.verb[0m [1;30mLevel 5[0m set package 'imu_complementary_filter' build argument 'cmake_clean_cache' from command line to 'False'
[0.107s] [34mcolcon.colcon_core.verb[0m [1;30mLevel 5[0m set package 'imu_complementary_filter' build argument 'cmake_clean_first' from command line to 'False'
[0.107s] [34mcolcon.colcon_core.verb[0m [1;30mLevel 5[0m set package 'imu_complementary_filter' build argument 'cmake_force_configure' from command line to 'False'
[0.107s] [34mcolcon.colcon_core.verb[0m [1;30mLevel 5[0m set package 'imu_complementary_filter' build argument 'ament_cmake_args' from command line to 'None'
[0.107s] [34mcolcon.colcon_core.verb[0m [1;30mLevel 5[0m set package 'imu_complementary_filter' build argument 'catkin_cmake_args' from command line to 'None'
[0.107s] [34mcolcon.colcon_core.verb[0m [1;30mLevel 5[0m set package 'imu_complementary_filter' build argument 'catkin_skip_building_tests' from command line to 'False'
[0.107s] [34mcolcon.colcon_core.verb[0m [1;30mDEBUG[0m [32mBuilding package 'imu_complementary_filter' with the following arguments: {'ament_cmake_args': None, 'build_base': '/Users/yosuke/gits/cxd5602pwbimu_ros2_driver/ros2_ws/build/imu_complementary_filter', 'catkin_cmake_args': None, 'catkin_skip_building_tests': False, 'cmake_args': ['-DCMAKE_PREFIX_PATH=/usr/local', '-DCMAKE_CXX_FLAGS=-I/usr/local/include', '-DCMAKE_EXE_LINKER_FLAGS=-L/usr/local/lib'], 'cmake_clean_cache': False, 'cmake_clean_first': False, 'cmake_force_configure': False, 'cmake_target': None, 'cmake_target_skip_unavailable': False, 'install_base': '/Users/yosuke/gits/cxd5602pwbimu_ros2_driver/ros2_ws/install/imu_complementary_filter', 'merge_install': False, 'path': '/Users/yosuke/gits/cxd5602pwbimu_ros2_driver/ros2_ws/src/imu_tools/imu_complementary_filter', 'symlink_install': False, 'test_result_base': None}[0m
[0.107s] [34mcolcon.colcon_core.verb[0m [1;30mLevel 5[0m set package 'imu_filter_madgwick' build argument 'cmake_args' from command line to '['-DCMAKE_PREFIX_PATH=/usr/local', '-DCMAKE_CXX_FLAGS=-I/usr/local/include', '-DCMAKE_EXE_LINKER_FLAGS=-L/usr/local/lib']'
[0.107s] [34mcolcon.colcon_core.verb[0m [1;30mLevel 5[0m set package 'imu_filter_madgwick' build argument 'cmake_target' from command line to 'None'
[0.107s] [34mcolcon.colcon_core.verb[0m [1;30mLevel 5[0m set package 'imu_filter_madgwick' build argument 'cmake_target_skip_unavailable' from command line to 'False'
[0.107s] [34mcolcon.colcon_core.verb[0m [1;30mLevel 5[0m set package 'imu_filter_madgwick' build argument 'cmake_clean_cache' from command line to 'False'
[0.107s] [34mcolcon.colcon_core.verb[0m [1;30mLevel 5[0m set package 'imu_filter_madgwick' build argument 'cmake_clean_first' from command line to 'False'
[0.107s] [34mcolcon.colcon_core.verb[0m [1;30mLevel 5[0m set package 'imu_filter_madgwick' build argument 'cmake_force_configure' from command line to 'False'
[0.107s] [34mcolcon.colcon_core.verb[0m [1;30mLevel 5[0m set package 'imu_filter_madgwick' build argument 'ament_cmake_args' from command line to 'None'
[0.107s] [34mcolcon.colcon_core.verb[0m [1;30mLevel 5[0m set package 'imu_filter_madgwick' build argument 'catkin_cmake_args' from command line to 'None'
[0.107s] [34mcolcon.colcon_core.verb[0m [1;30mLevel 5[0m set package 'imu_filter_madgwick' build argument 'catkin_skip_building_tests' from command line to 'False'
[0.107s] [34mcolcon.colcon_core.verb[0m [1;30mDEBUG[0m [32mBuilding package 'imu_filter_madgwick' with the following arguments: {'ament_cmake_args': None, 'build_base': '/Users/yosuke/gits/cxd5602pwbimu_ros2_driver/ros2_ws/build/imu_filter_madgwick', 'catkin_cmake_args': None, 'catkin_skip_building_tests': False, 'cmake_args': ['-DCMAKE_PREFIX_PATH=/usr/local', '-DCMAKE_CXX_FLAGS=-I/usr/local/include', '-DCMAKE_EXE_LINKER_FLAGS=-L/usr/local/lib'], 'cmake_clean_cache': False, 'cmake_clean_first': False, 'cmake_force_configure': False, 'cmake_target': None, 'cmake_target_skip_unavailable': False, 'install_base': '/Users/yosuke/gits/cxd5602pwbimu_ros2_driver/ros2_ws/install/imu_filter_madgwick', 'merge_install': False, 'path': '/Users/yosuke/gits/cxd5602pwbimu_ros2_driver/ros2_ws/src/imu_tools/imu_filter_madgwick', 'symlink_install': False, 'test_result_base': None}[0m
[0.107s] [34mcolcon.colcon_core.verb[0m [1;30mLevel 5[0m set package 'imu_trajectory_filter' build argument 'cmake_args' from command line to '['-DCMAKE_PREFIX_PATH=/usr/local', '-DCMAKE_CXX_FLAGS=-I/usr/local/include', '-DCMAKE_EXE_LINKER_FLAGS=-L/usr/local/lib']'
[0.107s] [34mcolcon.colcon_core.verb[0m [1;30mLevel 5[0m set package 'imu_trajectory_filter' build argument 'cmake_target' from command line to 'None'
[0.107s] [34mcolcon.colcon_core.verb[0m [1;30mLevel 5[0m set package 'imu_trajectory_filter' build argument 'cmake_target_skip_unavailable' from command line to 'False'
[0.107s] [34mcolcon.colcon_core.verb[0m [1;30mLevel 5[0m set package 'imu_trajectory_filter' build argument 'cmake_clean_cache' from command line to 'False'
[0.107s] [34mcolcon.colcon_core.verb[0m [1;30mLevel 5[0m set package 'imu_trajectory_filter' build argument 'cmake_clean_first' from command line to 'False'
[0.107s] [34mcolcon.colcon_core.verb[0m [1;30mLevel 5[0m set package 'imu_trajectory_filter' build argument 'cmake_force_configure' from command line to 'False'
[0.107s] [34mcolcon.colcon_core.verb[0m [1;30mLevel 5[0m set package 'imu_trajectory_filter' build argument 'ament_cmake_args' from command line to 'None'
[0.107s] [34mcolcon.colcon_core.verb[0m [1;30mLevel 5[0m set package 'imu_trajectory_filter' build argument 'catkin_cmake_args' from command line to 'None'
[0.107s] [34mcolcon.colcon_core.verb[0m [1;30mLevel 5[0m set package 'imu_trajectory_filter' build argument 'catkin_skip_building_tests' from command line to 'False'
[0.107s] [34mcolcon.colcon_core.verb[0m [1;30mDEBUG[0m [32mBuilding package 'imu_trajectory_filter' with the following arguments: {'ament_cmake_args': None, 'build_base': '/Users/yosuke/gits/cxd5602pwbimu_ros2_driver/ros2_ws/build/imu_trajectory_filter', 'catkin_cmake_args': None, 'catkin_skip_building_tests': False, 'cmake_args': ['-DCMAKE_PREFIX_PATH=/usr/local', '-DCMAKE_CXX_FLAGS=-I/usr/local/include', '-DCMAKE_EXE_LINKER_FLAGS=-L/usr/local/lib'], 'cmake_clean_cache': False, 'cmake_clean_first': False, 'cmake_force_configure': False, 'cmake_target': None, 'cmake_target_skip_unavailable': False, 'install_base': '/Users/yosuke/gits/cxd5602pwbimu_ros2_driver/ros2_ws/install/imu_trajectory_filter', 'merge_install': False, 'path': '/Users/yosuke/gits/cxd5602pwbimu_ros2_driver/ros2_ws/src/imu_trajectory_filter', 'symlink_install': False, 'test_result_base': None}[0m
[0.107s] [34mcolcon.colcon_core.verb[0m [1;30mLevel 5[0m set package 'rviz_imu_plugin' build argument 'cmake_args' from command line to '['-DCMAKE_PREFIX_PATH=/usr/local', '-DCMAKE_CXX_FLAGS=-I/usr/local/include', '-DCMAKE_EXE_LINKER_FLAGS=-L/usr/local/lib']'
[0.107s] [34mcolcon.colcon_core.verb[0m [1;30mLevel 5[0m set package 'rviz_imu_plugin' build argument 'cmake_target' from command line to 'None'
[0.107s] [34mcolcon.colcon_core.verb[0m [1;30mLevel 5[0m set package 'rviz_imu_plugin' build argument 'cmake_target_skip_unavailable' from command line to 'False'
[0.107s] [34mcolcon.colcon_core.verb[0m [1;30mLevel 5[0m set package 'rviz_imu_plugin' build argument 'cmake_clean_cache' from command line to 'False'
[0.107s] [34mcolcon.colcon_core.verb[0m [1;30mLevel 5[0m set package 'rviz_imu_plugin' build argument 'cmake_clean_first' from command line to 'False'
[0.107s] [34mcolcon.colcon_core.verb[0m [1;30mLevel 5[0m set package 'rviz_imu_plugin' build argument 'cmake_force_configure' from command line to 'False'
[0.107s] [34mcolcon.colcon_core.verb[0m [1;30mLevel 5[0m set package 'rviz_imu_plugin' build argument 'ament_cmake_args' from command line to 'None'
[0.107s] [34mcolcon.colcon_core.verb[0m [1;30mLevel 5[0m set package 'rviz_imu_plugin' build argument 'catkin_cmake_args' from command line to 'None'
[0.107s] [34mcolcon.colcon_core.verb[0m [1;30mLevel 5[0m set package 'rviz_imu_plugin' build argument 'catkin_skip_building_tests' from command line to 'False'
[0.107s] [34mcolcon.colcon_core.verb[0m [1;30mDEBUG[0m [32mBuilding package 'rviz_imu_plugin' with the following arguments: {'ament_cmake_args': None, 'build_base': '/Users/yosuke/gits/cxd5602pwbimu_ros2_driver/ros2_ws/build/rviz_imu_plugin', 'catkin_cmake_args': None, 'catkin_skip_building_tests': False, 'cmake_args': ['-DCMAKE_PREFIX_PATH=/usr/local', '-DCMAKE_CXX_FLAGS=-I/usr/local/include', '-DCMAKE_EXE_LINKER_FLAGS=-L/usr/local/lib'], 'cmake_clean_cache': False, 'cmake_clean_first': False, 'cmake_force_configure': False, 'cmake_target': None, 'cmake_target_skip_unavailable': False, 'install_base': '/Users/yosuke/gits/cxd5602pwbimu_ros2_driver/ros2_ws/install/rviz_imu_plugin', 'merge_install': False, 'path': '/Users/yosuke/gits/cxd5602pwbimu_ros2_driver/ros2_ws/src/imu_tools/rviz_imu_plugin', 'symlink_install': False, 'test_result_base': None}[0m
[0.107s] [34mcolcon.colcon_core.verb[0m [1;30mLevel 5[0m set package 'cxd5602pwbimu_driver_node' build argument 'cmake_args' from command line to '['-DCMAKE_PREFIX_PATH=/usr/local', '-DCMAKE_CXX_FLAGS=-I/usr/local/include', '-DCMAKE_EXE_LINKER_FLAGS=-L/usr/local/lib']'
[0.107s] [34mcolcon.colcon_core.verb[0m [1;30mLevel 5[0m set package 'cxd5602pwbimu_driver_node' build argument 'cmake_target' from command line to 'None'
[0.107s] [34mcolcon.colcon_core.verb[0m [1;30mLevel 5[0m set package 'cxd5602pwbimu_driver_node' build argument 'cmake_target_skip_unavailable' from command line to 'False'
[0.107s] [34mcolcon.colcon_core.verb[0m [1;30mLevel 5[0m set package 'cxd5602pwbimu_driver_node' build argument 'cmake_clean_cache' from command line to 'False'
[0.107s] [34mcolcon.colcon_core.verb[0m [1;30mLevel 5[0m set package 'cxd5602pwbimu_driver_node' build argument 'cmake_clean_first' from command line to 'False'
[0.107s] [34mcolcon.colcon_core.verb[0m [1;30mLevel 5[0m set package 'cxd5602pwbimu_driver_node' build argument 'cmake_force_configure' from command line to 'False'
[0.107s] [34mcolcon.colcon_core.verb[0m [1;30mLevel 5[0m set package 'cxd5602pwbimu_driver_node' build argument 'ament_cmake_args' from command line to 'None'
[0.107s] [34mcolcon.colcon_core.verb[0m [1;30mLevel 5[0m set package 'cxd5602pwbimu_driver_node' build argument 'catkin_cmake_args' from command line to 'None'
[0.107s] [34mcolcon.colcon_core.verb[0m [1;30mLevel 5[0m set package 'cxd5602pwbimu_driver_node' build argument 'catkin_skip_building_tests' from command line to 'False'
[0.107s] [34mcolcon.colcon_core.verb[0m [1;30mDEBUG[0m [32mBuilding package 'cxd5602pwbimu_driver_node' with the following arguments: {'ament_cmake_args': None, 'build_base': '/Users/yosuke/gits/cxd5602pwbimu_ros2_driver/ros2_ws/build/cxd5602pwbimu_driver_node', 'catkin_cmake_args': None, 'catkin_skip_building_tests': False, 'cmake_args': ['-DCMAKE_PREFIX_PATH=/usr/local', '-DCMAKE_CXX_FLAGS=-I/usr/local/include', '-DCMAKE_EXE_LINKER_FLAGS=-L/usr/local/lib'], 'cmake_clean_cache': False, 'cmake_clean_first': False, 'cmake_force_configure': False, 'cmake_target': None, 'cmake_target_skip_unavailable': False, 'install_base': '/Users/yosuke/gits/cxd5602pwbimu_ros2_driver/ros2_ws/install/cxd5602pwbimu_driver_node', 'merge_install': False, 'path': '/Users/yosuke/gits/cxd5602pwbimu_ros2_driver/ros2_ws/src/cxd5602pwbimu_driver_node', 'symlink_install': False, 'test_result_base': None}[0m
[0.108s] [34mcolcon.colcon_core.verb[0m [1;30mLevel 5[0m set package 'h6x_serial_interface_example' build argument 'cmake_args' from command line to '['-DCMAKE_PREFIX_PATH=/usr/local', '-DCMAKE_CXX_FLAGS=-I/usr/local/include', '-DCMAKE_EXE_LINKER_FLAGS=-L/usr/local/lib']'
[0.108s] [34mcolcon.colcon_core.verb[0m [1;30mLevel 5[0m set package 'h6x_serial_interface_example' build argument 'cmake_target' from command line to 'None'
[0.108s] [34mcolcon.colcon_core.verb[0m [1;30mLevel 5[0m set package 'h6x_serial_interface_example' build argument 'cmake_target_skip_unavailable' from command line to 'False'
[0.108s] [34mcolcon.colcon_core.verb[0m [1;30mLevel 5[0m set package 'h6x_serial_interface_example' build argument 'cmake_clean_cache' from command line to 'False'
[0.108s] [34mcolcon.colcon_core.verb[0m [1;30mLevel 5[0m set package 'h6x_serial_interface_example' build argument 'cmake_clean_first' from command line to 'False'
[0.108s] [34mcolcon.colcon_core.verb[0m [1;30mLevel 5[0m set package 'h6x_serial_interface_example' build argument 'cmake_force_configure' from command line to 'False'
[0.108s] [34mcolcon.colcon_core.verb[0m [1;30mLevel 5[0m set package 'h6x_serial_interface_example' build argument 'ament_cmake_args' from command line to 'None'
[0.108s] [34mcolcon.colcon_core.verb[0m [1;30mLevel 5[0m set package 'h6x_serial_interface_example' build argument 'catkin_cmake_args' from command line to 'None'
[0.108s] [34mcolcon.colcon_core.verb[0m [1;30mLevel 5[0m set package 'h6x_serial_interface_example' build argument 'catkin_skip_building_tests' from command line to 'False'
[0.108s] [34mcolcon.colcon_core.verb[0m [1;30mDEBUG[0m [32mBuilding package 'h6x_serial_interface_example' with the following arguments: {'ament_cmake_args': None, 'build_base': '/Users/yosuke/gits/cxd5602pwbimu_ros2_driver/ros2_ws/build/h6x_serial_interface_example', 'catkin_cmake_args': None, 'catkin_skip_building_tests': False, 'cmake_args': ['-DCMAKE_PREFIX_PATH=/usr/local', '-DCMAKE_CXX_FLAGS=-I/usr/local/include', '-DCMAKE_EXE_LINKER_FLAGS=-L/usr/local/lib'], 'cmake_clean_cache': False, 'cmake_clean_first': False, 'cmake_force_configure': False, 'cmake_target': None, 'cmake_target_skip_unavailable': False, 'install_base': '/Users/yosuke/gits/cxd5602pwbimu_ros2_driver/ros2_ws/install/h6x_serial_interface_example', 'merge_install': False, 'path': '/Users/yosuke/gits/cxd5602pwbimu_ros2_driver/ros2_ws/src/h6x_serial_interface/h6x_serial_interface_example', 'symlink_install': False, 'test_result_base': None}[0m
[0.108s] [34mcolcon.colcon_core.verb[0m [1;30mLevel 5[0m set package 'imu_tools' build argument 'cmake_args' from command line to '['-DCMAKE_PREFIX_PATH=/usr/local', '-DCMAKE_CXX_FLAGS=-I/usr/local/include', '-DCMAKE_EXE_LINKER_FLAGS=-L/usr/local/lib']'
[0.108s] [34mcolcon.colcon_core.verb[0m [1;30mLevel 5[0m set package 'imu_tools' build argument 'cmake_target' from command line to 'None'
[0.108s] [34mcolcon.colcon_core.verb[0m [1;30mLevel 5[0m set package 'imu_tools' build argument 'cmake_target_skip_unavailable' from command line to 'False'
[0.108s] [34mcolcon.colcon_core.verb[0m [1;30mLevel 5[0m set package 'imu_tools' build argument 'cmake_clean_cache' from command line to 'False'
[0.108s] [34mcolcon.colcon_core.verb[0m [1;30mLevel 5[0m set package 'imu_tools' build argument 'cmake_clean_first' from command line to 'False'
[0.108s] [34mcolcon.colcon_core.verb[0m [1;30mLevel 5[0m set package 'imu_tools' build argument 'cmake_force_configure' from command line to 'False'
[0.108s] [34mcolcon.colcon_core.verb[0m [1;30mLevel 5[0m set package 'imu_tools' build argument 'ament_cmake_args' from command line to 'None'
[0.108s] [34mcolcon.colcon_core.verb[0m [1;30mLevel 5[0m set package 'imu_tools' build argument 'catkin_cmake_args' from command line to 'None'
[0.108s] [34mcolcon.colcon_core.verb[0m [1;30mLevel 5[0m set package 'imu_tools' build argument 'catkin_skip_building_tests' from command line to 'False'
[0.108s] [34mcolcon.colcon_core.verb[0m [1;30mDEBUG[0m [32mBuilding package 'imu_tools' with the following arguments: {'ament_cmake_args': None, 'build_base': '/Users/yosuke/gits/cxd5602pwbimu_ros2_driver/ros2_ws/build/imu_tools', 'catkin_cmake_args': None, 'catkin_skip_building_tests': False, 'cmake_args': ['-DCMAKE_PREFIX_PATH=/usr/local', '-DCMAKE_CXX_FLAGS=-I/usr/local/include', '-DCMAKE_EXE_LINKER_FLAGS=-L/usr/local/lib'], 'cmake_clean_cache': False, 'cmake_clean_first': False, 'cmake_force_configure': False, 'cmake_target': None, 'cmake_target_skip_unavailable': False, 'install_base': '/Users/yosuke/gits/cxd5602pwbimu_ros2_driver/ros2_ws/install/imu_tools', 'merge_install': False, 'path': '/Users/yosuke/gits/cxd5602pwbimu_ros2_driver/ros2_ws/src/imu_tools/imu_tools', 'symlink_install': False, 'test_result_base': None}[0m
[0.108s] [34mcolcon.colcon_core.verb[0m [1;30mLevel 5[0m set package 'cxd5602pwbimu_driver_bringup' build argument 'cmake_args' from command line to '['-DCMAKE_PREFIX_PATH=/usr/local', '-DCMAKE_CXX_FLAGS=-I/usr/local/include', '-DCMAKE_EXE_LINKER_FLAGS=-L/usr/local/lib']'
[0.108s] [34mcolcon.colcon_core.verb[0m [1;30mLevel 5[0m set package 'cxd5602pwbimu_driver_bringup' build argument 'cmake_target' from command line to 'None'
[0.108s] [34mcolcon.colcon_core.verb[0m [1;30mLevel 5[0m set package 'cxd5602pwbimu_driver_bringup' build argument 'cmake_target_skip_unavailable' from command line to 'False'
[0.108s] [34mcolcon.colcon_core.verb[0m [1;30mLevel 5[0m set package 'cxd5602pwbimu_driver_bringup' build argument 'cmake_clean_cache' from command line to 'False'
[0.108s] [34mcolcon.colcon_core.verb[0m [1;30mLevel 5[0m set package 'cxd5602pwbimu_driver_bringup' build argument 'cmake_clean_first' from command line to 'False'
[0.108s] [34mcolcon.colcon_core.verb[0m [1;30mLevel 5[0m set package 'cxd5602pwbimu_driver_bringup' build argument 'cmake_force_configure' from command line to 'False'
[0.108s] [34mcolcon.colcon_core.verb[0m [1;30mLevel 5[0m set package 'cxd5602pwbimu_driver_bringup' build argument 'ament_cmake_args' from command line to 'None'
[0.108s] [34mcolcon.colcon_core.verb[0m [1;30mLevel 5[0m set package 'cxd5602pwbimu_driver_bringup' build argument 'catkin_cmake_args' from command line to 'None'
[0.108s] [34mcolcon.colcon_core.verb[0m [1;30mLevel 5[0m set package 'cxd5602pwbimu_driver_bringup' build argument 'catkin_skip_building_tests' from command line to 'False'
[0.108s] [34mcolcon.colcon_core.verb[0m [1;30mDEBUG[0m [32mBuilding package 'cxd5602pwbimu_driver_bringup' with the following arguments: {'ament_cmake_args': None, 'build_base': '/Users/yosuke/gits/cxd5602pwbimu_ros2_driver/ros2_ws/build/cxd5602pwbimu_driver_bringup', 'catkin_cmake_args': None, 'catkin_skip_building_tests': False, 'cmake_args': ['-DCMAKE_PREFIX_PATH=/usr/local', '-DCMAKE_CXX_FLAGS=-I/usr/local/include', '-DCMAKE_EXE_LINKER_FLAGS=-L/usr/local/lib'], 'cmake_clean_cache': False, 'cmake_clean_first': False, 'cmake_force_configure': False, 'cmake_target': None, 'cmake_target_skip_unavailable': False, 'install_base': '/Users/yosuke/gits/cxd5602pwbimu_ros2_driver/ros2_ws/install/cxd5602pwbimu_driver_bringup', 'merge_install': False, 'path': '/Users/yosuke/gits/cxd5602pwbimu_ros2_driver/ros2_ws/src/cxd5602pwbimu_driver_bringup', 'symlink_install': False, 'test_result_base': None}[0m
[0.108s] [34mcolcon.colcon_core.verb[0m [1;30mLevel 5[0m set package 'cxd5602pwbimu_driver' build argument 'cmake_args' from command line to '['-DCMAKE_PREFIX_PATH=/usr/local', '-DCMAKE_CXX_FLAGS=-I/usr/local/include', '-DCMAKE_EXE_LINKER_FLAGS=-L/usr/local/lib']'
[0.108s] [34mcolcon.colcon_core.verb[0m [1;30mLevel 5[0m set package 'cxd5602pwbimu_driver' build argument 'cmake_target' from command line to 'None'
[0.108s] [34mcolcon.colcon_core.verb[0m [1;30mLevel 5[0m set package 'cxd5602pwbimu_driver' build argument 'cmake_target_skip_unavailable' from command line to 'False'
[0.108s] [34mcolcon.colcon_core.verb[0m [1;30mLevel 5[0m set package 'cxd5602pwbimu_driver' build argument 'cmake_clean_cache' from command line to 'False'
[0.108s] [34mcolcon.colcon_core.verb[0m [1;30mLevel 5[0m set package 'cxd5602pwbimu_driver' build argument 'cmake_clean_first' from command line to 'False'
[0.108s] [34mcolcon.colcon_core.verb[0m [1;30mLevel 5[0m set package 'cxd5602pwbimu_driver' build argument 'cmake_force_configure' from command line to 'False'
[0.108s] [34mcolcon.colcon_core.verb[0m [1;30mLevel 5[0m set package 'cxd5602pwbimu_driver' build argument 'ament_cmake_args' from command line to 'None'
[0.108s] [34mcolcon.colcon_core.verb[0m [1;30mLevel 5[0m set package 'cxd5602pwbimu_driver' build argument 'catkin_cmake_args' from command line to 'None'
[0.108s] [34mcolcon.colcon_core.verb[0m [1;30mLevel 5[0m set package 'cxd5602pwbimu_driver' build argument 'catkin_skip_building_tests' from command line to 'False'
[0.108s] [34mcolcon.colcon_core.verb[0m [1;30mDEBUG[0m [32mBuilding package 'cxd5602pwbimu_driver' with the following arguments: {'ament_cmake_args': None, 'build_base': '/Users/yosuke/gits/cxd5602pwbimu_ros2_driver/ros2_ws/build/cxd5602pwbimu_driver', 'catkin_cmake_args': None, 'catkin_skip_building_tests': False, 'cmake_args': ['-DCMAKE_PREFIX_PATH=/usr/local', '-DCMAKE_CXX_FLAGS=-I/usr/local/include', '-DCMAKE_EXE_LINKER_FLAGS=-L/usr/local/lib'], 'cmake_clean_cache': False, 'cmake_clean_first': False, 'cmake_force_configure': False, 'cmake_target': None, 'cmake_target_skip_unavailable': False, 'install_base': '/Users/yosuke/gits/cxd5602pwbimu_ros2_driver/ros2_ws/install/cxd5602pwbimu_driver', 'merge_install': False, 'path': '/Users/yosuke/gits/cxd5602pwbimu_ros2_driver/ros2_ws/src/cxd5602pwbimu_driver', 'symlink_install': False, 'test_result_base': None}[0m
[0.108s] [34mcolcon.colcon_core.executor[0m [1;30mINFO[0m Executing jobs using 'parallel' executor
[0.108s] [34mcolcon.colcon_parallel_executor.executor.parallel[0m [1;30mDEBUG[0m [32mrun_until_complete[0m
[0.109s] [34mcolcon.colcon_ros.task.ament_cmake.build[0m [1;30mINFO[0m Building ROS package in '/Users/yosuke/gits/cxd5602pwbimu_ros2_driver/ros2_ws/src/h6x_serial_interface/h6x_serial_interface' with build type 'ament_cmake'
[0.109s] [34mcolcon.colcon_cmake.task.cmake.build[0m [1;30mINFO[0m Building CMake package in '/Users/yosuke/gits/cxd5602pwbimu_ros2_driver/ros2_ws/src/h6x_serial_interface/h6x_serial_interface'
[0.109s] [34mcolcon.colcon_core.plugin_system[0m [1;30mINFO[0m Skipping extension 'colcon_core.shell.bat': Not used on non-Windows systems
[0.110s] [34mcolcon.colcon_core.shell[0m [1;30mINFO[0m Skip shell extension 'powershell' for command environment: Not usable outside of PowerShell
[0.110s] [34mcolcon.colcon_core.shell[0m [1;30mDEBUG[0m [32mSkip shell extension 'dsv' for command environment[0m
[0.113s] [34mcolcon.colcon_ros.task.ament_cmake.build[0m [1;30mINFO[0m Building ROS package in '/Users/yosuke/gits/cxd5602pwbimu_ros2_driver/ros2_ws/src/imu_tools/imu_filter_madgwick' with build type 'ament_cmake'
[0.113s] [34mcolcon.colcon_cmake.task.cmake.build[0m [1;30mINFO[0m Building CMake package in '/Users/yosuke/gits/cxd5602pwbimu_ros2_driver/ros2_ws/src/imu_tools/imu_filter_madgwick'
[0.113s] [34mcolcon.colcon_core.shell[0m [1;30mINFO[0m Skip shell extension 'powershell' for command environment: Not usable outside of PowerShell
[0.113s] [34mcolcon.colcon_core.shell[0m [1;30mDEBUG[0m [32mSkip shell extension 'dsv' for command environment[0m
[0.116s] [34mcolcon.colcon_ros.task.ament_cmake.build[0m [1;30mINFO[0m Building ROS package in '/Users/yosuke/gits/cxd5602pwbimu_ros2_driver/ros2_ws/src/imu_tools/imu_complementary_filter' with build type 'ament_cmake'
[0.117s] [34mcolcon.colcon_cmake.task.cmake.build[0m [1;30mINFO[0m Building CMake package in '/Users/yosuke/gits/cxd5602pwbimu_ros2_driver/ros2_ws/src/imu_tools/imu_complementary_filter'
[0.117s] [34mcolcon.colcon_core.shell[0m [1;30mINFO[0m Skip shell extension 'powershell' for command environment: Not usable outside of PowerShell
[0.117s] [34mcolcon.colcon_core.shell[0m [1;30mDEBUG[0m [32mSkip shell extension 'dsv' for command environment[0m
[0.120s] [34mcolcon.colcon_ros.task.ament_cmake.build[0m [1;30mINFO[0m Building ROS package in '/Users/yosuke/gits/cxd5602pwbimu_ros2_driver/ros2_ws/src/imu_tools/rviz_imu_plugin' with build type 'ament_cmake'
[0.120s] [34mcolcon.colcon_cmake.task.cmake.build[0m [1;30mINFO[0m Building CMake package in '/Users/yosuke/gits/cxd5602pwbimu_ros2_driver/ros2_ws/src/imu_tools/rviz_imu_plugin'
[0.120s] [34mcolcon.colcon_core.shell[0m [1;30mINFO[0m Skip shell extension 'powershell' for command environment: Not usable outside of PowerShell
[0.120s] [34mcolcon.colcon_core.shell[0m [1;30mDEBUG[0m [32mSkip shell extension 'dsv' for command environment[0m
[0.123s] [34mcolcon.colcon_ros.task.ament_cmake.build[0m [1;30mINFO[0m Building ROS package in '/Users/yosuke/gits/cxd5602pwbimu_ros2_driver/ros2_ws/src/h6x_serial_interface/h6x_packet_handler' with build type 'ament_cmake'
[0.124s] [34mcolcon.colcon_cmake.task.cmake.build[0m [1;30mINFO[0m Building CMake package in '/Users/yosuke/gits/cxd5602pwbimu_ros2_driver/ros2_ws/src/h6x_serial_interface/h6x_packet_handler'
[0.124s] [34mcolcon.colcon_core.shell[0m [1;30mINFO[0m Skip shell extension 'powershell' for command environment: Not usable outside of PowerShell
[0.124s] [34mcolcon.colcon_core.shell[0m [1;30mDEBUG[0m [32mSkip shell extension 'dsv' for command environment[0m
[0.128s] [34mcolcon.colcon_ros.task.ament_cmake.build[0m [1;30mINFO[0m Building ROS package in '/Users/yosuke/gits/cxd5602pwbimu_ros2_driver/ros2_ws/src/imu_trajectory_filter' with build type 'ament_cmake'
[0.128s] [34mcolcon.colcon_cmake.task.cmake.build[0m [1;30mINFO[0m Building CMake package in '/Users/yosuke/gits/cxd5602pwbimu_ros2_driver/ros2_ws/src/imu_trajectory_filter'
[0.128s] [34mcolcon.colcon_core.shell[0m [1;30mINFO[0m Skip shell extension 'powershell' for command environment: Not usable outside of PowerShell
[0.128s] [34mcolcon.colcon_core.shell[0m [1;30mDEBUG[0m [32mSkip shell extension 'dsv' for command environment[0m
[0.139s] [34mcolcon.colcon_core.event_handler.log_command[0m [1;30mDEBUG[0m [32mInvoking command in '/Users/yosuke/gits/cxd5602pwbimu_ros2_driver/ros2_ws/build/h6x_serial_interface': CMAKE_PREFIX_PATH=${CMAKE_PREFIX_PATH}:/Users/yosuke/gits/cxd5602pwbimu_ros2_driver/ros2_ws/install/cxd5602pwbimu_driver_bringup:/Users/yosuke/miniforge3/envs/ros_env CONDA_PROMPT_MODIFIER=(ros_env) SHLVL=2 _=/Users/yosuke/miniforge3/envs/ros_env/bin/env /Users/yosuke/miniforge3/envs/ros_env/bin/cmake --build /Users/yosuke/gits/cxd5602pwbimu_ros2_driver/ros2_ws/build/h6x_serial_interface -- -j10 -l10[0m
[0.144s] [34mcolcon.colcon_core.event_handler.log_command[0m [1;30mDEBUG[0m [32mInvoking command in '/Users/yosuke/gits/cxd5602pwbimu_ros2_driver/ros2_ws/build/imu_filter_madgwick': CMAKE_PREFIX_PATH=${CMAKE_PREFIX_PATH}:/Users/yosuke/gits/cxd5602pwbimu_ros2_driver/ros2_ws/install/cxd5602pwbimu_driver_bringup:/Users/yosuke/miniforge3/envs/ros_env CONDA_PROMPT_MODIFIER=(ros_env) SHLVL=2 _=/Users/yosuke/miniforge3/envs/ros_env/bin/env /Users/yosuke/miniforge3/envs/ros_env/bin/cmake --build /Users/yosuke/gits/cxd5602pwbimu_ros2_driver/ros2_ws/build/imu_filter_madgwick -- -j10 -l10[0m
[0.150s] [34mcolcon.colcon_core.event_handler.log_command[0m [1;30mDEBUG[0m [32mInvoking command in '/Users/yosuke/gits/cxd5602pwbimu_ros2_driver/ros2_ws/build/imu_complementary_filter': CMAKE_PREFIX_PATH=${CMAKE_PREFIX_PATH}:/Users/yosuke/gits/cxd5602pwbimu_ros2_driver/ros2_ws/install/cxd5602pwbimu_driver_bringup:/Users/yosuke/miniforge3/envs/ros_env CONDA_PROMPT_MODIFIER=(ros_env) SHLVL=2 _=/Users/yosuke/miniforge3/envs/ros_env/bin/env /Users/yosuke/miniforge3/envs/ros_env/bin/cmake --build /Users/yosuke/gits/cxd5602pwbimu_ros2_driver/ros2_ws/build/imu_complementary_filter -- -j10 -l10[0m
[0.155s] [34mcolcon.colcon_core.event_handler.log_command[0m [1;30mDEBUG[0m [32mInvoking command in '/Users/yosuke/gits/cxd5602pwbimu_ros2_driver/ros2_ws/build/rviz_imu_plugin': CMAKE_PREFIX_PATH=${CMAKE_PREFIX_PATH}:/Users/yosuke/gits/cxd5602pwbimu_ros2_driver/ros2_ws/install/cxd5602pwbimu_driver_bringup:/Users/yosuke/miniforge3/envs/ros_env CONDA_PROMPT_MODIFIER=(ros_env) SHLVL=2 _=/Users/yosuke/miniforge3/envs/ros_env/bin/env /Users/yosuke/miniforge3/envs/ros_env/bin/cmake --build /Users/yosuke/gits/cxd5602pwbimu_ros2_driver/ros2_ws/build/rviz_imu_plugin -- -j10 -l10[0m
[0.161s] [34mcolcon.colcon_core.event_handler.log_command[0m [1;30mDEBUG[0m [32mInvoking command in '/Users/yosuke/gits/cxd5602pwbimu_ros2_driver/ros2_ws/build/h6x_packet_handler': CMAKE_PREFIX_PATH=${CMAKE_PREFIX_PATH}:/Users/yosuke/gits/cxd5602pwbimu_ros2_driver/ros2_ws/install/cxd5602pwbimu_driver_bringup:/Users/yosuke/miniforge3/envs/ros_env CONDA_PROMPT_MODIFIER=(ros_env) SHLVL=2 _=/Users/yosuke/miniforge3/envs/ros_env/bin/env /Users/yosuke/miniforge3/envs/ros_env/bin/cmake --build /Users/yosuke/gits/cxd5602pwbimu_ros2_driver/ros2_ws/build/h6x_packet_handler -- -j10 -l10[0m
[0.168s] [34mcolcon.colcon_core.event_handler.log_command[0m [1;30mDEBUG[0m [32mInvoking command in '/Users/yosuke/gits/cxd5602pwbimu_ros2_driver/ros2_ws/build/imu_trajectory_filter': CMAKE_PREFIX_PATH=${CMAKE_PREFIX_PATH}:/Users/yosuke/gits/cxd5602pwbimu_ros2_driver/ros2_ws/install/cxd5602pwbimu_driver_bringup:/Users/yosuke/miniforge3/envs/ros_env CONDA_PROMPT_MODIFIER=(ros_env) SHLVL=2 _=/Users/yosuke/miniforge3/envs/ros_env/bin/env /Users/yosuke/miniforge3/envs/ros_env/bin/cmake --build /Users/yosuke/gits/cxd5602pwbimu_ros2_driver/ros2_ws/build/imu_trajectory_filter -- -j10 -l10[0m
[0.395s] [34mcolcon.colcon_core.event_handler.log_command[0m [1;30mDEBUG[0m [32mInvoked command in '/Users/yosuke/gits/cxd5602pwbimu_ros2_driver/ros2_ws/build/h6x_serial_interface' returned '0': CMAKE_PREFIX_PATH=${CMAKE_PREFIX_PATH}:/Users/yosuke/gits/cxd5602pwbimu_ros2_driver/ros2_ws/install/cxd5602pwbimu_driver_bringup:/Users/yosuke/miniforge3/envs/ros_env CONDA_PROMPT_MODIFIER=(ros_env) SHLVL=2 _=/Users/yosuke/miniforge3/envs/ros_env/bin/env /Users/yosuke/miniforge3/envs/ros_env/bin/cmake --build /Users/yosuke/gits/cxd5602pwbimu_ros2_driver/ros2_ws/build/h6x_serial_interface -- -j10 -l10[0m
[0.538s] [34mcolcon.colcon_core.event_handler.log_command[0m [1;30mDEBUG[0m [32mInvoked command in '/Users/yosuke/gits/cxd5602pwbimu_ros2_driver/ros2_ws/build/imu_complementary_filter' returned '0': CMAKE_PREFIX_PATH=${CMAKE_PREFIX_PATH}:/Users/yosuke/gits/cxd5602pwbimu_ros2_driver/ros2_ws/install/cxd5602pwbimu_driver_bringup:/Users/yosuke/miniforge3/envs/ros_env CONDA_PROMPT_MODIFIER=(ros_env) SHLVL=2 _=/Users/yosuke/miniforge3/envs/ros_env/bin/env /Users/yosuke/miniforge3/envs/ros_env/bin/cmake --build /Users/yosuke/gits/cxd5602pwbimu_ros2_driver/ros2_ws/build/imu_complementary_filter -- -j10 -l10[0m
[0.544s] [34mcolcon.colcon_core.event_handler.log_command[0m [1;30mDEBUG[0m [32mInvoked command in '/Users/yosuke/gits/cxd5602pwbimu_ros2_driver/ros2_ws/build/imu_filter_madgwick' returned '0': CMAKE_PREFIX_PATH=${CMAKE_PREFIX_PATH}:/Users/yosuke/gits/cxd5602pwbimu_ros2_driver/ros2_ws/install/cxd5602pwbimu_driver_bringup:/Users/yosuke/miniforge3/envs/ros_env CONDA_PROMPT_MODIFIER=(ros_env) SHLVL=2 _=/Users/yosuke/miniforge3/envs/ros_env/bin/env /Users/yosuke/miniforge3/envs/ros_env/bin/cmake --build /Users/yosuke/gits/cxd5602pwbimu_ros2_driver/ros2_ws/build/imu_filter_madgwick -- -j10 -l10[0m
[0.547s] [34mcolcon.colcon_core.event_handler.log_command[0m [1;30mDEBUG[0m [32mInvoked command in '/Users/yosuke/gits/cxd5602pwbimu_ros2_driver/ros2_ws/build/h6x_packet_handler' returned '0': CMAKE_PREFIX_PATH=${CMAKE_PREFIX_PATH}:/Users/yosuke/gits/cxd5602pwbimu_ros2_driver/ros2_ws/install/cxd5602pwbimu_driver_bringup:/Users/yosuke/miniforge3/envs/ros_env CONDA_PROMPT_MODIFIER=(ros_env) SHLVL=2 _=/Users/yosuke/miniforge3/envs/ros_env/bin/env /Users/yosuke/miniforge3/envs/ros_env/bin/cmake --build /Users/yosuke/gits/cxd5602pwbimu_ros2_driver/ros2_ws/build/h6x_packet_handler -- -j10 -l10[0m
[0.564s] [34mcolcon.colcon_core.event_handler.log_command[0m [1;30mDEBUG[0m [32mInvoked command in '/Users/yosuke/gits/cxd5602pwbimu_ros2_driver/ros2_ws/build/imu_trajectory_filter' returned '0': CMAKE_PREFIX_PATH=${CMAKE_PREFIX_PATH}:/Users/yosuke/gits/cxd5602pwbimu_ros2_driver/ros2_ws/install/cxd5602pwbimu_driver_bringup:/Users/yosuke/miniforge3/envs/ros_env CONDA_PROMPT_MODIFIER=(ros_env) SHLVL=2 _=/Users/yosuke/miniforge3/envs/ros_env/bin/env /Users/yosuke/miniforge3/envs/ros_env/bin/cmake --build /Users/yosuke/gits/cxd5602pwbimu_ros2_driver/ros2_ws/build/imu_trajectory_filter -- -j10 -l10[0m
[0.695s] [34mcolcon.colcon_core.event_handler.log_command[0m [1;30mDEBUG[0m [32mInvoked command in '/Users/yosuke/gits/cxd5602pwbimu_ros2_driver/ros2_ws/build/rviz_imu_plugin' returned '0': CMAKE_PREFIX_PATH=${CMAKE_PREFIX_PATH}:/Users/yosuke/gits/cxd5602pwbimu_ros2_driver/ros2_ws/install/cxd5602pwbimu_driver_bringup:/Users/yosuke/miniforge3/envs/ros_env CONDA_PROMPT_MODIFIER=(ros_env) SHLVL=2 _=/Users/yosuke/miniforge3/envs/ros_env/bin/env /Users/yosuke/miniforge3/envs/ros_env/bin/cmake --build /Users/yosuke/gits/cxd5602pwbimu_ros2_driver/ros2_ws/build/rviz_imu_plugin -- -j10 -l10[0m
[0.760s] [34mcolcon.colcon_core.event_handler.log_command[0m [1;30mDEBUG[0m [32mInvoking command in '/Users/yosuke/gits/cxd5602pwbimu_ros2_driver/ros2_ws/build/h6x_serial_interface': CMAKE_PREFIX_PATH=${CMAKE_PREFIX_PATH}:/Users/yosuke/gits/cxd5602pwbimu_ros2_driver/ros2_ws/install/cxd5602pwbimu_driver_bringup:/Users/yosuke/miniforge3/envs/ros_env CONDA_PROMPT_MODIFIER=(ros_env) SHLVL=2 _=/Users/yosuke/miniforge3/envs/ros_env/bin/env /Users/yosuke/miniforge3/envs/ros_env/bin/cmake --install /Users/yosuke/gits/cxd5602pwbimu_ros2_driver/ros2_ws/build/h6x_serial_interface[0m
[0.787s] [34mcolcon.colcon_core.environment[0m [1;30mLevel 1[0m create_environment_scripts_only(h6x_serial_interface)
[0.788s] [34mcolcon.colcon_core.event_handler.log_command[0m [1;30mDEBUG[0m [32mInvoked command in '/Users/yosuke/gits/cxd5602pwbimu_ros2_driver/ros2_ws/build/h6x_serial_interface' returned '0': CMAKE_PREFIX_PATH=${CMAKE_PREFIX_PATH}:/Users/yosuke/gits/cxd5602pwbimu_ros2_driver/ros2_ws/install/cxd5602pwbimu_driver_bringup:/Users/yosuke/miniforge3/envs/ros_env CONDA_PROMPT_MODIFIER=(ros_env) SHLVL=2 _=/Users/yosuke/miniforge3/envs/ros_env/bin/env /Users/yosuke/miniforge3/envs/ros_env/bin/cmake --install /Users/yosuke/gits/cxd5602pwbimu_ros2_driver/ros2_ws/build/h6x_serial_interface[0m
[0.790s] [34mcolcon.colcon_core.environment[0m [1;30mLevel 1[0m checking '/Users/yosuke/gits/cxd5602pwbimu_ros2_driver/ros2_ws/install/h6x_serial_interface' for CMake module files
[0.790s] [34mcolcon.colcon_core.environment[0m [1;30mLevel 1[0m checking '/Users/yosuke/gits/cxd5602pwbimu_ros2_driver/ros2_ws/install/h6x_serial_interface' for CMake config files
[0.791s] [34mcolcon.colcon_core.shell[0m [1;30mLevel 1[0m create_environment_hook('h6x_serial_interface', 'cmake_prefix_path')
[0.791s] [34mcolcon.colcon_core.shell[0m [1;30mINFO[0m Creating environment hook '/Users/yosuke/gits/cxd5602pwbimu_ros2_driver/ros2_ws/install/h6x_serial_interface/share/h6x_serial_interface/hook/cmake_prefix_path.ps1'
[0.791s] [34mcolcon.colcon_core.shell[0m [1;30mINFO[0m Creating environment descriptor '/Users/yosuke/gits/cxd5602pwbimu_ros2_driver/ros2_ws/install/h6x_serial_interface/share/h6x_serial_interface/hook/cmake_prefix_path.dsv'
[0.792s] [34mcolcon.colcon_core.shell[0m [1;30mINFO[0m Creating environment hook '/Users/yosuke/gits/cxd5602pwbimu_ros2_driver/ros2_ws/install/h6x_serial_interface/share/h6x_serial_interface/hook/cmake_prefix_path.sh'
[0.792s] [34mcolcon.colcon_core.environment[0m [1;30mLevel 1[0m checking '/Users/yosuke/gits/cxd5602pwbimu_ros2_driver/ros2_ws/install/h6x_serial_interface/lib'
[0.792s] [34mcolcon.colcon_core.shell[0m [1;30mLevel 1[0m create_environment_hook('h6x_serial_interface', 'dyld_library_path')
[0.793s] [34mcolcon.colcon_core.shell[0m [1;30mINFO[0m Creating environment hook '/Users/yosuke/gits/cxd5602pwbimu_ros2_driver/ros2_ws/install/h6x_serial_interface/share/h6x_serial_interface/hook/dyld_library_path.ps1'
[0.793s] [34mcolcon.colcon_core.shell[0m [1;30mINFO[0m Creating environment descriptor '/Users/yosuke/gits/cxd5602pwbimu_ros2_driver/ros2_ws/install/h6x_serial_interface/share/h6x_serial_interface/hook/dyld_library_path.dsv'
[0.793s] [34mcolcon.colcon_core.shell[0m [1;30mINFO[0m Creating environment hook '/Users/yosuke/gits/cxd5602pwbimu_ros2_driver/ros2_ws/install/h6x_serial_interface/share/h6x_serial_interface/hook/dyld_library_path.sh'
[0.793s] [34mcolcon.colcon_core.environment[0m [1;30mLevel 1[0m checking '/Users/yosuke/gits/cxd5602pwbimu_ros2_driver/ros2_ws/install/h6x_serial_interface/bin'
[0.793s] [34mcolcon.colcon_core.environment[0m [1;30mLevel 1[0m checking '/Users/yosuke/gits/cxd5602pwbimu_ros2_driver/ros2_ws/install/h6x_serial_interface/lib/pkgconfig/h6x_serial_interface.pc'
[0.793s] [34mcolcon.colcon_core.environment[0m [1;30mLevel 1[0m checking '/Users/yosuke/gits/cxd5602pwbimu_ros2_driver/ros2_ws/install/h6x_serial_interface/lib/python3.11/site-packages'
[0.793s] [34mcolcon.colcon_core.environment[0m [1;30mLevel 1[0m checking '/Users/yosuke/gits/cxd5602pwbimu_ros2_driver/ros2_ws/install/h6x_serial_interface/bin'
[0.793s] [34mcolcon.colcon_core.shell[0m [1;30mINFO[0m Creating package script '/Users/yosuke/gits/cxd5602pwbimu_ros2_driver/ros2_ws/install/h6x_serial_interface/share/h6x_serial_interface/package.ps1'
[0.794s] [34mcolcon.colcon_core.shell[0m [1;30mINFO[0m Creating package descriptor '/Users/yosuke/gits/cxd5602pwbimu_ros2_driver/ros2_ws/install/h6x_serial_interface/share/h6x_serial_interface/package.dsv'
[0.794s] [34mcolcon.colcon_core.shell[0m [1;30mINFO[0m Creating package script '/Users/yosuke/gits/cxd5602pwbimu_ros2_driver/ros2_ws/install/h6x_serial_interface/share/h6x_serial_interface/package.sh'
[0.795s] [34mcolcon.colcon_core.shell[0m [1;30mINFO[0m Creating package script '/Users/yosuke/gits/cxd5602pwbimu_ros2_driver/ros2_ws/install/h6x_serial_interface/share/h6x_serial_interface/package.bash'
[0.795s] [34mcolcon.colcon_core.shell[0m [1;30mINFO[0m Creating package script '/Users/yosuke/gits/cxd5602pwbimu_ros2_driver/ros2_ws/install/h6x_serial_interface/share/h6x_serial_interface/package.zsh'
[0.795s] [34mcolcon.colcon_core.environment[0m [1;30mLevel 1[0m create_file_with_runtime_dependencies(/Users/yosuke/gits/cxd5602pwbimu_ros2_driver/ros2_ws/install/h6x_serial_interface/share/colcon-core/packages/h6x_serial_interface)
[0.921s] [34mcolcon.colcon_core.event_handler.log_command[0m [1;30mDEBUG[0m [32mInvoking command in '/Users/yosuke/gits/cxd5602pwbimu_ros2_driver/ros2_ws/build/imu_trajectory_filter': CMAKE_PREFIX_PATH=${CMAKE_PREFIX_PATH}:/Users/yosuke/gits/cxd5602pwbimu_ros2_driver/ros2_ws/install/cxd5602pwbimu_driver_bringup:/Users/yosuke/miniforge3/envs/ros_env CONDA_PROMPT_MODIFIER=(ros_env) SHLVL=2 _=/Users/yosuke/miniforge3/envs/ros_env/bin/env /Users/yosuke/miniforge3/envs/ros_env/bin/cmake --install /Users/yosuke/gits/cxd5602pwbimu_ros2_driver/ros2_ws/build/imu_trajectory_filter[0m
[0.925s] [34mcolcon.colcon_core.event_handler.log_command[0m [1;30mDEBUG[0m [32mInvoking command in '/Users/yosuke/gits/cxd5602pwbimu_ros2_driver/ros2_ws/build/imu_complementary_filter': CMAKE_PREFIX_PATH=${CMAKE_PREFIX_PATH}:/Users/yosuke/gits/cxd5602pwbimu_ros2_driver/ros2_ws/install/cxd5602pwbimu_driver_bringup:/Users/yosuke/miniforge3/envs/ros_env CONDA_PROMPT_MODIFIER=(ros_env) SHLVL=2 _=/Users/yosuke/miniforge3/envs/ros_env/bin/env /Users/yosuke/miniforge3/envs/ros_env/bin/cmake --install /Users/yosuke/gits/cxd5602pwbimu_ros2_driver/ros2_ws/build/imu_complementary_filter[0m
[1.021s] [34mcolcon.colcon_core.event_handler.log_command[0m [1;30mDEBUG[0m [32mInvoking command in '/Users/yosuke/gits/cxd5602pwbimu_ros2_driver/ros2_ws/build/imu_filter_madgwick': CMAKE_PREFIX_PATH=${CMAKE_PREFIX_PATH}:/Users/yosuke/gits/cxd5602pwbimu_ros2_driver/ros2_ws/install/cxd5602pwbimu_driver_bringup:/Users/yosuke/miniforge3/envs/ros_env CONDA_PROMPT_MODIFIER=(ros_env) SHLVL=2 _=/Users/yosuke/miniforge3/envs/ros_env/bin/env /Users/yosuke/miniforge3/envs/ros_env/bin/cmake --install /Users/yosuke/gits/cxd5602pwbimu_ros2_driver/ros2_ws/build/imu_filter_madgwick[0m
[1.041s] [34mcolcon.colcon_core.event_handler.log_command[0m [1;30mDEBUG[0m [32mInvoking command in '/Users/yosuke/gits/cxd5602pwbimu_ros2_driver/ros2_ws/build/h6x_packet_handler': CMAKE_PREFIX_PATH=${CMAKE_PREFIX_PATH}:/Users/yosuke/gits/cxd5602pwbimu_ros2_driver/ros2_ws/install/cxd5602pwbimu_driver_bringup:/Users/yosuke/miniforge3/envs/ros_env CONDA_PROMPT_MODIFIER=(ros_env) SHLVL=2 _=/Users/yosuke/miniforge3/envs/ros_env/bin/env /Users/yosuke/miniforge3/envs/ros_env/bin/cmake --install /Users/yosuke/gits/cxd5602pwbimu_ros2_driver/ros2_ws/build/h6x_packet_handler[0m
[1.059s] [34mcolcon.colcon_core.environment[0m [1;30mLevel 1[0m create_environment_scripts_only(imu_trajectory_filter)
[1.059s] [34mcolcon.colcon_core.environment[0m [1;30mLevel 1[0m checking '/Users/yosuke/gits/cxd5602pwbimu_ros2_driver/ros2_ws/install/imu_trajectory_filter' for CMake module files
[1.062s] [34mcolcon.colcon_core.environment[0m [1;30mLevel 1[0m checking '/Users/yosuke/gits/cxd5602pwbimu_ros2_driver/ros2_ws/install/imu_trajectory_filter' for CMake config files
[1.062s] [34mcolcon.colcon_core.event_handler.log_command[0m [1;30mDEBUG[0m [32mInvoked command in '/Users/yosuke/gits/cxd5602pwbimu_ros2_driver/ros2_ws/build/imu_trajectory_filter' returned '0': CMAKE_PREFIX_PATH=${CMAKE_PREFIX_PATH}:/Users/yosuke/gits/cxd5602pwbimu_ros2_driver/ros2_ws/install/cxd5602pwbimu_driver_bringup:/Users/yosuke/miniforge3/envs/ros_env CONDA_PROMPT_MODIFIER=(ros_env) SHLVL=2 _=/Users/yosuke/miniforge3/envs/ros_env/bin/env /Users/yosuke/miniforge3/envs/ros_env/bin/cmake --install /Users/yosuke/gits/cxd5602pwbimu_ros2_driver/ros2_ws/build/imu_trajectory_filter[0m
[1.062s] [34mcolcon.colcon_core.shell[0m [1;30mLevel 1[0m create_environment_hook('imu_trajectory_filter', 'cmake_prefix_path')
[1.063s] [34mcolcon.colcon_core.shell[0m [1;30mINFO[0m Creating environment hook '/Users/yosuke/gits/cxd5602pwbimu_ros2_driver/ros2_ws/install/imu_trajectory_filter/share/imu_trajectory_filter/hook/cmake_prefix_path.ps1'
[1.063s] [34mcolcon.colcon_core.shell[0m [1;30mINFO[0m Creating environment descriptor '/Users/yosuke/gits/cxd5602pwbimu_ros2_driver/ros2_ws/install/imu_trajectory_filter/share/imu_trajectory_filter/hook/cmake_prefix_path.dsv'
[1.063s] [34mcolcon.colcon_core.shell[0m [1;30mINFO[0m Creating environment hook '/Users/yosuke/gits/cxd5602pwbimu_ros2_driver/ros2_ws/install/imu_trajectory_filter/share/imu_trajectory_filter/hook/cmake_prefix_path.sh'
[1.064s] [34mcolcon.colcon_core.environment[0m [1;30mLevel 1[0m checking '/Users/yosuke/gits/cxd5602pwbimu_ros2_driver/ros2_ws/install/imu_trajectory_filter/lib'
[1.064s] [34mcolcon.colcon_core.shell[0m [1;30mLevel 1[0m create_environment_hook('imu_trajectory_filter', 'dyld_library_path')
[1.065s] [34mcolcon.colcon_core.shell[0m [1;30mINFO[0m Creating environment hook '/Users/yosuke/gits/cxd5602pwbimu_ros2_driver/ros2_ws/install/imu_trajectory_filter/share/imu_trajectory_filter/hook/dyld_library_path.ps1'
[1.065s] [34mcolcon.colcon_core.shell[0m [1;30mINFO[0m Creating environment descriptor '/Users/yosuke/gits/cxd5602pwbimu_ros2_driver/ros2_ws/install/imu_trajectory_filter/share/imu_trajectory_filter/hook/dyld_library_path.dsv'
[1.065s] [34mcolcon.colcon_core.shell[0m [1;30mINFO[0m Creating environment hook '/Users/yosuke/gits/cxd5602pwbimu_ros2_driver/ros2_ws/install/imu_trajectory_filter/share/imu_trajectory_filter/hook/dyld_library_path.sh'
[1.065s] [34mcolcon.colcon_core.environment[0m [1;30mLevel 1[0m checking '/Users/yosuke/gits/cxd5602pwbimu_ros2_driver/ros2_ws/install/imu_trajectory_filter/bin'
[1.065s] [34mcolcon.colcon_core.environment[0m [1;30mLevel 1[0m checking '/Users/yosuke/gits/cxd5602pwbimu_ros2_driver/ros2_ws/install/imu_trajectory_filter/lib/pkgconfig/imu_trajectory_filter.pc'
[1.066s] [34mcolcon.colcon_core.environment[0m [1;30mLevel 1[0m checking '/Users/yosuke/gits/cxd5602pwbimu_ros2_driver/ros2_ws/install/imu_trajectory_filter/lib/python3.11/site-packages'
[1.066s] [34mcolcon.colcon_core.environment[0m [1;30mLevel 1[0m checking '/Users/yosuke/gits/cxd5602pwbimu_ros2_driver/ros2_ws/install/imu_trajectory_filter/bin'
[1.066s] [34mcolcon.colcon_core.shell[0m [1;30mINFO[0m Creating package script '/Users/yosuke/gits/cxd5602pwbimu_ros2_driver/ros2_ws/install/imu_trajectory_filter/share/imu_trajectory_filter/package.ps1'
[1.066s] [34mcolcon.colcon_core.shell[0m [1;30mINFO[0m Creating package descriptor '/Users/yosuke/gits/cxd5602pwbimu_ros2_driver/ros2_ws/install/imu_trajectory_filter/share/imu_trajectory_filter/package.dsv'
[1.066s] [34mcolcon.colcon_core.shell[0m [1;30mINFO[0m Creating package script '/Users/yosuke/gits/cxd5602pwbimu_ros2_driver/ros2_ws/install/imu_trajectory_filter/share/imu_trajectory_filter/package.sh'
[1.066s] [34mcolcon.colcon_core.shell[0m [1;30mINFO[0m Creating package script '/Users/yosuke/gits/cxd5602pwbimu_ros2_driver/ros2_ws/install/imu_trajectory_filter/share/imu_trajectory_filter/package.bash'
[1.067s] [34mcolcon.colcon_core.shell[0m [1;30mINFO[0m Creating package script '/Users/yosuke/gits/cxd5602pwbimu_ros2_driver/ros2_ws/install/imu_trajectory_filter/share/imu_trajectory_filter/package.zsh'
[1.067s] [34mcolcon.colcon_core.environment[0m [1;30mLevel 1[0m create_file_with_runtime_dependencies(/Users/yosuke/gits/cxd5602pwbimu_ros2_driver/ros2_ws/install/imu_trajectory_filter/share/colcon-core/packages/imu_trajectory_filter)
[1.070s] [34mcolcon.colcon_core.environment[0m [1;30mLevel 1[0m create_environment_scripts_only(h6x_packet_handler)
[1.071s] [34mcolcon.colcon_core.environment[0m [1;30mLevel 1[0m checking '/Users/yosuke/gits/cxd5602pwbimu_ros2_driver/ros2_ws/install/h6x_packet_handler' for CMake module files
[1.072s] [34mcolcon.colcon_core.event_handler.log_command[0m [1;30mDEBUG[0m [32mInvoked command in '/Users/yosuke/gits/cxd5602pwbimu_ros2_driver/ros2_ws/build/h6x_packet_handler' returned '0': CMAKE_PREFIX_PATH=${CMAKE_PREFIX_PATH}:/Users/yosuke/gits/cxd5602pwbimu_ros2_driver/ros2_ws/install/cxd5602pwbimu_driver_bringup:/Users/yosuke/miniforge3/envs/ros_env CONDA_PROMPT_MODIFIER=(ros_env) SHLVL=2 _=/Users/yosuke/miniforge3/envs/ros_env/bin/env /Users/yosuke/miniforge3/envs/ros_env/bin/cmake --install /Users/yosuke/gits/cxd5602pwbimu_ros2_driver/ros2_ws/build/h6x_packet_handler[0m
[1.074s] [34mcolcon.colcon_core.environment[0m [1;30mLevel 1[0m checking '/Users/yosuke/gits/cxd5602pwbimu_ros2_driver/ros2_ws/install/h6x_packet_handler' for CMake config files
[1.075s] [34mcolcon.colcon_core.shell[0m [1;30mLevel 1[0m create_environment_hook('h6x_packet_handler', 'cmake_prefix_path')
[1.075s] [34mcolcon.colcon_core.shell[0m [1;30mINFO[0m Creating environment hook '/Users/yosuke/gits/cxd5602pwbimu_ros2_driver/ros2_ws/install/h6x_packet_handler/share/h6x_packet_handler/hook/cmake_prefix_path.ps1'
[1.075s] [34mcolcon.colcon_core.shell[0m [1;30mINFO[0m Creating environment descriptor '/Users/yosuke/gits/cxd5602pwbimu_ros2_driver/ros2_ws/install/h6x_packet_handler/share/h6x_packet_handler/hook/cmake_prefix_path.dsv'
[1.075s] [34mcolcon.colcon_core.shell[0m [1;30mINFO[0m Creating environment hook '/Users/yosuke/gits/cxd5602pwbimu_ros2_driver/ros2_ws/install/h6x_packet_handler/share/h6x_packet_handler/hook/cmake_prefix_path.sh'
[1.075s] [34mcolcon.colcon_core.environment[0m [1;30mLevel 1[0m checking '/Users/yosuke/gits/cxd5602pwbimu_ros2_driver/ros2_ws/install/h6x_packet_handler/lib'
[1.076s] [34mcolcon.colcon_core.shell[0m [1;30mLevel 1[0m create_environment_hook('h6x_packet_handler', 'dyld_library_path')
[1.076s] [34mcolcon.colcon_core.shell[0m [1;30mINFO[0m Creating environment hook '/Users/yosuke/gits/cxd5602pwbimu_ros2_driver/ros2_ws/install/h6x_packet_handler/share/h6x_packet_handler/hook/dyld_library_path.ps1'
[1.076s] [34mcolcon.colcon_core.shell[0m [1;30mINFO[0m Creating environment descriptor '/Users/yosuke/gits/cxd5602pwbimu_ros2_driver/ros2_ws/install/h6x_packet_handler/share/h6x_packet_handler/hook/dyld_library_path.dsv'
[1.076s] [34mcolcon.colcon_core.shell[0m [1;30mINFO[0m Creating environment hook '/Users/yosuke/gits/cxd5602pwbimu_ros2_driver/ros2_ws/install/h6x_packet_handler/share/h6x_packet_handler/hook/dyld_library_path.sh'
[1.076s] [34mcolcon.colcon_core.environment[0m [1;30mLevel 1[0m checking '/Users/yosuke/gits/cxd5602pwbimu_ros2_driver/ros2_ws/install/h6x_packet_handler/bin'
[1.076s] [34mcolcon.colcon_core.environment[0m [1;30mLevel 1[0m checking '/Users/yosuke/gits/cxd5602pwbimu_ros2_driver/ros2_ws/install/h6x_packet_handler/lib/pkgconfig/h6x_packet_handler.pc'
[1.076s] [34mcolcon.colcon_core.environment[0m [1;30mLevel 1[0m checking '/Users/yosuke/gits/cxd5602pwbimu_ros2_driver/ros2_ws/install/h6x_packet_handler/lib/python3.11/site-packages'
[1.077s] [34mcolcon.colcon_core.environment[0m [1;30mLevel 1[0m checking '/Users/yosuke/gits/cxd5602pwbimu_ros2_driver/ros2_ws/install/h6x_packet_handler/bin'
[1.077s] [34mcolcon.colcon_core.shell[0m [1;30mINFO[0m Creating package script '/Users/yosuke/gits/cxd5602pwbimu_ros2_driver/ros2_ws/install/h6x_packet_handler/share/h6x_packet_handler/package.ps1'
[1.077s] [34mcolcon.colcon_core.shell[0m [1;30mINFO[0m Creating package descriptor '/Users/yosuke/gits/cxd5602pwbimu_ros2_driver/ros2_ws/install/h6x_packet_handler/share/h6x_packet_handler/package.dsv'
[1.077s] [34mcolcon.colcon_core.shell[0m [1;30mINFO[0m Creating package script '/Users/yosuke/gits/cxd5602pwbimu_ros2_driver/ros2_ws/install/h6x_packet_handler/share/h6x_packet_handler/package.sh'
[1.077s] [34mcolcon.colcon_core.shell[0m [1;30mINFO[0m Creating package script '/Users/yosuke/gits/cxd5602pwbimu_ros2_driver/ros2_ws/install/h6x_packet_handler/share/h6x_packet_handler/package.bash'
[1.078s] [34mcolcon.colcon_core.shell[0m [1;30mINFO[0m Creating package script '/Users/yosuke/gits/cxd5602pwbimu_ros2_driver/ros2_ws/install/h6x_packet_handler/share/h6x_packet_handler/package.zsh'
[1.078s] [34mcolcon.colcon_core.environment[0m [1;30mLevel 1[0m create_file_with_runtime_dependencies(/Users/yosuke/gits/cxd5602pwbimu_ros2_driver/ros2_ws/install/h6x_packet_handler/share/colcon-core/packages/h6x_packet_handler)
[1.084s] [34mcolcon.colcon_core.environment[0m [1;30mLevel 1[0m create_environment_scripts_only(imu_complementary_filter)
[1.085s] [34mcolcon.colcon_core.environment[0m [1;30mLevel 1[0m checking '/Users/yosuke/gits/cxd5602pwbimu_ros2_driver/ros2_ws/install/imu_complementary_filter' for CMake module files
[1.087s] [34mcolcon.colcon_core.environment[0m [1;30mLevel 1[0m checking '/Users/yosuke/gits/cxd5602pwbimu_ros2_driver/ros2_ws/install/imu_complementary_filter' for CMake config files
[1.088s] [34mcolcon.colcon_core.event_handler.log_command[0m [1;30mDEBUG[0m [32mInvoked command in '/Users/yosuke/gits/cxd5602pwbimu_ros2_driver/ros2_ws/build/imu_complementary_filter' returned '0': CMAKE_PREFIX_PATH=${CMAKE_PREFIX_PATH}:/Users/yosuke/gits/cxd5602pwbimu_ros2_driver/ros2_ws/install/cxd5602pwbimu_driver_bringup:/Users/yosuke/miniforge3/envs/ros_env CONDA_PROMPT_MODIFIER=(ros_env) SHLVL=2 _=/Users/yosuke/miniforge3/envs/ros_env/bin/env /Users/yosuke/miniforge3/envs/ros_env/bin/cmake --install /Users/yosuke/gits/cxd5602pwbimu_ros2_driver/ros2_ws/build/imu_complementary_filter[0m
[1.088s] [34mcolcon.colcon_core.shell[0m [1;30mLevel 1[0m create_environment_hook('imu_complementary_filter', 'cmake_prefix_path')
[1.089s] [34mcolcon.colcon_core.shell[0m [1;30mINFO[0m Creating environment hook '/Users/yosuke/gits/cxd5602pwbimu_ros2_driver/ros2_ws/install/imu_complementary_filter/share/imu_complementary_filter/hook/cmake_prefix_path.ps1'
[1.089s] [34mcolcon.colcon_core.shell[0m [1;30mINFO[0m Creating environment descriptor '/Users/yosuke/gits/cxd5602pwbimu_ros2_driver/ros2_ws/install/imu_complementary_filter/share/imu_complementary_filter/hook/cmake_prefix_path.dsv'
[1.090s] [34mcolcon.colcon_core.shell[0m [1;30mINFO[0m Creating environment hook '/Users/yosuke/gits/cxd5602pwbimu_ros2_driver/ros2_ws/install/imu_complementary_filter/share/imu_complementary_filter/hook/cmake_prefix_path.sh'
[1.091s] [34mcolcon.colcon_core.environment[0m [1;30mLevel 1[0m checking '/Users/yosuke/gits/cxd5602pwbimu_ros2_driver/ros2_ws/install/imu_complementary_filter/lib'
[1.091s] [34mcolcon.colcon_core.shell[0m [1;30mLevel 1[0m create_environment_hook('imu_complementary_filter', 'dyld_library_path')
[1.091s] [34mcolcon.colcon_core.shell[0m [1;30mINFO[0m Creating environment hook '/Users/yosuke/gits/cxd5602pwbimu_ros2_driver/ros2_ws/install/imu_complementary_filter/share/imu_complementary_filter/hook/dyld_library_path.ps1'
[1.092s] [34mcolcon.colcon_core.shell[0m [1;30mINFO[0m Creating environment descriptor '/Users/yosuke/gits/cxd5602pwbimu_ros2_driver/ros2_ws/install/imu_complementary_filter/share/imu_complementary_filter/hook/dyld_library_path.dsv'
[1.092s] [34mcolcon.colcon_core.shell[0m [1;30mINFO[0m Creating environment hook '/Users/yosuke/gits/cxd5602pwbimu_ros2_driver/ros2_ws/install/imu_complementary_filter/share/imu_complementary_filter/hook/dyld_library_path.sh'
[1.093s] [34mcolcon.colcon_core.environment[0m [1;30mLevel 1[0m checking '/Users/yosuke/gits/cxd5602pwbimu_ros2_driver/ros2_ws/install/imu_complementary_filter/bin'
[1.093s] [34mcolcon.colcon_core.environment[0m [1;30mLevel 1[0m checking '/Users/yosuke/gits/cxd5602pwbimu_ros2_driver/ros2_ws/install/imu_complementary_filter/lib/pkgconfig/imu_complementary_filter.pc'
[1.093s] [34mcolcon.colcon_core.environment[0m [1;30mLevel 1[0m checking '/Users/yosuke/gits/cxd5602pwbimu_ros2_driver/ros2_ws/install/imu_complementary_filter/lib/python3.11/site-packages'
[1.093s] [34mcolcon.colcon_core.environment[0m [1;30mLevel 1[0m checking '/Users/yosuke/gits/cxd5602pwbimu_ros2_driver/ros2_ws/install/imu_complementary_filter/bin'
[1.094s] [34mcolcon.colcon_core.shell[0m [1;30mINFO[0m Creating package script '/Users/yosuke/gits/cxd5602pwbimu_ros2_driver/ros2_ws/install/imu_complementary_filter/share/imu_complementary_filter/package.ps1'
[1.094s] [34mcolcon.colcon_core.shell[0m [1;30mINFO[0m Creating package descriptor '/Users/yosuke/gits/cxd5602pwbimu_ros2_driver/ros2_ws/install/imu_complementary_filter/share/imu_complementary_filter/package.dsv'
[1.095s] [34mcolcon.colcon_core.shell[0m [1;30mINFO[0m Creating package script '/Users/yosuke/gits/cxd5602pwbimu_ros2_driver/ros2_ws/install/imu_complementary_filter/share/imu_complementary_filter/package.sh'
[1.095s] [34mcolcon.colcon_core.shell[0m [1;30mINFO[0m Creating package script '/Users/yosuke/gits/cxd5602pwbimu_ros2_driver/ros2_ws/install/imu_complementary_filter/share/imu_complementary_filter/package.bash'
[1.095s] [34mcolcon.colcon_core.shell[0m [1;30mINFO[0m Creating package script '/Users/yosuke/gits/cxd5602pwbimu_ros2_driver/ros2_ws/install/imu_complementary_filter/share/imu_complementary_filter/package.zsh'
[1.095s] [34mcolcon.colcon_core.environment[0m [1;30mLevel 1[0m create_file_with_runtime_dependencies(/Users/yosuke/gits/cxd5602pwbimu_ros2_driver/ros2_ws/install/imu_complementary_filter/share/colcon-core/packages/imu_complementary_filter)
[1.110s] [34mcolcon.colcon_core.environment[0m [1;30mLevel 1[0m create_environment_scripts_only(h6x_serial_interface)
[1.110s] [34mcolcon.colcon_core.environment[0m [1;30mLevel 1[0m checking '/Users/yosuke/gits/cxd5602pwbimu_ros2_driver/ros2_ws/install/h6x_serial_interface' for CMake module files
[1.110s] [34mcolcon.colcon_core.environment[0m [1;30mLevel 1[0m checking '/Users/yosuke/gits/cxd5602pwbimu_ros2_driver/ros2_ws/install/h6x_serial_interface' for CMake config files
[1.111s] [34mcolcon.colcon_core.shell[0m [1;30mLevel 1[0m create_environment_hook('h6x_serial_interface', 'cmake_prefix_path')
[1.111s] [34mcolcon.colcon_core.shell[0m [1;30mINFO[0m Creating environment hook '/Users/yosuke/gits/cxd5602pwbimu_ros2_driver/ros2_ws/install/h6x_serial_interface/share/h6x_serial_interface/hook/cmake_prefix_path.ps1'
[1.111s] [34mcolcon.colcon_core.shell[0m [1;30mINFO[0m Creating environment descriptor '/Users/yosuke/gits/cxd5602pwbimu_ros2_driver/ros2_ws/install/h6x_serial_interface/share/h6x_serial_interface/hook/cmake_prefix_path.dsv'
[1.111s] [34mcolcon.colcon_core.shell[0m [1;30mINFO[0m Creating environment hook '/Users/yosuke/gits/cxd5602pwbimu_ros2_driver/ros2_ws/install/h6x_serial_interface/share/h6x_serial_interface/hook/cmake_prefix_path.sh'
[1.112s] [34mcolcon.colcon_core.environment[0m [1;30mLevel 1[0m checking '/Users/yosuke/gits/cxd5602pwbimu_ros2_driver/ros2_ws/install/h6x_serial_interface/lib'
[1.112s] [34mcolcon.colcon_core.shell[0m [1;30mLevel 1[0m create_environment_hook('h6x_serial_interface', 'dyld_library_path')
[1.112s] [34mcolcon.colcon_core.shell[0m [1;30mINFO[0m Creating environment hook '/Users/yosuke/gits/cxd5602pwbimu_ros2_driver/ros2_ws/install/h6x_serial_interface/share/h6x_serial_interface/hook/dyld_library_path.ps1'
[1.112s] [34mcolcon.colcon_core.shell[0m [1;30mINFO[0m Creating environment descriptor '/Users/yosuke/gits/cxd5602pwbimu_ros2_driver/ros2_ws/install/h6x_serial_interface/share/h6x_serial_interface/hook/dyld_library_path.dsv'
[1.112s] [34mcolcon.colcon_core.shell[0m [1;30mINFO[0m Creating environment hook '/Users/yosuke/gits/cxd5602pwbimu_ros2_driver/ros2_ws/install/h6x_serial_interface/share/h6x_serial_interface/hook/dyld_library_path.sh'
[1.112s] [34mcolcon.colcon_core.environment[0m [1;30mLevel 1[0m checking '/Users/yosuke/gits/cxd5602pwbimu_ros2_driver/ros2_ws/install/h6x_serial_interface/bin'
[1.112s] [34mcolcon.colcon_core.environment[0m [1;30mLevel 1[0m checking '/Users/yosuke/gits/cxd5602pwbimu_ros2_driver/ros2_ws/install/h6x_serial_interface/lib/pkgconfig/h6x_serial_interface.pc'
[1.112s] [34mcolcon.colcon_core.environment[0m [1;30mLevel 1[0m checking '/Users/yosuke/gits/cxd5602pwbimu_ros2_driver/ros2_ws/install/h6x_serial_interface/lib/python3.11/site-packages'
[1.113s] [34mcolcon.colcon_core.environment[0m [1;30mLevel 1[0m checking '/Users/yosuke/gits/cxd5602pwbimu_ros2_driver/ros2_ws/install/h6x_serial_interface/bin'
[1.113s] [34mcolcon.colcon_core.shell[0m [1;30mINFO[0m Creating package script '/Users/yosuke/gits/cxd5602pwbimu_ros2_driver/ros2_ws/install/h6x_serial_interface/share/h6x_serial_interface/package.ps1'
[1.113s] [34mcolcon.colcon_core.shell[0m [1;30mINFO[0m Creating package descriptor '/Users/yosuke/gits/cxd5602pwbimu_ros2_driver/ros2_ws/install/h6x_serial_interface/share/h6x_serial_interface/package.dsv'
[1.113s] [34mcolcon.colcon_core.shell[0m [1;30mINFO[0m Creating package script '/Users/yosuke/gits/cxd5602pwbimu_ros2_driver/ros2_ws/install/h6x_serial_interface/share/h6x_serial_interface/package.sh'
[1.113s] [34mcolcon.colcon_core.shell[0m [1;30mINFO[0m Creating package script '/Users/yosuke/gits/cxd5602pwbimu_ros2_driver/ros2_ws/install/h6x_serial_interface/share/h6x_serial_interface/package.bash'
[1.114s] [34mcolcon.colcon_core.shell[0m [1;30mINFO[0m Creating package script '/Users/yosuke/gits/cxd5602pwbimu_ros2_driver/ros2_ws/install/h6x_serial_interface/share/h6x_serial_interface/package.zsh'
[1.114s] [34mcolcon.colcon_core.environment[0m [1;30mLevel 1[0m create_file_with_runtime_dependencies(/Users/yosuke/gits/cxd5602pwbimu_ros2_driver/ros2_ws/install/h6x_serial_interface/share/colcon-core/packages/h6x_serial_interface)
[1.114s] [34mcolcon.colcon_ros.task.ament_cmake.build[0m [1;30mINFO[0m Building ROS package in '/Users/yosuke/gits/cxd5602pwbimu_ros2_driver/ros2_ws/src/cxd5602pwbimu_driver_node' with build type 'ament_cmake'
[1.114s] [34mcolcon.colcon_cmake.task.cmake.build[0m [1;30mINFO[0m Building CMake package in '/Users/yosuke/gits/cxd5602pwbimu_ros2_driver/ros2_ws/src/cxd5602pwbimu_driver_node'
[1.114s] [34mcolcon.colcon_core.shell[0m [1;30mINFO[0m Skip shell extension 'powershell' for command environment: Not usable outside of PowerShell
[1.114s] [34mcolcon.colcon_core.shell[0m [1;30mDEBUG[0m [32mSkip shell extension 'dsv' for command environment[0m
[1.118s] [34mcolcon.colcon_ros.task.ament_cmake.build[0m [1;30mINFO[0m Building ROS package in '/Users/yosuke/gits/cxd5602pwbimu_ros2_driver/ros2_ws/src/h6x_serial_interface/h6x_serial_interface_example' with build type 'ament_cmake'
[1.119s] [34mcolcon.colcon_cmake.task.cmake.build[0m [1;30mINFO[0m Building CMake package in '/Users/yosuke/gits/cxd5602pwbimu_ros2_driver/ros2_ws/src/h6x_serial_interface/h6x_serial_interface_example'
[1.119s] [34mcolcon.colcon_core.shell[0m [1;30mINFO[0m Skip shell extension 'powershell' for command environment: Not usable outside of PowerShell
[1.119s] [34mcolcon.colcon_core.shell[0m [1;30mDEBUG[0m [32mSkip shell extension 'dsv' for command environment[0m
[1.158s] [34mcolcon.colcon_core.event_handler.log_command[0m [1;30mDEBUG[0m [32mInvoking command in '/Users/yosuke/gits/cxd5602pwbimu_ros2_driver/ros2_ws/build/cxd5602pwbimu_driver_node': CMAKE_PREFIX_PATH=/Users/yosuke/gits/cxd5602pwbimu_ros2_driver/ros2_ws/install/h6x_serial_interface:/Users/yosuke/gits/cxd5602pwbimu_ros2_driver/ros2_ws/install/imu_tools:/Users/yosuke/gits/cxd5602pwbimu_ros2_driver/ros2_ws/install/rviz_imu_plugin:/Users/yosuke/gits/cxd5602pwbimu_ros2_driver/ros2_ws/install/imu_trajectory_filter:/Users/yosuke/gits/cxd5602pwbimu_ros2_driver/ros2_ws/install/cxd5602pwbimu_driver:/Users/yosuke/gits/cxd5602pwbimu_ros2_driver/ros2_ws/install/imu_filter_madgwick:/Users/yosuke/gits/cxd5602pwbimu_ros2_driver/ros2_ws/install/imu_complementary_filter:/Users/yosuke/gits/cxd5602pwbimu_ros2_driver/ros2_ws/install/h6x_serial_interface_example:/Users/yosuke/gits/cxd5602pwbimu_ros2_driver/ros2_ws/install/cxd5602pwbimu_driver_node:/Users/yosuke/gits/cxd5602pwbimu_ros2_driver/ros2_ws/install/h6x_packet_handler:/usr/local:/opt/homebrew/opt/qt@5:/Users/yosuke/gits/cxd5602pwbimu_ros2_driver/ros2_ws/install/cxd5602pwbimu_driver_bringup:/Users/yosuke/miniforge3/envs/ros_env CONDA_PROMPT_MODIFIER=(ros_env) DYLD_LIBRARY_PATH=/Users/yosuke/gits/cxd5602pwbimu_ros2_driver/ros2_ws/install/h6x_serial_interface/lib:/Users/yosuke/gits/cxd5602pwbimu_ros2_driver/ros2_ws/install/rviz_imu_plugin/lib:/Users/yosuke/gits/cxd5602pwbimu_ros2_driver/ros2_ws/install/imu_trajectory_filter/lib:/Users/yosuke/gits/cxd5602pwbimu_ros2_driver/ros2_ws/install/imu_filter_madgwick/lib:/Users/yosuke/gits/cxd5602pwbimu_ros2_driver/ros2_ws/install/imu_complementary_filter/lib:/Users/yosuke/gits/cxd5602pwbimu_ros2_driver/ros2_ws/install/h6x_serial_interface_example/lib:/Users/yosuke/gits/cxd5602pwbimu_ros2_driver/ros2_ws/install/cxd5602pwbimu_driver_node/lib:/Users/yosuke/gits/cxd5602pwbimu_ros2_driver/ros2_ws/install/h6x_packet_handler/lib:/Users/yosuke/miniforge3/envs/ros_env/opt/rviz_ogre_vendor/lib SHLVL=2 _=/Users/yosuke/miniforge3/envs/ros_env/bin/env /Users/yosuke/miniforge3/envs/ros_env/bin/cmake /Users/yosuke/gits/cxd5602pwbimu_ros2_driver/ros2_ws/src/cxd5602pwbimu_driver_node -DCMAKE_PREFIX_PATH=/usr/local -DCMAKE_CXX_FLAGS=-I/usr/local/include -DCMAKE_EXE_LINKER_FLAGS=-L/usr/local/lib -DCMAKE_INSTALL_PREFIX=/Users/yosuke/gits/cxd5602pwbimu_ros2_driver/ros2_ws/install/cxd5602pwbimu_driver_node[0m
[1.165s] [34mcolcon.colcon_core.event_handler.log_command[0m [1;30mDEBUG[0m [32mInvoking command in '/Users/yosuke/gits/cxd5602pwbimu_ros2_driver/ros2_ws/build/h6x_serial_interface_example': CMAKE_PREFIX_PATH=/Users/yosuke/gits/cxd5602pwbimu_ros2_driver/ros2_ws/install/h6x_serial_interface:/Users/yosuke/gits/cxd5602pwbimu_ros2_driver/ros2_ws/install/imu_tools:/Users/yosuke/gits/cxd5602pwbimu_ros2_driver/ros2_ws/install/rviz_imu_plugin:/Users/yosuke/gits/cxd5602pwbimu_ros2_driver/ros2_ws/install/imu_trajectory_filter:/Users/yosuke/gits/cxd5602pwbimu_ros2_driver/ros2_ws/install/cxd5602pwbimu_driver:/Users/yosuke/gits/cxd5602pwbimu_ros2_driver/ros2_ws/install/imu_filter_madgwick:/Users/yosuke/gits/cxd5602pwbimu_ros2_driver/ros2_ws/install/imu_complementary_filter:/Users/yosuke/gits/cxd5602pwbimu_ros2_driver/ros2_ws/install/h6x_serial_interface_example:/Users/yosuke/gits/cxd5602pwbimu_ros2_driver/ros2_ws/install/cxd5602pwbimu_driver_node:/Users/yosuke/gits/cxd5602pwbimu_ros2_driver/ros2_ws/install/h6x_packet_handler:/usr/local:/opt/homebrew/opt/qt@5:/Users/yosuke/gits/cxd5602pwbimu_ros2_driver/ros2_ws/install/cxd5602pwbimu_driver_bringup:/Users/yosuke/miniforge3/envs/ros_env CONDA_PROMPT_MODIFIER=(ros_env) DYLD_LIBRARY_PATH=/Users/yosuke/gits/cxd5602pwbimu_ros2_driver/ros2_ws/install/h6x_serial_interface/lib:/Users/yosuke/gits/cxd5602pwbimu_ros2_driver/ros2_ws/install/rviz_imu_plugin/lib:/Users/yosuke/gits/cxd5602pwbimu_ros2_driver/ros2_ws/install/imu_trajectory_filter/lib:/Users/yosuke/gits/cxd5602pwbimu_ros2_driver/ros2_ws/install/imu_filter_madgwick/lib:/Users/yosuke/gits/cxd5602pwbimu_ros2_driver/ros2_ws/install/imu_complementary_filter/lib:/Users/yosuke/gits/cxd5602pwbimu_ros2_driver/ros2_ws/install/h6x_serial_interface_example/lib:/Users/yosuke/gits/cxd5602pwbimu_ros2_driver/ros2_ws/install/cxd5602pwbimu_driver_node/lib:/Users/yosuke/gits/cxd5602pwbimu_ros2_driver/ros2_ws/install/h6x_packet_handler/lib:/Users/yosuke/miniforge3/envs/ros_env/opt/rviz_ogre_vendor/lib SHLVL=2 _=/Users/yosuke/miniforge3/envs/ros_env/bin/env /Users/yosuke/miniforge3/envs/ros_env/bin/cmake --build /Users/yosuke/gits/cxd5602pwbimu_ros2_driver/ros2_ws/build/h6x_serial_interface_example -- -j10 -l10[0m
[1.173s] [34mcolcon.colcon_core.environment[0m [1;30mLevel 1[0m create_environment_scripts_only(imu_filter_madgwick)
[1.174s] [34mcolcon.colcon_core.environment[0m [1;30mLevel 1[0m checking '/Users/yosuke/gits/cxd5602pwbimu_ros2_driver/ros2_ws/install/imu_filter_madgwick' for CMake module files
[1.175s] [34mcolcon.colcon_core.environment[0m [1;30mLevel 1[0m checking '/Users/yosuke/gits/cxd5602pwbimu_ros2_driver/ros2_ws/install/imu_filter_madgwick' for CMake config files
[1.175s] [34mcolcon.colcon_core.shell[0m [1;30mLevel 1[0m create_environment_hook('imu_filter_madgwick', 'cmake_prefix_path')
[1.175s] [34mcolcon.colcon_core.shell[0m [1;30mINFO[0m Creating environment hook '/Users/yosuke/gits/cxd5602pwbimu_ros2_driver/ros2_ws/install/imu_filter_madgwick/share/imu_filter_madgwick/hook/cmake_prefix_path.ps1'
[1.176s] [34mcolcon.colcon_core.shell[0m [1;30mINFO[0m Creating environment descriptor '/Users/yosuke/gits/cxd5602pwbimu_ros2_driver/ros2_ws/install/imu_filter_madgwick/share/imu_filter_madgwick/hook/cmake_prefix_path.dsv'
[1.177s] [34mcolcon.colcon_core.shell[0m [1;30mINFO[0m Creating environment hook '/Users/yosuke/gits/cxd5602pwbimu_ros2_driver/ros2_ws/install/imu_filter_madgwick/share/imu_filter_madgwick/hook/cmake_prefix_path.sh'
[1.178s] [34mcolcon.colcon_core.environment[0m [1;30mLevel 1[0m checking '/Users/yosuke/gits/cxd5602pwbimu_ros2_driver/ros2_ws/install/imu_filter_madgwick/lib'
[1.178s] [34mcolcon.colcon_core.shell[0m [1;30mLevel 1[0m create_environment_hook('imu_filter_madgwick', 'dyld_library_path')
[1.178s] [34mcolcon.colcon_core.shell[0m [1;30mINFO[0m Creating environment hook '/Users/yosuke/gits/cxd5602pwbimu_ros2_driver/ros2_ws/install/imu_filter_madgwick/share/imu_filter_madgwick/hook/dyld_library_path.ps1'
[1.178s] [34mcolcon.colcon_core.shell[0m [1;30mINFO[0m Creating environment descriptor '/Users/yosuke/gits/cxd5602pwbimu_ros2_driver/ros2_ws/install/imu_filter_madgwick/share/imu_filter_madgwick/hook/dyld_library_path.dsv'
[1.179s] [34mcolcon.colcon_core.event_handler.log_command[0m [1;30mDEBUG[0m [32mInvoked command in '/Users/yosuke/gits/cxd5602pwbimu_ros2_driver/ros2_ws/build/imu_filter_madgwick' returned '0': CMAKE_PREFIX_PATH=${CMAKE_PREFIX_PATH}:/Users/yosuke/gits/cxd5602pwbimu_ros2_driver/ros2_ws/install/cxd5602pwbimu_driver_bringup:/Users/yosuke/miniforge3/envs/ros_env CONDA_PROMPT_MODIFIER=(ros_env) SHLVL=2 _=/Users/yosuke/miniforge3/envs/ros_env/bin/env /Users/yosuke/miniforge3/envs/ros_env/bin/cmake --install /Users/yosuke/gits/cxd5602pwbimu_ros2_driver/ros2_ws/build/imu_filter_madgwick[0m
[1.180s] [34mcolcon.colcon_core.shell[0m [1;30mINFO[0m Creating environment hook '/Users/yosuke/gits/cxd5602pwbimu_ros2_driver/ros2_ws/install/imu_filter_madgwick/share/imu_filter_madgwick/hook/dyld_library_path.sh'
[1.180s] [34mcolcon.colcon_core.environment[0m [1;30mLevel 1[0m checking '/Users/yosuke/gits/cxd5602pwbimu_ros2_driver/ros2_ws/install/imu_filter_madgwick/bin'
[1.180s] [34mcolcon.colcon_core.environment[0m [1;30mLevel 1[0m checking '/Users/yosuke/gits/cxd5602pwbimu_ros2_driver/ros2_ws/install/imu_filter_madgwick/lib/pkgconfig/imu_filter_madgwick.pc'
[1.181s] [34mcolcon.colcon_core.environment[0m [1;30mLevel 1[0m checking '/Users/yosuke/gits/cxd5602pwbimu_ros2_driver/ros2_ws/install/imu_filter_madgwick/lib/python3.11/site-packages'
[1.181s] [34mcolcon.colcon_core.environment[0m [1;30mLevel 1[0m checking '/Users/yosuke/gits/cxd5602pwbimu_ros2_driver/ros2_ws/install/imu_filter_madgwick/bin'
[1.181s] [34mcolcon.colcon_core.shell[0m [1;30mINFO[0m Creating package script '/Users/yosuke/gits/cxd5602pwbimu_ros2_driver/ros2_ws/install/imu_filter_madgwick/share/imu_filter_madgwick/package.ps1'
[1.181s] [34mcolcon.colcon_core.shell[0m [1;30mINFO[0m Creating package descriptor '/Users/yosuke/gits/cxd5602pwbimu_ros2_driver/ros2_ws/install/imu_filter_madgwick/share/imu_filter_madgwick/package.dsv'
[1.182s] [34mcolcon.colcon_core.shell[0m [1;30mINFO[0m Creating package script '/Users/yosuke/gits/cxd5602pwbimu_ros2_driver/ros2_ws/install/imu_filter_madgwick/share/imu_filter_madgwick/package.sh'
[1.182s] [34mcolcon.colcon_core.shell[0m [1;30mINFO[0m Creating package script '/Users/yosuke/gits/cxd5602pwbimu_ros2_driver/ros2_ws/install/imu_filter_madgwick/share/imu_filter_madgwick/package.bash'
[1.182s] [34mcolcon.colcon_core.shell[0m [1;30mINFO[0m Creating package script '/Users/yosuke/gits/cxd5602pwbimu_ros2_driver/ros2_ws/install/imu_filter_madgwick/share/imu_filter_madgwick/package.zsh'
[1.182s] [34mcolcon.colcon_core.environment[0m [1;30mLevel 1[0m create_file_with_runtime_dependencies(/Users/yosuke/gits/cxd5602pwbimu_ros2_driver/ros2_ws/install/imu_filter_madgwick/share/colcon-core/packages/imu_filter_madgwick)
[1.256s] [34mcolcon.colcon_core.event_handler.log_command[0m [1;30mDEBUG[0m [32mInvoking command in '/Users/yosuke/gits/cxd5602pwbimu_ros2_driver/ros2_ws/build/rviz_imu_plugin': CMAKE_PREFIX_PATH=${CMAKE_PREFIX_PATH}:/Users/yosuke/gits/cxd5602pwbimu_ros2_driver/ros2_ws/install/cxd5602pwbimu_driver_bringup:/Users/yosuke/miniforge3/envs/ros_env CONDA_PROMPT_MODIFIER=(ros_env) SHLVL=2 _=/Users/yosuke/miniforge3/envs/ros_env/bin/env /Users/yosuke/miniforge3/envs/ros_env/bin/cmake --install /Users/yosuke/gits/cxd5602pwbimu_ros2_driver/ros2_ws/build/rviz_imu_plugin[0m
[1.400s] [34mcolcon.colcon_core.environment[0m [1;30mLevel 1[0m create_environment_scripts_only(rviz_imu_plugin)
[1.400s] [34mcolcon.colcon_core.environment[0m [1;30mLevel 1[0m checking '/Users/yosuke/gits/cxd5602pwbimu_ros2_driver/ros2_ws/install/rviz_imu_plugin' for CMake module files
[1.401s] [34mcolcon.colcon_core.event_handler.log_command[0m [1;30mDEBUG[0m [32mInvoked command in '/Users/yosuke/gits/cxd5602pwbimu_ros2_driver/ros2_ws/build/rviz_imu_plugin' returned '0': CMAKE_PREFIX_PATH=${CMAKE_PREFIX_PATH}:/Users/yosuke/gits/cxd5602pwbimu_ros2_driver/ros2_ws/install/cxd5602pwbimu_driver_bringup:/Users/yosuke/miniforge3/envs/ros_env CONDA_PROMPT_MODIFIER=(ros_env) SHLVL=2 _=/Users/yosuke/miniforge3/envs/ros_env/bin/env /Users/yosuke/miniforge3/envs/ros_env/bin/cmake --install /Users/yosuke/gits/cxd5602pwbimu_ros2_driver/ros2_ws/build/rviz_imu_plugin[0m
[1.401s] [34mcolcon.colcon_core.environment[0m [1;30mLevel 1[0m checking '/Users/yosuke/gits/cxd5602pwbimu_ros2_driver/ros2_ws/install/rviz_imu_plugin' for CMake config files
[1.402s] [34mcolcon.colcon_core.shell[0m [1;30mLevel 1[0m create_environment_hook('rviz_imu_plugin', 'cmake_prefix_path')
[1.402s] [34mcolcon.colcon_core.shell[0m [1;30mINFO[0m Creating environment hook '/Users/yosuke/gits/cxd5602pwbimu_ros2_driver/ros2_ws/install/rviz_imu_plugin/share/rviz_imu_plugin/hook/cmake_prefix_path.ps1'
[1.403s] [34mcolcon.colcon_core.shell[0m [1;30mINFO[0m Creating environment descriptor '/Users/yosuke/gits/cxd5602pwbimu_ros2_driver/ros2_ws/install/rviz_imu_plugin/share/rviz_imu_plugin/hook/cmake_prefix_path.dsv'
[1.403s] [34mcolcon.colcon_core.shell[0m [1;30mINFO[0m Creating environment hook '/Users/yosuke/gits/cxd5602pwbimu_ros2_driver/ros2_ws/install/rviz_imu_plugin/share/rviz_imu_plugin/hook/cmake_prefix_path.sh'
[1.403s] [34mcolcon.colcon_core.environment[0m [1;30mLevel 1[0m checking '/Users/yosuke/gits/cxd5602pwbimu_ros2_driver/ros2_ws/install/rviz_imu_plugin/lib'
[1.404s] [34mcolcon.colcon_core.shell[0m [1;30mLevel 1[0m create_environment_hook('rviz_imu_plugin', 'dyld_library_path')
[1.404s] [34mcolcon.colcon_core.shell[0m [1;30mINFO[0m Creating environment hook '/Users/yosuke/gits/cxd5602pwbimu_ros2_driver/ros2_ws/install/rviz_imu_plugin/share/rviz_imu_plugin/hook/dyld_library_path.ps1'
[1.404s] [34mcolcon.colcon_core.shell[0m [1;30mINFO[0m Creating environment descriptor '/Users/yosuke/gits/cxd5602pwbimu_ros2_driver/ros2_ws/install/rviz_imu_plugin/share/rviz_imu_plugin/hook/dyld_library_path.dsv'
[1.404s] [34mcolcon.colcon_core.shell[0m [1;30mINFO[0m Creating environment hook '/Users/yosuke/gits/cxd5602pwbimu_ros2_driver/ros2_ws/install/rviz_imu_plugin/share/rviz_imu_plugin/hook/dyld_library_path.sh'
[1.405s] [34mcolcon.colcon_core.environment[0m [1;30mLevel 1[0m checking '/Users/yosuke/gits/cxd5602pwbimu_ros2_driver/ros2_ws/install/rviz_imu_plugin/bin'
[1.405s] [34mcolcon.colcon_core.environment[0m [1;30mLevel 1[0m checking '/Users/yosuke/gits/cxd5602pwbimu_ros2_driver/ros2_ws/install/rviz_imu_plugin/lib/pkgconfig/rviz_imu_plugin.pc'
[1.406s] [34mcolcon.colcon_core.environment[0m [1;30mLevel 1[0m checking '/Users/yosuke/gits/cxd5602pwbimu_ros2_driver/ros2_ws/install/rviz_imu_plugin/lib/python3.11/site-packages'
[1.406s] [34mcolcon.colcon_core.environment[0m [1;30mLevel 1[0m checking '/Users/yosuke/gits/cxd5602pwbimu_ros2_driver/ros2_ws/install/rviz_imu_plugin/bin'
[1.406s] [34mcolcon.colcon_core.shell[0m [1;30mINFO[0m Creating package script '/Users/yosuke/gits/cxd5602pwbimu_ros2_driver/ros2_ws/install/rviz_imu_plugin/share/rviz_imu_plugin/package.ps1'
[1.406s] [34mcolcon.colcon_core.shell[0m [1;30mINFO[0m Creating package descriptor '/Users/yosuke/gits/cxd5602pwbimu_ros2_driver/ros2_ws/install/rviz_imu_plugin/share/rviz_imu_plugin/package.dsv'
[1.407s] [34mcolcon.colcon_core.shell[0m [1;30mINFO[0m Creating package script '/Users/yosuke/gits/cxd5602pwbimu_ros2_driver/ros2_ws/install/rviz_imu_plugin/share/rviz_imu_plugin/package.sh'
[1.407s] [34mcolcon.colcon_core.shell[0m [1;30mINFO[0m Creating package script '/Users/yosuke/gits/cxd5602pwbimu_ros2_driver/ros2_ws/install/rviz_imu_plugin/share/rviz_imu_plugin/package.bash'
[1.408s] [34mcolcon.colcon_core.shell[0m [1;30mINFO[0m Creating package script '/Users/yosuke/gits/cxd5602pwbimu_ros2_driver/ros2_ws/install/rviz_imu_plugin/share/rviz_imu_plugin/package.zsh'
[1.408s] [34mcolcon.colcon_core.environment[0m [1;30mLevel 1[0m create_file_with_runtime_dependencies(/Users/yosuke/gits/cxd5602pwbimu_ros2_driver/ros2_ws/install/rviz_imu_plugin/share/colcon-core/packages/rviz_imu_plugin)
[1.506s] [34mcolcon.colcon_core.environment[0m [1;30mLevel 1[0m create_environment_scripts_only(imu_trajectory_filter)
[1.506s] [34mcolcon.colcon_core.environment[0m [1;30mLevel 1[0m checking '/Users/yosuke/gits/cxd5602pwbimu_ros2_driver/ros2_ws/install/imu_trajectory_filter' for CMake module files
[1.507s] [34mcolcon.colcon_core.environment[0m [1;30mLevel 1[0m checking '/Users/yosuke/gits/cxd5602pwbimu_ros2_driver/ros2_ws/install/imu_trajectory_filter' for CMake config files
[1.507s] [34mcolcon.colcon_core.shell[0m [1;30mLevel 1[0m create_environment_hook('imu_trajectory_filter', 'cmake_prefix_path')
[1.507s] [34mcolcon.colcon_core.shell[0m [1;30mINFO[0m Creating environment hook '/Users/yosuke/gits/cxd5602pwbimu_ros2_driver/ros2_ws/install/imu_trajectory_filter/share/imu_trajectory_filter/hook/cmake_prefix_path.ps1'
[1.508s] [34mcolcon.colcon_core.shell[0m [1;30mINFO[0m Creating environment descriptor '/Users/yosuke/gits/cxd5602pwbimu_ros2_driver/ros2_ws/install/imu_trajectory_filter/share/imu_trajectory_filter/hook/cmake_prefix_path.dsv'
[1.508s] [34mcolcon.colcon_core.shell[0m [1;30mINFO[0m Creating environment hook '/Users/yosuke/gits/cxd5602pwbimu_ros2_driver/ros2_ws/install/imu_trajectory_filter/share/imu_trajectory_filter/hook/cmake_prefix_path.sh'
[1.509s] [34mcolcon.colcon_core.environment[0m [1;30mLevel 1[0m checking '/Users/yosuke/gits/cxd5602pwbimu_ros2_driver/ros2_ws/install/imu_trajectory_filter/lib'
[1.509s] [34mcolcon.colcon_core.shell[0m [1;30mLevel 1[0m create_environment_hook('imu_trajectory_filter', 'dyld_library_path')
[1.509s] [34mcolcon.colcon_core.shell[0m [1;30mINFO[0m Creating environment hook '/Users/yosuke/gits/cxd5602pwbimu_ros2_driver/ros2_ws/install/imu_trajectory_filter/share/imu_trajectory_filter/hook/dyld_library_path.ps1'
[1.509s] [34mcolcon.colcon_core.shell[0m [1;30mINFO[0m Creating environment descriptor '/Users/yosuke/gits/cxd5602pwbimu_ros2_driver/ros2_ws/install/imu_trajectory_filter/share/imu_trajectory_filter/hook/dyld_library_path.dsv'
[1.510s] [34mcolcon.colcon_core.shell[0m [1;30mINFO[0m Creating environment hook '/Users/yosuke/gits/cxd5602pwbimu_ros2_driver/ros2_ws/install/imu_trajectory_filter/share/imu_trajectory_filter/hook/dyld_library_path.sh'
[1.510s] [34mcolcon.colcon_core.environment[0m [1;30mLevel 1[0m checking '/Users/yosuke/gits/cxd5602pwbimu_ros2_driver/ros2_ws/install/imu_trajectory_filter/bin'
[1.510s] [34mcolcon.colcon_core.environment[0m [1;30mLevel 1[0m checking '/Users/yosuke/gits/cxd5602pwbimu_ros2_driver/ros2_ws/install/imu_trajectory_filter/lib/pkgconfig/imu_trajectory_filter.pc'
[1.510s] [34mcolcon.colcon_core.environment[0m [1;30mLevel 1[0m checking '/Users/yosuke/gits/cxd5602pwbimu_ros2_driver/ros2_ws/install/imu_trajectory_filter/lib/python3.11/site-packages'
[1.510s] [34mcolcon.colcon_core.environment[0m [1;30mLevel 1[0m checking '/Users/yosuke/gits/cxd5602pwbimu_ros2_driver/ros2_ws/install/imu_trajectory_filter/bin'
[1.511s] [34mcolcon.colcon_core.shell[0m [1;30mINFO[0m Creating package script '/Users/yosuke/gits/cxd5602pwbimu_ros2_driver/ros2_ws/install/imu_trajectory_filter/share/imu_trajectory_filter/package.ps1'
[1.511s] [34mcolcon.colcon_core.shell[0m [1;30mINFO[0m Creating package descriptor '/Users/yosuke/gits/cxd5602pwbimu_ros2_driver/ros2_ws/install/imu_trajectory_filter/share/imu_trajectory_filter/package.dsv'
[1.512s] [34mcolcon.colcon_core.shell[0m [1;30mINFO[0m Creating package script '/Users/yosuke/gits/cxd5602pwbimu_ros2_driver/ros2_ws/install/imu_trajectory_filter/share/imu_trajectory_filter/package.sh'
[1.512s] [34mcolcon.colcon_core.shell[0m [1;30mINFO[0m Creating package script '/Users/yosuke/gits/cxd5602pwbimu_ros2_driver/ros2_ws/install/imu_trajectory_filter/share/imu_trajectory_filter/package.bash'
[1.513s] [34mcolcon.colcon_core.shell[0m [1;30mINFO[0m Creating package script '/Users/yosuke/gits/cxd5602pwbimu_ros2_driver/ros2_ws/install/imu_trajectory_filter/share/imu_trajectory_filter/package.zsh'
[1.513s] [34mcolcon.colcon_core.environment[0m [1;30mLevel 1[0m create_file_with_runtime_dependencies(/Users/yosuke/gits/cxd5602pwbimu_ros2_driver/ros2_ws/install/imu_trajectory_filter/share/colcon-core/packages/imu_trajectory_filter)
[1.593s] [34mcolcon.colcon_core.environment[0m [1;30mLevel 1[0m create_environment_scripts_only(imu_complementary_filter)
[1.593s] [34mcolcon.colcon_core.environment[0m [1;30mLevel 1[0m checking '/Users/yosuke/gits/cxd5602pwbimu_ros2_driver/ros2_ws/install/imu_complementary_filter' for CMake module files
[1.594s] [34mcolcon.colcon_core.environment[0m [1;30mLevel 1[0m checking '/Users/yosuke/gits/cxd5602pwbimu_ros2_driver/ros2_ws/install/imu_complementary_filter' for CMake config files
[1.595s] [34mcolcon.colcon_core.shell[0m [1;30mLevel 1[0m create_environment_hook('imu_complementary_filter', 'cmake_prefix_path')
[1.595s] [34mcolcon.colcon_core.shell[0m [1;30mINFO[0m Creating environment hook '/Users/yosuke/gits/cxd5602pwbimu_ros2_driver/ros2_ws/install/imu_complementary_filter/share/imu_complementary_filter/hook/cmake_prefix_path.ps1'
[1.595s] [34mcolcon.colcon_core.shell[0m [1;30mINFO[0m Creating environment descriptor '/Users/yosuke/gits/cxd5602pwbimu_ros2_driver/ros2_ws/install/imu_complementary_filter/share/imu_complementary_filter/hook/cmake_prefix_path.dsv'
[1.595s] [34mcolcon.colcon_core.shell[0m [1;30mINFO[0m Creating environment hook '/Users/yosuke/gits/cxd5602pwbimu_ros2_driver/ros2_ws/install/imu_complementary_filter/share/imu_complementary_filter/hook/cmake_prefix_path.sh'
[1.596s] [34mcolcon.colcon_core.environment[0m [1;30mLevel 1[0m checking '/Users/yosuke/gits/cxd5602pwbimu_ros2_driver/ros2_ws/install/imu_complementary_filter/lib'
[1.596s] [34mcolcon.colcon_core.shell[0m [1;30mLevel 1[0m create_environment_hook('imu_complementary_filter', 'dyld_library_path')
[1.596s] [34mcolcon.colcon_core.shell[0m [1;30mINFO[0m Creating environment hook '/Users/yosuke/gits/cxd5602pwbimu_ros2_driver/ros2_ws/install/imu_complementary_filter/share/imu_complementary_filter/hook/dyld_library_path.ps1'
[1.596s] [34mcolcon.colcon_core.shell[0m [1;30mINFO[0m Creating environment descriptor '/Users/yosuke/gits/cxd5602pwbimu_ros2_driver/ros2_ws/install/imu_complementary_filter/share/imu_complementary_filter/hook/dyld_library_path.dsv'
[1.596s] [34mcolcon.colcon_core.shell[0m [1;30mINFO[0m Creating environment hook '/Users/yosuke/gits/cxd5602pwbimu_ros2_driver/ros2_ws/install/imu_complementary_filter/share/imu_complementary_filter/hook/dyld_library_path.sh'
[1.596s] [34mcolcon.colcon_core.environment[0m [1;30mLevel 1[0m checking '/Users/yosuke/gits/cxd5602pwbimu_ros2_driver/ros2_ws/install/imu_complementary_filter/bin'
[1.596s] [34mcolcon.colcon_core.environment[0m [1;30mLevel 1[0m checking '/Users/yosuke/gits/cxd5602pwbimu_ros2_driver/ros2_ws/install/imu_complementary_filter/lib/pkgconfig/imu_complementary_filter.pc'
[1.596s] [34mcolcon.colcon_core.environment[0m [1;30mLevel 1[0m checking '/Users/yosuke/gits/cxd5602pwbimu_ros2_driver/ros2_ws/install/imu_complementary_filter/lib/python3.11/site-packages'
[1.596s] [34mcolcon.colcon_core.environment[0m [1;30mLevel 1[0m checking '/Users/yosuke/gits/cxd5602pwbimu_ros2_driver/ros2_ws/install/imu_complementary_filter/bin'
[1.597s] [34mcolcon.colcon_core.shell[0m [1;30mINFO[0m Creating package script '/Users/yosuke/gits/cxd5602pwbimu_ros2_driver/ros2_ws/install/imu_complementary_filter/share/imu_complementary_filter/package.ps1'
[1.597s] [34mcolcon.colcon_core.shell[0m [1;30mINFO[0m Creating package descriptor '/Users/yosuke/gits/cxd5602pwbimu_ros2_driver/ros2_ws/install/imu_complementary_filter/share/imu_complementary_filter/package.dsv'
[1.597s] [34mcolcon.colcon_core.shell[0m [1;30mINFO[0m Creating package script '/Users/yosuke/gits/cxd5602pwbimu_ros2_driver/ros2_ws/install/imu_complementary_filter/share/imu_complementary_filter/package.sh'
[1.597s] [34mcolcon.colcon_core.shell[0m [1;30mINFO[0m Creating package script '/Users/yosuke/gits/cxd5602pwbimu_ros2_driver/ros2_ws/install/imu_complementary_filter/share/imu_complementary_filter/package.bash'
[1.597s] [34mcolcon.colcon_core.shell[0m [1;30mINFO[0m Creating package script '/Users/yosuke/gits/cxd5602pwbimu_ros2_driver/ros2_ws/install/imu_complementary_filter/share/imu_complementary_filter/package.zsh'
[1.597s] [34mcolcon.colcon_core.environment[0m [1;30mLevel 1[0m create_file_with_runtime_dependencies(/Users/yosuke/gits/cxd5602pwbimu_ros2_driver/ros2_ws/install/imu_complementary_filter/share/colcon-core/packages/imu_complementary_filter)
[1.628s] [34mcolcon.colcon_core.event_handler.log_command[0m [1;30mDEBUG[0m [32mInvoked command in '/Users/yosuke/gits/cxd5602pwbimu_ros2_driver/ros2_ws/build/h6x_serial_interface_example' returned '0': CMAKE_PREFIX_PATH=/Users/yosuke/gits/cxd5602pwbimu_ros2_driver/ros2_ws/install/h6x_serial_interface:/Users/yosuke/gits/cxd5602pwbimu_ros2_driver/ros2_ws/install/imu_tools:/Users/yosuke/gits/cxd5602pwbimu_ros2_driver/ros2_ws/install/rviz_imu_plugin:/Users/yosuke/gits/cxd5602pwbimu_ros2_driver/ros2_ws/install/imu_trajectory_filter:/Users/yosuke/gits/cxd5602pwbimu_ros2_driver/ros2_ws/install/cxd5602pwbimu_driver:/Users/yosuke/gits/cxd5602pwbimu_ros2_driver/ros2_ws/install/imu_filter_madgwick:/Users/yosuke/gits/cxd5602pwbimu_ros2_driver/ros2_ws/install/imu_complementary_filter:/Users/yosuke/gits/cxd5602pwbimu_ros2_driver/ros2_ws/install/h6x_serial_interface_example:/Users/yosuke/gits/cxd5602pwbimu_ros2_driver/ros2_ws/install/cxd5602pwbimu_driver_node:/Users/yosuke/gits/cxd5602pwbimu_ros2_driver/ros2_ws/install/h6x_packet_handler:/usr/local:/opt/homebrew/opt/qt@5:/Users/yosuke/gits/cxd5602pwbimu_ros2_driver/ros2_ws/install/cxd5602pwbimu_driver_bringup:/Users/yosuke/miniforge3/envs/ros_env CONDA_PROMPT_MODIFIER=(ros_env) DYLD_LIBRARY_PATH=/Users/yosuke/gits/cxd5602pwbimu_ros2_driver/ros2_ws/install/h6x_serial_interface/lib:/Users/yosuke/gits/cxd5602pwbimu_ros2_driver/ros2_ws/install/rviz_imu_plugin/lib:/Users/yosuke/gits/cxd5602pwbimu_ros2_driver/ros2_ws/install/imu_trajectory_filter/lib:/Users/yosuke/gits/cxd5602pwbimu_ros2_driver/ros2_ws/install/imu_filter_madgwick/lib:/Users/yosuke/gits/cxd5602pwbimu_ros2_driver/ros2_ws/install/imu_complementary_filter/lib:/Users/yosuke/gits/cxd5602pwbimu_ros2_driver/ros2_ws/install/h6x_serial_interface_example/lib:/Users/yosuke/gits/cxd5602pwbimu_ros2_driver/ros2_ws/install/cxd5602pwbimu_driver_node/lib:/Users/yosuke/gits/cxd5602pwbimu_ros2_driver/ros2_ws/install/h6x_packet_handler/lib:/Users/yosuke/miniforge3/envs/ros_env/opt/rviz_ogre_vendor/lib SHLVL=2 _=/Users/yosuke/miniforge3/envs/ros_env/bin/env /Users/yosuke/miniforge3/envs/ros_env/bin/cmake --build /Users/yosuke/gits/cxd5602pwbimu_ros2_driver/ros2_ws/build/h6x_serial_interface_example -- -j10 -l10[0m
[1.688s] [34mcolcon.colcon_core.environment[0m [1;30mLevel 1[0m create_environment_scripts_only(h6x_packet_handler)
[1.688s] [34mcolcon.colcon_core.environment[0m [1;30mLevel 1[0m checking '/Users/yosuke/gits/cxd5602pwbimu_ros2_driver/ros2_ws/install/h6x_packet_handler' for CMake module files
[1.688s] [34mcolcon.colcon_core.environment[0m [1;30mLevel 1[0m checking '/Users/yosuke/gits/cxd5602pwbimu_ros2_driver/ros2_ws/install/h6x_packet_handler' for CMake config files
[1.689s] [34mcolcon.colcon_core.shell[0m [1;30mLevel 1[0m create_environment_hook('h6x_packet_handler', 'cmake_prefix_path')
[1.689s] [34mcolcon.colcon_core.shell[0m [1;30mINFO[0m Creating environment hook '/Users/yosuke/gits/cxd5602pwbimu_ros2_driver/ros2_ws/install/h6x_packet_handler/share/h6x_packet_handler/hook/cmake_prefix_path.ps1'
[1.689s] [34mcolcon.colcon_core.shell[0m [1;30mINFO[0m Creating environment descriptor '/Users/yosuke/gits/cxd5602pwbimu_ros2_driver/ros2_ws/install/h6x_packet_handler/share/h6x_packet_handler/hook/cmake_prefix_path.dsv'
[1.689s] [34mcolcon.colcon_core.shell[0m [1;30mINFO[0m Creating environment hook '/Users/yosuke/gits/cxd5602pwbimu_ros2_driver/ros2_ws/install/h6x_packet_handler/share/h6x_packet_handler/hook/cmake_prefix_path.sh'
[1.690s] [34mcolcon.colcon_core.environment[0m [1;30mLevel 1[0m checking '/Users/yosuke/gits/cxd5602pwbimu_ros2_driver/ros2_ws/install/h6x_packet_handler/lib'
[1.690s] [34mcolcon.colcon_core.shell[0m [1;30mLevel 1[0m create_environment_hook('h6x_packet_handler', 'dyld_library_path')
[1.690s] [34mcolcon.colcon_core.shell[0m [1;30mINFO[0m Creating environment hook '/Users/yosuke/gits/cxd5602pwbimu_ros2_driver/ros2_ws/install/h6x_packet_handler/share/h6x_packet_handler/hook/dyld_library_path.ps1'
[1.690s] [34mcolcon.colcon_core.shell[0m [1;30mINFO[0m Creating environment descriptor '/Users/yosuke/gits/cxd5602pwbimu_ros2_driver/ros2_ws/install/h6x_packet_handler/share/h6x_packet_handler/hook/dyld_library_path.dsv'
[1.690s] [34mcolcon.colcon_core.shell[0m [1;30mINFO[0m Creating environment hook '/Users/yosuke/gits/cxd5602pwbimu_ros2_driver/ros2_ws/install/h6x_packet_handler/share/h6x_packet_handler/hook/dyld_library_path.sh'
[1.690s] [34mcolcon.colcon_core.environment[0m [1;30mLevel 1[0m checking '/Users/yosuke/gits/cxd5602pwbimu_ros2_driver/ros2_ws/install/h6x_packet_handler/bin'
[1.690s] [34mcolcon.colcon_core.environment[0m [1;30mLevel 1[0m checking '/Users/yosuke/gits/cxd5602pwbimu_ros2_driver/ros2_ws/install/h6x_packet_handler/lib/pkgconfig/h6x_packet_handler.pc'
[1.690s] [34mcolcon.colcon_core.environment[0m [1;30mLevel 1[0m checking '/Users/yosuke/gits/cxd5602pwbimu_ros2_driver/ros2_ws/install/h6x_packet_handler/lib/python3.11/site-packages'
[1.690s] [34mcolcon.colcon_core.environment[0m [1;30mLevel 1[0m checking '/Users/yosuke/gits/cxd5602pwbimu_ros2_driver/ros2_ws/install/h6x_packet_handler/bin'
[1.690s] [34mcolcon.colcon_core.shell[0m [1;30mINFO[0m Creating package script '/Users/yosuke/gits/cxd5602pwbimu_ros2_driver/ros2_ws/install/h6x_packet_handler/share/h6x_packet_handler/package.ps1'
[1.691s] [34mcolcon.colcon_core.shell[0m [1;30mINFO[0m Creating package descriptor '/Users/yosuke/gits/cxd5602pwbimu_ros2_driver/ros2_ws/install/h6x_packet_handler/share/h6x_packet_handler/package.dsv'
[1.691s] [34mcolcon.colcon_core.shell[0m [1;30mINFO[0m Creating package script '/Users/yosuke/gits/cxd5602pwbimu_ros2_driver/ros2_ws/install/h6x_packet_handler/share/h6x_packet_handler/package.sh'
[1.691s] [34mcolcon.colcon_core.shell[0m [1;30mINFO[0m Creating package script '/Users/yosuke/gits/cxd5602pwbimu_ros2_driver/ros2_ws/install/h6x_packet_handler/share/h6x_packet_handler/package.bash'
[1.692s] [34mcolcon.colcon_core.shell[0m [1;30mINFO[0m Creating package script '/Users/yosuke/gits/cxd5602pwbimu_ros2_driver/ros2_ws/install/h6x_packet_handler/share/h6x_packet_handler/package.zsh'
[1.692s] [34mcolcon.colcon_core.environment[0m [1;30mLevel 1[0m create_file_with_runtime_dependencies(/Users/yosuke/gits/cxd5602pwbimu_ros2_driver/ros2_ws/install/h6x_packet_handler/share/colcon-core/packages/h6x_packet_handler)
[1.725s] [34mcolcon.colcon_core.environment[0m [1;30mLevel 1[0m create_environment_scripts_only(imu_filter_madgwick)
[1.725s] [34mcolcon.colcon_core.environment[0m [1;30mLevel 1[0m checking '/Users/yosuke/gits/cxd5602pwbimu_ros2_driver/ros2_ws/install/imu_filter_madgwick' for CMake module files
[1.726s] [34mcolcon.colcon_core.environment[0m [1;30mLevel 1[0m checking '/Users/yosuke/gits/cxd5602pwbimu_ros2_driver/ros2_ws/install/imu_filter_madgwick' for CMake config files
[1.726s] [34mcolcon.colcon_core.shell[0m [1;30mLevel 1[0m create_environment_hook('imu_filter_madgwick', 'cmake_prefix_path')
[1.726s] [34mcolcon.colcon_core.shell[0m [1;30mINFO[0m Creating environment hook '/Users/yosuke/gits/cxd5602pwbimu_ros2_driver/ros2_ws/install/imu_filter_madgwick/share/imu_filter_madgwick/hook/cmake_prefix_path.ps1'
[1.726s] [34mcolcon.colcon_core.shell[0m [1;30mINFO[0m Creating environment descriptor '/Users/yosuke/gits/cxd5602pwbimu_ros2_driver/ros2_ws/install/imu_filter_madgwick/share/imu_filter_madgwick/hook/cmake_prefix_path.dsv'
[1.726s] [34mcolcon.colcon_core.shell[0m [1;30mINFO[0m Creating environment hook '/Users/yosuke/gits/cxd5602pwbimu_ros2_driver/ros2_ws/install/imu_filter_madgwick/share/imu_filter_madgwick/hook/cmake_prefix_path.sh'
[1.727s] [34mcolcon.colcon_core.environment[0m [1;30mLevel 1[0m checking '/Users/yosuke/gits/cxd5602pwbimu_ros2_driver/ros2_ws/install/imu_filter_madgwick/lib'
[1.727s] [34mcolcon.colcon_core.shell[0m [1;30mLevel 1[0m create_environment_hook('imu_filter_madgwick', 'dyld_library_path')
[1.727s] [34mcolcon.colcon_core.shell[0m [1;30mINFO[0m Creating environment hook '/Users/yosuke/gits/cxd5602pwbimu_ros2_driver/ros2_ws/install/imu_filter_madgwick/share/imu_filter_madgwick/hook/dyld_library_path.ps1'
[1.727s] [34mcolcon.colcon_core.shell[0m [1;30mINFO[0m Creating environment descriptor '/Users/yosuke/gits/cxd5602pwbimu_ros2_driver/ros2_ws/install/imu_filter_madgwick/share/imu_filter_madgwick/hook/dyld_library_path.dsv'
[1.727s] [34mcolcon.colcon_core.shell[0m [1;30mINFO[0m Creating environment hook '/Users/yosuke/gits/cxd5602pwbimu_ros2_driver/ros2_ws/install/imu_filter_madgwick/share/imu_filter_madgwick/hook/dyld_library_path.sh'
[1.727s] [34mcolcon.colcon_core.environment[0m [1;30mLevel 1[0m checking '/Users/yosuke/gits/cxd5602pwbimu_ros2_driver/ros2_ws/install/imu_filter_madgwick/bin'
[1.727s] [34mcolcon.colcon_core.environment[0m [1;30mLevel 1[0m checking '/Users/yosuke/gits/cxd5602pwbimu_ros2_driver/ros2_ws/install/imu_filter_madgwick/lib/pkgconfig/imu_filter_madgwick.pc'
[1.727s] [34mcolcon.colcon_core.environment[0m [1;30mLevel 1[0m checking '/Users/yosuke/gits/cxd5602pwbimu_ros2_driver/ros2_ws/install/imu_filter_madgwick/lib/python3.11/site-packages'
[1.727s] [34mcolcon.colcon_core.environment[0m [1;30mLevel 1[0m checking '/Users/yosuke/gits/cxd5602pwbimu_ros2_driver/ros2_ws/install/imu_filter_madgwick/bin'
[1.727s] [34mcolcon.colcon_core.shell[0m [1;30mINFO[0m Creating package script '/Users/yosuke/gits/cxd5602pwbimu_ros2_driver/ros2_ws/install/imu_filter_madgwick/share/imu_filter_madgwick/package.ps1'
[1.728s] [34mcolcon.colcon_core.shell[0m [1;30mINFO[0m Creating package descriptor '/Users/yosuke/gits/cxd5602pwbimu_ros2_driver/ros2_ws/install/imu_filter_madgwick/share/imu_filter_madgwick/package.dsv'
[1.728s] [34mcolcon.colcon_core.shell[0m [1;30mINFO[0m Creating package script '/Users/yosuke/gits/cxd5602pwbimu_ros2_driver/ros2_ws/install/imu_filter_madgwick/share/imu_filter_madgwick/package.sh'
[1.728s] [34mcolcon.colcon_core.shell[0m [1;30mINFO[0m Creating package script '/Users/yosuke/gits/cxd5602pwbimu_ros2_driver/ros2_ws/install/imu_filter_madgwick/share/imu_filter_madgwick/package.bash'
[1.728s] [34mcolcon.colcon_core.shell[0m [1;30mINFO[0m Creating package script '/Users/yosuke/gits/cxd5602pwbimu_ros2_driver/ros2_ws/install/imu_filter_madgwick/share/imu_filter_madgwick/package.zsh'
[1.728s] [34mcolcon.colcon_core.environment[0m [1;30mLevel 1[0m create_file_with_runtime_dependencies(/Users/yosuke/gits/cxd5602pwbimu_ros2_driver/ros2_ws/install/imu_filter_madgwick/share/colcon-core/packages/imu_filter_madgwick)
[1.834s] [34mcolcon.colcon_core.environment[0m [1;30mLevel 1[0m create_environment_scripts_only(rviz_imu_plugin)
[1.834s] [34mcolcon.colcon_core.environment[0m [1;30mLevel 1[0m checking '/Users/yosuke/gits/cxd5602pwbimu_ros2_driver/ros2_ws/install/rviz_imu_plugin' for CMake module files
[1.834s] [34mcolcon.colcon_core.environment[0m [1;30mLevel 1[0m checking '/Users/yosuke/gits/cxd5602pwbimu_ros2_driver/ros2_ws/install/rviz_imu_plugin' for CMake config files
[1.834s] [34mcolcon.colcon_core.shell[0m [1;30mLevel 1[0m create_environment_hook('rviz_imu_plugin', 'cmake_prefix_path')
[1.834s] [34mcolcon.colcon_core.shell[0m [1;30mINFO[0m Creating environment hook '/Users/yosuke/gits/cxd5602pwbimu_ros2_driver/ros2_ws/install/rviz_imu_plugin/share/rviz_imu_plugin/hook/cmake_prefix_path.ps1'
[1.835s] [34mcolcon.colcon_core.shell[0m [1;30mINFO[0m Creating environment descriptor '/Users/yosuke/gits/cxd5602pwbimu_ros2_driver/ros2_ws/install/rviz_imu_plugin/share/rviz_imu_plugin/hook/cmake_prefix_path.dsv'
[1.835s] [34mcolcon.colcon_core.shell[0m [1;30mINFO[0m Creating environment hook '/Users/yosuke/gits/cxd5602pwbimu_ros2_driver/ros2_ws/install/rviz_imu_plugin/share/rviz_imu_plugin/hook/cmake_prefix_path.sh'
[1.835s] [34mcolcon.colcon_core.environment[0m [1;30mLevel 1[0m checking '/Users/yosuke/gits/cxd5602pwbimu_ros2_driver/ros2_ws/install/rviz_imu_plugin/lib'
[1.835s] [34mcolcon.colcon_core.shell[0m [1;30mLevel 1[0m create_environment_hook('rviz_imu_plugin', 'dyld_library_path')
[1.835s] [34mcolcon.colcon_core.shell[0m [1;30mINFO[0m Creating environment hook '/Users/yosuke/gits/cxd5602pwbimu_ros2_driver/ros2_ws/install/rviz_imu_plugin/share/rviz_imu_plugin/hook/dyld_library_path.ps1'
[1.835s] [34mcolcon.colcon_core.shell[0m [1;30mINFO[0m Creating environment descriptor '/Users/yosuke/gits/cxd5602pwbimu_ros2_driver/ros2_ws/install/rviz_imu_plugin/share/rviz_imu_plugin/hook/dyld_library_path.dsv'
[1.836s] [34mcolcon.colcon_core.shell[0m [1;30mINFO[0m Creating environment hook '/Users/yosuke/gits/cxd5602pwbimu_ros2_driver/ros2_ws/install/rviz_imu_plugin/share/rviz_imu_plugin/hook/dyld_library_path.sh'
[1.836s] [34mcolcon.colcon_core.environment[0m [1;30mLevel 1[0m checking '/Users/yosuke/gits/cxd5602pwbimu_ros2_driver/ros2_ws/install/rviz_imu_plugin/bin'
[1.836s] [34mcolcon.colcon_core.environment[0m [1;30mLevel 1[0m checking '/Users/yosuke/gits/cxd5602pwbimu_ros2_driver/ros2_ws/install/rviz_imu_plugin/lib/pkgconfig/rviz_imu_plugin.pc'
[1.836s] [34mcolcon.colcon_core.environment[0m [1;30mLevel 1[0m checking '/Users/yosuke/gits/cxd5602pwbimu_ros2_driver/ros2_ws/install/rviz_imu_plugin/lib/python3.11/site-packages'
[1.836s] [34mcolcon.colcon_core.environment[0m [1;30mLevel 1[0m checking '/Users/yosuke/gits/cxd5602pwbimu_ros2_driver/ros2_ws/install/rviz_imu_plugin/bin'
[1.836s] [34mcolcon.colcon_core.shell[0m [1;30mINFO[0m Creating package script '/Users/yosuke/gits/cxd5602pwbimu_ros2_driver/ros2_ws/install/rviz_imu_plugin/share/rviz_imu_plugin/package.ps1'
[1.836s] [34mcolcon.colcon_core.shell[0m [1;30mINFO[0m Creating package descriptor '/Users/yosuke/gits/cxd5602pwbimu_ros2_driver/ros2_ws/install/rviz_imu_plugin/share/rviz_imu_plugin/package.dsv'
[1.836s] [34mcolcon.colcon_core.shell[0m [1;30mINFO[0m Creating package script '/Users/yosuke/gits/cxd5602pwbimu_ros2_driver/ros2_ws/install/rviz_imu_plugin/share/rviz_imu_plugin/package.sh'
[1.837s] [34mcolcon.colcon_core.shell[0m [1;30mINFO[0m Creating package script '/Users/yosuke/gits/cxd5602pwbimu_ros2_driver/ros2_ws/install/rviz_imu_plugin/share/rviz_imu_plugin/package.bash'
[1.837s] [34mcolcon.colcon_core.shell[0m [1;30mINFO[0m Creating package script '/Users/yosuke/gits/cxd5602pwbimu_ros2_driver/ros2_ws/install/rviz_imu_plugin/share/rviz_imu_plugin/package.zsh'
[1.837s] [34mcolcon.colcon_core.environment[0m [1;30mLevel 1[0m create_file_with_runtime_dependencies(/Users/yosuke/gits/cxd5602pwbimu_ros2_driver/ros2_ws/install/rviz_imu_plugin/share/colcon-core/packages/rviz_imu_plugin)
[1.837s] [34mcolcon.colcon_ros.task.ament_cmake.build[0m [1;30mINFO[0m Building ROS package in '/Users/yosuke/gits/cxd5602pwbimu_ros2_driver/ros2_ws/src/imu_tools/imu_tools' with build type 'ament_cmake'
[1.837s] [34mcolcon.colcon_cmake.task.cmake.build[0m [1;30mINFO[0m Building CMake package in '/Users/yosuke/gits/cxd5602pwbimu_ros2_driver/ros2_ws/src/imu_tools/imu_tools'
[1.837s] [34mcolcon.colcon_core.shell[0m [1;30mINFO[0m Skip shell extension 'powershell' for command environment: Not usable outside of PowerShell
[1.837s] [34mcolcon.colcon_core.shell[0m [1;30mDEBUG[0m [32mSkip shell extension 'dsv' for command environment[0m
[1.866s] [34mcolcon.colcon_core.event_handler.log_command[0m [1;30mDEBUG[0m [32mInvoking command in '/Users/yosuke/gits/cxd5602pwbimu_ros2_driver/ros2_ws/build/imu_tools': CMAKE_PREFIX_PATH=/Users/yosuke/gits/cxd5602pwbimu_ros2_driver/ros2_ws/install/rviz_imu_plugin:/Users/yosuke/gits/cxd5602pwbimu_ros2_driver/ros2_ws/install/imu_filter_madgwick:/Users/yosuke/gits/cxd5602pwbimu_ros2_driver/ros2_ws/install/imu_complementary_filter:/Users/yosuke/gits/cxd5602pwbimu_ros2_driver/ros2_ws/install/imu_tools:/Users/yosuke/gits/cxd5602pwbimu_ros2_driver/ros2_ws/install/imu_trajectory_filter:/Users/yosuke/gits/cxd5602pwbimu_ros2_driver/ros2_ws/install/cxd5602pwbimu_driver:/Users/yosuke/gits/cxd5602pwbimu_ros2_driver/ros2_ws/install/h6x_serial_interface_example:/Users/yosuke/gits/cxd5602pwbimu_ros2_driver/ros2_ws/install/cxd5602pwbimu_driver_node:/Users/yosuke/gits/cxd5602pwbimu_ros2_driver/ros2_ws/install/h6x_serial_interface:/Users/yosuke/gits/cxd5602pwbimu_ros2_driver/ros2_ws/install/h6x_packet_handler:/usr/local:/opt/homebrew/opt/qt@5:/Users/yosuke/gits/cxd5602pwbimu_ros2_driver/ros2_ws/install/cxd5602pwbimu_driver_bringup:/Users/yosuke/miniforge3/envs/ros_env CONDA_PROMPT_MODIFIER=(ros_env) DYLD_LIBRARY_PATH=/Users/yosuke/gits/cxd5602pwbimu_ros2_driver/ros2_ws/install/rviz_imu_plugin/lib:/Users/yosuke/gits/cxd5602pwbimu_ros2_driver/ros2_ws/install/imu_filter_madgwick/lib:/Users/yosuke/gits/cxd5602pwbimu_ros2_driver/ros2_ws/install/imu_complementary_filter/lib:/Users/yosuke/gits/cxd5602pwbimu_ros2_driver/ros2_ws/install/imu_trajectory_filter/lib:/Users/yosuke/gits/cxd5602pwbimu_ros2_driver/ros2_ws/install/h6x_serial_interface_example/lib:/Users/yosuke/gits/cxd5602pwbimu_ros2_driver/ros2_ws/install/cxd5602pwbimu_driver_node/lib:/Users/yosuke/gits/cxd5602pwbimu_ros2_driver/ros2_ws/install/h6x_serial_interface/lib:/Users/yosuke/gits/cxd5602pwbimu_ros2_driver/ros2_ws/install/h6x_packet_handler/lib:/Users/yosuke/miniforge3/envs/ros_env/opt/rviz_ogre_vendor/lib SHLVL=2 _=/Users/yosuke/miniforge3/envs/ros_env/bin/env /Users/yosuke/miniforge3/envs/ros_env/bin/cmake --build /Users/yosuke/gits/cxd5602pwbimu_ros2_driver/ros2_ws/build/imu_tools -- -j10 -l10[0m
[1.925s] [34mcolcon.colcon_core.event_handler.log_command[0m [1;30mDEBUG[0m [32mInvoked command in '/Users/yosuke/gits/cxd5602pwbimu_ros2_driver/ros2_ws/build/imu_tools' returned '0': CMAKE_PREFIX_PATH=/Users/yosuke/gits/cxd5602pwbimu_ros2_driver/ros2_ws/install/rviz_imu_plugin:/Users/yosuke/gits/cxd5602pwbimu_ros2_driver/ros2_ws/install/imu_filter_madgwick:/Users/yosuke/gits/cxd5602pwbimu_ros2_driver/ros2_ws/install/imu_complementary_filter:/Users/yosuke/gits/cxd5602pwbimu_ros2_driver/ros2_ws/install/imu_tools:/Users/yosuke/gits/cxd5602pwbimu_ros2_driver/ros2_ws/install/imu_trajectory_filter:/Users/yosuke/gits/cxd5602pwbimu_ros2_driver/ros2_ws/install/cxd5602pwbimu_driver:/Users/yosuke/gits/cxd5602pwbimu_ros2_driver/ros2_ws/install/h6x_serial_interface_example:/Users/yosuke/gits/cxd5602pwbimu_ros2_driver/ros2_ws/install/cxd5602pwbimu_driver_node:/Users/yosuke/gits/cxd5602pwbimu_ros2_driver/ros2_ws/install/h6x_serial_interface:/Users/yosuke/gits/cxd5602pwbimu_ros2_driver/ros2_ws/install/h6x_packet_handler:/usr/local:/opt/homebrew/opt/qt@5:/Users/yosuke/gits/cxd5602pwbimu_ros2_driver/ros2_ws/install/cxd5602pwbimu_driver_bringup:/Users/yosuke/miniforge3/envs/ros_env CONDA_PROMPT_MODIFIER=(ros_env) DYLD_LIBRARY_PATH=/Users/yosuke/gits/cxd5602pwbimu_ros2_driver/ros2_ws/install/rviz_imu_plugin/lib:/Users/yosuke/gits/cxd5602pwbimu_ros2_driver/ros2_ws/install/imu_filter_madgwick/lib:/Users/yosuke/gits/cxd5602pwbimu_ros2_driver/ros2_ws/install/imu_complementary_filter/lib:/Users/yosuke/gits/cxd5602pwbimu_ros2_driver/ros2_ws/install/imu_trajectory_filter/lib:/Users/yosuke/gits/cxd5602pwbimu_ros2_driver/ros2_ws/install/h6x_serial_interface_example/lib:/Users/yosuke/gits/cxd5602pwbimu_ros2_driver/ros2_ws/install/cxd5602pwbimu_driver_node/lib:/Users/yosuke/gits/cxd5602pwbimu_ros2_driver/ros2_ws/install/h6x_serial_interface/lib:/Users/yosuke/gits/cxd5602pwbimu_ros2_driver/ros2_ws/install/h6x_packet_handler/lib:/Users/yosuke/miniforge3/envs/ros_env/opt/rviz_ogre_vendor/lib SHLVL=2 _=/Users/yosuke/miniforge3/envs/ros_env/bin/env /Users/yosuke/miniforge3/envs/ros_env/bin/cmake --build /Users/yosuke/gits/cxd5602pwbimu_ros2_driver/ros2_ws/build/imu_tools -- -j10 -l10[0m
[1.964s] [34mcolcon.colcon_core.event_handler.log_command[0m [1;30mDEBUG[0m [32mInvoking command in '/Users/yosuke/gits/cxd5602pwbimu_ros2_driver/ros2_ws/build/h6x_serial_interface_example': CMAKE_PREFIX_PATH=/Users/yosuke/gits/cxd5602pwbimu_ros2_driver/ros2_ws/install/h6x_serial_interface:/Users/yosuke/gits/cxd5602pwbimu_ros2_driver/ros2_ws/install/imu_tools:/Users/yosuke/gits/cxd5602pwbimu_ros2_driver/ros2_ws/install/rviz_imu_plugin:/Users/yosuke/gits/cxd5602pwbimu_ros2_driver/ros2_ws/install/imu_trajectory_filter:/Users/yosuke/gits/cxd5602pwbimu_ros2_driver/ros2_ws/install/cxd5602pwbimu_driver:/Users/yosuke/gits/cxd5602pwbimu_ros2_driver/ros2_ws/install/imu_filter_madgwick:/Users/yosuke/gits/cxd5602pwbimu_ros2_driver/ros2_ws/install/imu_complementary_filter:/Users/yosuke/gits/cxd5602pwbimu_ros2_driver/ros2_ws/install/h6x_serial_interface_example:/Users/yosuke/gits/cxd5602pwbimu_ros2_driver/ros2_ws/install/cxd5602pwbimu_driver_node:/Users/yosuke/gits/cxd5602pwbimu_ros2_driver/ros2_ws/install/h6x_packet_handler:/usr/local:/opt/homebrew/opt/qt@5:/Users/yosuke/gits/cxd5602pwbimu_ros2_driver/ros2_ws/install/cxd5602pwbimu_driver_bringup:/Users/yosuke/miniforge3/envs/ros_env CONDA_PROMPT_MODIFIER=(ros_env) DYLD_LIBRARY_PATH=/Users/yosuke/gits/cxd5602pwbimu_ros2_driver/ros2_ws/install/h6x_serial_interface/lib:/Users/yosuke/gits/cxd5602pwbimu_ros2_driver/ros2_ws/install/rviz_imu_plugin/lib:/Users/yosuke/gits/cxd5602pwbimu_ros2_driver/ros2_ws/install/imu_trajectory_filter/lib:/Users/yosuke/gits/cxd5602pwbimu_ros2_driver/ros2_ws/install/imu_filter_madgwick/lib:/Users/yosuke/gits/cxd5602pwbimu_ros2_driver/ros2_ws/install/imu_complementary_filter/lib:/Users/yosuke/gits/cxd5602pwbimu_ros2_driver/ros2_ws/install/h6x_serial_interface_example/lib:/Users/yosuke/gits/cxd5602pwbimu_ros2_driver/ros2_ws/install/cxd5602pwbimu_driver_node/lib:/Users/yosuke/gits/cxd5602pwbimu_ros2_driver/ros2_ws/install/h6x_packet_handler/lib:/Users/yosuke/miniforge3/envs/ros_env/opt/rviz_ogre_vendor/lib SHLVL=2 _=/Users/yosuke/miniforge3/envs/ros_env/bin/env /Users/yosuke/miniforge3/envs/ros_env/bin/cmake --install /Users/yosuke/gits/cxd5602pwbimu_ros2_driver/ros2_ws/build/h6x_serial_interface_example[0m
[2.045s] [34mcolcon.colcon_core.event_handler.log_command[0m [1;30mDEBUG[0m [32mInvoking command in '/Users/yosuke/gits/cxd5602pwbimu_ros2_driver/ros2_ws/build/imu_tools': CMAKE_PREFIX_PATH=/Users/yosuke/gits/cxd5602pwbimu_ros2_driver/ros2_ws/install/rviz_imu_plugin:/Users/yosuke/gits/cxd5602pwbimu_ros2_driver/ros2_ws/install/imu_filter_madgwick:/Users/yosuke/gits/cxd5602pwbimu_ros2_driver/ros2_ws/install/imu_complementary_filter:/Users/yosuke/gits/cxd5602pwbimu_ros2_driver/ros2_ws/install/imu_tools:/Users/yosuke/gits/cxd5602pwbimu_ros2_driver/ros2_ws/install/imu_trajectory_filter:/Users/yosuke/gits/cxd5602pwbimu_ros2_driver/ros2_ws/install/cxd5602pwbimu_driver:/Users/yosuke/gits/cxd5602pwbimu_ros2_driver/ros2_ws/install/h6x_serial_interface_example:/Users/yosuke/gits/cxd5602pwbimu_ros2_driver/ros2_ws/install/cxd5602pwbimu_driver_node:/Users/yosuke/gits/cxd5602pwbimu_ros2_driver/ros2_ws/install/h6x_serial_interface:/Users/yosuke/gits/cxd5602pwbimu_ros2_driver/ros2_ws/install/h6x_packet_handler:/usr/local:/opt/homebrew/opt/qt@5:/Users/yosuke/gits/cxd5602pwbimu_ros2_driver/ros2_ws/install/cxd5602pwbimu_driver_bringup:/Users/yosuke/miniforge3/envs/ros_env CONDA_PROMPT_MODIFIER=(ros_env) DYLD_LIBRARY_PATH=/Users/yosuke/gits/cxd5602pwbimu_ros2_driver/ros2_ws/install/rviz_imu_plugin/lib:/Users/yosuke/gits/cxd5602pwbimu_ros2_driver/ros2_ws/install/imu_filter_madgwick/lib:/Users/yosuke/gits/cxd5602pwbimu_ros2_driver/ros2_ws/install/imu_complementary_filter/lib:/Users/yosuke/gits/cxd5602pwbimu_ros2_driver/ros2_ws/install/imu_trajectory_filter/lib:/Users/yosuke/gits/cxd5602pwbimu_ros2_driver/ros2_ws/install/h6x_serial_interface_example/lib:/Users/yosuke/gits/cxd5602pwbimu_ros2_driver/ros2_ws/install/cxd5602pwbimu_driver_node/lib:/Users/yosuke/gits/cxd5602pwbimu_ros2_driver/ros2_ws/install/h6x_serial_interface/lib:/Users/yosuke/gits/cxd5602pwbimu_ros2_driver/ros2_ws/install/h6x_packet_handler/lib:/Users/yosuke/miniforge3/envs/ros_env/opt/rviz_ogre_vendor/lib SHLVL=2 _=/Users/yosuke/miniforge3/envs/ros_env/bin/env /Users/yosuke/miniforge3/envs/ros_env/bin/cmake --install /Users/yosuke/gits/cxd5602pwbimu_ros2_driver/ros2_ws/build/imu_tools[0m
[2.058s] [34mcolcon.colcon_core.environment[0m [1;30mLevel 1[0m create_environment_scripts_only(imu_tools)
[2.058s] [34mcolcon.colcon_core.environment[0m [1;30mLevel 1[0m checking '/Users/yosuke/gits/cxd5602pwbimu_ros2_driver/ros2_ws/install/imu_tools' for CMake module files
[2.058s] [34mcolcon.colcon_core.event_handler.log_command[0m [1;30mDEBUG[0m [32mInvoked command in '/Users/yosuke/gits/cxd5602pwbimu_ros2_driver/ros2_ws/build/imu_tools' returned '0': CMAKE_PREFIX_PATH=/Users/yosuke/gits/cxd5602pwbimu_ros2_driver/ros2_ws/install/rviz_imu_plugin:/Users/yosuke/gits/cxd5602pwbimu_ros2_driver/ros2_ws/install/imu_filter_madgwick:/Users/yosuke/gits/cxd5602pwbimu_ros2_driver/ros2_ws/install/imu_complementary_filter:/Users/yosuke/gits/cxd5602pwbimu_ros2_driver/ros2_ws/install/imu_tools:/Users/yosuke/gits/cxd5602pwbimu_ros2_driver/ros2_ws/install/imu_trajectory_filter:/Users/yosuke/gits/cxd5602pwbimu_ros2_driver/ros2_ws/install/cxd5602pwbimu_driver:/Users/yosuke/gits/cxd5602pwbimu_ros2_driver/ros2_ws/install/h6x_serial_interface_example:/Users/yosuke/gits/cxd5602pwbimu_ros2_driver/ros2_ws/install/cxd5602pwbimu_driver_node:/Users/yosuke/gits/cxd5602pwbimu_ros2_driver/ros2_ws/install/h6x_serial_interface:/Users/yosuke/gits/cxd5602pwbimu_ros2_driver/ros2_ws/install/h6x_packet_handler:/usr/local:/opt/homebrew/opt/qt@5:/Users/yosuke/gits/cxd5602pwbimu_ros2_driver/ros2_ws/install/cxd5602pwbimu_driver_bringup:/Users/yosuke/miniforge3/envs/ros_env CONDA_PROMPT_MODIFIER=(ros_env) DYLD_LIBRARY_PATH=/Users/yosuke/gits/cxd5602pwbimu_ros2_driver/ros2_ws/install/rviz_imu_plugin/lib:/Users/yosuke/gits/cxd5602pwbimu_ros2_driver/ros2_ws/install/imu_filter_madgwick/lib:/Users/yosuke/gits/cxd5602pwbimu_ros2_driver/ros2_ws/install/imu_complementary_filter/lib:/Users/yosuke/gits/cxd5602pwbimu_ros2_driver/ros2_ws/install/imu_trajectory_filter/lib:/Users/yosuke/gits/cxd5602pwbimu_ros2_driver/ros2_ws/install/h6x_serial_interface_example/lib:/Users/yosuke/gits/cxd5602pwbimu_ros2_driver/ros2_ws/install/cxd5602pwbimu_driver_node/lib:/Users/yosuke/gits/cxd5602pwbimu_ros2_driver/ros2_ws/install/h6x_serial_interface/lib:/Users/yosuke/gits/cxd5602pwbimu_ros2_driver/ros2_ws/install/h6x_packet_handler/lib:/Users/yosuke/miniforge3/envs/ros_env/opt/rviz_ogre_vendor/lib SHLVL=2 _=/Users/yosuke/miniforge3/envs/ros_env/bin/env /Users/yosuke/miniforge3/envs/ros_env/bin/cmake --install /Users/yosuke/gits/cxd5602pwbimu_ros2_driver/ros2_ws/build/imu_tools[0m
[2.059s] [34mcolcon.colcon_core.environment[0m [1;30mLevel 1[0m checking '/Users/yosuke/gits/cxd5602pwbimu_ros2_driver/ros2_ws/install/imu_tools' for CMake config files
[2.059s] [34mcolcon.colcon_core.shell[0m [1;30mLevel 1[0m create_environment_hook('imu_tools', 'cmake_prefix_path')
[2.059s] [34mcolcon.colcon_core.shell[0m [1;30mINFO[0m Creating environment hook '/Users/yosuke/gits/cxd5602pwbimu_ros2_driver/ros2_ws/install/imu_tools/share/imu_tools/hook/cmake_prefix_path.ps1'
[2.059s] [34mcolcon.colcon_core.shell[0m [1;30mINFO[0m Creating environment descriptor '/Users/yosuke/gits/cxd5602pwbimu_ros2_driver/ros2_ws/install/imu_tools/share/imu_tools/hook/cmake_prefix_path.dsv'
[2.059s] [34mcolcon.colcon_core.shell[0m [1;30mINFO[0m Creating environment hook '/Users/yosuke/gits/cxd5602pwbimu_ros2_driver/ros2_ws/install/imu_tools/share/imu_tools/hook/cmake_prefix_path.sh'
[2.059s] [34mcolcon.colcon_core.environment[0m [1;30mLevel 1[0m checking '/Users/yosuke/gits/cxd5602pwbimu_ros2_driver/ros2_ws/install/imu_tools/lib'
[2.060s] [34mcolcon.colcon_core.environment[0m [1;30mLevel 1[0m checking '/Users/yosuke/gits/cxd5602pwbimu_ros2_driver/ros2_ws/install/imu_tools/bin'
[2.060s] [34mcolcon.colcon_core.environment[0m [1;30mLevel 1[0m checking '/Users/yosuke/gits/cxd5602pwbimu_ros2_driver/ros2_ws/install/imu_tools/lib/pkgconfig/imu_tools.pc'
[2.060s] [34mcolcon.colcon_core.environment[0m [1;30mLevel 1[0m checking '/Users/yosuke/gits/cxd5602pwbimu_ros2_driver/ros2_ws/install/imu_tools/lib/python3.11/site-packages'
[2.060s] [34mcolcon.colcon_core.environment[0m [1;30mLevel 1[0m checking '/Users/yosuke/gits/cxd5602pwbimu_ros2_driver/ros2_ws/install/imu_tools/bin'
[2.060s] [34mcolcon.colcon_core.shell[0m [1;30mINFO[0m Creating package script '/Users/yosuke/gits/cxd5602pwbimu_ros2_driver/ros2_ws/install/imu_tools/share/imu_tools/package.ps1'
[2.060s] [34mcolcon.colcon_core.shell[0m [1;30mINFO[0m Creating package descriptor '/Users/yosuke/gits/cxd5602pwbimu_ros2_driver/ros2_ws/install/imu_tools/share/imu_tools/package.dsv'
[2.060s] [34mcolcon.colcon_core.shell[0m [1;30mINFO[0m Creating package script '/Users/yosuke/gits/cxd5602pwbimu_ros2_driver/ros2_ws/install/imu_tools/share/imu_tools/package.sh'
[2.060s] [34mcolcon.colcon_core.shell[0m [1;30mINFO[0m Creating package script '/Users/yosuke/gits/cxd5602pwbimu_ros2_driver/ros2_ws/install/imu_tools/share/imu_tools/package.bash'
[2.060s] [34mcolcon.colcon_core.shell[0m [1;30mINFO[0m Creating package script '/Users/yosuke/gits/cxd5602pwbimu_ros2_driver/ros2_ws/install/imu_tools/share/imu_tools/package.zsh'
[2.061s] [34mcolcon.colcon_core.environment[0m [1;30mLevel 1[0m create_file_with_runtime_dependencies(/Users/yosuke/gits/cxd5602pwbimu_ros2_driver/ros2_ws/install/imu_tools/share/colcon-core/packages/imu_tools)
[2.105s] [34mcolcon.colcon_core.environment[0m [1;30mLevel 1[0m create_environment_scripts_only(h6x_serial_interface_example)
[2.105s] [34mcolcon.colcon_core.environment[0m [1;30mLevel 1[0m checking '/Users/yosuke/gits/cxd5602pwbimu_ros2_driver/ros2_ws/install/h6x_serial_interface_example' for CMake module files
[2.106s] [34mcolcon.colcon_core.event_handler.log_command[0m [1;30mDEBUG[0m [32mInvoked command in '/Users/yosuke/gits/cxd5602pwbimu_ros2_driver/ros2_ws/build/h6x_serial_interface_example' returned '0': CMAKE_PREFIX_PATH=/Users/yosuke/gits/cxd5602pwbimu_ros2_driver/ros2_ws/install/h6x_serial_interface:/Users/yosuke/gits/cxd5602pwbimu_ros2_driver/ros2_ws/install/imu_tools:/Users/yosuke/gits/cxd5602pwbimu_ros2_driver/ros2_ws/install/rviz_imu_plugin:/Users/yosuke/gits/cxd5602pwbimu_ros2_driver/ros2_ws/install/imu_trajectory_filter:/Users/yosuke/gits/cxd5602pwbimu_ros2_driver/ros2_ws/install/cxd5602pwbimu_driver:/Users/yosuke/gits/cxd5602pwbimu_ros2_driver/ros2_ws/install/imu_filter_madgwick:/Users/yosuke/gits/cxd5602pwbimu_ros2_driver/ros2_ws/install/imu_complementary_filter:/Users/yosuke/gits/cxd5602pwbimu_ros2_driver/ros2_ws/install/h6x_serial_interface_example:/Users/yosuke/gits/cxd5602pwbimu_ros2_driver/ros2_ws/install/cxd5602pwbimu_driver_node:/Users/yosuke/gits/cxd5602pwbimu_ros2_driver/ros2_ws/install/h6x_packet_handler:/usr/local:/opt/homebrew/opt/qt@5:/Users/yosuke/gits/cxd5602pwbimu_ros2_driver/ros2_ws/install/cxd5602pwbimu_driver_bringup:/Users/yosuke/miniforge3/envs/ros_env CONDA_PROMPT_MODIFIER=(ros_env) DYLD_LIBRARY_PATH=/Users/yosuke/gits/cxd5602pwbimu_ros2_driver/ros2_ws/install/h6x_serial_interface/lib:/Users/yosuke/gits/cxd5602pwbimu_ros2_driver/ros2_ws/install/rviz_imu_plugin/lib:/Users/yosuke/gits/cxd5602pwbimu_ros2_driver/ros2_ws/install/imu_trajectory_filter/lib:/Users/yosuke/gits/cxd5602pwbimu_ros2_driver/ros2_ws/install/imu_filter_madgwick/lib:/Users/yosuke/gits/cxd5602pwbimu_ros2_driver/ros2_ws/install/imu_complementary_filter/lib:/Users/yosuke/gits/cxd5602pwbimu_ros2_driver/ros2_ws/install/h6x_serial_interface_example/lib:/Users/yosuke/gits/cxd5602pwbimu_ros2_driver/ros2_ws/install/cxd5602pwbimu_driver_node/lib:/Users/yosuke/gits/cxd5602pwbimu_ros2_driver/ros2_ws/install/h6x_packet_handler/lib:/Users/yosuke/miniforge3/envs/ros_env/opt/rviz_ogre_vendor/lib SHLVL=2 _=/Users/yosuke/miniforge3/envs/ros_env/bin/env /Users/yosuke/miniforge3/envs/ros_env/bin/cmake --install /Users/yosuke/gits/cxd5602pwbimu_ros2_driver/ros2_ws/build/h6x_serial_interface_example[0m
[2.106s] [34mcolcon.colcon_core.environment[0m [1;30mLevel 1[0m checking '/Users/yosuke/gits/cxd5602pwbimu_ros2_driver/ros2_ws/install/h6x_serial_interface_example' for CMake config files
[2.106s] [34mcolcon.colcon_core.shell[0m [1;30mLevel 1[0m create_environment_hook('h6x_serial_interface_example', 'cmake_prefix_path')
[2.106s] [34mcolcon.colcon_core.shell[0m [1;30mINFO[0m Creating environment hook '/Users/yosuke/gits/cxd5602pwbimu_ros2_driver/ros2_ws/install/h6x_serial_interface_example/share/h6x_serial_interface_example/hook/cmake_prefix_path.ps1'
[2.106s] [34mcolcon.colcon_core.shell[0m [1;30mINFO[0m Creating environment descriptor '/Users/yosuke/gits/cxd5602pwbimu_ros2_driver/ros2_ws/install/h6x_serial_interface_example/share/h6x_serial_interface_example/hook/cmake_prefix_path.dsv'
[2.107s] [34mcolcon.colcon_core.shell[0m [1;30mINFO[0m Creating environment hook '/Users/yosuke/gits/cxd5602pwbimu_ros2_driver/ros2_ws/install/h6x_serial_interface_example/share/h6x_serial_interface_example/hook/cmake_prefix_path.sh'
[2.107s] [34mcolcon.colcon_core.environment[0m [1;30mLevel 1[0m checking '/Users/yosuke/gits/cxd5602pwbimu_ros2_driver/ros2_ws/install/h6x_serial_interface_example/lib'
[2.107s] [34mcolcon.colcon_core.shell[0m [1;30mLevel 1[0m create_environment_hook('h6x_serial_interface_example', 'dyld_library_path')
[2.107s] [34mcolcon.colcon_core.shell[0m [1;30mINFO[0m Creating environment hook '/Users/yosuke/gits/cxd5602pwbimu_ros2_driver/ros2_ws/install/h6x_serial_interface_example/share/h6x_serial_interface_example/hook/dyld_library_path.ps1'
[2.107s] [34mcolcon.colcon_core.shell[0m [1;30mINFO[0m Creating environment descriptor '/Users/yosuke/gits/cxd5602pwbimu_ros2_driver/ros2_ws/install/h6x_serial_interface_example/share/h6x_serial_interface_example/hook/dyld_library_path.dsv'
[2.107s] [34mcolcon.colcon_core.shell[0m [1;30mINFO[0m Creating environment hook '/Users/yosuke/gits/cxd5602pwbimu_ros2_driver/ros2_ws/install/h6x_serial_interface_example/share/h6x_serial_interface_example/hook/dyld_library_path.sh'
[2.107s] [34mcolcon.colcon_core.environment[0m [1;30mLevel 1[0m checking '/Users/yosuke/gits/cxd5602pwbimu_ros2_driver/ros2_ws/install/h6x_serial_interface_example/bin'
[2.107s] [34mcolcon.colcon_core.environment[0m [1;30mLevel 1[0m checking '/Users/yosuke/gits/cxd5602pwbimu_ros2_driver/ros2_ws/install/h6x_serial_interface_example/lib/pkgconfig/h6x_serial_interface_example.pc'
[2.107s] [34mcolcon.colcon_core.environment[0m [1;30mLevel 1[0m checking '/Users/yosuke/gits/cxd5602pwbimu_ros2_driver/ros2_ws/install/h6x_serial_interface_example/lib/python3.11/site-packages'
[2.108s] [34mcolcon.colcon_core.environment[0m [1;30mLevel 1[0m checking '/Users/yosuke/gits/cxd5602pwbimu_ros2_driver/ros2_ws/install/h6x_serial_interface_example/bin'
[2.108s] [34mcolcon.colcon_core.shell[0m [1;30mINFO[0m Creating package script '/Users/yosuke/gits/cxd5602pwbimu_ros2_driver/ros2_ws/install/h6x_serial_interface_example/share/h6x_serial_interface_example/package.ps1'
[2.108s] [34mcolcon.colcon_core.shell[0m [1;30mINFO[0m Creating package descriptor '/Users/yosuke/gits/cxd5602pwbimu_ros2_driver/ros2_ws/install/h6x_serial_interface_example/share/h6x_serial_interface_example/package.dsv'
[2.108s] [34mcolcon.colcon_core.shell[0m [1;30mINFO[0m Creating package script '/Users/yosuke/gits/cxd5602pwbimu_ros2_driver/ros2_ws/install/h6x_serial_interface_example/share/h6x_serial_interface_example/package.sh'
[2.108s] [34mcolcon.colcon_core.shell[0m [1;30mINFO[0m Creating package script '/Users/yosuke/gits/cxd5602pwbimu_ros2_driver/ros2_ws/install/h6x_serial_interface_example/share/h6x_serial_interface_example/package.bash'
[2.108s] [34mcolcon.colcon_core.shell[0m [1;30mINFO[0m Creating package script '/Users/yosuke/gits/cxd5602pwbimu_ros2_driver/ros2_ws/install/h6x_serial_interface_example/share/h6x_serial_interface_example/package.zsh'
[2.108s] [34mcolcon.colcon_core.environment[0m [1;30mLevel 1[0m create_file_with_runtime_dependencies(/Users/yosuke/gits/cxd5602pwbimu_ros2_driver/ros2_ws/install/h6x_serial_interface_example/share/colcon-core/packages/h6x_serial_interface_example)
[2.183s] [34mcolcon.colcon_core.environment[0m [1;30mLevel 1[0m create_environment_scripts_only(imu_tools)
[2.184s] [34mcolcon.colcon_core.environment[0m [1;30mLevel 1[0m checking '/Users/yosuke/gits/cxd5602pwbimu_ros2_driver/ros2_ws/install/imu_tools' for CMake module files
[2.184s] [34mcolcon.colcon_core.environment[0m [1;30mLevel 1[0m checking '/Users/yosuke/gits/cxd5602pwbimu_ros2_driver/ros2_ws/install/imu_tools' for CMake config files
[2.184s] [34mcolcon.colcon_core.shell[0m [1;30mLevel 1[0m create_environment_hook('imu_tools', 'cmake_prefix_path')
[2.184s] [34mcolcon.colcon_core.shell[0m [1;30mINFO[0m Creating environment hook '/Users/yosuke/gits/cxd5602pwbimu_ros2_driver/ros2_ws/install/imu_tools/share/imu_tools/hook/cmake_prefix_path.ps1'
[2.184s] [34mcolcon.colcon_core.shell[0m [1;30mINFO[0m Creating environment descriptor '/Users/yosuke/gits/cxd5602pwbimu_ros2_driver/ros2_ws/install/imu_tools/share/imu_tools/hook/cmake_prefix_path.dsv'
[2.184s] [34mcolcon.colcon_core.shell[0m [1;30mINFO[0m Creating environment hook '/Users/yosuke/gits/cxd5602pwbimu_ros2_driver/ros2_ws/install/imu_tools/share/imu_tools/hook/cmake_prefix_path.sh'
[2.185s] [34mcolcon.colcon_core.environment[0m [1;30mLevel 1[0m checking '/Users/yosuke/gits/cxd5602pwbimu_ros2_driver/ros2_ws/install/imu_tools/lib'
[2.185s] [34mcolcon.colcon_core.environment[0m [1;30mLevel 1[0m checking '/Users/yosuke/gits/cxd5602pwbimu_ros2_driver/ros2_ws/install/imu_tools/bin'
[2.185s] [34mcolcon.colcon_core.environment[0m [1;30mLevel 1[0m checking '/Users/yosuke/gits/cxd5602pwbimu_ros2_driver/ros2_ws/install/imu_tools/lib/pkgconfig/imu_tools.pc'
[2.185s] [34mcolcon.colcon_core.environment[0m [1;30mLevel 1[0m checking '/Users/yosuke/gits/cxd5602pwbimu_ros2_driver/ros2_ws/install/imu_tools/lib/python3.11/site-packages'
[2.185s] [34mcolcon.colcon_core.environment[0m [1;30mLevel 1[0m checking '/Users/yosuke/gits/cxd5602pwbimu_ros2_driver/ros2_ws/install/imu_tools/bin'
[2.185s] [34mcolcon.colcon_core.shell[0m [1;30mINFO[0m Creating package script '/Users/yosuke/gits/cxd5602pwbimu_ros2_driver/ros2_ws/install/imu_tools/share/imu_tools/package.ps1'
[2.185s] [34mcolcon.colcon_core.shell[0m [1;30mINFO[0m Creating package descriptor '/Users/yosuke/gits/cxd5602pwbimu_ros2_driver/ros2_ws/install/imu_tools/share/imu_tools/package.dsv'
[2.185s] [34mcolcon.colcon_core.shell[0m [1;30mINFO[0m Creating package script '/Users/yosuke/gits/cxd5602pwbimu_ros2_driver/ros2_ws/install/imu_tools/share/imu_tools/package.sh'
[2.185s] [34mcolcon.colcon_core.shell[0m [1;30mINFO[0m Creating package script '/Users/yosuke/gits/cxd5602pwbimu_ros2_driver/ros2_ws/install/imu_tools/share/imu_tools/package.bash'
[2.186s] [34mcolcon.colcon_core.shell[0m [1;30mINFO[0m Creating package script '/Users/yosuke/gits/cxd5602pwbimu_ros2_driver/ros2_ws/install/imu_tools/share/imu_tools/package.zsh'
[2.186s] [34mcolcon.colcon_core.environment[0m [1;30mLevel 1[0m create_file_with_runtime_dependencies(/Users/yosuke/gits/cxd5602pwbimu_ros2_driver/ros2_ws/install/imu_tools/share/colcon-core/packages/imu_tools)
[2.229s] [34mcolcon.colcon_core.event_handler.log_command[0m [1;30mDEBUG[0m [32mInvoked command in '/Users/yosuke/gits/cxd5602pwbimu_ros2_driver/ros2_ws/build/cxd5602pwbimu_driver_node' returned '0': CMAKE_PREFIX_PATH=/Users/yosuke/gits/cxd5602pwbimu_ros2_driver/ros2_ws/install/h6x_serial_interface:/Users/yosuke/gits/cxd5602pwbimu_ros2_driver/ros2_ws/install/imu_tools:/Users/yosuke/gits/cxd5602pwbimu_ros2_driver/ros2_ws/install/rviz_imu_plugin:/Users/yosuke/gits/cxd5602pwbimu_ros2_driver/ros2_ws/install/imu_trajectory_filter:/Users/yosuke/gits/cxd5602pwbimu_ros2_driver/ros2_ws/install/cxd5602pwbimu_driver:/Users/yosuke/gits/cxd5602pwbimu_ros2_driver/ros2_ws/install/imu_filter_madgwick:/Users/yosuke/gits/cxd5602pwbimu_ros2_driver/ros2_ws/install/imu_complementary_filter:/Users/yosuke/gits/cxd5602pwbimu_ros2_driver/ros2_ws/install/h6x_serial_interface_example:/Users/yosuke/gits/cxd5602pwbimu_ros2_driver/ros2_ws/install/cxd5602pwbimu_driver_node:/Users/yosuke/gits/cxd5602pwbimu_ros2_driver/ros2_ws/install/h6x_packet_handler:/usr/local:/opt/homebrew/opt/qt@5:/Users/yosuke/gits/cxd5602pwbimu_ros2_driver/ros2_ws/install/cxd5602pwbimu_driver_bringup:/Users/yosuke/miniforge3/envs/ros_env CONDA_PROMPT_MODIFIER=(ros_env) DYLD_LIBRARY_PATH=/Users/yosuke/gits/cxd5602pwbimu_ros2_driver/ros2_ws/install/h6x_serial_interface/lib:/Users/yosuke/gits/cxd5602pwbimu_ros2_driver/ros2_ws/install/rviz_imu_plugin/lib:/Users/yosuke/gits/cxd5602pwbimu_ros2_driver/ros2_ws/install/imu_trajectory_filter/lib:/Users/yosuke/gits/cxd5602pwbimu_ros2_driver/ros2_ws/install/imu_filter_madgwick/lib:/Users/yosuke/gits/cxd5602pwbimu_ros2_driver/ros2_ws/install/imu_complementary_filter/lib:/Users/yosuke/gits/cxd5602pwbimu_ros2_driver/ros2_ws/install/h6x_serial_interface_example/lib:/Users/yosuke/gits/cxd5602pwbimu_ros2_driver/ros2_ws/install/cxd5602pwbimu_driver_node/lib:/Users/yosuke/gits/cxd5602pwbimu_ros2_driver/ros2_ws/install/h6x_packet_handler/lib:/Users/yosuke/miniforge3/envs/ros_env/opt/rviz_ogre_vendor/lib SHLVL=2 _=/Users/yosuke/miniforge3/envs/ros_env/bin/env /Users/yosuke/miniforge3/envs/ros_env/bin/cmake /Users/yosuke/gits/cxd5602pwbimu_ros2_driver/ros2_ws/src/cxd5602pwbimu_driver_node -DCMAKE_PREFIX_PATH=/usr/local -DCMAKE_CXX_FLAGS=-I/usr/local/include -DCMAKE_EXE_LINKER_FLAGS=-L/usr/local/lib -DCMAKE_INSTALL_PREFIX=/Users/yosuke/gits/cxd5602pwbimu_ros2_driver/ros2_ws/install/cxd5602pwbimu_driver_node[0m
[2.231s] [34mcolcon.colcon_core.event_handler.log_command[0m [1;30mDEBUG[0m [32mInvoking command in '/Users/yosuke/gits/cxd5602pwbimu_ros2_driver/ros2_ws/build/cxd5602pwbimu_driver_node': CMAKE_PREFIX_PATH=/Users/yosuke/gits/cxd5602pwbimu_ros2_driver/ros2_ws/install/h6x_serial_interface:/Users/yosuke/gits/cxd5602pwbimu_ros2_driver/ros2_ws/install/imu_tools:/Users/yosuke/gits/cxd5602pwbimu_ros2_driver/ros2_ws/install/rviz_imu_plugin:/Users/yosuke/gits/cxd5602pwbimu_ros2_driver/ros2_ws/install/imu_trajectory_filter:/Users/yosuke/gits/cxd5602pwbimu_ros2_driver/ros2_ws/install/cxd5602pwbimu_driver:/Users/yosuke/gits/cxd5602pwbimu_ros2_driver/ros2_ws/install/imu_filter_madgwick:/Users/yosuke/gits/cxd5602pwbimu_ros2_driver/ros2_ws/install/imu_complementary_filter:/Users/yosuke/gits/cxd5602pwbimu_ros2_driver/ros2_ws/install/h6x_serial_interface_example:/Users/yosuke/gits/cxd5602pwbimu_ros2_driver/ros2_ws/install/cxd5602pwbimu_driver_node:/Users/yosuke/gits/cxd5602pwbimu_ros2_driver/ros2_ws/install/h6x_packet_handler:/usr/local:/opt/homebrew/opt/qt@5:/Users/yosuke/gits/cxd5602pwbimu_ros2_driver/ros2_ws/install/cxd5602pwbimu_driver_bringup:/Users/yosuke/miniforge3/envs/ros_env CONDA_PROMPT_MODIFIER=(ros_env) DYLD_LIBRARY_PATH=/Users/yosuke/gits/cxd5602pwbimu_ros2_driver/ros2_ws/install/h6x_serial_interface/lib:/Users/yosuke/gits/cxd5602pwbimu_ros2_driver/ros2_ws/install/rviz_imu_plugin/lib:/Users/yosuke/gits/cxd5602pwbimu_ros2_driver/ros2_ws/install/imu_trajectory_filter/lib:/Users/yosuke/gits/cxd5602pwbimu_ros2_driver/ros2_ws/install/imu_filter_madgwick/lib:/Users/yosuke/gits/cxd5602pwbimu_ros2_driver/ros2_ws/install/imu_complementary_filter/lib:/Users/yosuke/gits/cxd5602pwbimu_ros2_driver/ros2_ws/install/h6x_serial_interface_example/lib:/Users/yosuke/gits/cxd5602pwbimu_ros2_driver/ros2_ws/install/cxd5602pwbimu_driver_node/lib:/Users/yosuke/gits/cxd5602pwbimu_ros2_driver/ros2_ws/install/h6x_packet_handler/lib:/Users/yosuke/miniforge3/envs/ros_env/opt/rviz_ogre_vendor/lib SHLVL=2 _=/Users/yosuke/miniforge3/envs/ros_env/bin/env /Users/yosuke/miniforge3/envs/ros_env/bin/cmake --build /Users/yosuke/gits/cxd5602pwbimu_ros2_driver/ros2_ws/build/cxd5602pwbimu_driver_node -- -j10 -l10[0m
[2.440s] [34mcolcon.colcon_core.environment[0m [1;30mLevel 1[0m create_environment_scripts_only(h6x_serial_interface_example)
[2.440s] [34mcolcon.colcon_core.environment[0m [1;30mLevel 1[0m checking '/Users/yosuke/gits/cxd5602pwbimu_ros2_driver/ros2_ws/install/h6x_serial_interface_example' for CMake module files
[2.440s] [34mcolcon.colcon_core.environment[0m [1;30mLevel 1[0m checking '/Users/yosuke/gits/cxd5602pwbimu_ros2_driver/ros2_ws/install/h6x_serial_interface_example' for CMake config files
[2.441s] [34mcolcon.colcon_core.shell[0m [1;30mLevel 1[0m create_environment_hook('h6x_serial_interface_example', 'cmake_prefix_path')
[2.441s] [34mcolcon.colcon_core.shell[0m [1;30mINFO[0m Creating environment hook '/Users/yosuke/gits/cxd5602pwbimu_ros2_driver/ros2_ws/install/h6x_serial_interface_example/share/h6x_serial_interface_example/hook/cmake_prefix_path.ps1'
[2.441s] [34mcolcon.colcon_core.shell[0m [1;30mINFO[0m Creating environment descriptor '/Users/yosuke/gits/cxd5602pwbimu_ros2_driver/ros2_ws/install/h6x_serial_interface_example/share/h6x_serial_interface_example/hook/cmake_prefix_path.dsv'
[2.442s] [34mcolcon.colcon_core.shell[0m [1;30mINFO[0m Creating environment hook '/Users/yosuke/gits/cxd5602pwbimu_ros2_driver/ros2_ws/install/h6x_serial_interface_example/share/h6x_serial_interface_example/hook/cmake_prefix_path.sh'
[2.442s] [34mcolcon.colcon_core.environment[0m [1;30mLevel 1[0m checking '/Users/yosuke/gits/cxd5602pwbimu_ros2_driver/ros2_ws/install/h6x_serial_interface_example/lib'
[2.442s] [34mcolcon.colcon_core.shell[0m [1;30mLevel 1[0m create_environment_hook('h6x_serial_interface_example', 'dyld_library_path')
[2.442s] [34mcolcon.colcon_core.shell[0m [1;30mINFO[0m Creating environment hook '/Users/yosuke/gits/cxd5602pwbimu_ros2_driver/ros2_ws/install/h6x_serial_interface_example/share/h6x_serial_interface_example/hook/dyld_library_path.ps1'
[2.443s] [34mcolcon.colcon_core.shell[0m [1;30mINFO[0m Creating environment descriptor '/Users/yosuke/gits/cxd5602pwbimu_ros2_driver/ros2_ws/install/h6x_serial_interface_example/share/h6x_serial_interface_example/hook/dyld_library_path.dsv'
[2.443s] [34mcolcon.colcon_core.shell[0m [1;30mINFO[0m Creating environment hook '/Users/yosuke/gits/cxd5602pwbimu_ros2_driver/ros2_ws/install/h6x_serial_interface_example/share/h6x_serial_interface_example/hook/dyld_library_path.sh'
[2.443s] [34mcolcon.colcon_core.environment[0m [1;30mLevel 1[0m checking '/Users/yosuke/gits/cxd5602pwbimu_ros2_driver/ros2_ws/install/h6x_serial_interface_example/bin'
[2.443s] [34mcolcon.colcon_core.environment[0m [1;30mLevel 1[0m checking '/Users/yosuke/gits/cxd5602pwbimu_ros2_driver/ros2_ws/install/h6x_serial_interface_example/lib/pkgconfig/h6x_serial_interface_example.pc'
[2.443s] [34mcolcon.colcon_core.environment[0m [1;30mLevel 1[0m checking '/Users/yosuke/gits/cxd5602pwbimu_ros2_driver/ros2_ws/install/h6x_serial_interface_example/lib/python3.11/site-packages'
[2.443s] [34mcolcon.colcon_core.environment[0m [1;30mLevel 1[0m checking '/Users/yosuke/gits/cxd5602pwbimu_ros2_driver/ros2_ws/install/h6x_serial_interface_example/bin'
[2.443s] [34mcolcon.colcon_core.shell[0m [1;30mINFO[0m Creating package script '/Users/yosuke/gits/cxd5602pwbimu_ros2_driver/ros2_ws/install/h6x_serial_interface_example/share/h6x_serial_interface_example/package.ps1'
[2.444s] [34mcolcon.colcon_core.shell[0m [1;30mINFO[0m Creating package descriptor '/Users/yosuke/gits/cxd5602pwbimu_ros2_driver/ros2_ws/install/h6x_serial_interface_example/share/h6x_serial_interface_example/package.dsv'
[2.444s] [34mcolcon.colcon_core.shell[0m [1;30mINFO[0m Creating package script '/Users/yosuke/gits/cxd5602pwbimu_ros2_driver/ros2_ws/install/h6x_serial_interface_example/share/h6x_serial_interface_example/package.sh'
[2.444s] [34mcolcon.colcon_core.shell[0m [1;30mINFO[0m Creating package script '/Users/yosuke/gits/cxd5602pwbimu_ros2_driver/ros2_ws/install/h6x_serial_interface_example/share/h6x_serial_interface_example/package.bash'
[2.444s] [34mcolcon.colcon_core.shell[0m [1;30mINFO[0m Creating package script '/Users/yosuke/gits/cxd5602pwbimu_ros2_driver/ros2_ws/install/h6x_serial_interface_example/share/h6x_serial_interface_example/package.zsh'
[2.444s] [34mcolcon.colcon_core.environment[0m [1;30mLevel 1[0m create_file_with_runtime_dependencies(/Users/yosuke/gits/cxd5602pwbimu_ros2_driver/ros2_ws/install/h6x_serial_interface_example/share/colcon-core/packages/h6x_serial_interface_example)
[3.124s] [34mcolcon.colcon_core.event_handler.log_command[0m [1;30mDEBUG[0m [32mInvoked command in '/Users/yosuke/gits/cxd5602pwbimu_ros2_driver/ros2_ws/build/cxd5602pwbimu_driver_node' returned '2': CMAKE_PREFIX_PATH=/Users/yosuke/gits/cxd5602pwbimu_ros2_driver/ros2_ws/install/h6x_serial_interface:/Users/yosuke/gits/cxd5602pwbimu_ros2_driver/ros2_ws/install/imu_tools:/Users/yosuke/gits/cxd5602pwbimu_ros2_driver/ros2_ws/install/rviz_imu_plugin:/Users/yosuke/gits/cxd5602pwbimu_ros2_driver/ros2_ws/install/imu_trajectory_filter:/Users/yosuke/gits/cxd5602pwbimu_ros2_driver/ros2_ws/install/cxd5602pwbimu_driver:/Users/yosuke/gits/cxd5602pwbimu_ros2_driver/ros2_ws/install/imu_filter_madgwick:/Users/yosuke/gits/cxd5602pwbimu_ros2_driver/ros2_ws/install/imu_complementary_filter:/Users/yosuke/gits/cxd5602pwbimu_ros2_driver/ros2_ws/install/h6x_serial_interface_example:/Users/yosuke/gits/cxd5602pwbimu_ros2_driver/ros2_ws/install/cxd5602pwbimu_driver_node:/Users/yosuke/gits/cxd5602pwbimu_ros2_driver/ros2_ws/install/h6x_packet_handler:/usr/local:/opt/homebrew/opt/qt@5:/Users/yosuke/gits/cxd5602pwbimu_ros2_driver/ros2_ws/install/cxd5602pwbimu_driver_bringup:/Users/yosuke/miniforge3/envs/ros_env CONDA_PROMPT_MODIFIER=(ros_env) DYLD_LIBRARY_PATH=/Users/yosuke/gits/cxd5602pwbimu_ros2_driver/ros2_ws/install/h6x_serial_interface/lib:/Users/yosuke/gits/cxd5602pwbimu_ros2_driver/ros2_ws/install/rviz_imu_plugin/lib:/Users/yosuke/gits/cxd5602pwbimu_ros2_driver/ros2_ws/install/imu_trajectory_filter/lib:/Users/yosuke/gits/cxd5602pwbimu_ros2_driver/ros2_ws/install/imu_filter_madgwick/lib:/Users/yosuke/gits/cxd5602pwbimu_ros2_driver/ros2_ws/install/imu_complementary_filter/lib:/Users/yosuke/gits/cxd5602pwbimu_ros2_driver/ros2_ws/install/h6x_serial_interface_example/lib:/Users/yosuke/gits/cxd5602pwbimu_ros2_driver/ros2_ws/install/cxd5602pwbimu_driver_node/lib:/Users/yosuke/gits/cxd5602pwbimu_ros2_driver/ros2_ws/install/h6x_packet_handler/lib:/Users/yosuke/miniforge3/envs/ros_env/opt/rviz_ogre_vendor/lib SHLVL=2 _=/Users/yosuke/miniforge3/envs/ros_env/bin/env /Users/yosuke/miniforge3/envs/ros_env/bin/cmake --build /Users/yosuke/gits/cxd5602pwbimu_ros2_driver/ros2_ws/build/cxd5602pwbimu_driver_node -- -j10 -l10[0m
[3.316s] [34mcolcon.colcon_core.environment[0m [1;30mLevel 1[0m create_environment_scripts_only(cxd5602pwbimu_driver_node)
[3.316s] [34mcolcon.colcon_core.environment[0m [1;30mLevel 1[0m checking '/Users/yosuke/gits/cxd5602pwbimu_ros2_driver/ros2_ws/install/cxd5602pwbimu_driver_node' for CMake module files
[3.317s] [34mcolcon.colcon_core.environment[0m [1;30mLevel 1[0m checking '/Users/yosuke/gits/cxd5602pwbimu_ros2_driver/ros2_ws/install/cxd5602pwbimu_driver_node' for CMake config files
[3.317s] [34mcolcon.colcon_core.shell[0m [1;30mLevel 1[0m create_environment_hook('cxd5602pwbimu_driver_node', 'cmake_prefix_path')
[3.317s] [34mcolcon.colcon_core.shell[0m [1;30mINFO[0m Creating environment hook '/Users/yosuke/gits/cxd5602pwbimu_ros2_driver/ros2_ws/install/cxd5602pwbimu_driver_node/share/cxd5602pwbimu_driver_node/hook/cmake_prefix_path.ps1'
[3.317s] [34mcolcon.colcon_core.shell[0m [1;30mINFO[0m Creating environment descriptor '/Users/yosuke/gits/cxd5602pwbimu_ros2_driver/ros2_ws/install/cxd5602pwbimu_driver_node/share/cxd5602pwbimu_driver_node/hook/cmake_prefix_path.dsv'
[3.317s] [34mcolcon.colcon_core.shell[0m [1;30mINFO[0m Creating environment hook '/Users/yosuke/gits/cxd5602pwbimu_ros2_driver/ros2_ws/install/cxd5602pwbimu_driver_node/share/cxd5602pwbimu_driver_node/hook/cmake_prefix_path.sh'
[3.317s] [34mcolcon.colcon_core.environment[0m [1;30mLevel 1[0m checking '/Users/yosuke/gits/cxd5602pwbimu_ros2_driver/ros2_ws/install/cxd5602pwbimu_driver_node/lib'
[3.317s] [34mcolcon.colcon_core.shell[0m [1;30mLevel 1[0m create_environment_hook('cxd5602pwbimu_driver_node', 'dyld_library_path')
[3.317s] [34mcolcon.colcon_core.shell[0m [1;30mINFO[0m Creating environment hook '/Users/yosuke/gits/cxd5602pwbimu_ros2_driver/ros2_ws/install/cxd5602pwbimu_driver_node/share/cxd5602pwbimu_driver_node/hook/dyld_library_path.ps1'
[3.318s] [34mcolcon.colcon_core.shell[0m [1;30mINFO[0m Creating environment descriptor '/Users/yosuke/gits/cxd5602pwbimu_ros2_driver/ros2_ws/install/cxd5602pwbimu_driver_node/share/cxd5602pwbimu_driver_node/hook/dyld_library_path.dsv'
[3.318s] [34mcolcon.colcon_core.shell[0m [1;30mINFO[0m Creating environment hook '/Users/yosuke/gits/cxd5602pwbimu_ros2_driver/ros2_ws/install/cxd5602pwbimu_driver_node/share/cxd5602pwbimu_driver_node/hook/dyld_library_path.sh'
[3.318s] [34mcolcon.colcon_core.environment[0m [1;30mLevel 1[0m checking '/Users/yosuke/gits/cxd5602pwbimu_ros2_driver/ros2_ws/install/cxd5602pwbimu_driver_node/bin'
[3.318s] [34mcolcon.colcon_core.environment[0m [1;30mLevel 1[0m checking '/Users/yosuke/gits/cxd5602pwbimu_ros2_driver/ros2_ws/install/cxd5602pwbimu_driver_node/lib/pkgconfig/cxd5602pwbimu_driver_node.pc'
[3.318s] [34mcolcon.colcon_core.environment[0m [1;30mLevel 1[0m checking '/Users/yosuke/gits/cxd5602pwbimu_ros2_driver/ros2_ws/install/cxd5602pwbimu_driver_node/lib/python3.11/site-packages'
[3.318s] [34mcolcon.colcon_core.environment[0m [1;30mLevel 1[0m checking '/Users/yosuke/gits/cxd5602pwbimu_ros2_driver/ros2_ws/install/cxd5602pwbimu_driver_node/bin'
[3.318s] [34mcolcon.colcon_core.shell[0m [1;30mINFO[0m Creating package script '/Users/yosuke/gits/cxd5602pwbimu_ros2_driver/ros2_ws/install/cxd5602pwbimu_driver_node/share/cxd5602pwbimu_driver_node/package.ps1'
[3.318s] [34mcolcon.colcon_core.shell[0m [1;30mINFO[0m Creating package descriptor '/Users/yosuke/gits/cxd5602pwbimu_ros2_driver/ros2_ws/install/cxd5602pwbimu_driver_node/share/cxd5602pwbimu_driver_node/package.dsv'
[3.319s] [34mcolcon.colcon_core.shell[0m [1;30mINFO[0m Creating package script '/Users/yosuke/gits/cxd5602pwbimu_ros2_driver/ros2_ws/install/cxd5602pwbimu_driver_node/share/cxd5602pwbimu_driver_node/package.sh'
[3.319s] [34mcolcon.colcon_core.shell[0m [1;30mINFO[0m Creating package script '/Users/yosuke/gits/cxd5602pwbimu_ros2_driver/ros2_ws/install/cxd5602pwbimu_driver_node/share/cxd5602pwbimu_driver_node/package.bash'
[3.319s] [34mcolcon.colcon_core.shell[0m [1;30mINFO[0m Creating package script '/Users/yosuke/gits/cxd5602pwbimu_ros2_driver/ros2_ws/install/cxd5602pwbimu_driver_node/share/cxd5602pwbimu_driver_node/package.zsh'
[3.319s] [34mcolcon.colcon_core.environment[0m [1;30mLevel 1[0m create_file_with_runtime_dependencies(/Users/yosuke/gits/cxd5602pwbimu_ros2_driver/ros2_ws/install/cxd5602pwbimu_driver_node/share/colcon-core/packages/cxd5602pwbimu_driver_node)
[3.319s] [34mcolcon.colcon_parallel_executor.executor.parallel[0m [1;30mDEBUG[0m [32mclosing loop[0m
[3.319s] [34mcolcon.colcon_parallel_executor.executor.parallel[0m [1;30mDEBUG[0m [32mloop closed[0m
[3.319s] [34mcolcon.colcon_parallel_executor.executor.parallel[0m [1;30mDEBUG[0m [32mrun_until_complete finished with '2'[0m
[3.319s] [34mcolcon.colcon_core.event_reactor[0m [1;30mDEBUG[0m [32mjoining thread[0m
[3.320s] [34mcolcon.colcon_core.event_reactor[0m [1;30mDEBUG[0m [32mjoined thread[0m
[3.320s] [34mcolcon.colcon_core.shell[0m [1;30mINFO[0m Creating prefix script '/Users/yosuke/gits/cxd5602pwbimu_ros2_driver/ros2_ws/install/local_setup.ps1'
[3.320s] [34mcolcon.colcon_core.shell[0m [1;30mINFO[0m Creating prefix util module '/Users/yosuke/gits/cxd5602pwbimu_ros2_driver/ros2_ws/install/_local_setup_util_ps1.py'
[3.321s] [34mcolcon.colcon_core.shell[0m [1;30mINFO[0m Creating prefix chain script '/Users/yosuke/gits/cxd5602pwbimu_ros2_driver/ros2_ws/install/setup.ps1'
[3.322s] [34mcolcon.colcon_core.shell[0m [1;30mINFO[0m Creating prefix script '/Users/yosuke/gits/cxd5602pwbimu_ros2_driver/ros2_ws/install/local_setup.sh'
[3.322s] [34mcolcon.colcon_core.shell[0m [1;30mINFO[0m Creating prefix util module '/Users/yosuke/gits/cxd5602pwbimu_ros2_driver/ros2_ws/install/_local_setup_util_sh.py'
[3.322s] [34mcolcon.colcon_core.shell[0m [1;30mINFO[0m Creating prefix chain script '/Users/yosuke/gits/cxd5602pwbimu_ros2_driver/ros2_ws/install/setup.sh'
[3.323s] [34mcolcon.colcon_core.shell[0m [1;30mINFO[0m Creating prefix script '/Users/yosuke/gits/cxd5602pwbimu_ros2_driver/ros2_ws/install/local_setup.bash'
[3.323s] [34mcolcon.colcon_core.shell[0m [1;30mINFO[0m Creating prefix chain script '/Users/yosuke/gits/cxd5602pwbimu_ros2_driver/ros2_ws/install/setup.bash'
[3.323s] [34mcolcon.colcon_core.shell[0m [1;30mINFO[0m Creating prefix script '/Users/yosuke/gits/cxd5602pwbimu_ros2_driver/ros2_ws/install/local_setup.zsh'
[3.323s] [34mcolcon.colcon_core.shell[0m [1;30mINFO[0m Creating prefix chain script '/Users/yosuke/gits/cxd5602pwbimu_ros2_driver/ros2_ws/install/setup.zsh'
