[0.069s] colcon DEBUG Command line arguments: ['/Users/yosuke/miniforge3/envs/ros_env/bin/colcon', 'build']
[0.069s] colcon DEBUG Parsed command line arguments: Namespace(log_base=None, log_level=None, verb_name='build', build_base='build', install_base='install', merge_install=False, symlink_install=False, test_result_base=None, continue_on_error=False, executor='parallel', parallel_workers=10, event_handlers=None, ignore_user_meta=False, metas=['./colcon.meta'], base_paths=['.'], packages_ignore=None, packages_ignore_regex=None, paths=None, packages_up_to=None, packages_up_to_regex=None, packages_above=None, packages_above_and_dependencies=None, packages_above_depth=None, packages_select_by_dep=None, packages_skip_by_dep=None, packages_skip_up_to=None, packages_select_build_failed=False, packages_skip_build_finished=False, packages_select_test_failures=False, packages_skip_test_passed=False, packages_select=None, packages_skip=None, packages_select_regex=None, packages_skip_regex=None, packages_start=None, packages_end=None, cmake_args=None, cmake_target=None, cmake_target_skip_unavailable=False, cmake_clean_cache=False, cmake_clean_first=False, cmake_force_configure=False, ament_cmake_args=None, catkin_cmake_args=None, catkin_skip_building_tests=False, verb_parser=<colcon_defaults.argument_parser.defaults.DefaultArgumentsDecorator object at 0x105a4dd90>, verb_extension=<colcon_core.verb.build.BuildVerb object at 0x10650f3d0>, main=<bound method BuildVerb.main of <colcon_core.verb.build.BuildVerb object at 0x10650f3d0>>)
[0.085s] colcon.colcon_core.package_discovery Level 1 discover_packages(colcon_meta) check parameters
[0.085s] colcon.colcon_core.package_discovery Level 1 discover_packages(recursive) check parameters
[0.085s] colcon.colcon_core.package_discovery Level 1 discover_packages(ignore) check parameters
[0.085s] colcon.colcon_core.package_discovery Level 1 discover_packages(path) check parameters
[0.085s] colcon.colcon_core.package_discovery Level 1 discover_packages(colcon_meta) discover
[0.085s] colcon.colcon_core.package_discovery Level 1 discover_packages(recursive) discover
[0.085s] colcon.colcon_core.package_discovery INFO Crawling recursively for packages in '/Users/yosuke/gits/cxd5602pwbimu_ros2_driver/ros2_ws'
[0.085s] colcon.colcon_core.package_identification Level 1 _identify(.) by extensions ['ignore', 'ignore_ament_install']
[0.085s] colcon.colcon_core.package_identification Level 1 _identify(.) by extension 'ignore'
[0.085s] colcon.colcon_core.package_identification Level 1 _identify(.) by extension 'ignore_ament_install'
[0.085s] colcon.colcon_core.package_identification Level 1 _identify(.) by extensions ['colcon_pkg']
[0.085s] colcon.colcon_core.package_identification Level 1 _identify(.) by extension 'colcon_pkg'
[0.085s] colcon.colcon_core.package_identification Level 1 _identify(.) by extensions ['colcon_meta']
[0.085s] colcon.colcon_core.package_identification Level 1 _identify(.) by extension 'colcon_meta'
[0.085s] colcon.colcon_core.package_identification Level 1 _identify(.) by extensions ['ros']
[0.085s] colcon.colcon_core.package_identification Level 1 _identify(.) by extension 'ros'
[0.096s] colcon.colcon_core.package_identification Level 1 _identify(.) by extensions ['cmake', 'python']
[0.096s] colcon.colcon_core.package_identification Level 1 _identify(.) by extension 'cmake'
[0.096s] colcon.colcon_core.package_identification Level 1 _identify(.) by extension 'python'
[0.096s] colcon.colcon_core.package_identification Level 1 _identify(.) by extensions ['python_setup_py']
[0.096s] colcon.colcon_core.package_identification Level 1 _identify(.) by extension 'python_setup_py'
[0.096s] colcon.colcon_core.package_identification Level 1 _identify(build) by extensions ['ignore', 'ignore_ament_install']
[0.096s] colcon.colcon_core.package_identification Level 1 _identify(build) by extension 'ignore'
[0.096s] colcon.colcon_core.package_identification Level 1 _identify(build) ignored
[0.096s] colcon.colcon_core.package_identification Level 1 _identify(install) by extensions ['ignore', 'ignore_ament_install']
[0.096s] colcon.colcon_core.package_identification Level 1 _identify(install) by extension 'ignore'
[0.096s] colcon.colcon_core.package_identification Level 1 _identify(install) ignored
[0.096s] colcon.colcon_core.package_identification Level 1 _identify(log) by extensions ['ignore', 'ignore_ament_install']
[0.096s] colcon.colcon_core.package_identification Level 1 _identify(log) by extension 'ignore'
[0.096s] colcon.colcon_core.package_identification Level 1 _identify(log) ignored
[0.096s] colcon.colcon_core.package_identification Level 1 _identify(src) by extensions ['ignore', 'ignore_ament_install']
[0.096s] colcon.colcon_core.package_identification Level 1 _identify(src) by extension 'ignore'
[0.096s] colcon.colcon_core.package_identification Level 1 _identify(src) by extension 'ignore_ament_install'
[0.096s] colcon.colcon_core.package_identification Level 1 _identify(src) by extensions ['colcon_pkg']
[0.096s] colcon.colcon_core.package_identification Level 1 _identify(src) by extension 'colcon_pkg'
[0.096s] colcon.colcon_core.package_identification Level 1 _identify(src) by extensions ['colcon_meta']
[0.096s] colcon.colcon_core.package_identification Level 1 _identify(src) by extension 'colcon_meta'
[0.096s] colcon.colcon_core.package_identification Level 1 _identify(src) by extensions ['ros']
[0.096s] colcon.colcon_core.package_identification Level 1 _identify(src) by extension 'ros'
[0.096s] colcon.colcon_core.package_identification Level 1 _identify(src) by extensions ['cmake', 'python']
[0.096s] colcon.colcon_core.package_identification Level 1 _identify(src) by extension 'cmake'
[0.096s] colcon.colcon_core.package_identification Level 1 _identify(src) by extension 'python'
[0.096s] colcon.colcon_core.package_identification Level 1 _identify(src) by extensions ['python_setup_py']
[0.096s] colcon.colcon_core.package_identification Level 1 _identify(src) by extension 'python_setup_py'
[0.097s] colcon.colcon_core.package_identification Level 1 _identify(src/cxd5602pwbimu_driver) by extensions ['ignore', 'ignore_ament_install']
[0.097s] colcon.colcon_core.package_identification Level 1 _identify(src/cxd5602pwbimu_driver) by extension 'ignore'
[0.097s] colcon.colcon_core.package_identification Level 1 _identify(src/cxd5602pwbimu_driver) by extension 'ignore_ament_install'
[0.097s] colcon.colcon_core.package_identification Level 1 _identify(src/cxd5602pwbimu_driver) by extensions ['colcon_pkg']
[0.097s] colcon.colcon_core.package_identification Level 1 _identify(src/cxd5602pwbimu_driver) by extension 'colcon_pkg'
[0.097s] colcon.colcon_core.package_identification Level 1 _identify(src/cxd5602pwbimu_driver) by extensions ['colcon_meta']
[0.097s] colcon.colcon_core.package_identification Level 1 _identify(src/cxd5602pwbimu_driver) by extension 'colcon_meta'
[0.097s] colcon.colcon_core.package_identification Level 1 _identify(src/cxd5602pwbimu_driver) by extensions ['ros']
[0.097s] colcon.colcon_core.package_identification Level 1 _identify(src/cxd5602pwbimu_driver) by extension 'ros'
[0.098s] colcon.colcon_core.package_identification DEBUG Package 'src/cxd5602pwbimu_driver' with type 'ros.ament_cmake' and name 'cxd5602pwbimu_driver'
[0.098s] colcon.colcon_core.package_identification Level 1 _identify(src/cxd5602pwbimu_driver_bringup) by extensions ['ignore', 'ignore_ament_install']
[0.098s] colcon.colcon_core.package_identification Level 1 _identify(src/cxd5602pwbimu_driver_bringup) by extension 'ignore'
[0.098s] colcon.colcon_core.package_identification Level 1 _identify(src/cxd5602pwbimu_driver_bringup) by extension 'ignore_ament_install'
[0.098s] colcon.colcon_core.package_identification Level 1 _identify(src/cxd5602pwbimu_driver_bringup) by extensions ['colcon_pkg']
[0.098s] colcon.colcon_core.package_identification Level 1 _identify(src/cxd5602pwbimu_driver_bringup) by extension 'colcon_pkg'
[0.098s] colcon.colcon_core.package_identification Level 1 _identify(src/cxd5602pwbimu_driver_bringup) by extensions ['colcon_meta']
[0.098s] colcon.colcon_core.package_identification Level 1 _identify(src/cxd5602pwbimu_driver_bringup) by extension 'colcon_meta'
[0.098s] colcon.colcon_core.package_identification Level 1 _identify(src/cxd5602pwbimu_driver_bringup) by extensions ['ros']
[0.098s] colcon.colcon_core.package_identification Level 1 _identify(src/cxd5602pwbimu_driver_bringup) by extension 'ros'
[0.098s] colcon.colcon_core.package_identification DEBUG Package 'src/cxd5602pwbimu_driver_bringup' with type 'ros.ament_python' and name 'cxd5602pwbimu_driver_bringup'
[0.098s] colcon.colcon_core.package_identification Level 1 _identify(src/cxd5602pwbimu_driver_node) by extensions ['ignore', 'ignore_ament_install']
[0.098s] colcon.colcon_core.package_identification Level 1 _identify(src/cxd5602pwbimu_driver_node) by extension 'ignore'
[0.098s] colcon.colcon_core.package_identification Level 1 _identify(src/cxd5602pwbimu_driver_node) by extension 'ignore_ament_install'
[0.098s] colcon.colcon_core.package_identification Level 1 _identify(src/cxd5602pwbimu_driver_node) by extensions ['colcon_pkg']
[0.098s] colcon.colcon_core.package_identification Level 1 _identify(src/cxd5602pwbimu_driver_node) by extension 'colcon_pkg'
[0.098s] colcon.colcon_core.package_identification Level 1 _identify(src/cxd5602pwbimu_driver_node) by extensions ['colcon_meta']
[0.098s] colcon.colcon_core.package_identification Level 1 _identify(src/cxd5602pwbimu_driver_node) by extension 'colcon_meta'
[0.098s] colcon.colcon_core.package_identification Level 1 _identify(src/cxd5602pwbimu_driver_node) by extensions ['ros']
[0.098s] colcon.colcon_core.package_identification Level 1 _identify(src/cxd5602pwbimu_driver_node) by extension 'ros'
[0.098s] colcon.colcon_core.package_identification DEBUG Package 'src/cxd5602pwbimu_driver_node' with type 'ros.ament_cmake' and name 'cxd5602pwbimu_driver_node'
[0.099s] colcon.colcon_core.package_identification Level 1 _identify(src/h6x_serial_interface) by extensions ['ignore', 'ignore_ament_install']
[0.099s] colcon.colcon_core.package_identification Level 1 _identify(src/h6x_serial_interface) by extension 'ignore'
[0.099s] colcon.colcon_core.package_identification Level 1 _identify(src/h6x_serial_interface) by extension 'ignore_ament_install'
[0.099s] colcon.colcon_core.package_identification Level 1 _identify(src/h6x_serial_interface) by extensions ['colcon_pkg']
[0.099s] colcon.colcon_core.package_identification Level 1 _identify(src/h6x_serial_interface) by extension 'colcon_pkg'
[0.099s] colcon.colcon_core.package_identification Level 1 _identify(src/h6x_serial_interface) by extensions ['colcon_meta']
[0.099s] colcon.colcon_core.package_identification Level 1 _identify(src/h6x_serial_interface) by extension 'colcon_meta'
[0.099s] colcon.colcon_core.package_identification Level 1 _identify(src/h6x_serial_interface) by extensions ['ros']
[0.099s] colcon.colcon_core.package_identification Level 1 _identify(src/h6x_serial_interface) by extension 'ros'
[0.099s] colcon.colcon_core.package_identification Level 1 _identify(src/h6x_serial_interface) by extensions ['cmake', 'python']
[0.099s] colcon.colcon_core.package_identification Level 1 _identify(src/h6x_serial_interface) by extension 'cmake'
[0.099s] colcon.colcon_core.package_identification Level 1 _identify(src/h6x_serial_interface) by extension 'python'
[0.099s] colcon.colcon_core.package_identification Level 1 _identify(src/h6x_serial_interface) by extensions ['python_setup_py']
[0.099s] colcon.colcon_core.package_identification Level 1 _identify(src/h6x_serial_interface) by extension 'python_setup_py'
[0.099s] colcon.colcon_core.package_identification Level 1 _identify(src/h6x_serial_interface/h6x_packet_handler) by extensions ['ignore', 'ignore_ament_install']
[0.099s] colcon.colcon_core.package_identification Level 1 _identify(src/h6x_serial_interface/h6x_packet_handler) by extension 'ignore'
[0.099s] colcon.colcon_core.package_identification Level 1 _identify(src/h6x_serial_interface/h6x_packet_handler) by extension 'ignore_ament_install'
[0.099s] colcon.colcon_core.package_identification Level 1 _identify(src/h6x_serial_interface/h6x_packet_handler) by extensions ['colcon_pkg']
[0.099s] colcon.colcon_core.package_identification Level 1 _identify(src/h6x_serial_interface/h6x_packet_handler) by extension 'colcon_pkg'
[0.099s] colcon.colcon_core.package_identification Level 1 _identify(src/h6x_serial_interface/h6x_packet_handler) by extensions ['colcon_meta']
[0.099s] colcon.colcon_core.package_identification Level 1 _identify(src/h6x_serial_interface/h6x_packet_handler) by extension 'colcon_meta'
[0.099s] colcon.colcon_core.package_identification Level 1 _identify(src/h6x_serial_interface/h6x_packet_handler) by extensions ['ros']
[0.099s] colcon.colcon_core.package_identification Level 1 _identify(src/h6x_serial_interface/h6x_packet_handler) by extension 'ros'
[0.099s] colcon.colcon_core.package_identification DEBUG Package 'src/h6x_serial_interface/h6x_packet_handler' with type 'ros.ament_cmake' and name 'h6x_packet_handler'
[0.099s] colcon.colcon_core.package_identification Level 1 _identify(src/h6x_serial_interface/h6x_serial_interface) by extensions ['ignore', 'ignore_ament_install']
[0.099s] colcon.colcon_core.package_identification Level 1 _identify(src/h6x_serial_interface/h6x_serial_interface) by extension 'ignore'
[0.099s] colcon.colcon_core.package_identification Level 1 _identify(src/h6x_serial_interface/h6x_serial_interface) by extension 'ignore_ament_install'
[0.099s] colcon.colcon_core.package_identification Level 1 _identify(src/h6x_serial_interface/h6x_serial_interface) by extensions ['colcon_pkg']
[0.099s] colcon.colcon_core.package_identification Level 1 _identify(src/h6x_serial_interface/h6x_serial_interface) by extension 'colcon_pkg'
[0.099s] colcon.colcon_core.package_identification Level 1 _identify(src/h6x_serial_interface/h6x_serial_interface) by extensions ['colcon_meta']
[0.099s] colcon.colcon_core.package_identification Level 1 _identify(src/h6x_serial_interface/h6x_serial_interface) by extension 'colcon_meta'
[0.099s] colcon.colcon_core.package_identification Level 1 _identify(src/h6x_serial_interface/h6x_serial_interface) by extensions ['ros']
[0.099s] colcon.colcon_core.package_identification Level 1 _identify(src/h6x_serial_interface/h6x_serial_interface) by extension 'ros'
[0.100s] colcon.colcon_core.package_identification DEBUG Package 'src/h6x_serial_interface/h6x_serial_interface' with type 'ros.ament_cmake' and name 'h6x_serial_interface'
[0.100s] colcon.colcon_core.package_identification Level 1 _identify(src/h6x_serial_interface/h6x_serial_interface_example) by extensions ['ignore', 'ignore_ament_install']
[0.100s] colcon.colcon_core.package_identification Level 1 _identify(src/h6x_serial_interface/h6x_serial_interface_example) by extension 'ignore'
[0.100s] colcon.colcon_core.package_identification Level 1 _identify(src/h6x_serial_interface/h6x_serial_interface_example) by extension 'ignore_ament_install'
[0.100s] colcon.colcon_core.package_identification Level 1 _identify(src/h6x_serial_interface/h6x_serial_interface_example) by extensions ['colcon_pkg']
[0.100s] colcon.colcon_core.package_identification Level 1 _identify(src/h6x_serial_interface/h6x_serial_interface_example) by extension 'colcon_pkg'
[0.100s] colcon.colcon_core.package_identification Level 1 _identify(src/h6x_serial_interface/h6x_serial_interface_example) by extensions ['colcon_meta']
[0.100s] colcon.colcon_core.package_identification Level 1 _identify(src/h6x_serial_interface/h6x_serial_interface_example) by extension 'colcon_meta'
[0.100s] colcon.colcon_core.package_identification Level 1 _identify(src/h6x_serial_interface/h6x_serial_interface_example) by extensions ['ros']
[0.100s] colcon.colcon_core.package_identification Level 1 _identify(src/h6x_serial_interface/h6x_serial_interface_example) by extension 'ros'
[0.100s] colcon.colcon_core.package_identification DEBUG Package 'src/h6x_serial_interface/h6x_serial_interface_example' with type 'ros.ament_cmake' and name 'h6x_serial_interface_example'
[0.100s] colcon.colcon_core.package_identification Level 1 _identify(src/imu_tools) by extensions ['ignore', 'ignore_ament_install']
[0.100s] colcon.colcon_core.package_identification Level 1 _identify(src/imu_tools) by extension 'ignore'
[0.100s] colcon.colcon_core.package_identification Level 1 _identify(src/imu_tools) by extension 'ignore_ament_install'
[0.100s] colcon.colcon_core.package_identification Level 1 _identify(src/imu_tools) by extensions ['colcon_pkg']
[0.100s] colcon.colcon_core.package_identification Level 1 _identify(src/imu_tools) by extension 'colcon_pkg'
[0.100s] colcon.colcon_core.package_identification Level 1 _identify(src/imu_tools) by extensions ['colcon_meta']
[0.100s] colcon.colcon_core.package_identification Level 1 _identify(src/imu_tools) by extension 'colcon_meta'
[0.100s] colcon.colcon_core.package_identification Level 1 _identify(src/imu_tools) by extensions ['ros']
[0.100s] colcon.colcon_core.package_identification Level 1 _identify(src/imu_tools) by extension 'ros'
[0.101s] colcon.colcon_core.package_identification Level 1 _identify(src/imu_tools) by extensions ['cmake', 'python']
[0.101s] colcon.colcon_core.package_identification Level 1 _identify(src/imu_tools) by extension 'cmake'
[0.101s] colcon.colcon_core.package_identification Level 1 _identify(src/imu_tools) by extension 'python'
[0.101s] colcon.colcon_core.package_identification Level 1 _identify(src/imu_tools) by extensions ['python_setup_py']
[0.101s] colcon.colcon_core.package_identification Level 1 _identify(src/imu_tools) by extension 'python_setup_py'
[0.101s] colcon.colcon_core.package_identification Level 1 _identify(src/imu_tools/imu_complementary_filter) by extensions ['ignore', 'ignore_ament_install']
[0.101s] colcon.colcon_core.package_identification Level 1 _identify(src/imu_tools/imu_complementary_filter) by extension 'ignore'
[0.101s] colcon.colcon_core.package_identification Level 1 _identify(src/imu_tools/imu_complementary_filter) by extension 'ignore_ament_install'
[0.101s] colcon.colcon_core.package_identification Level 1 _identify(src/imu_tools/imu_complementary_filter) by extensions ['colcon_pkg']
[0.101s] colcon.colcon_core.package_identification Level 1 _identify(src/imu_tools/imu_complementary_filter) by extension 'colcon_pkg'
[0.101s] colcon.colcon_core.package_identification Level 1 _identify(src/imu_tools/imu_complementary_filter) by extensions ['colcon_meta']
[0.101s] colcon.colcon_core.package_identification Level 1 _identify(src/imu_tools/imu_complementary_filter) by extension 'colcon_meta'
[0.101s] colcon.colcon_core.package_identification Level 1 _identify(src/imu_tools/imu_complementary_filter) by extensions ['ros']
[0.101s] colcon.colcon_core.package_identification Level 1 _identify(src/imu_tools/imu_complementary_filter) by extension 'ros'
[0.101s] colcon.colcon_core.package_identification DEBUG Package 'src/imu_tools/imu_complementary_filter' with type 'ros.ament_cmake' and name 'imu_complementary_filter'
[0.101s] colcon.colcon_core.package_identification Level 1 _identify(src/imu_tools/imu_filter_madgwick) by extensions ['ignore', 'ignore_ament_install']
[0.101s] colcon.colcon_core.package_identification Level 1 _identify(src/imu_tools/imu_filter_madgwick) by extension 'ignore'
[0.101s] colcon.colcon_core.package_identification Level 1 _identify(src/imu_tools/imu_filter_madgwick) by extension 'ignore_ament_install'
[0.101s] colcon.colcon_core.package_identification Level 1 _identify(src/imu_tools/imu_filter_madgwick) by extensions ['colcon_pkg']
[0.101s] colcon.colcon_core.package_identification Level 1 _identify(src/imu_tools/imu_filter_madgwick) by extension 'colcon_pkg'
[0.101s] colcon.colcon_core.package_identification Level 1 _identify(src/imu_tools/imu_filter_madgwick) by extensions ['colcon_meta']
[0.101s] colcon.colcon_core.package_identification Level 1 _identify(src/imu_tools/imu_filter_madgwick) by extension 'colcon_meta'
[0.101s] colcon.colcon_core.package_identification Level 1 _identify(src/imu_tools/imu_filter_madgwick) by extensions ['ros']
[0.101s] colcon.colcon_core.package_identification Level 1 _identify(src/imu_tools/imu_filter_madgwick) by extension 'ros'
[0.102s] colcon.colcon_core.package_identification DEBUG Package 'src/imu_tools/imu_filter_madgwick' with type 'ros.ament_cmake' and name 'imu_filter_madgwick'
[0.102s] colcon.colcon_core.package_identification Level 1 _identify(src/imu_tools/imu_tools) by extensions ['ignore', 'ignore_ament_install']
[0.102s] colcon.colcon_core.package_identification Level 1 _identify(src/imu_tools/imu_tools) by extension 'ignore'
[0.102s] colcon.colcon_core.package_identification Level 1 _identify(src/imu_tools/imu_tools) by extension 'ignore_ament_install'
[0.102s] colcon.colcon_core.package_identification Level 1 _identify(src/imu_tools/imu_tools) by extensions ['colcon_pkg']
[0.102s] colcon.colcon_core.package_identification Level 1 _identify(src/imu_tools/imu_tools) by extension 'colcon_pkg'
[0.102s] colcon.colcon_core.package_identification Level 1 _identify(src/imu_tools/imu_tools) by extensions ['colcon_meta']
[0.102s] colcon.colcon_core.package_identification Level 1 _identify(src/imu_tools/imu_tools) by extension 'colcon_meta'
[0.102s] colcon.colcon_core.package_identification Level 1 _identify(src/imu_tools/imu_tools) by extensions ['ros']
[0.102s] colcon.colcon_core.package_identification Level 1 _identify(src/imu_tools/imu_tools) by extension 'ros'
[0.102s] colcon.colcon_core.package_identification DEBUG Package 'src/imu_tools/imu_tools' with type 'ros.ament_cmake' and name 'imu_tools'
[0.102s] colcon.colcon_core.package_identification Level 1 _identify(src/imu_tools/rviz_imu_plugin) by extensions ['ignore', 'ignore_ament_install']
[0.102s] colcon.colcon_core.package_identification Level 1 _identify(src/imu_tools/rviz_imu_plugin) by extension 'ignore'
[0.102s] colcon.colcon_core.package_identification Level 1 _identify(src/imu_tools/rviz_imu_plugin) by extension 'ignore_ament_install'
[0.102s] colcon.colcon_core.package_identification Level 1 _identify(src/imu_tools/rviz_imu_plugin) by extensions ['colcon_pkg']
[0.102s] colcon.colcon_core.package_identification Level 1 _identify(src/imu_tools/rviz_imu_plugin) by extension 'colcon_pkg'
[0.102s] colcon.colcon_core.package_identification Level 1 _identify(src/imu_tools/rviz_imu_plugin) by extensions ['colcon_meta']
[0.102s] colcon.colcon_core.package_identification Level 1 _identify(src/imu_tools/rviz_imu_plugin) by extension 'colcon_meta'
[0.102s] colcon.colcon_core.package_identification Level 1 _identify(src/imu_tools/rviz_imu_plugin) by extensions ['ros']
[0.102s] colcon.colcon_core.package_identification Level 1 _identify(src/imu_tools/rviz_imu_plugin) by extension 'ros'
[0.102s] colcon.colcon_core.package_identification DEBUG Package 'src/imu_tools/rviz_imu_plugin' with type 'ros.ament_cmake' and name 'rviz_imu_plugin'
[0.102s] colcon.colcon_core.package_identification Level 1 _identify(src/imu_trajectory_filter) by extensions ['ignore', 'ignore_ament_install']
[0.103s] colcon.colcon_core.package_identification Level 1 _identify(src/imu_trajectory_filter) by extension 'ignore'
[0.103s] colcon.colcon_core.package_identification Level 1 _identify(src/imu_trajectory_filter) by extension 'ignore_ament_install'
[0.103s] colcon.colcon_core.package_identification Level 1 _identify(src/imu_trajectory_filter) by extensions ['colcon_pkg']
[0.103s] colcon.colcon_core.package_identification Level 1 _identify(src/imu_trajectory_filter) by extension 'colcon_pkg'
[0.103s] colcon.colcon_core.package_identification Level 1 _identify(src/imu_trajectory_filter) by extensions ['colcon_meta']
[0.103s] colcon.colcon_core.package_identification Level 1 _identify(src/imu_trajectory_filter) by extension 'colcon_meta'
[0.103s] colcon.colcon_core.package_identification Level 1 _identify(src/imu_trajectory_filter) by extensions ['ros']
[0.103s] colcon.colcon_core.package_identification Level 1 _identify(src/imu_trajectory_filter) by extension 'ros'
[0.103s] colcon.colcon_core.package_identification DEBUG Package 'src/imu_trajectory_filter' with type 'ros.ament_cmake' and name 'imu_trajectory_filter'
[0.103s] colcon.colcon_core.package_discovery Level 1 discover_packages(recursive) using defaults
[0.103s] colcon.colcon_core.package_discovery Level 1 discover_packages(ignore) discover
[0.103s] colcon.colcon_core.package_discovery Level 1 discover_packages(ignore) using defaults
[0.103s] colcon.colcon_core.package_discovery Level 1 discover_packages(path) discover
[0.103s] colcon.colcon_core.package_discovery Level 1 discover_packages(path) using defaults
[0.110s] colcon.colcon_core.verb Level 5 set package 'h6x_packet_handler' build argument 'cmake_args' from command line to 'None'
[0.111s] colcon.colcon_core.verb Level 5 set package 'h6x_packet_handler' build argument 'cmake_target' from command line to 'None'
[0.111s] colcon.colcon_core.verb Level 5 set package 'h6x_packet_handler' build argument 'cmake_target_skip_unavailable' from command line to 'False'
[0.111s] colcon.colcon_core.verb Level 5 set package 'h6x_packet_handler' build argument 'cmake_clean_cache' from command line to 'False'
[0.111s] colcon.colcon_core.verb Level 5 set package 'h6x_packet_handler' build argument 'cmake_clean_first' from command line to 'False'
[0.111s] colcon.colcon_core.verb Level 5 set package 'h6x_packet_handler' build argument 'cmake_force_configure' from command line to 'False'
[0.111s] colcon.colcon_core.verb Level 5 set package 'h6x_packet_handler' build argument 'ament_cmake_args' from command line to 'None'
[0.111s] colcon.colcon_core.verb Level 5 set package 'h6x_packet_handler' build argument 'catkin_cmake_args' from command line to 'None'
[0.111s] colcon.colcon_core.verb Level 5 set package 'h6x_packet_handler' build argument 'catkin_skip_building_tests' from command line to 'False'
[0.111s] colcon.colcon_core.verb DEBUG Building package 'h6x_packet_handler' with the following arguments: {'ament_cmake_args': None, 'build_base': '/Users/yosuke/gits/cxd5602pwbimu_ros2_driver/ros2_ws/build/h6x_packet_handler', 'catkin_cmake_args': None, 'catkin_skip_building_tests': False, 'cmake_args': None, 'cmake_clean_cache': False, 'cmake_clean_first': False, 'cmake_force_configure': False, 'cmake_target': None, 'cmake_target_skip_unavailable': False, 'install_base': '/Users/yosuke/gits/cxd5602pwbimu_ros2_driver/ros2_ws/install/h6x_packet_handler', 'merge_install': False, 'path': '/Users/yosuke/gits/cxd5602pwbimu_ros2_driver/ros2_ws/src/h6x_serial_interface/h6x_packet_handler', 'symlink_install': False, 'test_result_base': None}
[0.111s] colcon.colcon_core.verb Level 5 set package 'h6x_serial_interface' build argument 'cmake_args' from command line to 'None'
[0.111s] colcon.colcon_core.verb Level 5 set package 'h6x_serial_interface' build argument 'cmake_target' from command line to 'None'
[0.111s] colcon.colcon_core.verb Level 5 set package 'h6x_serial_interface' build argument 'cmake_target_skip_unavailable' from command line to 'False'
[0.111s] colcon.colcon_core.verb Level 5 set package 'h6x_serial_interface' build argument 'cmake_clean_cache' from command line to 'False'
[0.111s] colcon.colcon_core.verb Level 5 set package 'h6x_serial_interface' build argument 'cmake_clean_first' from command line to 'False'
[0.111s] colcon.colcon_core.verb Level 5 set package 'h6x_serial_interface' build argument 'cmake_force_configure' from command line to 'False'
[0.111s] colcon.colcon_core.verb Level 5 set package 'h6x_serial_interface' build argument 'ament_cmake_args' from command line to 'None'
[0.111s] colcon.colcon_core.verb Level 5 set package 'h6x_serial_interface' build argument 'catkin_cmake_args' from command line to 'None'
[0.111s] colcon.colcon_core.verb Level 5 set package 'h6x_serial_interface' build argument 'catkin_skip_building_tests' from command line to 'False'
[0.111s] colcon.colcon_core.verb DEBUG Building package 'h6x_serial_interface' with the following arguments: {'ament_cmake_args': None, 'build_base': '/Users/yosuke/gits/cxd5602pwbimu_ros2_driver/ros2_ws/build/h6x_serial_interface', 'catkin_cmake_args': None, 'catkin_skip_building_tests': False, 'cmake_args': None, 'cmake_clean_cache': False, 'cmake_clean_first': False, 'cmake_force_configure': False, 'cmake_target': None, 'cmake_target_skip_unavailable': False, 'install_base': '/Users/yosuke/gits/cxd5602pwbimu_ros2_driver/ros2_ws/install/h6x_serial_interface', 'merge_install': False, 'path': '/Users/yosuke/gits/cxd5602pwbimu_ros2_driver/ros2_ws/src/h6x_serial_interface/h6x_serial_interface', 'symlink_install': False, 'test_result_base': None}
[0.111s] colcon.colcon_core.verb Level 5 set package 'imu_complementary_filter' build argument 'cmake_args' from command line to 'None'
[0.111s] colcon.colcon_core.verb Level 5 set package 'imu_complementary_filter' build argument 'cmake_target' from command line to 'None'
[0.111s] colcon.colcon_core.verb Level 5 set package 'imu_complementary_filter' build argument 'cmake_target_skip_unavailable' from command line to 'False'
[0.111s] colcon.colcon_core.verb Level 5 set package 'imu_complementary_filter' build argument 'cmake_clean_cache' from command line to 'False'
[0.111s] colcon.colcon_core.verb Level 5 set package 'imu_complementary_filter' build argument 'cmake_clean_first' from command line to 'False'
[0.111s] colcon.colcon_core.verb Level 5 set package 'imu_complementary_filter' build argument 'cmake_force_configure' from command line to 'False'
[0.111s] colcon.colcon_core.verb Level 5 set package 'imu_complementary_filter' build argument 'ament_cmake_args' from command line to 'None'
[0.111s] colcon.colcon_core.verb Level 5 set package 'imu_complementary_filter' build argument 'catkin_cmake_args' from command line to 'None'
[0.111s] colcon.colcon_core.verb Level 5 set package 'imu_complementary_filter' build argument 'catkin_skip_building_tests' from command line to 'False'
[0.111s] colcon.colcon_core.verb DEBUG Building package 'imu_complementary_filter' with the following arguments: {'ament_cmake_args': None, 'build_base': '/Users/yosuke/gits/cxd5602pwbimu_ros2_driver/ros2_ws/build/imu_complementary_filter', 'catkin_cmake_args': None, 'catkin_skip_building_tests': False, 'cmake_args': None, 'cmake_clean_cache': False, 'cmake_clean_first': False, 'cmake_force_configure': False, 'cmake_target': None, 'cmake_target_skip_unavailable': False, 'install_base': '/Users/yosuke/gits/cxd5602pwbimu_ros2_driver/ros2_ws/install/imu_complementary_filter', 'merge_install': False, 'path': '/Users/yosuke/gits/cxd5602pwbimu_ros2_driver/ros2_ws/src/imu_tools/imu_complementary_filter', 'symlink_install': False, 'test_result_base': None}
[0.111s] colcon.colcon_core.verb Level 5 set package 'imu_filter_madgwick' build argument 'cmake_args' from command line to 'None'
[0.111s] colcon.colcon_core.verb Level 5 set package 'imu_filter_madgwick' build argument 'cmake_target' from command line to 'None'
[0.111s] colcon.colcon_core.verb Level 5 set package 'imu_filter_madgwick' build argument 'cmake_target_skip_unavailable' from command line to 'False'
[0.111s] colcon.colcon_core.verb Level 5 set package 'imu_filter_madgwick' build argument 'cmake_clean_cache' from command line to 'False'
[0.111s] colcon.colcon_core.verb Level 5 set package 'imu_filter_madgwick' build argument 'cmake_clean_first' from command line to 'False'
[0.111s] colcon.colcon_core.verb Level 5 set package 'imu_filter_madgwick' build argument 'cmake_force_configure' from command line to 'False'
[0.111s] colcon.colcon_core.verb Level 5 set package 'imu_filter_madgwick' build argument 'ament_cmake_args' from command line to 'None'
[0.111s] colcon.colcon_core.verb Level 5 set package 'imu_filter_madgwick' build argument 'catkin_cmake_args' from command line to 'None'
[0.111s] colcon.colcon_core.verb Level 5 set package 'imu_filter_madgwick' build argument 'catkin_skip_building_tests' from command line to 'False'
[0.111s] colcon.colcon_core.verb DEBUG Building package 'imu_filter_madgwick' with the following arguments: {'ament_cmake_args': None, 'build_base': '/Users/yosuke/gits/cxd5602pwbimu_ros2_driver/ros2_ws/build/imu_filter_madgwick', 'catkin_cmake_args': None, 'catkin_skip_building_tests': False, 'cmake_args': None, 'cmake_clean_cache': False, 'cmake_clean_first': False, 'cmake_force_configure': False, 'cmake_target': None, 'cmake_target_skip_unavailable': False, 'install_base': '/Users/yosuke/gits/cxd5602pwbimu_ros2_driver/ros2_ws/install/imu_filter_madgwick', 'merge_install': False, 'path': '/Users/yosuke/gits/cxd5602pwbimu_ros2_driver/ros2_ws/src/imu_tools/imu_filter_madgwick', 'symlink_install': False, 'test_result_base': None}
[0.111s] colcon.colcon_core.verb Level 5 set package 'imu_trajectory_filter' build argument 'cmake_args' from command line to 'None'
[0.111s] colcon.colcon_core.verb Level 5 set package 'imu_trajectory_filter' build argument 'cmake_target' from command line to 'None'
[0.111s] colcon.colcon_core.verb Level 5 set package 'imu_trajectory_filter' build argument 'cmake_target_skip_unavailable' from command line to 'False'
[0.111s] colcon.colcon_core.verb Level 5 set package 'imu_trajectory_filter' build argument 'cmake_clean_cache' from command line to 'False'
[0.111s] colcon.colcon_core.verb Level 5 set package 'imu_trajectory_filter' build argument 'cmake_clean_first' from command line to 'False'
[0.111s] colcon.colcon_core.verb Level 5 set package 'imu_trajectory_filter' build argument 'cmake_force_configure' from command line to 'False'
[0.111s] colcon.colcon_core.verb Level 5 set package 'imu_trajectory_filter' build argument 'ament_cmake_args' from command line to 'None'
[0.111s] colcon.colcon_core.verb Level 5 set package 'imu_trajectory_filter' build argument 'catkin_cmake_args' from command line to 'None'
[0.111s] colcon.colcon_core.verb Level 5 set package 'imu_trajectory_filter' build argument 'catkin_skip_building_tests' from command line to 'False'
[0.111s] colcon.colcon_core.verb DEBUG Building package 'imu_trajectory_filter' with the following arguments: {'ament_cmake_args': None, 'build_base': '/Users/yosuke/gits/cxd5602pwbimu_ros2_driver/ros2_ws/build/imu_trajectory_filter', 'catkin_cmake_args': None, 'catkin_skip_building_tests': False, 'cmake_args': None, 'cmake_clean_cache': False, 'cmake_clean_first': False, 'cmake_force_configure': False, 'cmake_target': None, 'cmake_target_skip_unavailable': False, 'install_base': '/Users/yosuke/gits/cxd5602pwbimu_ros2_driver/ros2_ws/install/imu_trajectory_filter', 'merge_install': False, 'path': '/Users/yosuke/gits/cxd5602pwbimu_ros2_driver/ros2_ws/src/imu_trajectory_filter', 'symlink_install': False, 'test_result_base': None}
[0.111s] colcon.colcon_core.verb Level 5 set package 'rviz_imu_plugin' build argument 'cmake_args' from command line to 'None'
[0.111s] colcon.colcon_core.verb Level 5 set package 'rviz_imu_plugin' build argument 'cmake_target' from command line to 'None'
[0.111s] colcon.colcon_core.verb Level 5 set package 'rviz_imu_plugin' build argument 'cmake_target_skip_unavailable' from command line to 'False'
[0.111s] colcon.colcon_core.verb Level 5 set package 'rviz_imu_plugin' build argument 'cmake_clean_cache' from command line to 'False'
[0.111s] colcon.colcon_core.verb Level 5 set package 'rviz_imu_plugin' build argument 'cmake_clean_first' from command line to 'False'
[0.111s] colcon.colcon_core.verb Level 5 set package 'rviz_imu_plugin' build argument 'cmake_force_configure' from command line to 'False'
[0.111s] colcon.colcon_core.verb Level 5 set package 'rviz_imu_plugin' build argument 'ament_cmake_args' from command line to 'None'
[0.111s] colcon.colcon_core.verb Level 5 set package 'rviz_imu_plugin' build argument 'catkin_cmake_args' from command line to 'None'
[0.111s] colcon.colcon_core.verb Level 5 set package 'rviz_imu_plugin' build argument 'catkin_skip_building_tests' from command line to 'False'
[0.111s] colcon.colcon_core.verb DEBUG Building package 'rviz_imu_plugin' with the following arguments: {'ament_cmake_args': None, 'build_base': '/Users/yosuke/gits/cxd5602pwbimu_ros2_driver/ros2_ws/build/rviz_imu_plugin', 'catkin_cmake_args': None, 'catkin_skip_building_tests': False, 'cmake_args': None, 'cmake_clean_cache': False, 'cmake_clean_first': False, 'cmake_force_configure': False, 'cmake_target': None, 'cmake_target_skip_unavailable': False, 'install_base': '/Users/yosuke/gits/cxd5602pwbimu_ros2_driver/ros2_ws/install/rviz_imu_plugin', 'merge_install': False, 'path': '/Users/yosuke/gits/cxd5602pwbimu_ros2_driver/ros2_ws/src/imu_tools/rviz_imu_plugin', 'symlink_install': False, 'test_result_base': None}
[0.112s] colcon.colcon_core.verb Level 5 set package 'cxd5602pwbimu_driver_node' build argument 'cmake_args' from command line to 'None'
[0.112s] colcon.colcon_core.verb Level 5 set package 'cxd5602pwbimu_driver_node' build argument 'cmake_target' from command line to 'None'
[0.112s] colcon.colcon_core.verb Level 5 set package 'cxd5602pwbimu_driver_node' build argument 'cmake_target_skip_unavailable' from command line to 'False'
[0.112s] colcon.colcon_core.verb Level 5 set package 'cxd5602pwbimu_driver_node' build argument 'cmake_clean_cache' from command line to 'False'
[0.112s] colcon.colcon_core.verb Level 5 set package 'cxd5602pwbimu_driver_node' build argument 'cmake_clean_first' from command line to 'False'
[0.112s] colcon.colcon_core.verb Level 5 set package 'cxd5602pwbimu_driver_node' build argument 'cmake_force_configure' from command line to 'False'
[0.112s] colcon.colcon_core.verb Level 5 set package 'cxd5602pwbimu_driver_node' build argument 'ament_cmake_args' from command line to 'None'
[0.112s] colcon.colcon_core.verb Level 5 set package 'cxd5602pwbimu_driver_node' build argument 'catkin_cmake_args' from command line to 'None'
[0.112s] colcon.colcon_core.verb Level 5 set package 'cxd5602pwbimu_driver_node' build argument 'catkin_skip_building_tests' from command line to 'False'
[0.112s] colcon.colcon_core.verb DEBUG Building package 'cxd5602pwbimu_driver_node' with the following arguments: {'ament_cmake_args': None, 'build_base': '/Users/yosuke/gits/cxd5602pwbimu_ros2_driver/ros2_ws/build/cxd5602pwbimu_driver_node', 'catkin_cmake_args': None, 'catkin_skip_building_tests': False, 'cmake_args': None, 'cmake_clean_cache': False, 'cmake_clean_first': False, 'cmake_force_configure': False, 'cmake_target': None, 'cmake_target_skip_unavailable': False, 'install_base': '/Users/yosuke/gits/cxd5602pwbimu_ros2_driver/ros2_ws/install/cxd5602pwbimu_driver_node', 'merge_install': False, 'path': '/Users/yosuke/gits/cxd5602pwbimu_ros2_driver/ros2_ws/src/cxd5602pwbimu_driver_node', 'symlink_install': False, 'test_result_base': None}
[0.112s] colcon.colcon_core.verb Level 5 set package 'h6x_serial_interface_example' build argument 'cmake_args' from command line to 'None'
[0.112s] colcon.colcon_core.verb Level 5 set package 'h6x_serial_interface_example' build argument 'cmake_target' from command line to 'None'
[0.112s] colcon.colcon_core.verb Level 5 set package 'h6x_serial_interface_example' build argument 'cmake_target_skip_unavailable' from command line to 'False'
[0.112s] colcon.colcon_core.verb Level 5 set package 'h6x_serial_interface_example' build argument 'cmake_clean_cache' from command line to 'False'
[0.112s] colcon.colcon_core.verb Level 5 set package 'h6x_serial_interface_example' build argument 'cmake_clean_first' from command line to 'False'
[0.112s] colcon.colcon_core.verb Level 5 set package 'h6x_serial_interface_example' build argument 'cmake_force_configure' from command line to 'False'
[0.112s] colcon.colcon_core.verb Level 5 set package 'h6x_serial_interface_example' build argument 'ament_cmake_args' from command line to 'None'
[0.112s] colcon.colcon_core.verb Level 5 set package 'h6x_serial_interface_example' build argument 'catkin_cmake_args' from command line to 'None'
[0.112s] colcon.colcon_core.verb Level 5 set package 'h6x_serial_interface_example' build argument 'catkin_skip_building_tests' from command line to 'False'
[0.112s] colcon.colcon_core.verb DEBUG Building package 'h6x_serial_interface_example' with the following arguments: {'ament_cmake_args': None, 'build_base': '/Users/yosuke/gits/cxd5602pwbimu_ros2_driver/ros2_ws/build/h6x_serial_interface_example', 'catkin_cmake_args': None, 'catkin_skip_building_tests': False, 'cmake_args': None, 'cmake_clean_cache': False, 'cmake_clean_first': False, 'cmake_force_configure': False, 'cmake_target': None, 'cmake_target_skip_unavailable': False, 'install_base': '/Users/yosuke/gits/cxd5602pwbimu_ros2_driver/ros2_ws/install/h6x_serial_interface_example', 'merge_install': False, 'path': '/Users/yosuke/gits/cxd5602pwbimu_ros2_driver/ros2_ws/src/h6x_serial_interface/h6x_serial_interface_example', 'symlink_install': False, 'test_result_base': None}
[0.112s] colcon.colcon_core.verb Level 5 set package 'imu_tools' build argument 'cmake_args' from command line to 'None'
[0.112s] colcon.colcon_core.verb Level 5 set package 'imu_tools' build argument 'cmake_target' from command line to 'None'
[0.112s] colcon.colcon_core.verb Level 5 set package 'imu_tools' build argument 'cmake_target_skip_unavailable' from command line to 'False'
[0.112s] colcon.colcon_core.verb Level 5 set package 'imu_tools' build argument 'cmake_clean_cache' from command line to 'False'
[0.112s] colcon.colcon_core.verb Level 5 set package 'imu_tools' build argument 'cmake_clean_first' from command line to 'False'
[0.112s] colcon.colcon_core.verb Level 5 set package 'imu_tools' build argument 'cmake_force_configure' from command line to 'False'
[0.112s] colcon.colcon_core.verb Level 5 set package 'imu_tools' build argument 'ament_cmake_args' from command line to 'None'
[0.112s] colcon.colcon_core.verb Level 5 set package 'imu_tools' build argument 'catkin_cmake_args' from command line to 'None'
[0.112s] colcon.colcon_core.verb Level 5 set package 'imu_tools' build argument 'catkin_skip_building_tests' from command line to 'False'
[0.112s] colcon.colcon_core.verb DEBUG Building package 'imu_tools' with the following arguments: {'ament_cmake_args': None, 'build_base': '/Users/yosuke/gits/cxd5602pwbimu_ros2_driver/ros2_ws/build/imu_tools', 'catkin_cmake_args': None, 'catkin_skip_building_tests': False, 'cmake_args': None, 'cmake_clean_cache': False, 'cmake_clean_first': False, 'cmake_force_configure': False, 'cmake_target': None, 'cmake_target_skip_unavailable': False, 'install_base': '/Users/yosuke/gits/cxd5602pwbimu_ros2_driver/ros2_ws/install/imu_tools', 'merge_install': False, 'path': '/Users/yosuke/gits/cxd5602pwbimu_ros2_driver/ros2_ws/src/imu_tools/imu_tools', 'symlink_install': False, 'test_result_base': None}
[0.112s] colcon.colcon_core.verb Level 5 set package 'cxd5602pwbimu_driver_bringup' build argument 'cmake_args' from command line to 'None'
[0.112s] colcon.colcon_core.verb Level 5 set package 'cxd5602pwbimu_driver_bringup' build argument 'cmake_target' from command line to 'None'
[0.112s] colcon.colcon_core.verb Level 5 set package 'cxd5602pwbimu_driver_bringup' build argument 'cmake_target_skip_unavailable' from command line to 'False'
[0.112s] colcon.colcon_core.verb Level 5 set package 'cxd5602pwbimu_driver_bringup' build argument 'cmake_clean_cache' from command line to 'False'
[0.112s] colcon.colcon_core.verb Level 5 set package 'cxd5602pwbimu_driver_bringup' build argument 'cmake_clean_first' from command line to 'False'
[0.112s] colcon.colcon_core.verb Level 5 set package 'cxd5602pwbimu_driver_bringup' build argument 'cmake_force_configure' from command line to 'False'
[0.112s] colcon.colcon_core.verb Level 5 set package 'cxd5602pwbimu_driver_bringup' build argument 'ament_cmake_args' from command line to 'None'
[0.112s] colcon.colcon_core.verb Level 5 set package 'cxd5602pwbimu_driver_bringup' build argument 'catkin_cmake_args' from command line to 'None'
[0.112s] colcon.colcon_core.verb Level 5 set package 'cxd5602pwbimu_driver_bringup' build argument 'catkin_skip_building_tests' from command line to 'False'
[0.112s] colcon.colcon_core.verb DEBUG Building package 'cxd5602pwbimu_driver_bringup' with the following arguments: {'ament_cmake_args': None, 'build_base': '/Users/yosuke/gits/cxd5602pwbimu_ros2_driver/ros2_ws/build/cxd5602pwbimu_driver_bringup', 'catkin_cmake_args': None, 'catkin_skip_building_tests': False, 'cmake_args': None, 'cmake_clean_cache': False, 'cmake_clean_first': False, 'cmake_force_configure': False, 'cmake_target': None, 'cmake_target_skip_unavailable': False, 'install_base': '/Users/yosuke/gits/cxd5602pwbimu_ros2_driver/ros2_ws/install/cxd5602pwbimu_driver_bringup', 'merge_install': False, 'path': '/Users/yosuke/gits/cxd5602pwbimu_ros2_driver/ros2_ws/src/cxd5602pwbimu_driver_bringup', 'symlink_install': False, 'test_result_base': None}
[0.112s] colcon.colcon_core.verb Level 5 set package 'cxd5602pwbimu_driver' build argument 'cmake_args' from command line to 'None'
[0.112s] colcon.colcon_core.verb Level 5 set package 'cxd5602pwbimu_driver' build argument 'cmake_target' from command line to 'None'
[0.112s] colcon.colcon_core.verb Level 5 set package 'cxd5602pwbimu_driver' build argument 'cmake_target_skip_unavailable' from command line to 'False'
[0.112s] colcon.colcon_core.verb Level 5 set package 'cxd5602pwbimu_driver' build argument 'cmake_clean_cache' from command line to 'False'
[0.112s] colcon.colcon_core.verb Level 5 set package 'cxd5602pwbimu_driver' build argument 'cmake_clean_first' from command line to 'False'
[0.112s] colcon.colcon_core.verb Level 5 set package 'cxd5602pwbimu_driver' build argument 'cmake_force_configure' from command line to 'False'
[0.112s] colcon.colcon_core.verb Level 5 set package 'cxd5602pwbimu_driver' build argument 'ament_cmake_args' from command line to 'None'
[0.112s] colcon.colcon_core.verb Level 5 set package 'cxd5602pwbimu_driver' build argument 'catkin_cmake_args' from command line to 'None'
[0.112s] colcon.colcon_core.verb Level 5 set package 'cxd5602pwbimu_driver' build argument 'catkin_skip_building_tests' from command line to 'False'
[0.112s] colcon.colcon_core.verb DEBUG Building package 'cxd5602pwbimu_driver' with the following arguments: {'ament_cmake_args': None, 'build_base': '/Users/yosuke/gits/cxd5602pwbimu_ros2_driver/ros2_ws/build/cxd5602pwbimu_driver', 'catkin_cmake_args': None, 'catkin_skip_building_tests': False, 'cmake_args': None, 'cmake_clean_cache': False, 'cmake_clean_first': False, 'cmake_force_configure': False, 'cmake_target': None, 'cmake_target_skip_unavailable': False, 'install_base': '/Users/yosuke/gits/cxd5602pwbimu_ros2_driver/ros2_ws/install/cxd5602pwbimu_driver', 'merge_install': False, 'path': '/Users/yosuke/gits/cxd5602pwbimu_ros2_driver/ros2_ws/src/cxd5602pwbimu_driver', 'symlink_install': False, 'test_result_base': None}
[0.112s] colcon.colcon_core.executor INFO Executing jobs using 'parallel' executor
[0.113s] colcon.colcon_parallel_executor.executor.parallel DEBUG run_until_complete
[0.113s] colcon.colcon_ros.task.ament_cmake.build INFO Building ROS package in '/Users/yosuke/gits/cxd5602pwbimu_ros2_driver/ros2_ws/src/h6x_serial_interface/h6x_serial_interface' with build type 'ament_cmake'
[0.113s] colcon.colcon_cmake.task.cmake.build INFO Building CMake package in '/Users/yosuke/gits/cxd5602pwbimu_ros2_driver/ros2_ws/src/h6x_serial_interface/h6x_serial_interface'
[0.114s] colcon.colcon_core.plugin_system INFO Skipping extension 'colcon_core.shell.bat': Not used on non-Windows systems
[0.114s] colcon.colcon_core.shell INFO Skip shell extension 'powershell' for command environment: Not usable outside of PowerShell
[0.114s] colcon.colcon_core.shell DEBUG Skip shell extension 'dsv' for command environment
[0.117s] colcon.colcon_ros.task.ament_cmake.build INFO Building ROS package in '/Users/yosuke/gits/cxd5602pwbimu_ros2_driver/ros2_ws/src/imu_tools/imu_filter_madgwick' with build type 'ament_cmake'
[0.117s] colcon.colcon_cmake.task.cmake.build INFO Building CMake package in '/Users/yosuke/gits/cxd5602pwbimu_ros2_driver/ros2_ws/src/imu_tools/imu_filter_madgwick'
[0.117s] colcon.colcon_core.shell INFO Skip shell extension 'powershell' for command environment: Not usable outside of PowerShell
[0.117s] colcon.colcon_core.shell DEBUG Skip shell extension 'dsv' for command environment
[0.119s] colcon.colcon_ros.task.ament_cmake.build INFO Building ROS package in '/Users/yosuke/gits/cxd5602pwbimu_ros2_driver/ros2_ws/src/imu_tools/imu_complementary_filter' with build type 'ament_cmake'
[0.119s] colcon.colcon_cmake.task.cmake.build INFO Building CMake package in '/Users/yosuke/gits/cxd5602pwbimu_ros2_driver/ros2_ws/src/imu_tools/imu_complementary_filter'
[0.119s] colcon.colcon_core.shell INFO Skip shell extension 'powershell' for command environment: Not usable outside of PowerShell
[0.119s] colcon.colcon_core.shell DEBUG Skip shell extension 'dsv' for command environment
[0.122s] colcon.colcon_ros.task.ament_cmake.build INFO Building ROS package in '/Users/yosuke/gits/cxd5602pwbimu_ros2_driver/ros2_ws/src/imu_tools/rviz_imu_plugin' with build type 'ament_cmake'
[0.122s] colcon.colcon_cmake.task.cmake.build INFO Building CMake package in '/Users/yosuke/gits/cxd5602pwbimu_ros2_driver/ros2_ws/src/imu_tools/rviz_imu_plugin'
[0.123s] colcon.colcon_core.shell INFO Skip shell extension 'powershell' for command environment: Not usable outside of PowerShell
[0.123s] colcon.colcon_core.shell DEBUG Skip shell extension 'dsv' for command environment
[0.126s] colcon.colcon_ros.task.ament_cmake.build INFO Building ROS package in '/Users/yosuke/gits/cxd5602pwbimu_ros2_driver/ros2_ws/src/h6x_serial_interface/h6x_packet_handler' with build type 'ament_cmake'
[0.126s] colcon.colcon_cmake.task.cmake.build INFO Building CMake package in '/Users/yosuke/gits/cxd5602pwbimu_ros2_driver/ros2_ws/src/h6x_serial_interface/h6x_packet_handler'
[0.127s] colcon.colcon_core.shell INFO Skip shell extension 'powershell' for command environment: Not usable outside of PowerShell
[0.127s] colcon.colcon_core.shell DEBUG Skip shell extension 'dsv' for command environment
[0.131s] colcon.colcon_ros.task.ament_cmake.build INFO Building ROS package in '/Users/yosuke/gits/cxd5602pwbimu_ros2_driver/ros2_ws/src/imu_trajectory_filter' with build type 'ament_cmake'
[0.131s] colcon.colcon_cmake.task.cmake.build INFO Building CMake package in '/Users/yosuke/gits/cxd5602pwbimu_ros2_driver/ros2_ws/src/imu_trajectory_filter'
[0.131s] colcon.colcon_core.shell INFO Skip shell extension 'powershell' for command environment: Not usable outside of PowerShell
[0.131s] colcon.colcon_core.shell DEBUG Skip shell extension 'dsv' for command environment
[0.138s] colcon.colcon_core.event_handler.log_command DEBUG Invoking command in '/Users/yosuke/gits/cxd5602pwbimu_ros2_driver/ros2_ws/build/h6x_serial_interface': CMAKE_PREFIX_PATH=${CMAKE_PREFIX_PATH}:/Users/yosuke/miniforge3/envs/ros_env CONDA_PROMPT_MODIFIER=(ros_env) SHLVL=3 _=/Users/yosuke/miniforge3/envs/ros_env/bin/env /Users/yosuke/miniforge3/envs/ros_env/bin/cmake --build /Users/yosuke/gits/cxd5602pwbimu_ros2_driver/ros2_ws/build/h6x_serial_interface -- -j10 -l10
[0.142s] colcon.colcon_core.event_handler.log_command DEBUG Invoking command in '/Users/yosuke/gits/cxd5602pwbimu_ros2_driver/ros2_ws/build/imu_filter_madgwick': CMAKE_PREFIX_PATH=${CMAKE_PREFIX_PATH}:/Users/yosuke/miniforge3/envs/ros_env CONDA_PROMPT_MODIFIER=(ros_env) SHLVL=3 _=/Users/yosuke/miniforge3/envs/ros_env/bin/env /Users/yosuke/miniforge3/envs/ros_env/bin/cmake --build /Users/yosuke/gits/cxd5602pwbimu_ros2_driver/ros2_ws/build/imu_filter_madgwick -- -j10 -l10
[0.147s] colcon.colcon_core.event_handler.log_command DEBUG Invoking command in '/Users/yosuke/gits/cxd5602pwbimu_ros2_driver/ros2_ws/build/imu_complementary_filter': CMAKE_PREFIX_PATH=${CMAKE_PREFIX_PATH}:/Users/yosuke/miniforge3/envs/ros_env CONDA_PROMPT_MODIFIER=(ros_env) SHLVL=3 _=/Users/yosuke/miniforge3/envs/ros_env/bin/env /Users/yosuke/miniforge3/envs/ros_env/bin/cmake --build /Users/yosuke/gits/cxd5602pwbimu_ros2_driver/ros2_ws/build/imu_complementary_filter -- -j10 -l10
[0.152s] colcon.colcon_core.event_handler.log_command DEBUG Invoking command in '/Users/yosuke/gits/cxd5602pwbimu_ros2_driver/ros2_ws/build/rviz_imu_plugin': CMAKE_PREFIX_PATH=${CMAKE_PREFIX_PATH}:/Users/yosuke/miniforge3/envs/ros_env CONDA_PROMPT_MODIFIER=(ros_env) SHLVL=3 _=/Users/yosuke/miniforge3/envs/ros_env/bin/env /Users/yosuke/miniforge3/envs/ros_env/bin/cmake --build /Users/yosuke/gits/cxd5602pwbimu_ros2_driver/ros2_ws/build/rviz_imu_plugin -- -j10 -l10
[0.159s] colcon.colcon_core.event_handler.log_command DEBUG Invoking command in '/Users/yosuke/gits/cxd5602pwbimu_ros2_driver/ros2_ws/build/h6x_packet_handler': CMAKE_PREFIX_PATH=${CMAKE_PREFIX_PATH}:/Users/yosuke/miniforge3/envs/ros_env CONDA_PROMPT_MODIFIER=(ros_env) SHLVL=3 _=/Users/yosuke/miniforge3/envs/ros_env/bin/env /Users/yosuke/miniforge3/envs/ros_env/bin/cmake --build /Users/yosuke/gits/cxd5602pwbimu_ros2_driver/ros2_ws/build/h6x_packet_handler -- -j10 -l10
[0.166s] colcon.colcon_core.event_handler.log_command DEBUG Invoking command in '/Users/yosuke/gits/cxd5602pwbimu_ros2_driver/ros2_ws/build/imu_trajectory_filter': CMAKE_PREFIX_PATH=${CMAKE_PREFIX_PATH}:/Users/yosuke/miniforge3/envs/ros_env CONDA_PROMPT_MODIFIER=(ros_env) SHLVL=3 _=/Users/yosuke/miniforge3/envs/ros_env/bin/env /Users/yosuke/miniforge3/envs/ros_env/bin/cmake --build /Users/yosuke/gits/cxd5602pwbimu_ros2_driver/ros2_ws/build/imu_trajectory_filter -- -j10 -l10
[0.402s] colcon.colcon_core.event_handler.log_command DEBUG Invoked command in '/Users/yosuke/gits/cxd5602pwbimu_ros2_driver/ros2_ws/build/imu_complementary_filter' returned '0': CMAKE_PREFIX_PATH=${CMAKE_PREFIX_PATH}:/Users/yosuke/miniforge3/envs/ros_env CONDA_PROMPT_MODIFIER=(ros_env) SHLVL=3 _=/Users/yosuke/miniforge3/envs/ros_env/bin/env /Users/yosuke/miniforge3/envs/ros_env/bin/cmake --build /Users/yosuke/gits/cxd5602pwbimu_ros2_driver/ros2_ws/build/imu_complementary_filter -- -j10 -l10
[0.406s] colcon.colcon_core.event_handler.log_command DEBUG Invoked command in '/Users/yosuke/gits/cxd5602pwbimu_ros2_driver/ros2_ws/build/imu_filter_madgwick' returned '0': CMAKE_PREFIX_PATH=${CMAKE_PREFIX_PATH}:/Users/yosuke/miniforge3/envs/ros_env CONDA_PROMPT_MODIFIER=(ros_env) SHLVL=3 _=/Users/yosuke/miniforge3/envs/ros_env/bin/env /Users/yosuke/miniforge3/envs/ros_env/bin/cmake --build /Users/yosuke/gits/cxd5602pwbimu_ros2_driver/ros2_ws/build/imu_filter_madgwick -- -j10 -l10
[0.423s] colcon.colcon_core.event_handler.log_command DEBUG Invoked command in '/Users/yosuke/gits/cxd5602pwbimu_ros2_driver/ros2_ws/build/imu_trajectory_filter' returned '0': CMAKE_PREFIX_PATH=${CMAKE_PREFIX_PATH}:/Users/yosuke/miniforge3/envs/ros_env CONDA_PROMPT_MODIFIER=(ros_env) SHLVL=3 _=/Users/yosuke/miniforge3/envs/ros_env/bin/env /Users/yosuke/miniforge3/envs/ros_env/bin/cmake --build /Users/yosuke/gits/cxd5602pwbimu_ros2_driver/ros2_ws/build/imu_trajectory_filter -- -j10 -l10
[0.425s] colcon.colcon_core.event_handler.log_command DEBUG Invoked command in '/Users/yosuke/gits/cxd5602pwbimu_ros2_driver/ros2_ws/build/h6x_packet_handler' returned '0': CMAKE_PREFIX_PATH=${CMAKE_PREFIX_PATH}:/Users/yosuke/miniforge3/envs/ros_env CONDA_PROMPT_MODIFIER=(ros_env) SHLVL=3 _=/Users/yosuke/miniforge3/envs/ros_env/bin/env /Users/yosuke/miniforge3/envs/ros_env/bin/cmake --build /Users/yosuke/gits/cxd5602pwbimu_ros2_driver/ros2_ws/build/h6x_packet_handler -- -j10 -l10
[0.577s] colcon.colcon_core.event_handler.log_command DEBUG Invoked command in '/Users/yosuke/gits/cxd5602pwbimu_ros2_driver/ros2_ws/build/rviz_imu_plugin' returned '0': CMAKE_PREFIX_PATH=${CMAKE_PREFIX_PATH}:/Users/yosuke/miniforge3/envs/ros_env CONDA_PROMPT_MODIFIER=(ros_env) SHLVL=3 _=/Users/yosuke/miniforge3/envs/ros_env/bin/env /Users/yosuke/miniforge3/envs/ros_env/bin/cmake --build /Users/yosuke/gits/cxd5602pwbimu_ros2_driver/ros2_ws/build/rviz_imu_plugin -- -j10 -l10
[0.666s] colcon.colcon_core.event_handler.log_command DEBUG Invoking command in '/Users/yosuke/gits/cxd5602pwbimu_ros2_driver/ros2_ws/build/imu_trajectory_filter': CMAKE_PREFIX_PATH=${CMAKE_PREFIX_PATH}:/Users/yosuke/miniforge3/envs/ros_env CONDA_PROMPT_MODIFIER=(ros_env) SHLVL=3 _=/Users/yosuke/miniforge3/envs/ros_env/bin/env /Users/yosuke/miniforge3/envs/ros_env/bin/cmake --install /Users/yosuke/gits/cxd5602pwbimu_ros2_driver/ros2_ws/build/imu_trajectory_filter
[0.670s] colcon.colcon_core.event_handler.log_command DEBUG Invoking command in '/Users/yosuke/gits/cxd5602pwbimu_ros2_driver/ros2_ws/build/imu_complementary_filter': CMAKE_PREFIX_PATH=${CMAKE_PREFIX_PATH}:/Users/yosuke/miniforge3/envs/ros_env CONDA_PROMPT_MODIFIER=(ros_env) SHLVL=3 _=/Users/yosuke/miniforge3/envs/ros_env/bin/env /Users/yosuke/miniforge3/envs/ros_env/bin/cmake --install /Users/yosuke/gits/cxd5602pwbimu_ros2_driver/ros2_ws/build/imu_complementary_filter
[0.689s] colcon.colcon_core.event_handler.log_command DEBUG Invoking command in '/Users/yosuke/gits/cxd5602pwbimu_ros2_driver/ros2_ws/build/imu_filter_madgwick': CMAKE_PREFIX_PATH=${CMAKE_PREFIX_PATH}:/Users/yosuke/miniforge3/envs/ros_env CONDA_PROMPT_MODIFIER=(ros_env) SHLVL=3 _=/Users/yosuke/miniforge3/envs/ros_env/bin/env /Users/yosuke/miniforge3/envs/ros_env/bin/cmake --install /Users/yosuke/gits/cxd5602pwbimu_ros2_driver/ros2_ws/build/imu_filter_madgwick
[0.713s] colcon.colcon_core.event_handler.log_command DEBUG Invoking command in '/Users/yosuke/gits/cxd5602pwbimu_ros2_driver/ros2_ws/build/h6x_packet_handler': CMAKE_PREFIX_PATH=${CMAKE_PREFIX_PATH}:/Users/yosuke/miniforge3/envs/ros_env CONDA_PROMPT_MODIFIER=(ros_env) SHLVL=3 _=/Users/yosuke/miniforge3/envs/ros_env/bin/env /Users/yosuke/miniforge3/envs/ros_env/bin/cmake --install /Users/yosuke/gits/cxd5602pwbimu_ros2_driver/ros2_ws/build/h6x_packet_handler
[0.728s] colcon.colcon_core.environment Level 1 create_environment_scripts_only(h6x_packet_handler)
[0.731s] colcon.colcon_core.event_handler.log_command DEBUG Invoked command in '/Users/yosuke/gits/cxd5602pwbimu_ros2_driver/ros2_ws/build/h6x_packet_handler' returned '0': CMAKE_PREFIX_PATH=${CMAKE_PREFIX_PATH}:/Users/yosuke/miniforge3/envs/ros_env CONDA_PROMPT_MODIFIER=(ros_env) SHLVL=3 _=/Users/yosuke/miniforge3/envs/ros_env/bin/env /Users/yosuke/miniforge3/envs/ros_env/bin/cmake --install /Users/yosuke/gits/cxd5602pwbimu_ros2_driver/ros2_ws/build/h6x_packet_handler
[0.733s] colcon.colcon_core.environment Level 1 checking '/Users/yosuke/gits/cxd5602pwbimu_ros2_driver/ros2_ws/install/h6x_packet_handler' for CMake module files
[0.734s] colcon.colcon_core.environment Level 1 checking '/Users/yosuke/gits/cxd5602pwbimu_ros2_driver/ros2_ws/install/h6x_packet_handler' for CMake config files
[0.734s] colcon.colcon_core.shell Level 1 create_environment_hook('h6x_packet_handler', 'cmake_prefix_path')
[0.735s] colcon.colcon_core.shell INFO Creating environment hook '/Users/yosuke/gits/cxd5602pwbimu_ros2_driver/ros2_ws/install/h6x_packet_handler/share/h6x_packet_handler/hook/cmake_prefix_path.ps1'
[0.735s] colcon.colcon_core.shell INFO Creating environment descriptor '/Users/yosuke/gits/cxd5602pwbimu_ros2_driver/ros2_ws/install/h6x_packet_handler/share/h6x_packet_handler/hook/cmake_prefix_path.dsv'
[0.736s] colcon.colcon_core.shell INFO Creating environment hook '/Users/yosuke/gits/cxd5602pwbimu_ros2_driver/ros2_ws/install/h6x_packet_handler/share/h6x_packet_handler/hook/cmake_prefix_path.sh'
[0.736s] colcon.colcon_core.environment Level 1 checking '/Users/yosuke/gits/cxd5602pwbimu_ros2_driver/ros2_ws/install/h6x_packet_handler/lib'
[0.736s] colcon.colcon_core.shell Level 1 create_environment_hook('h6x_packet_handler', 'dyld_library_path')
[0.736s] colcon.colcon_core.shell INFO Creating environment hook '/Users/yosuke/gits/cxd5602pwbimu_ros2_driver/ros2_ws/install/h6x_packet_handler/share/h6x_packet_handler/hook/dyld_library_path.ps1'
[0.737s] colcon.colcon_core.shell INFO Creating environment descriptor '/Users/yosuke/gits/cxd5602pwbimu_ros2_driver/ros2_ws/install/h6x_packet_handler/share/h6x_packet_handler/hook/dyld_library_path.dsv'
[0.737s] colcon.colcon_core.shell INFO Creating environment hook '/Users/yosuke/gits/cxd5602pwbimu_ros2_driver/ros2_ws/install/h6x_packet_handler/share/h6x_packet_handler/hook/dyld_library_path.sh'
[0.738s] colcon.colcon_core.environment Level 1 checking '/Users/yosuke/gits/cxd5602pwbimu_ros2_driver/ros2_ws/install/h6x_packet_handler/bin'
[0.738s] colcon.colcon_core.environment Level 1 checking '/Users/yosuke/gits/cxd5602pwbimu_ros2_driver/ros2_ws/install/h6x_packet_handler/lib/pkgconfig/h6x_packet_handler.pc'
[0.738s] colcon.colcon_core.environment Level 1 checking '/Users/yosuke/gits/cxd5602pwbimu_ros2_driver/ros2_ws/install/h6x_packet_handler/lib/python3.11/site-packages'
[0.738s] colcon.colcon_core.environment Level 1 checking '/Users/yosuke/gits/cxd5602pwbimu_ros2_driver/ros2_ws/install/h6x_packet_handler/bin'
[0.738s] colcon.colcon_core.shell INFO Creating package script '/Users/yosuke/gits/cxd5602pwbimu_ros2_driver/ros2_ws/install/h6x_packet_handler/share/h6x_packet_handler/package.ps1'
[0.738s] colcon.colcon_core.shell INFO Creating package descriptor '/Users/yosuke/gits/cxd5602pwbimu_ros2_driver/ros2_ws/install/h6x_packet_handler/share/h6x_packet_handler/package.dsv'
[0.738s] colcon.colcon_core.shell INFO Creating package script '/Users/yosuke/gits/cxd5602pwbimu_ros2_driver/ros2_ws/install/h6x_packet_handler/share/h6x_packet_handler/package.sh'
[0.739s] colcon.colcon_core.shell INFO Creating package script '/Users/yosuke/gits/cxd5602pwbimu_ros2_driver/ros2_ws/install/h6x_packet_handler/share/h6x_packet_handler/package.bash'
[0.739s] colcon.colcon_core.shell INFO Creating package script '/Users/yosuke/gits/cxd5602pwbimu_ros2_driver/ros2_ws/install/h6x_packet_handler/share/h6x_packet_handler/package.zsh'
[0.740s] colcon.colcon_core.environment Level 1 create_file_with_runtime_dependencies(/Users/yosuke/gits/cxd5602pwbimu_ros2_driver/ros2_ws/install/h6x_packet_handler/share/colcon-core/packages/h6x_packet_handler)
[0.765s] colcon.colcon_core.environment Level 1 create_environment_scripts_only(imu_trajectory_filter)
[0.765s] colcon.colcon_core.environment Level 1 checking '/Users/yosuke/gits/cxd5602pwbimu_ros2_driver/ros2_ws/install/imu_trajectory_filter' for CMake module files
[0.766s] colcon.colcon_core.event_handler.log_command DEBUG Invoked command in '/Users/yosuke/gits/cxd5602pwbimu_ros2_driver/ros2_ws/build/imu_trajectory_filter' returned '0': CMAKE_PREFIX_PATH=${CMAKE_PREFIX_PATH}:/Users/yosuke/miniforge3/envs/ros_env CONDA_PROMPT_MODIFIER=(ros_env) SHLVL=3 _=/Users/yosuke/miniforge3/envs/ros_env/bin/env /Users/yosuke/miniforge3/envs/ros_env/bin/cmake --install /Users/yosuke/gits/cxd5602pwbimu_ros2_driver/ros2_ws/build/imu_trajectory_filter
[0.766s] colcon.colcon_core.environment Level 1 checking '/Users/yosuke/gits/cxd5602pwbimu_ros2_driver/ros2_ws/install/imu_trajectory_filter' for CMake config files
[0.766s] colcon.colcon_core.shell Level 1 create_environment_hook('imu_trajectory_filter', 'cmake_prefix_path')
[0.766s] colcon.colcon_core.shell INFO Creating environment hook '/Users/yosuke/gits/cxd5602pwbimu_ros2_driver/ros2_ws/install/imu_trajectory_filter/share/imu_trajectory_filter/hook/cmake_prefix_path.ps1'
[0.767s] colcon.colcon_core.shell INFO Creating environment descriptor '/Users/yosuke/gits/cxd5602pwbimu_ros2_driver/ros2_ws/install/imu_trajectory_filter/share/imu_trajectory_filter/hook/cmake_prefix_path.dsv'
[0.767s] colcon.colcon_core.shell INFO Creating environment hook '/Users/yosuke/gits/cxd5602pwbimu_ros2_driver/ros2_ws/install/imu_trajectory_filter/share/imu_trajectory_filter/hook/cmake_prefix_path.sh'
[0.767s] colcon.colcon_core.environment Level 1 checking '/Users/yosuke/gits/cxd5602pwbimu_ros2_driver/ros2_ws/install/imu_trajectory_filter/lib'
[0.767s] colcon.colcon_core.shell Level 1 create_environment_hook('imu_trajectory_filter', 'dyld_library_path')
[0.767s] colcon.colcon_core.shell INFO Creating environment hook '/Users/yosuke/gits/cxd5602pwbimu_ros2_driver/ros2_ws/install/imu_trajectory_filter/share/imu_trajectory_filter/hook/dyld_library_path.ps1'
[0.767s] colcon.colcon_core.shell INFO Creating environment descriptor '/Users/yosuke/gits/cxd5602pwbimu_ros2_driver/ros2_ws/install/imu_trajectory_filter/share/imu_trajectory_filter/hook/dyld_library_path.dsv'
[0.767s] colcon.colcon_core.shell INFO Creating environment hook '/Users/yosuke/gits/cxd5602pwbimu_ros2_driver/ros2_ws/install/imu_trajectory_filter/share/imu_trajectory_filter/hook/dyld_library_path.sh'
[0.768s] colcon.colcon_core.environment Level 1 checking '/Users/yosuke/gits/cxd5602pwbimu_ros2_driver/ros2_ws/install/imu_trajectory_filter/bin'
[0.768s] colcon.colcon_core.environment Level 1 checking '/Users/yosuke/gits/cxd5602pwbimu_ros2_driver/ros2_ws/install/imu_trajectory_filter/lib/pkgconfig/imu_trajectory_filter.pc'
[0.768s] colcon.colcon_core.environment Level 1 checking '/Users/yosuke/gits/cxd5602pwbimu_ros2_driver/ros2_ws/install/imu_trajectory_filter/lib/python3.11/site-packages'
[0.768s] colcon.colcon_core.environment Level 1 checking '/Users/yosuke/gits/cxd5602pwbimu_ros2_driver/ros2_ws/install/imu_trajectory_filter/bin'
[0.768s] colcon.colcon_core.shell INFO Creating package script '/Users/yosuke/gits/cxd5602pwbimu_ros2_driver/ros2_ws/install/imu_trajectory_filter/share/imu_trajectory_filter/package.ps1'
[0.768s] colcon.colcon_core.shell INFO Creating package descriptor '/Users/yosuke/gits/cxd5602pwbimu_ros2_driver/ros2_ws/install/imu_trajectory_filter/share/imu_trajectory_filter/package.dsv'
[0.768s] colcon.colcon_core.shell INFO Creating package script '/Users/yosuke/gits/cxd5602pwbimu_ros2_driver/ros2_ws/install/imu_trajectory_filter/share/imu_trajectory_filter/package.sh'
[0.769s] colcon.colcon_core.shell INFO Creating package script '/Users/yosuke/gits/cxd5602pwbimu_ros2_driver/ros2_ws/install/imu_trajectory_filter/share/imu_trajectory_filter/package.bash'
[0.769s] colcon.colcon_core.shell INFO Creating package script '/Users/yosuke/gits/cxd5602pwbimu_ros2_driver/ros2_ws/install/imu_trajectory_filter/share/imu_trajectory_filter/package.zsh'
[0.769s] colcon.colcon_core.environment Level 1 create_file_with_runtime_dependencies(/Users/yosuke/gits/cxd5602pwbimu_ros2_driver/ros2_ws/install/imu_trajectory_filter/share/colcon-core/packages/imu_trajectory_filter)
[0.782s] colcon.colcon_core.environment Level 1 create_environment_scripts_only(imu_complementary_filter)
[0.782s] colcon.colcon_core.environment Level 1 checking '/Users/yosuke/gits/cxd5602pwbimu_ros2_driver/ros2_ws/install/imu_complementary_filter' for CMake module files
[0.783s] colcon.colcon_core.event_handler.log_command DEBUG Invoked command in '/Users/yosuke/gits/cxd5602pwbimu_ros2_driver/ros2_ws/build/imu_complementary_filter' returned '0': CMAKE_PREFIX_PATH=${CMAKE_PREFIX_PATH}:/Users/yosuke/miniforge3/envs/ros_env CONDA_PROMPT_MODIFIER=(ros_env) SHLVL=3 _=/Users/yosuke/miniforge3/envs/ros_env/bin/env /Users/yosuke/miniforge3/envs/ros_env/bin/cmake --install /Users/yosuke/gits/cxd5602pwbimu_ros2_driver/ros2_ws/build/imu_complementary_filter
[0.783s] colcon.colcon_core.environment Level 1 checking '/Users/yosuke/gits/cxd5602pwbimu_ros2_driver/ros2_ws/install/imu_complementary_filter' for CMake config files
[0.784s] colcon.colcon_core.shell Level 1 create_environment_hook('imu_complementary_filter', 'cmake_prefix_path')
[0.784s] colcon.colcon_core.shell INFO Creating environment hook '/Users/yosuke/gits/cxd5602pwbimu_ros2_driver/ros2_ws/install/imu_complementary_filter/share/imu_complementary_filter/hook/cmake_prefix_path.ps1'
[0.785s] colcon.colcon_core.shell INFO Creating environment descriptor '/Users/yosuke/gits/cxd5602pwbimu_ros2_driver/ros2_ws/install/imu_complementary_filter/share/imu_complementary_filter/hook/cmake_prefix_path.dsv'
[0.785s] colcon.colcon_core.shell INFO Creating environment hook '/Users/yosuke/gits/cxd5602pwbimu_ros2_driver/ros2_ws/install/imu_complementary_filter/share/imu_complementary_filter/hook/cmake_prefix_path.sh'
[0.786s] colcon.colcon_core.environment Level 1 checking '/Users/yosuke/gits/cxd5602pwbimu_ros2_driver/ros2_ws/install/imu_complementary_filter/lib'
[0.786s] colcon.colcon_core.shell Level 1 create_environment_hook('imu_complementary_filter', 'dyld_library_path')
[0.786s] colcon.colcon_core.shell INFO Creating environment hook '/Users/yosuke/gits/cxd5602pwbimu_ros2_driver/ros2_ws/install/imu_complementary_filter/share/imu_complementary_filter/hook/dyld_library_path.ps1'
[0.786s] colcon.colcon_core.shell INFO Creating environment descriptor '/Users/yosuke/gits/cxd5602pwbimu_ros2_driver/ros2_ws/install/imu_complementary_filter/share/imu_complementary_filter/hook/dyld_library_path.dsv'
[0.787s] colcon.colcon_core.shell INFO Creating environment hook '/Users/yosuke/gits/cxd5602pwbimu_ros2_driver/ros2_ws/install/imu_complementary_filter/share/imu_complementary_filter/hook/dyld_library_path.sh'
[0.787s] colcon.colcon_core.environment Level 1 checking '/Users/yosuke/gits/cxd5602pwbimu_ros2_driver/ros2_ws/install/imu_complementary_filter/bin'
[0.787s] colcon.colcon_core.environment Level 1 checking '/Users/yosuke/gits/cxd5602pwbimu_ros2_driver/ros2_ws/install/imu_complementary_filter/lib/pkgconfig/imu_complementary_filter.pc'
[0.788s] colcon.colcon_core.environment Level 1 checking '/Users/yosuke/gits/cxd5602pwbimu_ros2_driver/ros2_ws/install/imu_complementary_filter/lib/python3.11/site-packages'
[0.788s] colcon.colcon_core.environment Level 1 checking '/Users/yosuke/gits/cxd5602pwbimu_ros2_driver/ros2_ws/install/imu_complementary_filter/bin'
[0.788s] colcon.colcon_core.shell INFO Creating package script '/Users/yosuke/gits/cxd5602pwbimu_ros2_driver/ros2_ws/install/imu_complementary_filter/share/imu_complementary_filter/package.ps1'
[0.789s] colcon.colcon_core.shell INFO Creating package descriptor '/Users/yosuke/gits/cxd5602pwbimu_ros2_driver/ros2_ws/install/imu_complementary_filter/share/imu_complementary_filter/package.dsv'
[0.789s] colcon.colcon_core.shell INFO Creating package script '/Users/yosuke/gits/cxd5602pwbimu_ros2_driver/ros2_ws/install/imu_complementary_filter/share/imu_complementary_filter/package.sh'
[0.790s] colcon.colcon_core.shell INFO Creating package script '/Users/yosuke/gits/cxd5602pwbimu_ros2_driver/ros2_ws/install/imu_complementary_filter/share/imu_complementary_filter/package.bash'
[0.790s] colcon.colcon_core.shell INFO Creating package script '/Users/yosuke/gits/cxd5602pwbimu_ros2_driver/ros2_ws/install/imu_complementary_filter/share/imu_complementary_filter/package.zsh'
[0.791s] colcon.colcon_core.environment Level 1 create_file_with_runtime_dependencies(/Users/yosuke/gits/cxd5602pwbimu_ros2_driver/ros2_ws/install/imu_complementary_filter/share/colcon-core/packages/imu_complementary_filter)
[0.816s] colcon.colcon_core.environment Level 1 create_environment_scripts_only(imu_filter_madgwick)
[0.816s] colcon.colcon_core.environment Level 1 checking '/Users/yosuke/gits/cxd5602pwbimu_ros2_driver/ros2_ws/install/imu_filter_madgwick' for CMake module files
[0.817s] colcon.colcon_core.event_handler.log_command DEBUG Invoked command in '/Users/yosuke/gits/cxd5602pwbimu_ros2_driver/ros2_ws/build/imu_filter_madgwick' returned '0': CMAKE_PREFIX_PATH=${CMAKE_PREFIX_PATH}:/Users/yosuke/miniforge3/envs/ros_env CONDA_PROMPT_MODIFIER=(ros_env) SHLVL=3 _=/Users/yosuke/miniforge3/envs/ros_env/bin/env /Users/yosuke/miniforge3/envs/ros_env/bin/cmake --install /Users/yosuke/gits/cxd5602pwbimu_ros2_driver/ros2_ws/build/imu_filter_madgwick
[0.818s] colcon.colcon_core.environment Level 1 checking '/Users/yosuke/gits/cxd5602pwbimu_ros2_driver/ros2_ws/install/imu_filter_madgwick' for CMake config files
[0.818s] colcon.colcon_core.shell Level 1 create_environment_hook('imu_filter_madgwick', 'cmake_prefix_path')
[0.818s] colcon.colcon_core.shell INFO Creating environment hook '/Users/yosuke/gits/cxd5602pwbimu_ros2_driver/ros2_ws/install/imu_filter_madgwick/share/imu_filter_madgwick/hook/cmake_prefix_path.ps1'
[0.819s] colcon.colcon_core.shell INFO Creating environment descriptor '/Users/yosuke/gits/cxd5602pwbimu_ros2_driver/ros2_ws/install/imu_filter_madgwick/share/imu_filter_madgwick/hook/cmake_prefix_path.dsv'
[0.819s] colcon.colcon_core.shell INFO Creating environment hook '/Users/yosuke/gits/cxd5602pwbimu_ros2_driver/ros2_ws/install/imu_filter_madgwick/share/imu_filter_madgwick/hook/cmake_prefix_path.sh'
[0.820s] colcon.colcon_core.environment Level 1 checking '/Users/yosuke/gits/cxd5602pwbimu_ros2_driver/ros2_ws/install/imu_filter_madgwick/lib'
[0.820s] colcon.colcon_core.shell Level 1 create_environment_hook('imu_filter_madgwick', 'dyld_library_path')
[0.820s] colcon.colcon_core.shell INFO Creating environment hook '/Users/yosuke/gits/cxd5602pwbimu_ros2_driver/ros2_ws/install/imu_filter_madgwick/share/imu_filter_madgwick/hook/dyld_library_path.ps1'
[0.820s] colcon.colcon_core.shell INFO Creating environment descriptor '/Users/yosuke/gits/cxd5602pwbimu_ros2_driver/ros2_ws/install/imu_filter_madgwick/share/imu_filter_madgwick/hook/dyld_library_path.dsv'
[0.821s] colcon.colcon_core.shell INFO Creating environment hook '/Users/yosuke/gits/cxd5602pwbimu_ros2_driver/ros2_ws/install/imu_filter_madgwick/share/imu_filter_madgwick/hook/dyld_library_path.sh'
[0.821s] colcon.colcon_core.environment Level 1 checking '/Users/yosuke/gits/cxd5602pwbimu_ros2_driver/ros2_ws/install/imu_filter_madgwick/bin'
[0.821s] colcon.colcon_core.environment Level 1 checking '/Users/yosuke/gits/cxd5602pwbimu_ros2_driver/ros2_ws/install/imu_filter_madgwick/lib/pkgconfig/imu_filter_madgwick.pc'
[0.821s] colcon.colcon_core.environment Level 1 checking '/Users/yosuke/gits/cxd5602pwbimu_ros2_driver/ros2_ws/install/imu_filter_madgwick/lib/python3.11/site-packages'
[0.822s] colcon.colcon_core.environment Level 1 checking '/Users/yosuke/gits/cxd5602pwbimu_ros2_driver/ros2_ws/install/imu_filter_madgwick/bin'
[0.822s] colcon.colcon_core.shell INFO Creating package script '/Users/yosuke/gits/cxd5602pwbimu_ros2_driver/ros2_ws/install/imu_filter_madgwick/share/imu_filter_madgwick/package.ps1'
[0.822s] colcon.colcon_core.shell INFO Creating package descriptor '/Users/yosuke/gits/cxd5602pwbimu_ros2_driver/ros2_ws/install/imu_filter_madgwick/share/imu_filter_madgwick/package.dsv'
[0.822s] colcon.colcon_core.shell INFO Creating package script '/Users/yosuke/gits/cxd5602pwbimu_ros2_driver/ros2_ws/install/imu_filter_madgwick/share/imu_filter_madgwick/package.sh'
[0.822s] colcon.colcon_core.shell INFO Creating package script '/Users/yosuke/gits/cxd5602pwbimu_ros2_driver/ros2_ws/install/imu_filter_madgwick/share/imu_filter_madgwick/package.bash'
[0.822s] colcon.colcon_core.shell INFO Creating package script '/Users/yosuke/gits/cxd5602pwbimu_ros2_driver/ros2_ws/install/imu_filter_madgwick/share/imu_filter_madgwick/package.zsh'
[0.823s] colcon.colcon_core.environment Level 1 create_file_with_runtime_dependencies(/Users/yosuke/gits/cxd5602pwbimu_ros2_driver/ros2_ws/install/imu_filter_madgwick/share/colcon-core/packages/imu_filter_madgwick)
[0.906s] colcon.colcon_core.event_handler.log_command DEBUG Invoking command in '/Users/yosuke/gits/cxd5602pwbimu_ros2_driver/ros2_ws/build/rviz_imu_plugin': CMAKE_PREFIX_PATH=${CMAKE_PREFIX_PATH}:/Users/yosuke/miniforge3/envs/ros_env CONDA_PROMPT_MODIFIER=(ros_env) SHLVL=3 _=/Users/yosuke/miniforge3/envs/ros_env/bin/env /Users/yosuke/miniforge3/envs/ros_env/bin/cmake --install /Users/yosuke/gits/cxd5602pwbimu_ros2_driver/ros2_ws/build/rviz_imu_plugin
[0.971s] colcon.colcon_core.environment Level 1 create_environment_scripts_only(imu_trajectory_filter)
[0.971s] colcon.colcon_core.environment Level 1 checking '/Users/yosuke/gits/cxd5602pwbimu_ros2_driver/ros2_ws/install/imu_trajectory_filter' for CMake module files
[0.971s] colcon.colcon_core.environment Level 1 checking '/Users/yosuke/gits/cxd5602pwbimu_ros2_driver/ros2_ws/install/imu_trajectory_filter' for CMake config files
[0.971s] colcon.colcon_core.shell Level 1 create_environment_hook('imu_trajectory_filter', 'cmake_prefix_path')
[0.971s] colcon.colcon_core.shell INFO Creating environment hook '/Users/yosuke/gits/cxd5602pwbimu_ros2_driver/ros2_ws/install/imu_trajectory_filter/share/imu_trajectory_filter/hook/cmake_prefix_path.ps1'
[0.972s] colcon.colcon_core.shell INFO Creating environment descriptor '/Users/yosuke/gits/cxd5602pwbimu_ros2_driver/ros2_ws/install/imu_trajectory_filter/share/imu_trajectory_filter/hook/cmake_prefix_path.dsv'
[0.972s] colcon.colcon_core.shell INFO Creating environment hook '/Users/yosuke/gits/cxd5602pwbimu_ros2_driver/ros2_ws/install/imu_trajectory_filter/share/imu_trajectory_filter/hook/cmake_prefix_path.sh'
[0.972s] colcon.colcon_core.environment Level 1 checking '/Users/yosuke/gits/cxd5602pwbimu_ros2_driver/ros2_ws/install/imu_trajectory_filter/lib'
[0.972s] colcon.colcon_core.shell Level 1 create_environment_hook('imu_trajectory_filter', 'dyld_library_path')
[0.972s] colcon.colcon_core.shell INFO Creating environment hook '/Users/yosuke/gits/cxd5602pwbimu_ros2_driver/ros2_ws/install/imu_trajectory_filter/share/imu_trajectory_filter/hook/dyld_library_path.ps1'
[0.972s] colcon.colcon_core.shell INFO Creating environment descriptor '/Users/yosuke/gits/cxd5602pwbimu_ros2_driver/ros2_ws/install/imu_trajectory_filter/share/imu_trajectory_filter/hook/dyld_library_path.dsv'
[0.972s] colcon.colcon_core.shell INFO Creating environment hook '/Users/yosuke/gits/cxd5602pwbimu_ros2_driver/ros2_ws/install/imu_trajectory_filter/share/imu_trajectory_filter/hook/dyld_library_path.sh'
[0.973s] colcon.colcon_core.environment Level 1 checking '/Users/yosuke/gits/cxd5602pwbimu_ros2_driver/ros2_ws/install/imu_trajectory_filter/bin'
[0.973s] colcon.colcon_core.environment Level 1 checking '/Users/yosuke/gits/cxd5602pwbimu_ros2_driver/ros2_ws/install/imu_trajectory_filter/lib/pkgconfig/imu_trajectory_filter.pc'
[0.973s] colcon.colcon_core.environment Level 1 checking '/Users/yosuke/gits/cxd5602pwbimu_ros2_driver/ros2_ws/install/imu_trajectory_filter/lib/python3.11/site-packages'
[0.973s] colcon.colcon_core.environment Level 1 checking '/Users/yosuke/gits/cxd5602pwbimu_ros2_driver/ros2_ws/install/imu_trajectory_filter/bin'
[0.973s] colcon.colcon_core.shell INFO Creating package script '/Users/yosuke/gits/cxd5602pwbimu_ros2_driver/ros2_ws/install/imu_trajectory_filter/share/imu_trajectory_filter/package.ps1'
[0.973s] colcon.colcon_core.shell INFO Creating package descriptor '/Users/yosuke/gits/cxd5602pwbimu_ros2_driver/ros2_ws/install/imu_trajectory_filter/share/imu_trajectory_filter/package.dsv'
[0.974s] colcon.colcon_core.shell INFO Creating package script '/Users/yosuke/gits/cxd5602pwbimu_ros2_driver/ros2_ws/install/imu_trajectory_filter/share/imu_trajectory_filter/package.sh'
[0.975s] colcon.colcon_core.shell INFO Creating package script '/Users/yosuke/gits/cxd5602pwbimu_ros2_driver/ros2_ws/install/imu_trajectory_filter/share/imu_trajectory_filter/package.bash'
[0.975s] colcon.colcon_core.shell INFO Creating package script '/Users/yosuke/gits/cxd5602pwbimu_ros2_driver/ros2_ws/install/imu_trajectory_filter/share/imu_trajectory_filter/package.zsh'
[0.976s] colcon.colcon_core.environment Level 1 create_file_with_runtime_dependencies(/Users/yosuke/gits/cxd5602pwbimu_ros2_driver/ros2_ws/install/imu_trajectory_filter/share/colcon-core/packages/imu_trajectory_filter)
[0.984s] colcon.colcon_core.environment Level 1 create_environment_scripts_only(rviz_imu_plugin)
[0.984s] colcon.colcon_core.environment Level 1 checking '/Users/yosuke/gits/cxd5602pwbimu_ros2_driver/ros2_ws/install/rviz_imu_plugin' for CMake module files
[0.984s] colcon.colcon_core.event_handler.log_command DEBUG Invoked command in '/Users/yosuke/gits/cxd5602pwbimu_ros2_driver/ros2_ws/build/rviz_imu_plugin' returned '0': CMAKE_PREFIX_PATH=${CMAKE_PREFIX_PATH}:/Users/yosuke/miniforge3/envs/ros_env CONDA_PROMPT_MODIFIER=(ros_env) SHLVL=3 _=/Users/yosuke/miniforge3/envs/ros_env/bin/env /Users/yosuke/miniforge3/envs/ros_env/bin/cmake --install /Users/yosuke/gits/cxd5602pwbimu_ros2_driver/ros2_ws/build/rviz_imu_plugin
[0.985s] colcon.colcon_core.environment Level 1 checking '/Users/yosuke/gits/cxd5602pwbimu_ros2_driver/ros2_ws/install/rviz_imu_plugin' for CMake config files
[0.985s] colcon.colcon_core.shell Level 1 create_environment_hook('rviz_imu_plugin', 'cmake_prefix_path')
[0.985s] colcon.colcon_core.shell INFO Creating environment hook '/Users/yosuke/gits/cxd5602pwbimu_ros2_driver/ros2_ws/install/rviz_imu_plugin/share/rviz_imu_plugin/hook/cmake_prefix_path.ps1'
[0.986s] colcon.colcon_core.shell INFO Creating environment descriptor '/Users/yosuke/gits/cxd5602pwbimu_ros2_driver/ros2_ws/install/rviz_imu_plugin/share/rviz_imu_plugin/hook/cmake_prefix_path.dsv'
[0.986s] colcon.colcon_core.shell INFO Creating environment hook '/Users/yosuke/gits/cxd5602pwbimu_ros2_driver/ros2_ws/install/rviz_imu_plugin/share/rviz_imu_plugin/hook/cmake_prefix_path.sh'
[0.987s] colcon.colcon_core.environment Level 1 checking '/Users/yosuke/gits/cxd5602pwbimu_ros2_driver/ros2_ws/install/rviz_imu_plugin/lib'
[0.987s] colcon.colcon_core.shell Level 1 create_environment_hook('rviz_imu_plugin', 'dyld_library_path')
[0.987s] colcon.colcon_core.shell INFO Creating environment hook '/Users/yosuke/gits/cxd5602pwbimu_ros2_driver/ros2_ws/install/rviz_imu_plugin/share/rviz_imu_plugin/hook/dyld_library_path.ps1'
[0.987s] colcon.colcon_core.shell INFO Creating environment descriptor '/Users/yosuke/gits/cxd5602pwbimu_ros2_driver/ros2_ws/install/rviz_imu_plugin/share/rviz_imu_plugin/hook/dyld_library_path.dsv'
[0.987s] colcon.colcon_core.shell INFO Creating environment hook '/Users/yosuke/gits/cxd5602pwbimu_ros2_driver/ros2_ws/install/rviz_imu_plugin/share/rviz_imu_plugin/hook/dyld_library_path.sh'
[0.987s] colcon.colcon_core.environment Level 1 checking '/Users/yosuke/gits/cxd5602pwbimu_ros2_driver/ros2_ws/install/rviz_imu_plugin/bin'
[0.987s] colcon.colcon_core.environment Level 1 checking '/Users/yosuke/gits/cxd5602pwbimu_ros2_driver/ros2_ws/install/rviz_imu_plugin/lib/pkgconfig/rviz_imu_plugin.pc'
[0.987s] colcon.colcon_core.environment Level 1 checking '/Users/yosuke/gits/cxd5602pwbimu_ros2_driver/ros2_ws/install/rviz_imu_plugin/lib/python3.11/site-packages'
[0.988s] colcon.colcon_core.environment Level 1 checking '/Users/yosuke/gits/cxd5602pwbimu_ros2_driver/ros2_ws/install/rviz_imu_plugin/bin'
[0.988s] colcon.colcon_core.shell INFO Creating package script '/Users/yosuke/gits/cxd5602pwbimu_ros2_driver/ros2_ws/install/rviz_imu_plugin/share/rviz_imu_plugin/package.ps1'
[0.988s] colcon.colcon_core.shell INFO Creating package descriptor '/Users/yosuke/gits/cxd5602pwbimu_ros2_driver/ros2_ws/install/rviz_imu_plugin/share/rviz_imu_plugin/package.dsv'
[0.988s] colcon.colcon_core.shell INFO Creating package script '/Users/yosuke/gits/cxd5602pwbimu_ros2_driver/ros2_ws/install/rviz_imu_plugin/share/rviz_imu_plugin/package.sh'
[0.989s] colcon.colcon_core.shell INFO Creating package script '/Users/yosuke/gits/cxd5602pwbimu_ros2_driver/ros2_ws/install/rviz_imu_plugin/share/rviz_imu_plugin/package.bash'
[0.989s] colcon.colcon_core.shell INFO Creating package script '/Users/yosuke/gits/cxd5602pwbimu_ros2_driver/ros2_ws/install/rviz_imu_plugin/share/rviz_imu_plugin/package.zsh'
[0.989s] colcon.colcon_core.environment Level 1 create_file_with_runtime_dependencies(/Users/yosuke/gits/cxd5602pwbimu_ros2_driver/ros2_ws/install/rviz_imu_plugin/share/colcon-core/packages/rviz_imu_plugin)
[1.014s] colcon.colcon_core.environment Level 1 create_environment_scripts_only(imu_complementary_filter)
[1.014s] colcon.colcon_core.environment Level 1 checking '/Users/yosuke/gits/cxd5602pwbimu_ros2_driver/ros2_ws/install/imu_complementary_filter' for CMake module files
[1.015s] colcon.colcon_core.environment Level 1 checking '/Users/yosuke/gits/cxd5602pwbimu_ros2_driver/ros2_ws/install/imu_complementary_filter' for CMake config files
[1.015s] colcon.colcon_core.shell Level 1 create_environment_hook('imu_complementary_filter', 'cmake_prefix_path')
[1.015s] colcon.colcon_core.shell INFO Creating environment hook '/Users/yosuke/gits/cxd5602pwbimu_ros2_driver/ros2_ws/install/imu_complementary_filter/share/imu_complementary_filter/hook/cmake_prefix_path.ps1'
[1.015s] colcon.colcon_core.shell INFO Creating environment descriptor '/Users/yosuke/gits/cxd5602pwbimu_ros2_driver/ros2_ws/install/imu_complementary_filter/share/imu_complementary_filter/hook/cmake_prefix_path.dsv'
[1.016s] colcon.colcon_core.shell INFO Creating environment hook '/Users/yosuke/gits/cxd5602pwbimu_ros2_driver/ros2_ws/install/imu_complementary_filter/share/imu_complementary_filter/hook/cmake_prefix_path.sh'
[1.016s] colcon.colcon_core.environment Level 1 checking '/Users/yosuke/gits/cxd5602pwbimu_ros2_driver/ros2_ws/install/imu_complementary_filter/lib'
[1.016s] colcon.colcon_core.shell Level 1 create_environment_hook('imu_complementary_filter', 'dyld_library_path')
[1.016s] colcon.colcon_core.shell INFO Creating environment hook '/Users/yosuke/gits/cxd5602pwbimu_ros2_driver/ros2_ws/install/imu_complementary_filter/share/imu_complementary_filter/hook/dyld_library_path.ps1'
[1.016s] colcon.colcon_core.shell INFO Creating environment descriptor '/Users/yosuke/gits/cxd5602pwbimu_ros2_driver/ros2_ws/install/imu_complementary_filter/share/imu_complementary_filter/hook/dyld_library_path.dsv'
[1.016s] colcon.colcon_core.shell INFO Creating environment hook '/Users/yosuke/gits/cxd5602pwbimu_ros2_driver/ros2_ws/install/imu_complementary_filter/share/imu_complementary_filter/hook/dyld_library_path.sh'
[1.016s] colcon.colcon_core.environment Level 1 checking '/Users/yosuke/gits/cxd5602pwbimu_ros2_driver/ros2_ws/install/imu_complementary_filter/bin'
[1.016s] colcon.colcon_core.environment Level 1 checking '/Users/yosuke/gits/cxd5602pwbimu_ros2_driver/ros2_ws/install/imu_complementary_filter/lib/pkgconfig/imu_complementary_filter.pc'
[1.017s] colcon.colcon_core.environment Level 1 checking '/Users/yosuke/gits/cxd5602pwbimu_ros2_driver/ros2_ws/install/imu_complementary_filter/lib/python3.11/site-packages'
[1.017s] colcon.colcon_core.environment Level 1 checking '/Users/yosuke/gits/cxd5602pwbimu_ros2_driver/ros2_ws/install/imu_complementary_filter/bin'
[1.017s] colcon.colcon_core.shell INFO Creating package script '/Users/yosuke/gits/cxd5602pwbimu_ros2_driver/ros2_ws/install/imu_complementary_filter/share/imu_complementary_filter/package.ps1'
[1.017s] colcon.colcon_core.shell INFO Creating package descriptor '/Users/yosuke/gits/cxd5602pwbimu_ros2_driver/ros2_ws/install/imu_complementary_filter/share/imu_complementary_filter/package.dsv'
[1.017s] colcon.colcon_core.shell INFO Creating package script '/Users/yosuke/gits/cxd5602pwbimu_ros2_driver/ros2_ws/install/imu_complementary_filter/share/imu_complementary_filter/package.sh'
[1.017s] colcon.colcon_core.shell INFO Creating package script '/Users/yosuke/gits/cxd5602pwbimu_ros2_driver/ros2_ws/install/imu_complementary_filter/share/imu_complementary_filter/package.bash'
[1.017s] colcon.colcon_core.shell INFO Creating package script '/Users/yosuke/gits/cxd5602pwbimu_ros2_driver/ros2_ws/install/imu_complementary_filter/share/imu_complementary_filter/package.zsh'
[1.018s] colcon.colcon_core.environment Level 1 create_file_with_runtime_dependencies(/Users/yosuke/gits/cxd5602pwbimu_ros2_driver/ros2_ws/install/imu_complementary_filter/share/colcon-core/packages/imu_complementary_filter)
[1.025s] colcon.colcon_core.environment Level 1 create_environment_scripts_only(h6x_packet_handler)
[1.025s] colcon.colcon_core.environment Level 1 checking '/Users/yosuke/gits/cxd5602pwbimu_ros2_driver/ros2_ws/install/h6x_packet_handler' for CMake module files
[1.025s] colcon.colcon_core.environment Level 1 checking '/Users/yosuke/gits/cxd5602pwbimu_ros2_driver/ros2_ws/install/h6x_packet_handler' for CMake config files
[1.026s] colcon.colcon_core.shell Level 1 create_environment_hook('h6x_packet_handler', 'cmake_prefix_path')
[1.026s] colcon.colcon_core.shell INFO Creating environment hook '/Users/yosuke/gits/cxd5602pwbimu_ros2_driver/ros2_ws/install/h6x_packet_handler/share/h6x_packet_handler/hook/cmake_prefix_path.ps1'
[1.026s] colcon.colcon_core.shell INFO Creating environment descriptor '/Users/yosuke/gits/cxd5602pwbimu_ros2_driver/ros2_ws/install/h6x_packet_handler/share/h6x_packet_handler/hook/cmake_prefix_path.dsv'
[1.027s] colcon.colcon_core.shell INFO Creating environment hook '/Users/yosuke/gits/cxd5602pwbimu_ros2_driver/ros2_ws/install/h6x_packet_handler/share/h6x_packet_handler/hook/cmake_prefix_path.sh'
[1.027s] colcon.colcon_core.environment Level 1 checking '/Users/yosuke/gits/cxd5602pwbimu_ros2_driver/ros2_ws/install/h6x_packet_handler/lib'
[1.027s] colcon.colcon_core.shell Level 1 create_environment_hook('h6x_packet_handler', 'dyld_library_path')
[1.027s] colcon.colcon_core.shell INFO Creating environment hook '/Users/yosuke/gits/cxd5602pwbimu_ros2_driver/ros2_ws/install/h6x_packet_handler/share/h6x_packet_handler/hook/dyld_library_path.ps1'
[1.027s] colcon.colcon_core.shell INFO Creating environment descriptor '/Users/yosuke/gits/cxd5602pwbimu_ros2_driver/ros2_ws/install/h6x_packet_handler/share/h6x_packet_handler/hook/dyld_library_path.dsv'
[1.027s] colcon.colcon_core.shell INFO Creating environment hook '/Users/yosuke/gits/cxd5602pwbimu_ros2_driver/ros2_ws/install/h6x_packet_handler/share/h6x_packet_handler/hook/dyld_library_path.sh'
[1.027s] colcon.colcon_core.environment Level 1 checking '/Users/yosuke/gits/cxd5602pwbimu_ros2_driver/ros2_ws/install/h6x_packet_handler/bin'
[1.027s] colcon.colcon_core.environment Level 1 checking '/Users/yosuke/gits/cxd5602pwbimu_ros2_driver/ros2_ws/install/h6x_packet_handler/lib/pkgconfig/h6x_packet_handler.pc'
[1.028s] colcon.colcon_core.environment Level 1 checking '/Users/yosuke/gits/cxd5602pwbimu_ros2_driver/ros2_ws/install/h6x_packet_handler/lib/python3.11/site-packages'
[1.028s] colcon.colcon_core.environment Level 1 checking '/Users/yosuke/gits/cxd5602pwbimu_ros2_driver/ros2_ws/install/h6x_packet_handler/bin'
[1.028s] colcon.colcon_core.shell INFO Creating package script '/Users/yosuke/gits/cxd5602pwbimu_ros2_driver/ros2_ws/install/h6x_packet_handler/share/h6x_packet_handler/package.ps1'
[1.028s] colcon.colcon_core.shell INFO Creating package descriptor '/Users/yosuke/gits/cxd5602pwbimu_ros2_driver/ros2_ws/install/h6x_packet_handler/share/h6x_packet_handler/package.dsv'
[1.028s] colcon.colcon_core.shell INFO Creating package script '/Users/yosuke/gits/cxd5602pwbimu_ros2_driver/ros2_ws/install/h6x_packet_handler/share/h6x_packet_handler/package.sh'
[1.028s] colcon.colcon_core.shell INFO Creating package script '/Users/yosuke/gits/cxd5602pwbimu_ros2_driver/ros2_ws/install/h6x_packet_handler/share/h6x_packet_handler/package.bash'
[1.028s] colcon.colcon_core.shell INFO Creating package script '/Users/yosuke/gits/cxd5602pwbimu_ros2_driver/ros2_ws/install/h6x_packet_handler/share/h6x_packet_handler/package.zsh'
[1.029s] colcon.colcon_core.environment Level 1 create_file_with_runtime_dependencies(/Users/yosuke/gits/cxd5602pwbimu_ros2_driver/ros2_ws/install/h6x_packet_handler/share/colcon-core/packages/h6x_packet_handler)
[1.094s] colcon.colcon_core.environment Level 1 create_environment_scripts_only(imu_filter_madgwick)
[1.094s] colcon.colcon_core.environment Level 1 checking '/Users/yosuke/gits/cxd5602pwbimu_ros2_driver/ros2_ws/install/imu_filter_madgwick' for CMake module files
[1.094s] colcon.colcon_core.environment Level 1 checking '/Users/yosuke/gits/cxd5602pwbimu_ros2_driver/ros2_ws/install/imu_filter_madgwick' for CMake config files
[1.094s] colcon.colcon_core.shell Level 1 create_environment_hook('imu_filter_madgwick', 'cmake_prefix_path')
[1.094s] colcon.colcon_core.shell INFO Creating environment hook '/Users/yosuke/gits/cxd5602pwbimu_ros2_driver/ros2_ws/install/imu_filter_madgwick/share/imu_filter_madgwick/hook/cmake_prefix_path.ps1'
[1.095s] colcon.colcon_core.shell INFO Creating environment descriptor '/Users/yosuke/gits/cxd5602pwbimu_ros2_driver/ros2_ws/install/imu_filter_madgwick/share/imu_filter_madgwick/hook/cmake_prefix_path.dsv'
[1.095s] colcon.colcon_core.shell INFO Creating environment hook '/Users/yosuke/gits/cxd5602pwbimu_ros2_driver/ros2_ws/install/imu_filter_madgwick/share/imu_filter_madgwick/hook/cmake_prefix_path.sh'
[1.095s] colcon.colcon_core.environment Level 1 checking '/Users/yosuke/gits/cxd5602pwbimu_ros2_driver/ros2_ws/install/imu_filter_madgwick/lib'
[1.095s] colcon.colcon_core.shell Level 1 create_environment_hook('imu_filter_madgwick', 'dyld_library_path')
[1.095s] colcon.colcon_core.shell INFO Creating environment hook '/Users/yosuke/gits/cxd5602pwbimu_ros2_driver/ros2_ws/install/imu_filter_madgwick/share/imu_filter_madgwick/hook/dyld_library_path.ps1'
[1.095s] colcon.colcon_core.shell INFO Creating environment descriptor '/Users/yosuke/gits/cxd5602pwbimu_ros2_driver/ros2_ws/install/imu_filter_madgwick/share/imu_filter_madgwick/hook/dyld_library_path.dsv'
[1.095s] colcon.colcon_core.shell INFO Creating environment hook '/Users/yosuke/gits/cxd5602pwbimu_ros2_driver/ros2_ws/install/imu_filter_madgwick/share/imu_filter_madgwick/hook/dyld_library_path.sh'
[1.096s] colcon.colcon_core.environment Level 1 checking '/Users/yosuke/gits/cxd5602pwbimu_ros2_driver/ros2_ws/install/imu_filter_madgwick/bin'
[1.096s] colcon.colcon_core.environment Level 1 checking '/Users/yosuke/gits/cxd5602pwbimu_ros2_driver/ros2_ws/install/imu_filter_madgwick/lib/pkgconfig/imu_filter_madgwick.pc'
[1.096s] colcon.colcon_core.environment Level 1 checking '/Users/yosuke/gits/cxd5602pwbimu_ros2_driver/ros2_ws/install/imu_filter_madgwick/lib/python3.11/site-packages'
[1.096s] colcon.colcon_core.environment Level 1 checking '/Users/yosuke/gits/cxd5602pwbimu_ros2_driver/ros2_ws/install/imu_filter_madgwick/bin'
[1.096s] colcon.colcon_core.shell INFO Creating package script '/Users/yosuke/gits/cxd5602pwbimu_ros2_driver/ros2_ws/install/imu_filter_madgwick/share/imu_filter_madgwick/package.ps1'
[1.096s] colcon.colcon_core.shell INFO Creating package descriptor '/Users/yosuke/gits/cxd5602pwbimu_ros2_driver/ros2_ws/install/imu_filter_madgwick/share/imu_filter_madgwick/package.dsv'
[1.096s] colcon.colcon_core.shell INFO Creating package script '/Users/yosuke/gits/cxd5602pwbimu_ros2_driver/ros2_ws/install/imu_filter_madgwick/share/imu_filter_madgwick/package.sh'
[1.096s] colcon.colcon_core.shell INFO Creating package script '/Users/yosuke/gits/cxd5602pwbimu_ros2_driver/ros2_ws/install/imu_filter_madgwick/share/imu_filter_madgwick/package.bash'
[1.097s] colcon.colcon_core.shell INFO Creating package script '/Users/yosuke/gits/cxd5602pwbimu_ros2_driver/ros2_ws/install/imu_filter_madgwick/share/imu_filter_madgwick/package.zsh'
[1.097s] colcon.colcon_core.environment Level 1 create_file_with_runtime_dependencies(/Users/yosuke/gits/cxd5602pwbimu_ros2_driver/ros2_ws/install/imu_filter_madgwick/share/colcon-core/packages/imu_filter_madgwick)
[1.248s] colcon.colcon_core.environment Level 1 create_environment_scripts_only(rviz_imu_plugin)
[1.248s] colcon.colcon_core.environment Level 1 checking '/Users/yosuke/gits/cxd5602pwbimu_ros2_driver/ros2_ws/install/rviz_imu_plugin' for CMake module files
[1.248s] colcon.colcon_core.environment Level 1 checking '/Users/yosuke/gits/cxd5602pwbimu_ros2_driver/ros2_ws/install/rviz_imu_plugin' for CMake config files
[1.249s] colcon.colcon_core.shell Level 1 create_environment_hook('rviz_imu_plugin', 'cmake_prefix_path')
[1.249s] colcon.colcon_core.shell INFO Creating environment hook '/Users/yosuke/gits/cxd5602pwbimu_ros2_driver/ros2_ws/install/rviz_imu_plugin/share/rviz_imu_plugin/hook/cmake_prefix_path.ps1'
[1.249s] colcon.colcon_core.shell INFO Creating environment descriptor '/Users/yosuke/gits/cxd5602pwbimu_ros2_driver/ros2_ws/install/rviz_imu_plugin/share/rviz_imu_plugin/hook/cmake_prefix_path.dsv'
[1.249s] colcon.colcon_core.shell INFO Creating environment hook '/Users/yosuke/gits/cxd5602pwbimu_ros2_driver/ros2_ws/install/rviz_imu_plugin/share/rviz_imu_plugin/hook/cmake_prefix_path.sh'
[1.249s] colcon.colcon_core.environment Level 1 checking '/Users/yosuke/gits/cxd5602pwbimu_ros2_driver/ros2_ws/install/rviz_imu_plugin/lib'
[1.249s] colcon.colcon_core.shell Level 1 create_environment_hook('rviz_imu_plugin', 'dyld_library_path')
[1.249s] colcon.colcon_core.shell INFO Creating environment hook '/Users/yosuke/gits/cxd5602pwbimu_ros2_driver/ros2_ws/install/rviz_imu_plugin/share/rviz_imu_plugin/hook/dyld_library_path.ps1'
[1.249s] colcon.colcon_core.shell INFO Creating environment descriptor '/Users/yosuke/gits/cxd5602pwbimu_ros2_driver/ros2_ws/install/rviz_imu_plugin/share/rviz_imu_plugin/hook/dyld_library_path.dsv'
[1.250s] colcon.colcon_core.shell INFO Creating environment hook '/Users/yosuke/gits/cxd5602pwbimu_ros2_driver/ros2_ws/install/rviz_imu_plugin/share/rviz_imu_plugin/hook/dyld_library_path.sh'
[1.250s] colcon.colcon_core.environment Level 1 checking '/Users/yosuke/gits/cxd5602pwbimu_ros2_driver/ros2_ws/install/rviz_imu_plugin/bin'
[1.250s] colcon.colcon_core.environment Level 1 checking '/Users/yosuke/gits/cxd5602pwbimu_ros2_driver/ros2_ws/install/rviz_imu_plugin/lib/pkgconfig/rviz_imu_plugin.pc'
[1.250s] colcon.colcon_core.environment Level 1 checking '/Users/yosuke/gits/cxd5602pwbimu_ros2_driver/ros2_ws/install/rviz_imu_plugin/lib/python3.11/site-packages'
[1.250s] colcon.colcon_core.environment Level 1 checking '/Users/yosuke/gits/cxd5602pwbimu_ros2_driver/ros2_ws/install/rviz_imu_plugin/bin'
[1.250s] colcon.colcon_core.shell INFO Creating package script '/Users/yosuke/gits/cxd5602pwbimu_ros2_driver/ros2_ws/install/rviz_imu_plugin/share/rviz_imu_plugin/package.ps1'
[1.250s] colcon.colcon_core.shell INFO Creating package descriptor '/Users/yosuke/gits/cxd5602pwbimu_ros2_driver/ros2_ws/install/rviz_imu_plugin/share/rviz_imu_plugin/package.dsv'
[1.250s] colcon.colcon_core.shell INFO Creating package script '/Users/yosuke/gits/cxd5602pwbimu_ros2_driver/ros2_ws/install/rviz_imu_plugin/share/rviz_imu_plugin/package.sh'
[1.250s] colcon.colcon_core.shell INFO Creating package script '/Users/yosuke/gits/cxd5602pwbimu_ros2_driver/ros2_ws/install/rviz_imu_plugin/share/rviz_imu_plugin/package.bash'
[1.251s] colcon.colcon_core.shell INFO Creating package script '/Users/yosuke/gits/cxd5602pwbimu_ros2_driver/ros2_ws/install/rviz_imu_plugin/share/rviz_imu_plugin/package.zsh'
[1.251s] colcon.colcon_core.environment Level 1 create_file_with_runtime_dependencies(/Users/yosuke/gits/cxd5602pwbimu_ros2_driver/ros2_ws/install/rviz_imu_plugin/share/colcon-core/packages/rviz_imu_plugin)
[1.251s] colcon.colcon_ros.task.ament_cmake.build INFO Building ROS package in '/Users/yosuke/gits/cxd5602pwbimu_ros2_driver/ros2_ws/src/imu_tools/imu_tools' with build type 'ament_cmake'
[1.251s] colcon.colcon_cmake.task.cmake.build INFO Building CMake package in '/Users/yosuke/gits/cxd5602pwbimu_ros2_driver/ros2_ws/src/imu_tools/imu_tools'
[1.251s] colcon.colcon_core.shell INFO Skip shell extension 'powershell' for command environment: Not usable outside of PowerShell
[1.251s] colcon.colcon_core.shell DEBUG Skip shell extension 'dsv' for command environment
[1.275s] colcon.colcon_core.event_handler.log_command DEBUG Invoking command in '/Users/yosuke/gits/cxd5602pwbimu_ros2_driver/ros2_ws/build/imu_tools': AMENT_PREFIX_PATH=/Users/yosuke/gits/cxd5602pwbimu_ros2_driver/ros2_ws/install/rviz_imu_plugin:/Users/yosuke/gits/cxd5602pwbimu_ros2_driver/ros2_ws/install/imu_filter_madgwick:/Users/yosuke/gits/cxd5602pwbimu_ros2_driver/ros2_ws/install/imu_complementary_filter:${AMENT_PREFIX_PATH} CMAKE_PREFIX_PATH=/Users/yosuke/gits/cxd5602pwbimu_ros2_driver/ros2_ws/install/rviz_imu_plugin:/Users/yosuke/gits/cxd5602pwbimu_ros2_driver/ros2_ws/install/imu_filter_madgwick:/Users/yosuke/gits/cxd5602pwbimu_ros2_driver/ros2_ws/install/imu_complementary_filter:/opt/homebrew/opt/qt@5:/Users/yosuke/miniforge3/envs/ros_env CONDA_PROMPT_MODIFIER=(ros_env) DYLD_LIBRARY_PATH=/Users/yosuke/gits/cxd5602pwbimu_ros2_driver/ros2_ws/install/rviz_imu_plugin/lib:/Users/yosuke/gits/cxd5602pwbimu_ros2_driver/ros2_ws/install/imu_filter_madgwick/lib:/Users/yosuke/gits/cxd5602pwbimu_ros2_driver/ros2_ws/install/imu_complementary_filter/lib:${DYLD_LIBRARY_PATH} SHLVL=3 _=/Users/yosuke/miniforge3/envs/ros_env/bin/env /Users/yosuke/miniforge3/envs/ros_env/bin/cmake /Users/yosuke/gits/cxd5602pwbimu_ros2_driver/ros2_ws/src/imu_tools/imu_tools -DCMAKE_INSTALL_PREFIX=/Users/yosuke/gits/cxd5602pwbimu_ros2_driver/ros2_ws/install/imu_tools
[1.491s] colcon.colcon_core.event_handler.log_command DEBUG Invoked command in '/Users/yosuke/gits/cxd5602pwbimu_ros2_driver/ros2_ws/build/h6x_serial_interface' returned '2': CMAKE_PREFIX_PATH=${CMAKE_PREFIX_PATH}:/Users/yosuke/miniforge3/envs/ros_env CONDA_PROMPT_MODIFIER=(ros_env) SHLVL=3 _=/Users/yosuke/miniforge3/envs/ros_env/bin/env /Users/yosuke/miniforge3/envs/ros_env/bin/cmake --build /Users/yosuke/gits/cxd5602pwbimu_ros2_driver/ros2_ws/build/h6x_serial_interface -- -j10 -l10
[1.609s] colcon.colcon_core.environment Level 1 create_environment_scripts_only(h6x_serial_interface)
[1.609s] colcon.colcon_core.environment Level 1 checking '/Users/yosuke/gits/cxd5602pwbimu_ros2_driver/ros2_ws/install/h6x_serial_interface' for CMake module files
[1.610s] colcon.colcon_core.environment Level 1 checking '/Users/yosuke/gits/cxd5602pwbimu_ros2_driver/ros2_ws/install/h6x_serial_interface' for CMake config files
[1.610s] colcon.colcon_core.environment Level 1 checking '/Users/yosuke/gits/cxd5602pwbimu_ros2_driver/ros2_ws/install/h6x_serial_interface/lib'
[1.610s] colcon.colcon_core.environment Level 1 checking '/Users/yosuke/gits/cxd5602pwbimu_ros2_driver/ros2_ws/install/h6x_serial_interface/bin'
[1.610s] colcon.colcon_core.environment Level 1 checking '/Users/yosuke/gits/cxd5602pwbimu_ros2_driver/ros2_ws/install/h6x_serial_interface/lib/pkgconfig/h6x_serial_interface.pc'
[1.610s] colcon.colcon_core.environment Level 1 checking '/Users/yosuke/gits/cxd5602pwbimu_ros2_driver/ros2_ws/install/h6x_serial_interface/lib/python3.11/site-packages'
[1.610s] colcon.colcon_core.environment Level 1 checking '/Users/yosuke/gits/cxd5602pwbimu_ros2_driver/ros2_ws/install/h6x_serial_interface/bin'
[1.610s] colcon.colcon_core.shell INFO Creating package script '/Users/yosuke/gits/cxd5602pwbimu_ros2_driver/ros2_ws/install/h6x_serial_interface/share/h6x_serial_interface/package.ps1'
[1.610s] colcon.colcon_core.shell INFO Creating package descriptor '/Users/yosuke/gits/cxd5602pwbimu_ros2_driver/ros2_ws/install/h6x_serial_interface/share/h6x_serial_interface/package.dsv'
[1.611s] colcon.colcon_core.shell INFO Creating package script '/Users/yosuke/gits/cxd5602pwbimu_ros2_driver/ros2_ws/install/h6x_serial_interface/share/h6x_serial_interface/package.sh'
[1.611s] colcon.colcon_core.shell INFO Creating package script '/Users/yosuke/gits/cxd5602pwbimu_ros2_driver/ros2_ws/install/h6x_serial_interface/share/h6x_serial_interface/package.bash'
[1.611s] colcon.colcon_core.shell INFO Creating package script '/Users/yosuke/gits/cxd5602pwbimu_ros2_driver/ros2_ws/install/h6x_serial_interface/share/h6x_serial_interface/package.zsh'
[1.611s] colcon.colcon_core.environment Level 1 create_file_with_runtime_dependencies(/Users/yosuke/gits/cxd5602pwbimu_ros2_driver/ros2_ws/install/h6x_serial_interface/share/colcon-core/packages/h6x_serial_interface)
[2.254s] colcon.colcon_parallel_executor.executor.parallel DEBUG closing loop
[2.254s] colcon.colcon_parallel_executor.executor.parallel DEBUG loop closed
[2.254s] colcon.colcon_parallel_executor.executor.parallel DEBUG run_until_complete finished with '2'
[2.254s] colcon.colcon_core.event_reactor DEBUG joining thread
[2.255s] colcon.colcon_core.event_reactor DEBUG joined thread
[2.255s] colcon.colcon_core.shell INFO Creating prefix script '/Users/yosuke/gits/cxd5602pwbimu_ros2_driver/ros2_ws/install/local_setup.ps1'
[2.255s] colcon.colcon_core.shell INFO Creating prefix util module '/Users/yosuke/gits/cxd5602pwbimu_ros2_driver/ros2_ws/install/_local_setup_util_ps1.py'
[2.256s] colcon.colcon_core.shell INFO Creating prefix chain script '/Users/yosuke/gits/cxd5602pwbimu_ros2_driver/ros2_ws/install/setup.ps1'
[2.256s] colcon.colcon_core.shell INFO Creating prefix script '/Users/yosuke/gits/cxd5602pwbimu_ros2_driver/ros2_ws/install/local_setup.sh'
[2.256s] colcon.colcon_core.shell INFO Creating prefix util module '/Users/yosuke/gits/cxd5602pwbimu_ros2_driver/ros2_ws/install/_local_setup_util_sh.py'
[2.257s] colcon.colcon_core.shell INFO Creating prefix chain script '/Users/yosuke/gits/cxd5602pwbimu_ros2_driver/ros2_ws/install/setup.sh'
[2.257s] colcon.colcon_core.shell INFO Creating prefix script '/Users/yosuke/gits/cxd5602pwbimu_ros2_driver/ros2_ws/install/local_setup.bash'
[2.257s] colcon.colcon_core.shell INFO Creating prefix chain script '/Users/yosuke/gits/cxd5602pwbimu_ros2_driver/ros2_ws/install/setup.bash'
[2.257s] colcon.colcon_core.shell INFO Creating prefix script '/Users/yosuke/gits/cxd5602pwbimu_ros2_driver/ros2_ws/install/local_setup.zsh'
[2.257s] colcon.colcon_core.shell INFO Creating prefix chain script '/Users/yosuke/gits/cxd5602pwbimu_ros2_driver/ros2_ws/install/setup.zsh'
