[0.086s] [34mcolcon[0m [1;30mDEBUG[0m [32mCommand line arguments: ['/Users/yosuke/miniforge3/envs/ros_env/bin/colcon', 'build', '--cmake-args', '-DCMAKE_PREFIX_PATH=/usr/local', '-DCMAKE_CXX_FLAGS=-I/usr/local/include', '-DCMAKE_EXE_LINKER_FLAGS=-L/usr/local/lib'][0m
[0.086s] [34mcolcon[0m [1;30mDEBUG[0m [32mParsed command line arguments: Namespace(log_base=None, log_level=None, verb_name='build', build_base='build', install_base='install', merge_install=False, symlink_install=False, test_result_base=None, continue_on_error=False, executor='parallel', parallel_workers=10, event_handlers=None, ignore_user_meta=False, metas=['./colcon.meta'], base_paths=['.'], packages_ignore=None, packages_ignore_regex=None, paths=None, packages_up_to=None, packages_up_to_regex=None, packages_above=None, packages_above_and_dependencies=None, packages_above_depth=None, packages_select_by_dep=None, packages_skip_by_dep=None, packages_skip_up_to=None, packages_select_build_failed=False, packages_skip_build_finished=False, packages_select_test_failures=False, packages_skip_test_passed=False, packages_select=None, packages_skip=None, packages_select_regex=None, packages_skip_regex=None, packages_start=None, packages_end=None, cmake_args=['-DCMAKE_PREFIX_PATH=/usr/local', '-DCMAKE_CXX_FLAGS=-I/usr/local/include', '-DCMAKE_EXE_LINKER_FLAGS=-L/usr/local/lib'], cmake_target=None, cmake_target_skip_unavailable=False, cmake_clean_cache=False, cmake_clean_first=False, cmake_force_configure=False, ament_cmake_args=None, catkin_cmake_args=None, catkin_skip_building_tests=False, verb_parser=<colcon_defaults.argument_parser.defaults.DefaultArgumentsDecorator object at 0x1111cb6d0>, verb_extension=<colcon_core.verb.build.BuildVerb object at 0x1111cb010>, main=<bound method BuildVerb.main of <colcon_core.verb.build.BuildVerb object at 0x1111cb010>>)[0m
[0.102s] [34mcolcon.colcon_core.package_discovery[0m [1;30mLevel 1[0m discover_packages(colcon_meta) check parameters
[0.102s] [34mcolcon.colcon_core.package_discovery[0m [1;30mLevel 1[0m discover_packages(recursive) check parameters
[0.102s] [34mcolcon.colcon_core.package_discovery[0m [1;30mLevel 1[0m discover_packages(ignore) check parameters
[0.102s] [34mcolcon.colcon_core.package_discovery[0m [1;30mLevel 1[0m discover_packages(path) check parameters
[0.102s] [34mcolcon.colcon_core.package_discovery[0m [1;30mLevel 1[0m discover_packages(colcon_meta) discover
[0.102s] [34mcolcon.colcon_core.package_discovery[0m [1;30mLevel 1[0m discover_packages(recursive) discover
[0.102s] [34mcolcon.colcon_core.package_discovery[0m [1;30mINFO[0m Crawling recursively for packages in '/Users/yosuke/gits/cxd5602pwbimu_ros2_driver/ros2_ws'
[0.102s] [34mcolcon.colcon_core.package_identification[0m [1;30mLevel 1[0m _identify(.) by extensions ['ignore', 'ignore_ament_install']
[0.102s] [34mcolcon.colcon_core.package_identification[0m [1;30mLevel 1[0m _identify(.) by extension 'ignore'
[0.102s] [34mcolcon.colcon_core.package_identification[0m [1;30mLevel 1[0m _identify(.) by extension 'ignore_ament_install'
[0.102s] [34mcolcon.colcon_core.package_identification[0m [1;30mLevel 1[0m _identify(.) by extensions ['colcon_pkg']
[0.102s] [34mcolcon.colcon_core.package_identification[0m [1;30mLevel 1[0m _identify(.) by extension 'colcon_pkg'
[0.102s] [34mcolcon.colcon_core.package_identification[0m [1;30mLevel 1[0m _identify(.) by extensions ['colcon_meta']
[0.102s] [34mcolcon.colcon_core.package_identification[0m [1;30mLevel 1[0m _identify(.) by extension 'colcon_meta'
[0.102s] [34mcolcon.colcon_core.package_identification[0m [1;30mLevel 1[0m _identify(.) by extensions ['ros']
[0.102s] [34mcolcon.colcon_core.package_identification[0m [1;30mLevel 1[0m _identify(.) by extension 'ros'
[0.113s] [34mcolcon.colcon_core.package_identification[0m [1;30mLevel 1[0m _identify(.) by extensions ['cmake', 'python']
[0.113s] [34mcolcon.colcon_core.package_identification[0m [1;30mLevel 1[0m _identify(.) by extension 'cmake'
[0.113s] [34mcolcon.colcon_core.package_identification[0m [1;30mLevel 1[0m _identify(.) by extension 'python'
[0.113s] [34mcolcon.colcon_core.package_identification[0m [1;30mLevel 1[0m _identify(.) by extensions ['python_setup_py']
[0.113s] [34mcolcon.colcon_core.package_identification[0m [1;30mLevel 1[0m _identify(.) by extension 'python_setup_py'
[0.113s] [34mcolcon.colcon_core.package_identification[0m [1;30mLevel 1[0m _identify(build) by extensions ['ignore', 'ignore_ament_install']
[0.113s] [34mcolcon.colcon_core.package_identification[0m [1;30mLevel 1[0m _identify(build) by extension 'ignore'
[0.113s] [34mcolcon.colcon_core.package_identification[0m [1;30mLevel 1[0m _identify(build) ignored
[0.113s] [34mcolcon.colcon_core.package_identification[0m [1;30mLevel 1[0m _identify(install) by extensions ['ignore', 'ignore_ament_install']
[0.113s] [34mcolcon.colcon_core.package_identification[0m [1;30mLevel 1[0m _identify(install) by extension 'ignore'
[0.113s] [34mcolcon.colcon_core.package_identification[0m [1;30mLevel 1[0m _identify(install) ignored
[0.113s] [34mcolcon.colcon_core.package_identification[0m [1;30mLevel 1[0m _identify(log) by extensions ['ignore', 'ignore_ament_install']
[0.113s] [34mcolcon.colcon_core.package_identification[0m [1;30mLevel 1[0m _identify(log) by extension 'ignore'
[0.113s] [34mcolcon.colcon_core.package_identification[0m [1;30mLevel 1[0m _identify(log) ignored
[0.113s] [34mcolcon.colcon_core.package_identification[0m [1;30mLevel 1[0m _identify(src) by extensions ['ignore', 'ignore_ament_install']
[0.113s] [34mcolcon.colcon_core.package_identification[0m [1;30mLevel 1[0m _identify(src) by extension 'ignore'
[0.113s] [34mcolcon.colcon_core.package_identification[0m [1;30mLevel 1[0m _identify(src) by extension 'ignore_ament_install'
[0.113s] [34mcolcon.colcon_core.package_identification[0m [1;30mLevel 1[0m _identify(src) by extensions ['colcon_pkg']
[0.113s] [34mcolcon.colcon_core.package_identification[0m [1;30mLevel 1[0m _identify(src) by extension 'colcon_pkg'
[0.113s] [34mcolcon.colcon_core.package_identification[0m [1;30mLevel 1[0m _identify(src) by extensions ['colcon_meta']
[0.113s] [34mcolcon.colcon_core.package_identification[0m [1;30mLevel 1[0m _identify(src) by extension 'colcon_meta'
[0.113s] [34mcolcon.colcon_core.package_identification[0m [1;30mLevel 1[0m _identify(src) by extensions ['ros']
[0.113s] [34mcolcon.colcon_core.package_identification[0m [1;30mLevel 1[0m _identify(src) by extension 'ros'
[0.113s] [34mcolcon.colcon_core.package_identification[0m [1;30mLevel 1[0m _identify(src) by extensions ['cmake', 'python']
[0.113s] [34mcolcon.colcon_core.package_identification[0m [1;30mLevel 1[0m _identify(src) by extension 'cmake'
[0.113s] [34mcolcon.colcon_core.package_identification[0m [1;30mLevel 1[0m _identify(src) by extension 'python'
[0.113s] [34mcolcon.colcon_core.package_identification[0m [1;30mLevel 1[0m _identify(src) by extensions ['python_setup_py']
[0.113s] [34mcolcon.colcon_core.package_identification[0m [1;30mLevel 1[0m _identify(src) by extension 'python_setup_py'
[0.113s] [34mcolcon.colcon_core.package_identification[0m [1;30mLevel 1[0m _identify(src/cxd5602pwbimu_driver) by extensions ['ignore', 'ignore_ament_install']
[0.113s] [34mcolcon.colcon_core.package_identification[0m [1;30mLevel 1[0m _identify(src/cxd5602pwbimu_driver) by extension 'ignore'
[0.113s] [34mcolcon.colcon_core.package_identification[0m [1;30mLevel 1[0m _identify(src/cxd5602pwbimu_driver) by extension 'ignore_ament_install'
[0.113s] [34mcolcon.colcon_core.package_identification[0m [1;30mLevel 1[0m _identify(src/cxd5602pwbimu_driver) by extensions ['colcon_pkg']
[0.113s] [34mcolcon.colcon_core.package_identification[0m [1;30mLevel 1[0m _identify(src/cxd5602pwbimu_driver) by extension 'colcon_pkg'
[0.113s] [34mcolcon.colcon_core.package_identification[0m [1;30mLevel 1[0m _identify(src/cxd5602pwbimu_driver) by extensions ['colcon_meta']
[0.113s] [34mcolcon.colcon_core.package_identification[0m [1;30mLevel 1[0m _identify(src/cxd5602pwbimu_driver) by extension 'colcon_meta'
[0.114s] [34mcolcon.colcon_core.package_identification[0m [1;30mLevel 1[0m _identify(src/cxd5602pwbimu_driver) by extensions ['ros']
[0.114s] [34mcolcon.colcon_core.package_identification[0m [1;30mLevel 1[0m _identify(src/cxd5602pwbimu_driver) by extension 'ros'
[0.115s] [34mcolcon.colcon_core.package_identification[0m [1;30mDEBUG[0m [32mPackage 'src/cxd5602pwbimu_driver' with type 'ros.ament_cmake' and name 'cxd5602pwbimu_driver'[0m
[0.115s] [34mcolcon.colcon_core.package_identification[0m [1;30mLevel 1[0m _identify(src/cxd5602pwbimu_driver_bringup) by extensions ['ignore', 'ignore_ament_install']
[0.115s] [34mcolcon.colcon_core.package_identification[0m [1;30mLevel 1[0m _identify(src/cxd5602pwbimu_driver_bringup) by extension 'ignore'
[0.115s] [34mcolcon.colcon_core.package_identification[0m [1;30mLevel 1[0m _identify(src/cxd5602pwbimu_driver_bringup) by extension 'ignore_ament_install'
[0.115s] [34mcolcon.colcon_core.package_identification[0m [1;30mLevel 1[0m _identify(src/cxd5602pwbimu_driver_bringup) by extensions ['colcon_pkg']
[0.115s] [34mcolcon.colcon_core.package_identification[0m [1;30mLevel 1[0m _identify(src/cxd5602pwbimu_driver_bringup) by extension 'colcon_pkg'
[0.115s] [34mcolcon.colcon_core.package_identification[0m [1;30mLevel 1[0m _identify(src/cxd5602pwbimu_driver_bringup) by extensions ['colcon_meta']
[0.115s] [34mcolcon.colcon_core.package_identification[0m [1;30mLevel 1[0m _identify(src/cxd5602pwbimu_driver_bringup) by extension 'colcon_meta'
[0.115s] [34mcolcon.colcon_core.package_identification[0m [1;30mLevel 1[0m _identify(src/cxd5602pwbimu_driver_bringup) by extensions ['ros']
[0.115s] [34mcolcon.colcon_core.package_identification[0m [1;30mLevel 1[0m _identify(src/cxd5602pwbimu_driver_bringup) by extension 'ros'
[0.115s] [34mcolcon.colcon_core.package_identification[0m [1;30mDEBUG[0m [32mPackage 'src/cxd5602pwbimu_driver_bringup' with type 'ros.ament_python' and name 'cxd5602pwbimu_driver_bringup'[0m
[0.115s] [34mcolcon.colcon_core.package_identification[0m [1;30mLevel 1[0m _identify(src/cxd5602pwbimu_driver_node) by extensions ['ignore', 'ignore_ament_install']
[0.115s] [34mcolcon.colcon_core.package_identification[0m [1;30mLevel 1[0m _identify(src/cxd5602pwbimu_driver_node) by extension 'ignore'
[0.115s] [34mcolcon.colcon_core.package_identification[0m [1;30mLevel 1[0m _identify(src/cxd5602pwbimu_driver_node) by extension 'ignore_ament_install'
[0.115s] [34mcolcon.colcon_core.package_identification[0m [1;30mLevel 1[0m _identify(src/cxd5602pwbimu_driver_node) by extensions ['colcon_pkg']
[0.115s] [34mcolcon.colcon_core.package_identification[0m [1;30mLevel 1[0m _identify(src/cxd5602pwbimu_driver_node) by extension 'colcon_pkg'
[0.115s] [34mcolcon.colcon_core.package_identification[0m [1;30mLevel 1[0m _identify(src/cxd5602pwbimu_driver_node) by extensions ['colcon_meta']
[0.115s] [34mcolcon.colcon_core.package_identification[0m [1;30mLevel 1[0m _identify(src/cxd5602pwbimu_driver_node) by extension 'colcon_meta'
[0.115s] [34mcolcon.colcon_core.package_identification[0m [1;30mLevel 1[0m _identify(src/cxd5602pwbimu_driver_node) by extensions ['ros']
[0.115s] [34mcolcon.colcon_core.package_identification[0m [1;30mLevel 1[0m _identify(src/cxd5602pwbimu_driver_node) by extension 'ros'
[0.116s] [34mcolcon.colcon_core.package_identification[0m [1;30mDEBUG[0m [32mPackage 'src/cxd5602pwbimu_driver_node' with type 'ros.ament_cmake' and name 'cxd5602pwbimu_driver_node'[0m
[0.116s] [34mcolcon.colcon_core.package_identification[0m [1;30mLevel 1[0m _identify(src/h6x_serial_interface) by extensions ['ignore', 'ignore_ament_install']
[0.116s] [34mcolcon.colcon_core.package_identification[0m [1;30mLevel 1[0m _identify(src/h6x_serial_interface) by extension 'ignore'
[0.116s] [34mcolcon.colcon_core.package_identification[0m [1;30mLevel 1[0m _identify(src/h6x_serial_interface) by extension 'ignore_ament_install'
[0.116s] [34mcolcon.colcon_core.package_identification[0m [1;30mLevel 1[0m _identify(src/h6x_serial_interface) by extensions ['colcon_pkg']
[0.116s] [34mcolcon.colcon_core.package_identification[0m [1;30mLevel 1[0m _identify(src/h6x_serial_interface) by extension 'colcon_pkg'
[0.116s] [34mcolcon.colcon_core.package_identification[0m [1;30mLevel 1[0m _identify(src/h6x_serial_interface) by extensions ['colcon_meta']
[0.116s] [34mcolcon.colcon_core.package_identification[0m [1;30mLevel 1[0m _identify(src/h6x_serial_interface) by extension 'colcon_meta'
[0.116s] [34mcolcon.colcon_core.package_identification[0m [1;30mLevel 1[0m _identify(src/h6x_serial_interface) by extensions ['ros']
[0.116s] [34mcolcon.colcon_core.package_identification[0m [1;30mLevel 1[0m _identify(src/h6x_serial_interface) by extension 'ros'
[0.116s] [34mcolcon.colcon_core.package_identification[0m [1;30mLevel 1[0m _identify(src/h6x_serial_interface) by extensions ['cmake', 'python']
[0.116s] [34mcolcon.colcon_core.package_identification[0m [1;30mLevel 1[0m _identify(src/h6x_serial_interface) by extension 'cmake'
[0.116s] [34mcolcon.colcon_core.package_identification[0m [1;30mLevel 1[0m _identify(src/h6x_serial_interface) by extension 'python'
[0.116s] [34mcolcon.colcon_core.package_identification[0m [1;30mLevel 1[0m _identify(src/h6x_serial_interface) by extensions ['python_setup_py']
[0.116s] [34mcolcon.colcon_core.package_identification[0m [1;30mLevel 1[0m _identify(src/h6x_serial_interface) by extension 'python_setup_py'
[0.116s] [34mcolcon.colcon_core.package_identification[0m [1;30mLevel 1[0m _identify(src/h6x_serial_interface/h6x_packet_handler) by extensions ['ignore', 'ignore_ament_install']
[0.116s] [34mcolcon.colcon_core.package_identification[0m [1;30mLevel 1[0m _identify(src/h6x_serial_interface/h6x_packet_handler) by extension 'ignore'
[0.116s] [34mcolcon.colcon_core.package_identification[0m [1;30mLevel 1[0m _identify(src/h6x_serial_interface/h6x_packet_handler) by extension 'ignore_ament_install'
[0.116s] [34mcolcon.colcon_core.package_identification[0m [1;30mLevel 1[0m _identify(src/h6x_serial_interface/h6x_packet_handler) by extensions ['colcon_pkg']
[0.116s] [34mcolcon.colcon_core.package_identification[0m [1;30mLevel 1[0m _identify(src/h6x_serial_interface/h6x_packet_handler) by extension 'colcon_pkg'
[0.116s] [34mcolcon.colcon_core.package_identification[0m [1;30mLevel 1[0m _identify(src/h6x_serial_interface/h6x_packet_handler) by extensions ['colcon_meta']
[0.116s] [34mcolcon.colcon_core.package_identification[0m [1;30mLevel 1[0m _identify(src/h6x_serial_interface/h6x_packet_handler) by extension 'colcon_meta'
[0.116s] [34mcolcon.colcon_core.package_identification[0m [1;30mLevel 1[0m _identify(src/h6x_serial_interface/h6x_packet_handler) by extensions ['ros']
[0.116s] [34mcolcon.colcon_core.package_identification[0m [1;30mLevel 1[0m _identify(src/h6x_serial_interface/h6x_packet_handler) by extension 'ros'
[0.116s] [34mcolcon.colcon_core.package_identification[0m [1;30mDEBUG[0m [32mPackage 'src/h6x_serial_interface/h6x_packet_handler' with type 'ros.ament_cmake' and name 'h6x_packet_handler'[0m
[0.116s] [34mcolcon.colcon_core.package_identification[0m [1;30mLevel 1[0m _identify(src/h6x_serial_interface/h6x_serial_interface) by extensions ['ignore', 'ignore_ament_install']
[0.116s] [34mcolcon.colcon_core.package_identification[0m [1;30mLevel 1[0m _identify(src/h6x_serial_interface/h6x_serial_interface) by extension 'ignore'
[0.116s] [34mcolcon.colcon_core.package_identification[0m [1;30mLevel 1[0m _identify(src/h6x_serial_interface/h6x_serial_interface) by extension 'ignore_ament_install'
[0.116s] [34mcolcon.colcon_core.package_identification[0m [1;30mLevel 1[0m _identify(src/h6x_serial_interface/h6x_serial_interface) by extensions ['colcon_pkg']
[0.116s] [34mcolcon.colcon_core.package_identification[0m [1;30mLevel 1[0m _identify(src/h6x_serial_interface/h6x_serial_interface) by extension 'colcon_pkg'
[0.116s] [34mcolcon.colcon_core.package_identification[0m [1;30mLevel 1[0m _identify(src/h6x_serial_interface/h6x_serial_interface) by extensions ['colcon_meta']
[0.116s] [34mcolcon.colcon_core.package_identification[0m [1;30mLevel 1[0m _identify(src/h6x_serial_interface/h6x_serial_interface) by extension 'colcon_meta'
[0.116s] [34mcolcon.colcon_core.package_identification[0m [1;30mLevel 1[0m _identify(src/h6x_serial_interface/h6x_serial_interface) by extensions ['ros']
[0.116s] [34mcolcon.colcon_core.package_identification[0m [1;30mLevel 1[0m _identify(src/h6x_serial_interface/h6x_serial_interface) by extension 'ros'
[0.117s] [34mcolcon.colcon_core.package_identification[0m [1;30mDEBUG[0m [32mPackage 'src/h6x_serial_interface/h6x_serial_interface' with type 'ros.ament_cmake' and name 'h6x_serial_interface'[0m
[0.117s] [34mcolcon.colcon_core.package_identification[0m [1;30mLevel 1[0m _identify(src/h6x_serial_interface/h6x_serial_interface_example) by extensions ['ignore', 'ignore_ament_install']
[0.117s] [34mcolcon.colcon_core.package_identification[0m [1;30mLevel 1[0m _identify(src/h6x_serial_interface/h6x_serial_interface_example) by extension 'ignore'
[0.117s] [34mcolcon.colcon_core.package_identification[0m [1;30mLevel 1[0m _identify(src/h6x_serial_interface/h6x_serial_interface_example) by extension 'ignore_ament_install'
[0.117s] [34mcolcon.colcon_core.package_identification[0m [1;30mLevel 1[0m _identify(src/h6x_serial_interface/h6x_serial_interface_example) by extensions ['colcon_pkg']
[0.117s] [34mcolcon.colcon_core.package_identification[0m [1;30mLevel 1[0m _identify(src/h6x_serial_interface/h6x_serial_interface_example) by extension 'colcon_pkg'
[0.117s] [34mcolcon.colcon_core.package_identification[0m [1;30mLevel 1[0m _identify(src/h6x_serial_interface/h6x_serial_interface_example) by extensions ['colcon_meta']
[0.117s] [34mcolcon.colcon_core.package_identification[0m [1;30mLevel 1[0m _identify(src/h6x_serial_interface/h6x_serial_interface_example) by extension 'colcon_meta'
[0.117s] [34mcolcon.colcon_core.package_identification[0m [1;30mLevel 1[0m _identify(src/h6x_serial_interface/h6x_serial_interface_example) by extensions ['ros']
[0.117s] [34mcolcon.colcon_core.package_identification[0m [1;30mLevel 1[0m _identify(src/h6x_serial_interface/h6x_serial_interface_example) by extension 'ros'
[0.117s] [34mcolcon.colcon_core.package_identification[0m [1;30mDEBUG[0m [32mPackage 'src/h6x_serial_interface/h6x_serial_interface_example' with type 'ros.ament_cmake' and name 'h6x_serial_interface_example'[0m
[0.117s] [34mcolcon.colcon_core.package_identification[0m [1;30mLevel 1[0m _identify(src/imu_tools) by extensions ['ignore', 'ignore_ament_install']
[0.117s] [34mcolcon.colcon_core.package_identification[0m [1;30mLevel 1[0m _identify(src/imu_tools) by extension 'ignore'
[0.117s] [34mcolcon.colcon_core.package_identification[0m [1;30mLevel 1[0m _identify(src/imu_tools) by extension 'ignore_ament_install'
[0.117s] [34mcolcon.colcon_core.package_identification[0m [1;30mLevel 1[0m _identify(src/imu_tools) by extensions ['colcon_pkg']
[0.117s] [34mcolcon.colcon_core.package_identification[0m [1;30mLevel 1[0m _identify(src/imu_tools) by extension 'colcon_pkg'
[0.117s] [34mcolcon.colcon_core.package_identification[0m [1;30mLevel 1[0m _identify(src/imu_tools) by extensions ['colcon_meta']
[0.117s] [34mcolcon.colcon_core.package_identification[0m [1;30mLevel 1[0m _identify(src/imu_tools) by extension 'colcon_meta'
[0.117s] [34mcolcon.colcon_core.package_identification[0m [1;30mLevel 1[0m _identify(src/imu_tools) by extensions ['ros']
[0.117s] [34mcolcon.colcon_core.package_identification[0m [1;30mLevel 1[0m _identify(src/imu_tools) by extension 'ros'
[0.117s] [34mcolcon.colcon_core.package_identification[0m [1;30mLevel 1[0m _identify(src/imu_tools) by extensions ['cmake', 'python']
[0.117s] [34mcolcon.colcon_core.package_identification[0m [1;30mLevel 1[0m _identify(src/imu_tools) by extension 'cmake'
[0.117s] [34mcolcon.colcon_core.package_identification[0m [1;30mLevel 1[0m _identify(src/imu_tools) by extension 'python'
[0.117s] [34mcolcon.colcon_core.package_identification[0m [1;30mLevel 1[0m _identify(src/imu_tools) by extensions ['python_setup_py']
[0.117s] [34mcolcon.colcon_core.package_identification[0m [1;30mLevel 1[0m _identify(src/imu_tools) by extension 'python_setup_py'
[0.117s] [34mcolcon.colcon_core.package_identification[0m [1;30mLevel 1[0m _identify(src/imu_tools/imu_complementary_filter) by extensions ['ignore', 'ignore_ament_install']
[0.117s] [34mcolcon.colcon_core.package_identification[0m [1;30mLevel 1[0m _identify(src/imu_tools/imu_complementary_filter) by extension 'ignore'
[0.117s] [34mcolcon.colcon_core.package_identification[0m [1;30mLevel 1[0m _identify(src/imu_tools/imu_complementary_filter) by extension 'ignore_ament_install'
[0.117s] [34mcolcon.colcon_core.package_identification[0m [1;30mLevel 1[0m _identify(src/imu_tools/imu_complementary_filter) by extensions ['colcon_pkg']
[0.117s] [34mcolcon.colcon_core.package_identification[0m [1;30mLevel 1[0m _identify(src/imu_tools/imu_complementary_filter) by extension 'colcon_pkg'
[0.117s] [34mcolcon.colcon_core.package_identification[0m [1;30mLevel 1[0m _identify(src/imu_tools/imu_complementary_filter) by extensions ['colcon_meta']
[0.117s] [34mcolcon.colcon_core.package_identification[0m [1;30mLevel 1[0m _identify(src/imu_tools/imu_complementary_filter) by extension 'colcon_meta'
[0.117s] [34mcolcon.colcon_core.package_identification[0m [1;30mLevel 1[0m _identify(src/imu_tools/imu_complementary_filter) by extensions ['ros']
[0.117s] [34mcolcon.colcon_core.package_identification[0m [1;30mLevel 1[0m _identify(src/imu_tools/imu_complementary_filter) by extension 'ros'
[0.118s] [34mcolcon.colcon_core.package_identification[0m [1;30mDEBUG[0m [32mPackage 'src/imu_tools/imu_complementary_filter' with type 'ros.ament_cmake' and name 'imu_complementary_filter'[0m
[0.118s] [34mcolcon.colcon_core.package_identification[0m [1;30mLevel 1[0m _identify(src/imu_tools/imu_filter_madgwick) by extensions ['ignore', 'ignore_ament_install']
[0.118s] [34mcolcon.colcon_core.package_identification[0m [1;30mLevel 1[0m _identify(src/imu_tools/imu_filter_madgwick) by extension 'ignore'
[0.118s] [34mcolcon.colcon_core.package_identification[0m [1;30mLevel 1[0m _identify(src/imu_tools/imu_filter_madgwick) by extension 'ignore_ament_install'
[0.118s] [34mcolcon.colcon_core.package_identification[0m [1;30mLevel 1[0m _identify(src/imu_tools/imu_filter_madgwick) by extensions ['colcon_pkg']
[0.118s] [34mcolcon.colcon_core.package_identification[0m [1;30mLevel 1[0m _identify(src/imu_tools/imu_filter_madgwick) by extension 'colcon_pkg'
[0.118s] [34mcolcon.colcon_core.package_identification[0m [1;30mLevel 1[0m _identify(src/imu_tools/imu_filter_madgwick) by extensions ['colcon_meta']
[0.118s] [34mcolcon.colcon_core.package_identification[0m [1;30mLevel 1[0m _identify(src/imu_tools/imu_filter_madgwick) by extension 'colcon_meta'
[0.118s] [34mcolcon.colcon_core.package_identification[0m [1;30mLevel 1[0m _identify(src/imu_tools/imu_filter_madgwick) by extensions ['ros']
[0.118s] [34mcolcon.colcon_core.package_identification[0m [1;30mLevel 1[0m _identify(src/imu_tools/imu_filter_madgwick) by extension 'ros'
[0.118s] [34mcolcon.colcon_core.package_identification[0m [1;30mDEBUG[0m [32mPackage 'src/imu_tools/imu_filter_madgwick' with type 'ros.ament_cmake' and name 'imu_filter_madgwick'[0m
[0.118s] [34mcolcon.colcon_core.package_identification[0m [1;30mLevel 1[0m _identify(src/imu_tools/imu_tools) by extensions ['ignore', 'ignore_ament_install']
[0.118s] [34mcolcon.colcon_core.package_identification[0m [1;30mLevel 1[0m _identify(src/imu_tools/imu_tools) by extension 'ignore'
[0.118s] [34mcolcon.colcon_core.package_identification[0m [1;30mLevel 1[0m _identify(src/imu_tools/imu_tools) by extension 'ignore_ament_install'
[0.118s] [34mcolcon.colcon_core.package_identification[0m [1;30mLevel 1[0m _identify(src/imu_tools/imu_tools) by extensions ['colcon_pkg']
[0.118s] [34mcolcon.colcon_core.package_identification[0m [1;30mLevel 1[0m _identify(src/imu_tools/imu_tools) by extension 'colcon_pkg'
[0.118s] [34mcolcon.colcon_core.package_identification[0m [1;30mLevel 1[0m _identify(src/imu_tools/imu_tools) by extensions ['colcon_meta']
[0.118s] [34mcolcon.colcon_core.package_identification[0m [1;30mLevel 1[0m _identify(src/imu_tools/imu_tools) by extension 'colcon_meta'
[0.118s] [34mcolcon.colcon_core.package_identification[0m [1;30mLevel 1[0m _identify(src/imu_tools/imu_tools) by extensions ['ros']
[0.118s] [34mcolcon.colcon_core.package_identification[0m [1;30mLevel 1[0m _identify(src/imu_tools/imu_tools) by extension 'ros'
[0.119s] [34mcolcon.colcon_core.package_identification[0m [1;30mDEBUG[0m [32mPackage 'src/imu_tools/imu_tools' with type 'ros.ament_cmake' and name 'imu_tools'[0m
[0.119s] [34mcolcon.colcon_core.package_identification[0m [1;30mLevel 1[0m _identify(src/imu_tools/rviz_imu_plugin) by extensions ['ignore', 'ignore_ament_install']
[0.119s] [34mcolcon.colcon_core.package_identification[0m [1;30mLevel 1[0m _identify(src/imu_tools/rviz_imu_plugin) by extension 'ignore'
[0.119s] [34mcolcon.colcon_core.package_identification[0m [1;30mLevel 1[0m _identify(src/imu_tools/rviz_imu_plugin) by extension 'ignore_ament_install'
[0.119s] [34mcolcon.colcon_core.package_identification[0m [1;30mLevel 1[0m _identify(src/imu_tools/rviz_imu_plugin) by extensions ['colcon_pkg']
[0.119s] [34mcolcon.colcon_core.package_identification[0m [1;30mLevel 1[0m _identify(src/imu_tools/rviz_imu_plugin) by extension 'colcon_pkg'
[0.119s] [34mcolcon.colcon_core.package_identification[0m [1;30mLevel 1[0m _identify(src/imu_tools/rviz_imu_plugin) by extensions ['colcon_meta']
[0.119s] [34mcolcon.colcon_core.package_identification[0m [1;30mLevel 1[0m _identify(src/imu_tools/rviz_imu_plugin) by extension 'colcon_meta'
[0.119s] [34mcolcon.colcon_core.package_identification[0m [1;30mLevel 1[0m _identify(src/imu_tools/rviz_imu_plugin) by extensions ['ros']
[0.119s] [34mcolcon.colcon_core.package_identification[0m [1;30mLevel 1[0m _identify(src/imu_tools/rviz_imu_plugin) by extension 'ros'
[0.119s] [34mcolcon.colcon_core.package_identification[0m [1;30mDEBUG[0m [32mPackage 'src/imu_tools/rviz_imu_plugin' with type 'ros.ament_cmake' and name 'rviz_imu_plugin'[0m
[0.119s] [34mcolcon.colcon_core.package_identification[0m [1;30mLevel 1[0m _identify(src/imu_trajectory_filter) by extensions ['ignore', 'ignore_ament_install']
[0.119s] [34mcolcon.colcon_core.package_identification[0m [1;30mLevel 1[0m _identify(src/imu_trajectory_filter) by extension 'ignore'
[0.119s] [34mcolcon.colcon_core.package_identification[0m [1;30mLevel 1[0m _identify(src/imu_trajectory_filter) by extension 'ignore_ament_install'
[0.119s] [34mcolcon.colcon_core.package_identification[0m [1;30mLevel 1[0m _identify(src/imu_trajectory_filter) by extensions ['colcon_pkg']
[0.119s] [34mcolcon.colcon_core.package_identification[0m [1;30mLevel 1[0m _identify(src/imu_trajectory_filter) by extension 'colcon_pkg'
[0.119s] [34mcolcon.colcon_core.package_identification[0m [1;30mLevel 1[0m _identify(src/imu_trajectory_filter) by extensions ['colcon_meta']
[0.119s] [34mcolcon.colcon_core.package_identification[0m [1;30mLevel 1[0m _identify(src/imu_trajectory_filter) by extension 'colcon_meta'
[0.119s] [34mcolcon.colcon_core.package_identification[0m [1;30mLevel 1[0m _identify(src/imu_trajectory_filter) by extensions ['ros']
[0.119s] [34mcolcon.colcon_core.package_identification[0m [1;30mLevel 1[0m _identify(src/imu_trajectory_filter) by extension 'ros'
[0.120s] [34mcolcon.colcon_core.package_identification[0m [1;30mDEBUG[0m [32mPackage 'src/imu_trajectory_filter' with type 'ros.ament_cmake' and name 'imu_trajectory_filter'[0m
[0.120s] [34mcolcon.colcon_core.package_discovery[0m [1;30mLevel 1[0m discover_packages(recursive) using defaults
[0.120s] [34mcolcon.colcon_core.package_discovery[0m [1;30mLevel 1[0m discover_packages(ignore) discover
[0.120s] [34mcolcon.colcon_core.package_discovery[0m [1;30mLevel 1[0m discover_packages(ignore) using defaults
[0.120s] [34mcolcon.colcon_core.package_discovery[0m [1;30mLevel 1[0m discover_packages(path) discover
[0.120s] [34mcolcon.colcon_core.package_discovery[0m [1;30mLevel 1[0m discover_packages(path) using defaults
[0.127s] [34mcolcon.colcon_core.verb[0m [1;30mLevel 5[0m set package 'h6x_packet_handler' build argument 'cmake_args' from command line to '['-DCMAKE_PREFIX_PATH=/usr/local', '-DCMAKE_CXX_FLAGS=-I/usr/local/include', '-DCMAKE_EXE_LINKER_FLAGS=-L/usr/local/lib']'
[0.127s] [34mcolcon.colcon_core.verb[0m [1;30mLevel 5[0m set package 'h6x_packet_handler' build argument 'cmake_target' from command line to 'None'
[0.127s] [34mcolcon.colcon_core.verb[0m [1;30mLevel 5[0m set package 'h6x_packet_handler' build argument 'cmake_target_skip_unavailable' from command line to 'False'
[0.127s] [34mcolcon.colcon_core.verb[0m [1;30mLevel 5[0m set package 'h6x_packet_handler' build argument 'cmake_clean_cache' from command line to 'False'
[0.127s] [34mcolcon.colcon_core.verb[0m [1;30mLevel 5[0m set package 'h6x_packet_handler' build argument 'cmake_clean_first' from command line to 'False'
[0.127s] [34mcolcon.colcon_core.verb[0m [1;30mLevel 5[0m set package 'h6x_packet_handler' build argument 'cmake_force_configure' from command line to 'False'
[0.127s] [34mcolcon.colcon_core.verb[0m [1;30mLevel 5[0m set package 'h6x_packet_handler' build argument 'ament_cmake_args' from command line to 'None'
[0.127s] [34mcolcon.colcon_core.verb[0m [1;30mLevel 5[0m set package 'h6x_packet_handler' build argument 'catkin_cmake_args' from command line to 'None'
[0.127s] [34mcolcon.colcon_core.verb[0m [1;30mLevel 5[0m set package 'h6x_packet_handler' build argument 'catkin_skip_building_tests' from command line to 'False'
[0.127s] [34mcolcon.colcon_core.verb[0m [1;30mDEBUG[0m [32mBuilding package 'h6x_packet_handler' with the following arguments: {'ament_cmake_args': None, 'build_base': '/Users/yosuke/gits/cxd5602pwbimu_ros2_driver/ros2_ws/build/h6x_packet_handler', 'catkin_cmake_args': None, 'catkin_skip_building_tests': False, 'cmake_args': ['-DCMAKE_PREFIX_PATH=/usr/local', '-DCMAKE_CXX_FLAGS=-I/usr/local/include', '-DCMAKE_EXE_LINKER_FLAGS=-L/usr/local/lib'], 'cmake_clean_cache': False, 'cmake_clean_first': False, 'cmake_force_configure': False, 'cmake_target': None, 'cmake_target_skip_unavailable': False, 'install_base': '/Users/yosuke/gits/cxd5602pwbimu_ros2_driver/ros2_ws/install/h6x_packet_handler', 'merge_install': False, 'path': '/Users/yosuke/gits/cxd5602pwbimu_ros2_driver/ros2_ws/src/h6x_serial_interface/h6x_packet_handler', 'symlink_install': False, 'test_result_base': None}[0m
[0.127s] [34mcolcon.colcon_core.verb[0m [1;30mLevel 5[0m set package 'h6x_serial_interface' build argument 'cmake_args' from command line to '['-DCMAKE_PREFIX_PATH=/usr/local', '-DCMAKE_CXX_FLAGS=-I/usr/local/include', '-DCMAKE_EXE_LINKER_FLAGS=-L/usr/local/lib']'
[0.127s] [34mcolcon.colcon_core.verb[0m [1;30mLevel 5[0m set package 'h6x_serial_interface' build argument 'cmake_target' from command line to 'None'
[0.127s] [34mcolcon.colcon_core.verb[0m [1;30mLevel 5[0m set package 'h6x_serial_interface' build argument 'cmake_target_skip_unavailable' from command line to 'False'
[0.127s] [34mcolcon.colcon_core.verb[0m [1;30mLevel 5[0m set package 'h6x_serial_interface' build argument 'cmake_clean_cache' from command line to 'False'
[0.127s] [34mcolcon.colcon_core.verb[0m [1;30mLevel 5[0m set package 'h6x_serial_interface' build argument 'cmake_clean_first' from command line to 'False'
[0.127s] [34mcolcon.colcon_core.verb[0m [1;30mLevel 5[0m set package 'h6x_serial_interface' build argument 'cmake_force_configure' from command line to 'False'
[0.127s] [34mcolcon.colcon_core.verb[0m [1;30mLevel 5[0m set package 'h6x_serial_interface' build argument 'ament_cmake_args' from command line to 'None'
[0.127s] [34mcolcon.colcon_core.verb[0m [1;30mLevel 5[0m set package 'h6x_serial_interface' build argument 'catkin_cmake_args' from command line to 'None'
[0.127s] [34mcolcon.colcon_core.verb[0m [1;30mLevel 5[0m set package 'h6x_serial_interface' build argument 'catkin_skip_building_tests' from command line to 'False'
[0.127s] [34mcolcon.colcon_core.verb[0m [1;30mDEBUG[0m [32mBuilding package 'h6x_serial_interface' with the following arguments: {'ament_cmake_args': None, 'build_base': '/Users/yosuke/gits/cxd5602pwbimu_ros2_driver/ros2_ws/build/h6x_serial_interface', 'catkin_cmake_args': None, 'catkin_skip_building_tests': False, 'cmake_args': ['-DCMAKE_PREFIX_PATH=/usr/local', '-DCMAKE_CXX_FLAGS=-I/usr/local/include', '-DCMAKE_EXE_LINKER_FLAGS=-L/usr/local/lib'], 'cmake_clean_cache': False, 'cmake_clean_first': False, 'cmake_force_configure': False, 'cmake_target': None, 'cmake_target_skip_unavailable': False, 'install_base': '/Users/yosuke/gits/cxd5602pwbimu_ros2_driver/ros2_ws/install/h6x_serial_interface', 'merge_install': False, 'path': '/Users/yosuke/gits/cxd5602pwbimu_ros2_driver/ros2_ws/src/h6x_serial_interface/h6x_serial_interface', 'symlink_install': False, 'test_result_base': None}[0m
[0.127s] [34mcolcon.colcon_core.verb[0m [1;30mLevel 5[0m set package 'imu_complementary_filter' build argument 'cmake_args' from command line to '['-DCMAKE_PREFIX_PATH=/usr/local', '-DCMAKE_CXX_FLAGS=-I/usr/local/include', '-DCMAKE_EXE_LINKER_FLAGS=-L/usr/local/lib']'
[0.127s] [34mcolcon.colcon_core.verb[0m [1;30mLevel 5[0m set package 'imu_complementary_filter' build argument 'cmake_target' from command line to 'None'
[0.127s] [34mcolcon.colcon_core.verb[0m [1;30mLevel 5[0m set package 'imu_complementary_filter' build argument 'cmake_target_skip_unavailable' from command line to 'False'
[0.127s] [34mcolcon.colcon_core.verb[0m [1;30mLevel 5[0m set package 'imu_complementary_filter' build argument 'cmake_clean_cache' from command line to 'False'
[0.127s] [34mcolcon.colcon_core.verb[0m [1;30mLevel 5[0m set package 'imu_complementary_filter' build argument 'cmake_clean_first' from command line to 'False'
[0.127s] [34mcolcon.colcon_core.verb[0m [1;30mLevel 5[0m set package 'imu_complementary_filter' build argument 'cmake_force_configure' from command line to 'False'
[0.127s] [34mcolcon.colcon_core.verb[0m [1;30mLevel 5[0m set package 'imu_complementary_filter' build argument 'ament_cmake_args' from command line to 'None'
[0.127s] [34mcolcon.colcon_core.verb[0m [1;30mLevel 5[0m set package 'imu_complementary_filter' build argument 'catkin_cmake_args' from command line to 'None'
[0.127s] [34mcolcon.colcon_core.verb[0m [1;30mLevel 5[0m set package 'imu_complementary_filter' build argument 'catkin_skip_building_tests' from command line to 'False'
[0.127s] [34mcolcon.colcon_core.verb[0m [1;30mDEBUG[0m [32mBuilding package 'imu_complementary_filter' with the following arguments: {'ament_cmake_args': None, 'build_base': '/Users/yosuke/gits/cxd5602pwbimu_ros2_driver/ros2_ws/build/imu_complementary_filter', 'catkin_cmake_args': None, 'catkin_skip_building_tests': False, 'cmake_args': ['-DCMAKE_PREFIX_PATH=/usr/local', '-DCMAKE_CXX_FLAGS=-I/usr/local/include', '-DCMAKE_EXE_LINKER_FLAGS=-L/usr/local/lib'], 'cmake_clean_cache': False, 'cmake_clean_first': False, 'cmake_force_configure': False, 'cmake_target': None, 'cmake_target_skip_unavailable': False, 'install_base': '/Users/yosuke/gits/cxd5602pwbimu_ros2_driver/ros2_ws/install/imu_complementary_filter', 'merge_install': False, 'path': '/Users/yosuke/gits/cxd5602pwbimu_ros2_driver/ros2_ws/src/imu_tools/imu_complementary_filter', 'symlink_install': False, 'test_result_base': None}[0m
[0.127s] [34mcolcon.colcon_core.verb[0m [1;30mLevel 5[0m set package 'imu_filter_madgwick' build argument 'cmake_args' from command line to '['-DCMAKE_PREFIX_PATH=/usr/local', '-DCMAKE_CXX_FLAGS=-I/usr/local/include', '-DCMAKE_EXE_LINKER_FLAGS=-L/usr/local/lib']'
[0.127s] [34mcolcon.colcon_core.verb[0m [1;30mLevel 5[0m set package 'imu_filter_madgwick' build argument 'cmake_target' from command line to 'None'
[0.127s] [34mcolcon.colcon_core.verb[0m [1;30mLevel 5[0m set package 'imu_filter_madgwick' build argument 'cmake_target_skip_unavailable' from command line to 'False'
[0.127s] [34mcolcon.colcon_core.verb[0m [1;30mLevel 5[0m set package 'imu_filter_madgwick' build argument 'cmake_clean_cache' from command line to 'False'
[0.127s] [34mcolcon.colcon_core.verb[0m [1;30mLevel 5[0m set package 'imu_filter_madgwick' build argument 'cmake_clean_first' from command line to 'False'
[0.127s] [34mcolcon.colcon_core.verb[0m [1;30mLevel 5[0m set package 'imu_filter_madgwick' build argument 'cmake_force_configure' from command line to 'False'
[0.127s] [34mcolcon.colcon_core.verb[0m [1;30mLevel 5[0m set package 'imu_filter_madgwick' build argument 'ament_cmake_args' from command line to 'None'
[0.127s] [34mcolcon.colcon_core.verb[0m [1;30mLevel 5[0m set package 'imu_filter_madgwick' build argument 'catkin_cmake_args' from command line to 'None'
[0.127s] [34mcolcon.colcon_core.verb[0m [1;30mLevel 5[0m set package 'imu_filter_madgwick' build argument 'catkin_skip_building_tests' from command line to 'False'
[0.128s] [34mcolcon.colcon_core.verb[0m [1;30mDEBUG[0m [32mBuilding package 'imu_filter_madgwick' with the following arguments: {'ament_cmake_args': None, 'build_base': '/Users/yosuke/gits/cxd5602pwbimu_ros2_driver/ros2_ws/build/imu_filter_madgwick', 'catkin_cmake_args': None, 'catkin_skip_building_tests': False, 'cmake_args': ['-DCMAKE_PREFIX_PATH=/usr/local', '-DCMAKE_CXX_FLAGS=-I/usr/local/include', '-DCMAKE_EXE_LINKER_FLAGS=-L/usr/local/lib'], 'cmake_clean_cache': False, 'cmake_clean_first': False, 'cmake_force_configure': False, 'cmake_target': None, 'cmake_target_skip_unavailable': False, 'install_base': '/Users/yosuke/gits/cxd5602pwbimu_ros2_driver/ros2_ws/install/imu_filter_madgwick', 'merge_install': False, 'path': '/Users/yosuke/gits/cxd5602pwbimu_ros2_driver/ros2_ws/src/imu_tools/imu_filter_madgwick', 'symlink_install': False, 'test_result_base': None}[0m
[0.128s] [34mcolcon.colcon_core.verb[0m [1;30mLevel 5[0m set package 'imu_trajectory_filter' build argument 'cmake_args' from command line to '['-DCMAKE_PREFIX_PATH=/usr/local', '-DCMAKE_CXX_FLAGS=-I/usr/local/include', '-DCMAKE_EXE_LINKER_FLAGS=-L/usr/local/lib']'
[0.128s] [34mcolcon.colcon_core.verb[0m [1;30mLevel 5[0m set package 'imu_trajectory_filter' build argument 'cmake_target' from command line to 'None'
[0.128s] [34mcolcon.colcon_core.verb[0m [1;30mLevel 5[0m set package 'imu_trajectory_filter' build argument 'cmake_target_skip_unavailable' from command line to 'False'
[0.128s] [34mcolcon.colcon_core.verb[0m [1;30mLevel 5[0m set package 'imu_trajectory_filter' build argument 'cmake_clean_cache' from command line to 'False'
[0.128s] [34mcolcon.colcon_core.verb[0m [1;30mLevel 5[0m set package 'imu_trajectory_filter' build argument 'cmake_clean_first' from command line to 'False'
[0.128s] [34mcolcon.colcon_core.verb[0m [1;30mLevel 5[0m set package 'imu_trajectory_filter' build argument 'cmake_force_configure' from command line to 'False'
[0.128s] [34mcolcon.colcon_core.verb[0m [1;30mLevel 5[0m set package 'imu_trajectory_filter' build argument 'ament_cmake_args' from command line to 'None'
[0.128s] [34mcolcon.colcon_core.verb[0m [1;30mLevel 5[0m set package 'imu_trajectory_filter' build argument 'catkin_cmake_args' from command line to 'None'
[0.128s] [34mcolcon.colcon_core.verb[0m [1;30mLevel 5[0m set package 'imu_trajectory_filter' build argument 'catkin_skip_building_tests' from command line to 'False'
[0.128s] [34mcolcon.colcon_core.verb[0m [1;30mDEBUG[0m [32mBuilding package 'imu_trajectory_filter' with the following arguments: {'ament_cmake_args': None, 'build_base': '/Users/yosuke/gits/cxd5602pwbimu_ros2_driver/ros2_ws/build/imu_trajectory_filter', 'catkin_cmake_args': None, 'catkin_skip_building_tests': False, 'cmake_args': ['-DCMAKE_PREFIX_PATH=/usr/local', '-DCMAKE_CXX_FLAGS=-I/usr/local/include', '-DCMAKE_EXE_LINKER_FLAGS=-L/usr/local/lib'], 'cmake_clean_cache': False, 'cmake_clean_first': False, 'cmake_force_configure': False, 'cmake_target': None, 'cmake_target_skip_unavailable': False, 'install_base': '/Users/yosuke/gits/cxd5602pwbimu_ros2_driver/ros2_ws/install/imu_trajectory_filter', 'merge_install': False, 'path': '/Users/yosuke/gits/cxd5602pwbimu_ros2_driver/ros2_ws/src/imu_trajectory_filter', 'symlink_install': False, 'test_result_base': None}[0m
[0.128s] [34mcolcon.colcon_core.verb[0m [1;30mLevel 5[0m set package 'rviz_imu_plugin' build argument 'cmake_args' from command line to '['-DCMAKE_PREFIX_PATH=/usr/local', '-DCMAKE_CXX_FLAGS=-I/usr/local/include', '-DCMAKE_EXE_LINKER_FLAGS=-L/usr/local/lib']'
[0.128s] [34mcolcon.colcon_core.verb[0m [1;30mLevel 5[0m set package 'rviz_imu_plugin' build argument 'cmake_target' from command line to 'None'
[0.128s] [34mcolcon.colcon_core.verb[0m [1;30mLevel 5[0m set package 'rviz_imu_plugin' build argument 'cmake_target_skip_unavailable' from command line to 'False'
[0.128s] [34mcolcon.colcon_core.verb[0m [1;30mLevel 5[0m set package 'rviz_imu_plugin' build argument 'cmake_clean_cache' from command line to 'False'
[0.128s] [34mcolcon.colcon_core.verb[0m [1;30mLevel 5[0m set package 'rviz_imu_plugin' build argument 'cmake_clean_first' from command line to 'False'
[0.128s] [34mcolcon.colcon_core.verb[0m [1;30mLevel 5[0m set package 'rviz_imu_plugin' build argument 'cmake_force_configure' from command line to 'False'
[0.128s] [34mcolcon.colcon_core.verb[0m [1;30mLevel 5[0m set package 'rviz_imu_plugin' build argument 'ament_cmake_args' from command line to 'None'
[0.128s] [34mcolcon.colcon_core.verb[0m [1;30mLevel 5[0m set package 'rviz_imu_plugin' build argument 'catkin_cmake_args' from command line to 'None'
[0.128s] [34mcolcon.colcon_core.verb[0m [1;30mLevel 5[0m set package 'rviz_imu_plugin' build argument 'catkin_skip_building_tests' from command line to 'False'
[0.128s] [34mcolcon.colcon_core.verb[0m [1;30mDEBUG[0m [32mBuilding package 'rviz_imu_plugin' with the following arguments: {'ament_cmake_args': None, 'build_base': '/Users/yosuke/gits/cxd5602pwbimu_ros2_driver/ros2_ws/build/rviz_imu_plugin', 'catkin_cmake_args': None, 'catkin_skip_building_tests': False, 'cmake_args': ['-DCMAKE_PREFIX_PATH=/usr/local', '-DCMAKE_CXX_FLAGS=-I/usr/local/include', '-DCMAKE_EXE_LINKER_FLAGS=-L/usr/local/lib'], 'cmake_clean_cache': False, 'cmake_clean_first': False, 'cmake_force_configure': False, 'cmake_target': None, 'cmake_target_skip_unavailable': False, 'install_base': '/Users/yosuke/gits/cxd5602pwbimu_ros2_driver/ros2_ws/install/rviz_imu_plugin', 'merge_install': False, 'path': '/Users/yosuke/gits/cxd5602pwbimu_ros2_driver/ros2_ws/src/imu_tools/rviz_imu_plugin', 'symlink_install': False, 'test_result_base': None}[0m
[0.128s] [34mcolcon.colcon_core.verb[0m [1;30mLevel 5[0m set package 'cxd5602pwbimu_driver_node' build argument 'cmake_args' from command line to '['-DCMAKE_PREFIX_PATH=/usr/local', '-DCMAKE_CXX_FLAGS=-I/usr/local/include', '-DCMAKE_EXE_LINKER_FLAGS=-L/usr/local/lib']'
[0.128s] [34mcolcon.colcon_core.verb[0m [1;30mLevel 5[0m set package 'cxd5602pwbimu_driver_node' build argument 'cmake_target' from command line to 'None'
[0.128s] [34mcolcon.colcon_core.verb[0m [1;30mLevel 5[0m set package 'cxd5602pwbimu_driver_node' build argument 'cmake_target_skip_unavailable' from command line to 'False'
[0.128s] [34mcolcon.colcon_core.verb[0m [1;30mLevel 5[0m set package 'cxd5602pwbimu_driver_node' build argument 'cmake_clean_cache' from command line to 'False'
[0.128s] [34mcolcon.colcon_core.verb[0m [1;30mLevel 5[0m set package 'cxd5602pwbimu_driver_node' build argument 'cmake_clean_first' from command line to 'False'
[0.128s] [34mcolcon.colcon_core.verb[0m [1;30mLevel 5[0m set package 'cxd5602pwbimu_driver_node' build argument 'cmake_force_configure' from command line to 'False'
[0.128s] [34mcolcon.colcon_core.verb[0m [1;30mLevel 5[0m set package 'cxd5602pwbimu_driver_node' build argument 'ament_cmake_args' from command line to 'None'
[0.128s] [34mcolcon.colcon_core.verb[0m [1;30mLevel 5[0m set package 'cxd5602pwbimu_driver_node' build argument 'catkin_cmake_args' from command line to 'None'
[0.128s] [34mcolcon.colcon_core.verb[0m [1;30mLevel 5[0m set package 'cxd5602pwbimu_driver_node' build argument 'catkin_skip_building_tests' from command line to 'False'
[0.128s] [34mcolcon.colcon_core.verb[0m [1;30mDEBUG[0m [32mBuilding package 'cxd5602pwbimu_driver_node' with the following arguments: {'ament_cmake_args': None, 'build_base': '/Users/yosuke/gits/cxd5602pwbimu_ros2_driver/ros2_ws/build/cxd5602pwbimu_driver_node', 'catkin_cmake_args': None, 'catkin_skip_building_tests': False, 'cmake_args': ['-DCMAKE_PREFIX_PATH=/usr/local', '-DCMAKE_CXX_FLAGS=-I/usr/local/include', '-DCMAKE_EXE_LINKER_FLAGS=-L/usr/local/lib'], 'cmake_clean_cache': False, 'cmake_clean_first': False, 'cmake_force_configure': False, 'cmake_target': None, 'cmake_target_skip_unavailable': False, 'install_base': '/Users/yosuke/gits/cxd5602pwbimu_ros2_driver/ros2_ws/install/cxd5602pwbimu_driver_node', 'merge_install': False, 'path': '/Users/yosuke/gits/cxd5602pwbimu_ros2_driver/ros2_ws/src/cxd5602pwbimu_driver_node', 'symlink_install': False, 'test_result_base': None}[0m
[0.128s] [34mcolcon.colcon_core.verb[0m [1;30mLevel 5[0m set package 'h6x_serial_interface_example' build argument 'cmake_args' from command line to '['-DCMAKE_PREFIX_PATH=/usr/local', '-DCMAKE_CXX_FLAGS=-I/usr/local/include', '-DCMAKE_EXE_LINKER_FLAGS=-L/usr/local/lib']'
[0.128s] [34mcolcon.colcon_core.verb[0m [1;30mLevel 5[0m set package 'h6x_serial_interface_example' build argument 'cmake_target' from command line to 'None'
[0.128s] [34mcolcon.colcon_core.verb[0m [1;30mLevel 5[0m set package 'h6x_serial_interface_example' build argument 'cmake_target_skip_unavailable' from command line to 'False'
[0.128s] [34mcolcon.colcon_core.verb[0m [1;30mLevel 5[0m set package 'h6x_serial_interface_example' build argument 'cmake_clean_cache' from command line to 'False'
[0.128s] [34mcolcon.colcon_core.verb[0m [1;30mLevel 5[0m set package 'h6x_serial_interface_example' build argument 'cmake_clean_first' from command line to 'False'
[0.128s] [34mcolcon.colcon_core.verb[0m [1;30mLevel 5[0m set package 'h6x_serial_interface_example' build argument 'cmake_force_configure' from command line to 'False'
[0.128s] [34mcolcon.colcon_core.verb[0m [1;30mLevel 5[0m set package 'h6x_serial_interface_example' build argument 'ament_cmake_args' from command line to 'None'
[0.128s] [34mcolcon.colcon_core.verb[0m [1;30mLevel 5[0m set package 'h6x_serial_interface_example' build argument 'catkin_cmake_args' from command line to 'None'
[0.128s] [34mcolcon.colcon_core.verb[0m [1;30mLevel 5[0m set package 'h6x_serial_interface_example' build argument 'catkin_skip_building_tests' from command line to 'False'
[0.128s] [34mcolcon.colcon_core.verb[0m [1;30mDEBUG[0m [32mBuilding package 'h6x_serial_interface_example' with the following arguments: {'ament_cmake_args': None, 'build_base': '/Users/yosuke/gits/cxd5602pwbimu_ros2_driver/ros2_ws/build/h6x_serial_interface_example', 'catkin_cmake_args': None, 'catkin_skip_building_tests': False, 'cmake_args': ['-DCMAKE_PREFIX_PATH=/usr/local', '-DCMAKE_CXX_FLAGS=-I/usr/local/include', '-DCMAKE_EXE_LINKER_FLAGS=-L/usr/local/lib'], 'cmake_clean_cache': False, 'cmake_clean_first': False, 'cmake_force_configure': False, 'cmake_target': None, 'cmake_target_skip_unavailable': False, 'install_base': '/Users/yosuke/gits/cxd5602pwbimu_ros2_driver/ros2_ws/install/h6x_serial_interface_example', 'merge_install': False, 'path': '/Users/yosuke/gits/cxd5602pwbimu_ros2_driver/ros2_ws/src/h6x_serial_interface/h6x_serial_interface_example', 'symlink_install': False, 'test_result_base': None}[0m
[0.128s] [34mcolcon.colcon_core.verb[0m [1;30mLevel 5[0m set package 'imu_tools' build argument 'cmake_args' from command line to '['-DCMAKE_PREFIX_PATH=/usr/local', '-DCMAKE_CXX_FLAGS=-I/usr/local/include', '-DCMAKE_EXE_LINKER_FLAGS=-L/usr/local/lib']'
[0.128s] [34mcolcon.colcon_core.verb[0m [1;30mLevel 5[0m set package 'imu_tools' build argument 'cmake_target' from command line to 'None'
[0.128s] [34mcolcon.colcon_core.verb[0m [1;30mLevel 5[0m set package 'imu_tools' build argument 'cmake_target_skip_unavailable' from command line to 'False'
[0.128s] [34mcolcon.colcon_core.verb[0m [1;30mLevel 5[0m set package 'imu_tools' build argument 'cmake_clean_cache' from command line to 'False'
[0.128s] [34mcolcon.colcon_core.verb[0m [1;30mLevel 5[0m set package 'imu_tools' build argument 'cmake_clean_first' from command line to 'False'
[0.128s] [34mcolcon.colcon_core.verb[0m [1;30mLevel 5[0m set package 'imu_tools' build argument 'cmake_force_configure' from command line to 'False'
[0.128s] [34mcolcon.colcon_core.verb[0m [1;30mLevel 5[0m set package 'imu_tools' build argument 'ament_cmake_args' from command line to 'None'
[0.128s] [34mcolcon.colcon_core.verb[0m [1;30mLevel 5[0m set package 'imu_tools' build argument 'catkin_cmake_args' from command line to 'None'
[0.128s] [34mcolcon.colcon_core.verb[0m [1;30mLevel 5[0m set package 'imu_tools' build argument 'catkin_skip_building_tests' from command line to 'False'
[0.128s] [34mcolcon.colcon_core.verb[0m [1;30mDEBUG[0m [32mBuilding package 'imu_tools' with the following arguments: {'ament_cmake_args': None, 'build_base': '/Users/yosuke/gits/cxd5602pwbimu_ros2_driver/ros2_ws/build/imu_tools', 'catkin_cmake_args': None, 'catkin_skip_building_tests': False, 'cmake_args': ['-DCMAKE_PREFIX_PATH=/usr/local', '-DCMAKE_CXX_FLAGS=-I/usr/local/include', '-DCMAKE_EXE_LINKER_FLAGS=-L/usr/local/lib'], 'cmake_clean_cache': False, 'cmake_clean_first': False, 'cmake_force_configure': False, 'cmake_target': None, 'cmake_target_skip_unavailable': False, 'install_base': '/Users/yosuke/gits/cxd5602pwbimu_ros2_driver/ros2_ws/install/imu_tools', 'merge_install': False, 'path': '/Users/yosuke/gits/cxd5602pwbimu_ros2_driver/ros2_ws/src/imu_tools/imu_tools', 'symlink_install': False, 'test_result_base': None}[0m
[0.128s] [34mcolcon.colcon_core.verb[0m [1;30mLevel 5[0m set package 'cxd5602pwbimu_driver_bringup' build argument 'cmake_args' from command line to '['-DCMAKE_PREFIX_PATH=/usr/local', '-DCMAKE_CXX_FLAGS=-I/usr/local/include', '-DCMAKE_EXE_LINKER_FLAGS=-L/usr/local/lib']'
[0.128s] [34mcolcon.colcon_core.verb[0m [1;30mLevel 5[0m set package 'cxd5602pwbimu_driver_bringup' build argument 'cmake_target' from command line to 'None'
[0.129s] [34mcolcon.colcon_core.verb[0m [1;30mLevel 5[0m set package 'cxd5602pwbimu_driver_bringup' build argument 'cmake_target_skip_unavailable' from command line to 'False'
[0.129s] [34mcolcon.colcon_core.verb[0m [1;30mLevel 5[0m set package 'cxd5602pwbimu_driver_bringup' build argument 'cmake_clean_cache' from command line to 'False'
[0.129s] [34mcolcon.colcon_core.verb[0m [1;30mLevel 5[0m set package 'cxd5602pwbimu_driver_bringup' build argument 'cmake_clean_first' from command line to 'False'
[0.129s] [34mcolcon.colcon_core.verb[0m [1;30mLevel 5[0m set package 'cxd5602pwbimu_driver_bringup' build argument 'cmake_force_configure' from command line to 'False'
[0.129s] [34mcolcon.colcon_core.verb[0m [1;30mLevel 5[0m set package 'cxd5602pwbimu_driver_bringup' build argument 'ament_cmake_args' from command line to 'None'
[0.129s] [34mcolcon.colcon_core.verb[0m [1;30mLevel 5[0m set package 'cxd5602pwbimu_driver_bringup' build argument 'catkin_cmake_args' from command line to 'None'
[0.129s] [34mcolcon.colcon_core.verb[0m [1;30mLevel 5[0m set package 'cxd5602pwbimu_driver_bringup' build argument 'catkin_skip_building_tests' from command line to 'False'
[0.129s] [34mcolcon.colcon_core.verb[0m [1;30mDEBUG[0m [32mBuilding package 'cxd5602pwbimu_driver_bringup' with the following arguments: {'ament_cmake_args': None, 'build_base': '/Users/yosuke/gits/cxd5602pwbimu_ros2_driver/ros2_ws/build/cxd5602pwbimu_driver_bringup', 'catkin_cmake_args': None, 'catkin_skip_building_tests': False, 'cmake_args': ['-DCMAKE_PREFIX_PATH=/usr/local', '-DCMAKE_CXX_FLAGS=-I/usr/local/include', '-DCMAKE_EXE_LINKER_FLAGS=-L/usr/local/lib'], 'cmake_clean_cache': False, 'cmake_clean_first': False, 'cmake_force_configure': False, 'cmake_target': None, 'cmake_target_skip_unavailable': False, 'install_base': '/Users/yosuke/gits/cxd5602pwbimu_ros2_driver/ros2_ws/install/cxd5602pwbimu_driver_bringup', 'merge_install': False, 'path': '/Users/yosuke/gits/cxd5602pwbimu_ros2_driver/ros2_ws/src/cxd5602pwbimu_driver_bringup', 'symlink_install': False, 'test_result_base': None}[0m
[0.129s] [34mcolcon.colcon_core.verb[0m [1;30mLevel 5[0m set package 'cxd5602pwbimu_driver' build argument 'cmake_args' from command line to '['-DCMAKE_PREFIX_PATH=/usr/local', '-DCMAKE_CXX_FLAGS=-I/usr/local/include', '-DCMAKE_EXE_LINKER_FLAGS=-L/usr/local/lib']'
[0.129s] [34mcolcon.colcon_core.verb[0m [1;30mLevel 5[0m set package 'cxd5602pwbimu_driver' build argument 'cmake_target' from command line to 'None'
[0.129s] [34mcolcon.colcon_core.verb[0m [1;30mLevel 5[0m set package 'cxd5602pwbimu_driver' build argument 'cmake_target_skip_unavailable' from command line to 'False'
[0.129s] [34mcolcon.colcon_core.verb[0m [1;30mLevel 5[0m set package 'cxd5602pwbimu_driver' build argument 'cmake_clean_cache' from command line to 'False'
[0.129s] [34mcolcon.colcon_core.verb[0m [1;30mLevel 5[0m set package 'cxd5602pwbimu_driver' build argument 'cmake_clean_first' from command line to 'False'
[0.129s] [34mcolcon.colcon_core.verb[0m [1;30mLevel 5[0m set package 'cxd5602pwbimu_driver' build argument 'cmake_force_configure' from command line to 'False'
[0.129s] [34mcolcon.colcon_core.verb[0m [1;30mLevel 5[0m set package 'cxd5602pwbimu_driver' build argument 'ament_cmake_args' from command line to 'None'
[0.129s] [34mcolcon.colcon_core.verb[0m [1;30mLevel 5[0m set package 'cxd5602pwbimu_driver' build argument 'catkin_cmake_args' from command line to 'None'
[0.129s] [34mcolcon.colcon_core.verb[0m [1;30mLevel 5[0m set package 'cxd5602pwbimu_driver' build argument 'catkin_skip_building_tests' from command line to 'False'
[0.129s] [34mcolcon.colcon_core.verb[0m [1;30mDEBUG[0m [32mBuilding package 'cxd5602pwbimu_driver' with the following arguments: {'ament_cmake_args': None, 'build_base': '/Users/yosuke/gits/cxd5602pwbimu_ros2_driver/ros2_ws/build/cxd5602pwbimu_driver', 'catkin_cmake_args': None, 'catkin_skip_building_tests': False, 'cmake_args': ['-DCMAKE_PREFIX_PATH=/usr/local', '-DCMAKE_CXX_FLAGS=-I/usr/local/include', '-DCMAKE_EXE_LINKER_FLAGS=-L/usr/local/lib'], 'cmake_clean_cache': False, 'cmake_clean_first': False, 'cmake_force_configure': False, 'cmake_target': None, 'cmake_target_skip_unavailable': False, 'install_base': '/Users/yosuke/gits/cxd5602pwbimu_ros2_driver/ros2_ws/install/cxd5602pwbimu_driver', 'merge_install': False, 'path': '/Users/yosuke/gits/cxd5602pwbimu_ros2_driver/ros2_ws/src/cxd5602pwbimu_driver', 'symlink_install': False, 'test_result_base': None}[0m
[0.129s] [34mcolcon.colcon_core.executor[0m [1;30mINFO[0m Executing jobs using 'parallel' executor
[0.129s] [34mcolcon.colcon_parallel_executor.executor.parallel[0m [1;30mDEBUG[0m [32mrun_until_complete[0m
[0.129s] [34mcolcon.colcon_ros.task.ament_cmake.build[0m [1;30mINFO[0m Building ROS package in '/Users/yosuke/gits/cxd5602pwbimu_ros2_driver/ros2_ws/src/h6x_serial_interface/h6x_serial_interface' with build type 'ament_cmake'
[0.129s] [34mcolcon.colcon_cmake.task.cmake.build[0m [1;30mINFO[0m Building CMake package in '/Users/yosuke/gits/cxd5602pwbimu_ros2_driver/ros2_ws/src/h6x_serial_interface/h6x_serial_interface'
[0.130s] [34mcolcon.colcon_core.plugin_system[0m [1;30mINFO[0m Skipping extension 'colcon_core.shell.bat': Not used on non-Windows systems
[0.130s] [34mcolcon.colcon_core.shell[0m [1;30mINFO[0m Skip shell extension 'powershell' for command environment: Not usable outside of PowerShell
[0.130s] [34mcolcon.colcon_core.shell[0m [1;30mDEBUG[0m [32mSkip shell extension 'dsv' for command environment[0m
[0.130s] [34mcolcon.colcon_ros.prefix_path.ament[0m [1;30mWARNING[0m [33mThe path '/Users/yosuke/gits/cxd5602pwbimu_ros2_driver/ros2_ws/install/imu_tools' in the environment variable AMENT_PREFIX_PATH doesn't exist[0m
[0.131s] [34mcolcon.colcon_ros.prefix_path.ament[0m [1;30mWARNING[0m [33mThe path '/Users/yosuke/gits/cxd5602pwbimu_ros2_driver/ros2_ws/install/rviz_imu_plugin' in the environment variable AMENT_PREFIX_PATH doesn't exist[0m
[0.131s] [34mcolcon.colcon_ros.prefix_path.ament[0m [1;30mWARNING[0m [33mThe path '/Users/yosuke/gits/cxd5602pwbimu_ros2_driver/ros2_ws/install/imu_trajectory_filter' in the environment variable AMENT_PREFIX_PATH doesn't exist[0m
[0.131s] [34mcolcon.colcon_ros.prefix_path.ament[0m [1;30mWARNING[0m [33mThe path '/Users/yosuke/gits/cxd5602pwbimu_ros2_driver/ros2_ws/install/cxd5602pwbimu_driver' in the environment variable AMENT_PREFIX_PATH doesn't exist[0m
[0.131s] [34mcolcon.colcon_ros.prefix_path.ament[0m [1;30mWARNING[0m [33mThe path '/Users/yosuke/gits/cxd5602pwbimu_ros2_driver/ros2_ws/install/cxd5602pwbimu_driver_bringup' in the environment variable AMENT_PREFIX_PATH doesn't exist[0m
[0.131s] [34mcolcon.colcon_ros.prefix_path.ament[0m [1;30mWARNING[0m [33mThe path '/Users/yosuke/gits/cxd5602pwbimu_ros2_driver/ros2_ws/install/imu_filter_madgwick' in the environment variable AMENT_PREFIX_PATH doesn't exist[0m
[0.131s] [34mcolcon.colcon_ros.prefix_path.ament[0m [1;30mWARNING[0m [33mThe path '/Users/yosuke/gits/cxd5602pwbimu_ros2_driver/ros2_ws/install/imu_complementary_filter' in the environment variable AMENT_PREFIX_PATH doesn't exist[0m
[0.131s] [34mcolcon.colcon_ros.prefix_path.ament[0m [1;30mWARNING[0m [33mThe path '/Users/yosuke/gits/cxd5602pwbimu_ros2_driver/ros2_ws/install/h6x_serial_interface_example' in the environment variable AMENT_PREFIX_PATH doesn't exist[0m
[0.131s] [34mcolcon.colcon_ros.prefix_path.ament[0m [1;30mWARNING[0m [33mThe path '/Users/yosuke/gits/cxd5602pwbimu_ros2_driver/ros2_ws/install/cxd5602pwbimu_driver_node' in the environment variable AMENT_PREFIX_PATH doesn't exist[0m
[0.131s] [34mcolcon.colcon_ros.prefix_path.ament[0m [1;30mWARNING[0m [33mThe path '/Users/yosuke/gits/cxd5602pwbimu_ros2_driver/ros2_ws/install/h6x_serial_interface' in the environment variable AMENT_PREFIX_PATH doesn't exist[0m
[0.131s] [34mcolcon.colcon_ros.prefix_path.ament[0m [1;30mWARNING[0m [33mThe path '/Users/yosuke/gits/cxd5602pwbimu_ros2_driver/ros2_ws/install/h6x_packet_handler' in the environment variable AMENT_PREFIX_PATH doesn't exist[0m
[0.131s] [34mcolcon.colcon_ros.prefix_path.catkin[0m [1;30mWARNING[0m [33mThe path '/Users/yosuke/gits/cxd5602pwbimu_ros2_driver/ros2_ws/install/imu_tools' in the environment variable CMAKE_PREFIX_PATH doesn't exist[0m
[0.131s] [34mcolcon.colcon_ros.prefix_path.catkin[0m [1;30mWARNING[0m [33mThe path '/Users/yosuke/gits/cxd5602pwbimu_ros2_driver/ros2_ws/install/rviz_imu_plugin' in the environment variable CMAKE_PREFIX_PATH doesn't exist[0m
[0.131s] [34mcolcon.colcon_ros.prefix_path.catkin[0m [1;30mWARNING[0m [33mThe path '/Users/yosuke/gits/cxd5602pwbimu_ros2_driver/ros2_ws/install/imu_trajectory_filter' in the environment variable CMAKE_PREFIX_PATH doesn't exist[0m
[0.131s] [34mcolcon.colcon_ros.prefix_path.catkin[0m [1;30mWARNING[0m [33mThe path '/Users/yosuke/gits/cxd5602pwbimu_ros2_driver/ros2_ws/install/cxd5602pwbimu_driver' in the environment variable CMAKE_PREFIX_PATH doesn't exist[0m
[0.131s] [34mcolcon.colcon_ros.prefix_path.catkin[0m [1;30mWARNING[0m [33mThe path '/Users/yosuke/gits/cxd5602pwbimu_ros2_driver/ros2_ws/install/imu_filter_madgwick' in the environment variable CMAKE_PREFIX_PATH doesn't exist[0m
[0.131s] [34mcolcon.colcon_ros.prefix_path.catkin[0m [1;30mWARNING[0m [33mThe path '/Users/yosuke/gits/cxd5602pwbimu_ros2_driver/ros2_ws/install/imu_complementary_filter' in the environment variable CMAKE_PREFIX_PATH doesn't exist[0m
[0.131s] [34mcolcon.colcon_ros.prefix_path.catkin[0m [1;30mWARNING[0m [33mThe path '/Users/yosuke/gits/cxd5602pwbimu_ros2_driver/ros2_ws/install/h6x_serial_interface_example' in the environment variable CMAKE_PREFIX_PATH doesn't exist[0m
[0.131s] [34mcolcon.colcon_ros.prefix_path.catkin[0m [1;30mWARNING[0m [33mThe path '/Users/yosuke/gits/cxd5602pwbimu_ros2_driver/ros2_ws/install/cxd5602pwbimu_driver_node' in the environment variable CMAKE_PREFIX_PATH doesn't exist[0m
[0.131s] [34mcolcon.colcon_ros.prefix_path.catkin[0m [1;30mWARNING[0m [33mThe path '/Users/yosuke/gits/cxd5602pwbimu_ros2_driver/ros2_ws/install/h6x_serial_interface' in the environment variable CMAKE_PREFIX_PATH doesn't exist[0m
[0.131s] [34mcolcon.colcon_ros.prefix_path.catkin[0m [1;30mWARNING[0m [33mThe path '/Users/yosuke/gits/cxd5602pwbimu_ros2_driver/ros2_ws/install/h6x_packet_handler' in the environment variable CMAKE_PREFIX_PATH doesn't exist[0m
[0.134s] [34mcolcon.colcon_ros.task.ament_cmake.build[0m [1;30mINFO[0m Building ROS package in '/Users/yosuke/gits/cxd5602pwbimu_ros2_driver/ros2_ws/src/imu_tools/imu_filter_madgwick' with build type 'ament_cmake'
[0.134s] [34mcolcon.colcon_cmake.task.cmake.build[0m [1;30mINFO[0m Building CMake package in '/Users/yosuke/gits/cxd5602pwbimu_ros2_driver/ros2_ws/src/imu_tools/imu_filter_madgwick'
[0.134s] [34mcolcon.colcon_core.shell[0m [1;30mINFO[0m Skip shell extension 'powershell' for command environment: Not usable outside of PowerShell
[0.134s] [34mcolcon.colcon_core.shell[0m [1;30mDEBUG[0m [32mSkip shell extension 'dsv' for command environment[0m
[0.136s] [34mcolcon.colcon_ros.task.ament_cmake.build[0m [1;30mINFO[0m Building ROS package in '/Users/yosuke/gits/cxd5602pwbimu_ros2_driver/ros2_ws/src/imu_tools/imu_complementary_filter' with build type 'ament_cmake'
[0.136s] [34mcolcon.colcon_cmake.task.cmake.build[0m [1;30mINFO[0m Building CMake package in '/Users/yosuke/gits/cxd5602pwbimu_ros2_driver/ros2_ws/src/imu_tools/imu_complementary_filter'
[0.137s] [34mcolcon.colcon_core.shell[0m [1;30mINFO[0m Skip shell extension 'powershell' for command environment: Not usable outside of PowerShell
[0.137s] [34mcolcon.colcon_core.shell[0m [1;30mDEBUG[0m [32mSkip shell extension 'dsv' for command environment[0m
[0.141s] [34mcolcon.colcon_ros.task.ament_cmake.build[0m [1;30mINFO[0m Building ROS package in '/Users/yosuke/gits/cxd5602pwbimu_ros2_driver/ros2_ws/src/imu_tools/rviz_imu_plugin' with build type 'ament_cmake'
[0.141s] [34mcolcon.colcon_cmake.task.cmake.build[0m [1;30mINFO[0m Building CMake package in '/Users/yosuke/gits/cxd5602pwbimu_ros2_driver/ros2_ws/src/imu_tools/rviz_imu_plugin'
[0.142s] [34mcolcon.colcon_core.shell[0m [1;30mINFO[0m Skip shell extension 'powershell' for command environment: Not usable outside of PowerShell
[0.142s] [34mcolcon.colcon_core.shell[0m [1;30mDEBUG[0m [32mSkip shell extension 'dsv' for command environment[0m
[0.145s] [34mcolcon.colcon_ros.task.ament_cmake.build[0m [1;30mINFO[0m Building ROS package in '/Users/yosuke/gits/cxd5602pwbimu_ros2_driver/ros2_ws/src/h6x_serial_interface/h6x_packet_handler' with build type 'ament_cmake'
[0.145s] [34mcolcon.colcon_cmake.task.cmake.build[0m [1;30mINFO[0m Building CMake package in '/Users/yosuke/gits/cxd5602pwbimu_ros2_driver/ros2_ws/src/h6x_serial_interface/h6x_packet_handler'
[0.145s] [34mcolcon.colcon_core.shell[0m [1;30mINFO[0m Skip shell extension 'powershell' for command environment: Not usable outside of PowerShell
[0.145s] [34mcolcon.colcon_core.shell[0m [1;30mDEBUG[0m [32mSkip shell extension 'dsv' for command environment[0m
[0.150s] [34mcolcon.colcon_ros.task.ament_cmake.build[0m [1;30mINFO[0m Building ROS package in '/Users/yosuke/gits/cxd5602pwbimu_ros2_driver/ros2_ws/src/imu_trajectory_filter' with build type 'ament_cmake'
[0.151s] [34mcolcon.colcon_cmake.task.cmake.build[0m [1;30mINFO[0m Building CMake package in '/Users/yosuke/gits/cxd5602pwbimu_ros2_driver/ros2_ws/src/imu_trajectory_filter'
[0.151s] [34mcolcon.colcon_core.shell[0m [1;30mINFO[0m Skip shell extension 'powershell' for command environment: Not usable outside of PowerShell
[0.151s] [34mcolcon.colcon_core.shell[0m [1;30mDEBUG[0m [32mSkip shell extension 'dsv' for command environment[0m
[0.161s] [34mcolcon.colcon_core.event_handler.log_command[0m [1;30mDEBUG[0m [32mInvoking command in '/Users/yosuke/gits/cxd5602pwbimu_ros2_driver/ros2_ws/build/h6x_serial_interface': CMAKE_PREFIX_PATH=${CMAKE_PREFIX_PATH}:/Users/yosuke/gits/cxd5602pwbimu_ros2_driver/ros2_ws/install/cxd5602pwbimu_driver_bringup:/Users/yosuke/miniforge3/envs/ros_env CONDA_PROMPT_MODIFIER=(ros_env) SHLVL=2 _=/Users/yosuke/miniforge3/envs/ros_env/bin/env /Users/yosuke/miniforge3/envs/ros_env/bin/cmake /Users/yosuke/gits/cxd5602pwbimu_ros2_driver/ros2_ws/src/h6x_serial_interface/h6x_serial_interface -DCMAKE_PREFIX_PATH=/usr/local -DCMAKE_CXX_FLAGS=-I/usr/local/include -DCMAKE_EXE_LINKER_FLAGS=-L/usr/local/lib -DCMAKE_INSTALL_PREFIX=/Users/yosuke/gits/cxd5602pwbimu_ros2_driver/ros2_ws/install/h6x_serial_interface[0m
[0.162s] [34mcolcon.colcon_core.event_handler.log_command[0m [1;30mDEBUG[0m [32mInvoking command in '/Users/yosuke/gits/cxd5602pwbimu_ros2_driver/ros2_ws/build/imu_filter_madgwick': CMAKE_PREFIX_PATH=${CMAKE_PREFIX_PATH}:/Users/yosuke/gits/cxd5602pwbimu_ros2_driver/ros2_ws/install/cxd5602pwbimu_driver_bringup:/Users/yosuke/miniforge3/envs/ros_env CONDA_PROMPT_MODIFIER=(ros_env) SHLVL=2 _=/Users/yosuke/miniforge3/envs/ros_env/bin/env /Users/yosuke/miniforge3/envs/ros_env/bin/cmake /Users/yosuke/gits/cxd5602pwbimu_ros2_driver/ros2_ws/src/imu_tools/imu_filter_madgwick -DCMAKE_PREFIX_PATH=/usr/local -DCMAKE_CXX_FLAGS=-I/usr/local/include -DCMAKE_EXE_LINKER_FLAGS=-L/usr/local/lib -DCMAKE_INSTALL_PREFIX=/Users/yosuke/gits/cxd5602pwbimu_ros2_driver/ros2_ws/install/imu_filter_madgwick[0m
[0.168s] [34mcolcon.colcon_core.event_handler.log_command[0m [1;30mDEBUG[0m [32mInvoking command in '/Users/yosuke/gits/cxd5602pwbimu_ros2_driver/ros2_ws/build/imu_complementary_filter': CMAKE_PREFIX_PATH=${CMAKE_PREFIX_PATH}:/Users/yosuke/gits/cxd5602pwbimu_ros2_driver/ros2_ws/install/cxd5602pwbimu_driver_bringup:/Users/yosuke/miniforge3/envs/ros_env CONDA_PROMPT_MODIFIER=(ros_env) SHLVL=2 _=/Users/yosuke/miniforge3/envs/ros_env/bin/env /Users/yosuke/miniforge3/envs/ros_env/bin/cmake /Users/yosuke/gits/cxd5602pwbimu_ros2_driver/ros2_ws/src/imu_tools/imu_complementary_filter -DCMAKE_PREFIX_PATH=/usr/local -DCMAKE_CXX_FLAGS=-I/usr/local/include -DCMAKE_EXE_LINKER_FLAGS=-L/usr/local/lib -DCMAKE_INSTALL_PREFIX=/Users/yosuke/gits/cxd5602pwbimu_ros2_driver/ros2_ws/install/imu_complementary_filter[0m
[0.172s] [34mcolcon.colcon_core.event_handler.log_command[0m [1;30mDEBUG[0m [32mInvoking command in '/Users/yosuke/gits/cxd5602pwbimu_ros2_driver/ros2_ws/build/rviz_imu_plugin': CMAKE_PREFIX_PATH=${CMAKE_PREFIX_PATH}:/Users/yosuke/gits/cxd5602pwbimu_ros2_driver/ros2_ws/install/cxd5602pwbimu_driver_bringup:/Users/yosuke/miniforge3/envs/ros_env CONDA_PROMPT_MODIFIER=(ros_env) SHLVL=2 _=/Users/yosuke/miniforge3/envs/ros_env/bin/env /Users/yosuke/miniforge3/envs/ros_env/bin/cmake /Users/yosuke/gits/cxd5602pwbimu_ros2_driver/ros2_ws/src/imu_tools/rviz_imu_plugin -DCMAKE_PREFIX_PATH=/usr/local -DCMAKE_CXX_FLAGS=-I/usr/local/include -DCMAKE_EXE_LINKER_FLAGS=-L/usr/local/lib -DCMAKE_INSTALL_PREFIX=/Users/yosuke/gits/cxd5602pwbimu_ros2_driver/ros2_ws/install/rviz_imu_plugin[0m
[0.177s] [34mcolcon.colcon_core.event_handler.log_command[0m [1;30mDEBUG[0m [32mInvoking command in '/Users/yosuke/gits/cxd5602pwbimu_ros2_driver/ros2_ws/build/h6x_packet_handler': CMAKE_PREFIX_PATH=${CMAKE_PREFIX_PATH}:/Users/yosuke/gits/cxd5602pwbimu_ros2_driver/ros2_ws/install/cxd5602pwbimu_driver_bringup:/Users/yosuke/miniforge3/envs/ros_env CONDA_PROMPT_MODIFIER=(ros_env) SHLVL=2 _=/Users/yosuke/miniforge3/envs/ros_env/bin/env /Users/yosuke/miniforge3/envs/ros_env/bin/cmake /Users/yosuke/gits/cxd5602pwbimu_ros2_driver/ros2_ws/src/h6x_serial_interface/h6x_packet_handler -DCMAKE_PREFIX_PATH=/usr/local -DCMAKE_CXX_FLAGS=-I/usr/local/include -DCMAKE_EXE_LINKER_FLAGS=-L/usr/local/lib -DCMAKE_INSTALL_PREFIX=/Users/yosuke/gits/cxd5602pwbimu_ros2_driver/ros2_ws/install/h6x_packet_handler[0m
[0.183s] [34mcolcon.colcon_core.event_handler.log_command[0m [1;30mDEBUG[0m [32mInvoking command in '/Users/yosuke/gits/cxd5602pwbimu_ros2_driver/ros2_ws/build/imu_trajectory_filter': CMAKE_PREFIX_PATH=${CMAKE_PREFIX_PATH}:/Users/yosuke/gits/cxd5602pwbimu_ros2_driver/ros2_ws/install/cxd5602pwbimu_driver_bringup:/Users/yosuke/miniforge3/envs/ros_env CONDA_PROMPT_MODIFIER=(ros_env) SHLVL=2 _=/Users/yosuke/miniforge3/envs/ros_env/bin/env /Users/yosuke/miniforge3/envs/ros_env/bin/cmake /Users/yosuke/gits/cxd5602pwbimu_ros2_driver/ros2_ws/src/imu_trajectory_filter -DCMAKE_PREFIX_PATH=/usr/local -DCMAKE_CXX_FLAGS=-I/usr/local/include -DCMAKE_EXE_LINKER_FLAGS=-L/usr/local/lib -DCMAKE_INSTALL_PREFIX=/Users/yosuke/gits/cxd5602pwbimu_ros2_driver/ros2_ws/install/imu_trajectory_filter[0m
[2.275s] [34mcolcon.colcon_core.event_handler.log_command[0m [1;30mDEBUG[0m [32mInvoked command in '/Users/yosuke/gits/cxd5602pwbimu_ros2_driver/ros2_ws/build/h6x_packet_handler' returned '0': CMAKE_PREFIX_PATH=${CMAKE_PREFIX_PATH}:/Users/yosuke/gits/cxd5602pwbimu_ros2_driver/ros2_ws/install/cxd5602pwbimu_driver_bringup:/Users/yosuke/miniforge3/envs/ros_env CONDA_PROMPT_MODIFIER=(ros_env) SHLVL=2 _=/Users/yosuke/miniforge3/envs/ros_env/bin/env /Users/yosuke/miniforge3/envs/ros_env/bin/cmake /Users/yosuke/gits/cxd5602pwbimu_ros2_driver/ros2_ws/src/h6x_serial_interface/h6x_packet_handler -DCMAKE_PREFIX_PATH=/usr/local -DCMAKE_CXX_FLAGS=-I/usr/local/include -DCMAKE_EXE_LINKER_FLAGS=-L/usr/local/lib -DCMAKE_INSTALL_PREFIX=/Users/yosuke/gits/cxd5602pwbimu_ros2_driver/ros2_ws/install/h6x_packet_handler[0m
[2.279s] [34mcolcon.colcon_core.event_handler.log_command[0m [1;30mDEBUG[0m [32mInvoking command in '/Users/yosuke/gits/cxd5602pwbimu_ros2_driver/ros2_ws/build/h6x_packet_handler': CMAKE_PREFIX_PATH=${CMAKE_PREFIX_PATH}:/Users/yosuke/gits/cxd5602pwbimu_ros2_driver/ros2_ws/install/cxd5602pwbimu_driver_bringup:/Users/yosuke/miniforge3/envs/ros_env CONDA_PROMPT_MODIFIER=(ros_env) SHLVL=2 _=/Users/yosuke/miniforge3/envs/ros_env/bin/env /Users/yosuke/miniforge3/envs/ros_env/bin/cmake --build /Users/yosuke/gits/cxd5602pwbimu_ros2_driver/ros2_ws/build/h6x_packet_handler -- -j10 -l10[0m
[4.903s] [34mcolcon.colcon_core.event_handler.log_command[0m [1;30mDEBUG[0m [32mInvoked command in '/Users/yosuke/gits/cxd5602pwbimu_ros2_driver/ros2_ws/build/h6x_packet_handler' returned '0': CMAKE_PREFIX_PATH=${CMAKE_PREFIX_PATH}:/Users/yosuke/gits/cxd5602pwbimu_ros2_driver/ros2_ws/install/cxd5602pwbimu_driver_bringup:/Users/yosuke/miniforge3/envs/ros_env CONDA_PROMPT_MODIFIER=(ros_env) SHLVL=2 _=/Users/yosuke/miniforge3/envs/ros_env/bin/env /Users/yosuke/miniforge3/envs/ros_env/bin/cmake --build /Users/yosuke/gits/cxd5602pwbimu_ros2_driver/ros2_ws/build/h6x_packet_handler -- -j10 -l10[0m
[5.390s] [34mcolcon.colcon_core.event_handler.log_command[0m [1;30mDEBUG[0m [32mInvoking command in '/Users/yosuke/gits/cxd5602pwbimu_ros2_driver/ros2_ws/build/h6x_packet_handler': CMAKE_PREFIX_PATH=${CMAKE_PREFIX_PATH}:/Users/yosuke/gits/cxd5602pwbimu_ros2_driver/ros2_ws/install/cxd5602pwbimu_driver_bringup:/Users/yosuke/miniforge3/envs/ros_env CONDA_PROMPT_MODIFIER=(ros_env) SHLVL=2 _=/Users/yosuke/miniforge3/envs/ros_env/bin/env /Users/yosuke/miniforge3/envs/ros_env/bin/cmake --install /Users/yosuke/gits/cxd5602pwbimu_ros2_driver/ros2_ws/build/h6x_packet_handler[0m
[5.410s] [34mcolcon.colcon_core.environment[0m [1;30mLevel 1[0m create_environment_scripts_only(h6x_packet_handler)
[5.411s] [34mcolcon.colcon_core.event_handler.log_command[0m [1;30mDEBUG[0m [32mInvoked command in '/Users/yosuke/gits/cxd5602pwbimu_ros2_driver/ros2_ws/build/h6x_packet_handler' returned '0': CMAKE_PREFIX_PATH=${CMAKE_PREFIX_PATH}:/Users/yosuke/gits/cxd5602pwbimu_ros2_driver/ros2_ws/install/cxd5602pwbimu_driver_bringup:/Users/yosuke/miniforge3/envs/ros_env CONDA_PROMPT_MODIFIER=(ros_env) SHLVL=2 _=/Users/yosuke/miniforge3/envs/ros_env/bin/env /Users/yosuke/miniforge3/envs/ros_env/bin/cmake --install /Users/yosuke/gits/cxd5602pwbimu_ros2_driver/ros2_ws/build/h6x_packet_handler[0m
[5.412s] [34mcolcon.colcon_core.environment[0m [1;30mLevel 1[0m checking '/Users/yosuke/gits/cxd5602pwbimu_ros2_driver/ros2_ws/install/h6x_packet_handler' for CMake module files
[5.412s] [34mcolcon.colcon_core.environment[0m [1;30mLevel 1[0m checking '/Users/yosuke/gits/cxd5602pwbimu_ros2_driver/ros2_ws/install/h6x_packet_handler' for CMake config files
[5.413s] [34mcolcon.colcon_core.shell[0m [1;30mLevel 1[0m create_environment_hook('h6x_packet_handler', 'cmake_prefix_path')
[5.413s] [34mcolcon.colcon_core.shell[0m [1;30mINFO[0m Creating environment hook '/Users/yosuke/gits/cxd5602pwbimu_ros2_driver/ros2_ws/install/h6x_packet_handler/share/h6x_packet_handler/hook/cmake_prefix_path.ps1'
[5.413s] [34mcolcon.colcon_core.shell[0m [1;30mINFO[0m Creating environment descriptor '/Users/yosuke/gits/cxd5602pwbimu_ros2_driver/ros2_ws/install/h6x_packet_handler/share/h6x_packet_handler/hook/cmake_prefix_path.dsv'
[5.413s] [34mcolcon.colcon_core.shell[0m [1;30mINFO[0m Creating environment hook '/Users/yosuke/gits/cxd5602pwbimu_ros2_driver/ros2_ws/install/h6x_packet_handler/share/h6x_packet_handler/hook/cmake_prefix_path.sh'
[5.414s] [34mcolcon.colcon_core.environment[0m [1;30mLevel 1[0m checking '/Users/yosuke/gits/cxd5602pwbimu_ros2_driver/ros2_ws/install/h6x_packet_handler/lib'
[5.414s] [34mcolcon.colcon_core.shell[0m [1;30mLevel 1[0m create_environment_hook('h6x_packet_handler', 'dyld_library_path')
[5.414s] [34mcolcon.colcon_core.shell[0m [1;30mINFO[0m Creating environment hook '/Users/yosuke/gits/cxd5602pwbimu_ros2_driver/ros2_ws/install/h6x_packet_handler/share/h6x_packet_handler/hook/dyld_library_path.ps1'
[5.414s] [34mcolcon.colcon_core.shell[0m [1;30mINFO[0m Creating environment descriptor '/Users/yosuke/gits/cxd5602pwbimu_ros2_driver/ros2_ws/install/h6x_packet_handler/share/h6x_packet_handler/hook/dyld_library_path.dsv'
[5.414s] [34mcolcon.colcon_core.shell[0m [1;30mINFO[0m Creating environment hook '/Users/yosuke/gits/cxd5602pwbimu_ros2_driver/ros2_ws/install/h6x_packet_handler/share/h6x_packet_handler/hook/dyld_library_path.sh'
[5.414s] [34mcolcon.colcon_core.environment[0m [1;30mLevel 1[0m checking '/Users/yosuke/gits/cxd5602pwbimu_ros2_driver/ros2_ws/install/h6x_packet_handler/bin'
[5.414s] [34mcolcon.colcon_core.environment[0m [1;30mLevel 1[0m checking '/Users/yosuke/gits/cxd5602pwbimu_ros2_driver/ros2_ws/install/h6x_packet_handler/lib/pkgconfig/h6x_packet_handler.pc'
[5.414s] [34mcolcon.colcon_core.environment[0m [1;30mLevel 1[0m checking '/Users/yosuke/gits/cxd5602pwbimu_ros2_driver/ros2_ws/install/h6x_packet_handler/lib/python3.11/site-packages'
[5.414s] [34mcolcon.colcon_core.environment[0m [1;30mLevel 1[0m checking '/Users/yosuke/gits/cxd5602pwbimu_ros2_driver/ros2_ws/install/h6x_packet_handler/bin'
[5.415s] [34mcolcon.colcon_core.shell[0m [1;30mINFO[0m Creating package script '/Users/yosuke/gits/cxd5602pwbimu_ros2_driver/ros2_ws/install/h6x_packet_handler/share/h6x_packet_handler/package.ps1'
[5.415s] [34mcolcon.colcon_core.shell[0m [1;30mINFO[0m Creating package descriptor '/Users/yosuke/gits/cxd5602pwbimu_ros2_driver/ros2_ws/install/h6x_packet_handler/share/h6x_packet_handler/package.dsv'
[5.415s] [34mcolcon.colcon_core.shell[0m [1;30mINFO[0m Creating package script '/Users/yosuke/gits/cxd5602pwbimu_ros2_driver/ros2_ws/install/h6x_packet_handler/share/h6x_packet_handler/package.sh'
[5.415s] [34mcolcon.colcon_core.shell[0m [1;30mINFO[0m Creating package script '/Users/yosuke/gits/cxd5602pwbimu_ros2_driver/ros2_ws/install/h6x_packet_handler/share/h6x_packet_handler/package.bash'
[5.416s] [34mcolcon.colcon_core.shell[0m [1;30mINFO[0m Creating package script '/Users/yosuke/gits/cxd5602pwbimu_ros2_driver/ros2_ws/install/h6x_packet_handler/share/h6x_packet_handler/package.zsh'
[5.416s] [34mcolcon.colcon_core.environment[0m [1;30mLevel 1[0m create_file_with_runtime_dependencies(/Users/yosuke/gits/cxd5602pwbimu_ros2_driver/ros2_ws/install/h6x_packet_handler/share/colcon-core/packages/h6x_packet_handler)
[5.853s] [34mcolcon.colcon_core.environment[0m [1;30mLevel 1[0m create_environment_scripts_only(h6x_packet_handler)
[5.853s] [34mcolcon.colcon_core.environment[0m [1;30mLevel 1[0m checking '/Users/yosuke/gits/cxd5602pwbimu_ros2_driver/ros2_ws/install/h6x_packet_handler' for CMake module files
[5.854s] [34mcolcon.colcon_core.environment[0m [1;30mLevel 1[0m checking '/Users/yosuke/gits/cxd5602pwbimu_ros2_driver/ros2_ws/install/h6x_packet_handler' for CMake config files
[5.854s] [34mcolcon.colcon_core.shell[0m [1;30mLevel 1[0m create_environment_hook('h6x_packet_handler', 'cmake_prefix_path')
[5.855s] [34mcolcon.colcon_core.shell[0m [1;30mINFO[0m Creating environment hook '/Users/yosuke/gits/cxd5602pwbimu_ros2_driver/ros2_ws/install/h6x_packet_handler/share/h6x_packet_handler/hook/cmake_prefix_path.ps1'
[5.855s] [34mcolcon.colcon_core.shell[0m [1;30mINFO[0m Creating environment descriptor '/Users/yosuke/gits/cxd5602pwbimu_ros2_driver/ros2_ws/install/h6x_packet_handler/share/h6x_packet_handler/hook/cmake_prefix_path.dsv'
[5.856s] [34mcolcon.colcon_core.shell[0m [1;30mINFO[0m Creating environment hook '/Users/yosuke/gits/cxd5602pwbimu_ros2_driver/ros2_ws/install/h6x_packet_handler/share/h6x_packet_handler/hook/cmake_prefix_path.sh'
[5.856s] [34mcolcon.colcon_core.environment[0m [1;30mLevel 1[0m checking '/Users/yosuke/gits/cxd5602pwbimu_ros2_driver/ros2_ws/install/h6x_packet_handler/lib'
[5.856s] [34mcolcon.colcon_core.shell[0m [1;30mLevel 1[0m create_environment_hook('h6x_packet_handler', 'dyld_library_path')
[5.856s] [34mcolcon.colcon_core.shell[0m [1;30mINFO[0m Creating environment hook '/Users/yosuke/gits/cxd5602pwbimu_ros2_driver/ros2_ws/install/h6x_packet_handler/share/h6x_packet_handler/hook/dyld_library_path.ps1'
[5.857s] [34mcolcon.colcon_core.shell[0m [1;30mINFO[0m Creating environment descriptor '/Users/yosuke/gits/cxd5602pwbimu_ros2_driver/ros2_ws/install/h6x_packet_handler/share/h6x_packet_handler/hook/dyld_library_path.dsv'
[5.857s] [34mcolcon.colcon_core.shell[0m [1;30mINFO[0m Creating environment hook '/Users/yosuke/gits/cxd5602pwbimu_ros2_driver/ros2_ws/install/h6x_packet_handler/share/h6x_packet_handler/hook/dyld_library_path.sh'
[5.857s] [34mcolcon.colcon_core.environment[0m [1;30mLevel 1[0m checking '/Users/yosuke/gits/cxd5602pwbimu_ros2_driver/ros2_ws/install/h6x_packet_handler/bin'
[5.857s] [34mcolcon.colcon_core.environment[0m [1;30mLevel 1[0m checking '/Users/yosuke/gits/cxd5602pwbimu_ros2_driver/ros2_ws/install/h6x_packet_handler/lib/pkgconfig/h6x_packet_handler.pc'
[5.858s] [34mcolcon.colcon_core.environment[0m [1;30mLevel 1[0m checking '/Users/yosuke/gits/cxd5602pwbimu_ros2_driver/ros2_ws/install/h6x_packet_handler/lib/python3.11/site-packages'
[5.858s] [34mcolcon.colcon_core.environment[0m [1;30mLevel 1[0m checking '/Users/yosuke/gits/cxd5602pwbimu_ros2_driver/ros2_ws/install/h6x_packet_handler/bin'
[5.858s] [34mcolcon.colcon_core.shell[0m [1;30mINFO[0m Creating package script '/Users/yosuke/gits/cxd5602pwbimu_ros2_driver/ros2_ws/install/h6x_packet_handler/share/h6x_packet_handler/package.ps1'
[5.859s] [34mcolcon.colcon_core.shell[0m [1;30mINFO[0m Creating package descriptor '/Users/yosuke/gits/cxd5602pwbimu_ros2_driver/ros2_ws/install/h6x_packet_handler/share/h6x_packet_handler/package.dsv'
[5.859s] [34mcolcon.colcon_core.shell[0m [1;30mINFO[0m Creating package script '/Users/yosuke/gits/cxd5602pwbimu_ros2_driver/ros2_ws/install/h6x_packet_handler/share/h6x_packet_handler/package.sh'
[5.859s] [34mcolcon.colcon_core.shell[0m [1;30mINFO[0m Creating package script '/Users/yosuke/gits/cxd5602pwbimu_ros2_driver/ros2_ws/install/h6x_packet_handler/share/h6x_packet_handler/package.bash'
[5.860s] [34mcolcon.colcon_core.shell[0m [1;30mINFO[0m Creating package script '/Users/yosuke/gits/cxd5602pwbimu_ros2_driver/ros2_ws/install/h6x_packet_handler/share/h6x_packet_handler/package.zsh'
[5.860s] [34mcolcon.colcon_core.environment[0m [1;30mLevel 1[0m create_file_with_runtime_dependencies(/Users/yosuke/gits/cxd5602pwbimu_ros2_driver/ros2_ws/install/h6x_packet_handler/share/colcon-core/packages/h6x_packet_handler)
[7.014s] [34mcolcon.colcon_core.event_handler.log_command[0m [1;30mDEBUG[0m [32mInvoked command in '/Users/yosuke/gits/cxd5602pwbimu_ros2_driver/ros2_ws/build/h6x_serial_interface' returned '0': CMAKE_PREFIX_PATH=${CMAKE_PREFIX_PATH}:/Users/yosuke/gits/cxd5602pwbimu_ros2_driver/ros2_ws/install/cxd5602pwbimu_driver_bringup:/Users/yosuke/miniforge3/envs/ros_env CONDA_PROMPT_MODIFIER=(ros_env) SHLVL=2 _=/Users/yosuke/miniforge3/envs/ros_env/bin/env /Users/yosuke/miniforge3/envs/ros_env/bin/cmake /Users/yosuke/gits/cxd5602pwbimu_ros2_driver/ros2_ws/src/h6x_serial_interface/h6x_serial_interface -DCMAKE_PREFIX_PATH=/usr/local -DCMAKE_CXX_FLAGS=-I/usr/local/include -DCMAKE_EXE_LINKER_FLAGS=-L/usr/local/lib -DCMAKE_INSTALL_PREFIX=/Users/yosuke/gits/cxd5602pwbimu_ros2_driver/ros2_ws/install/h6x_serial_interface[0m
[7.015s] [34mcolcon.colcon_core.event_handler.log_command[0m [1;30mDEBUG[0m [32mInvoking command in '/Users/yosuke/gits/cxd5602pwbimu_ros2_driver/ros2_ws/build/h6x_serial_interface': CMAKE_PREFIX_PATH=${CMAKE_PREFIX_PATH}:/Users/yosuke/gits/cxd5602pwbimu_ros2_driver/ros2_ws/install/cxd5602pwbimu_driver_bringup:/Users/yosuke/miniforge3/envs/ros_env CONDA_PROMPT_MODIFIER=(ros_env) SHLVL=2 _=/Users/yosuke/miniforge3/envs/ros_env/bin/env /Users/yosuke/miniforge3/envs/ros_env/bin/cmake --build /Users/yosuke/gits/cxd5602pwbimu_ros2_driver/ros2_ws/build/h6x_serial_interface -- -j10 -l10[0m
[7.159s] [34mcolcon.colcon_core.event_handler.log_command[0m [1;30mDEBUG[0m [32mInvoked command in '/Users/yosuke/gits/cxd5602pwbimu_ros2_driver/ros2_ws/build/imu_filter_madgwick' returned '0': CMAKE_PREFIX_PATH=${CMAKE_PREFIX_PATH}:/Users/yosuke/gits/cxd5602pwbimu_ros2_driver/ros2_ws/install/cxd5602pwbimu_driver_bringup:/Users/yosuke/miniforge3/envs/ros_env CONDA_PROMPT_MODIFIER=(ros_env) SHLVL=2 _=/Users/yosuke/miniforge3/envs/ros_env/bin/env /Users/yosuke/miniforge3/envs/ros_env/bin/cmake /Users/yosuke/gits/cxd5602pwbimu_ros2_driver/ros2_ws/src/imu_tools/imu_filter_madgwick -DCMAKE_PREFIX_PATH=/usr/local -DCMAKE_CXX_FLAGS=-I/usr/local/include -DCMAKE_EXE_LINKER_FLAGS=-L/usr/local/lib -DCMAKE_INSTALL_PREFIX=/Users/yosuke/gits/cxd5602pwbimu_ros2_driver/ros2_ws/install/imu_filter_madgwick[0m
[7.164s] [34mcolcon.colcon_core.event_handler.log_command[0m [1;30mDEBUG[0m [32mInvoking command in '/Users/yosuke/gits/cxd5602pwbimu_ros2_driver/ros2_ws/build/imu_filter_madgwick': CMAKE_PREFIX_PATH=${CMAKE_PREFIX_PATH}:/Users/yosuke/gits/cxd5602pwbimu_ros2_driver/ros2_ws/install/cxd5602pwbimu_driver_bringup:/Users/yosuke/miniforge3/envs/ros_env CONDA_PROMPT_MODIFIER=(ros_env) SHLVL=2 _=/Users/yosuke/miniforge3/envs/ros_env/bin/env /Users/yosuke/miniforge3/envs/ros_env/bin/cmake --build /Users/yosuke/gits/cxd5602pwbimu_ros2_driver/ros2_ws/build/imu_filter_madgwick -- -j10 -l10[0m
[7.167s] [34mcolcon.colcon_core.event_handler.log_command[0m [1;30mDEBUG[0m [32mInvoked command in '/Users/yosuke/gits/cxd5602pwbimu_ros2_driver/ros2_ws/build/imu_complementary_filter' returned '0': CMAKE_PREFIX_PATH=${CMAKE_PREFIX_PATH}:/Users/yosuke/gits/cxd5602pwbimu_ros2_driver/ros2_ws/install/cxd5602pwbimu_driver_bringup:/Users/yosuke/miniforge3/envs/ros_env CONDA_PROMPT_MODIFIER=(ros_env) SHLVL=2 _=/Users/yosuke/miniforge3/envs/ros_env/bin/env /Users/yosuke/miniforge3/envs/ros_env/bin/cmake /Users/yosuke/gits/cxd5602pwbimu_ros2_driver/ros2_ws/src/imu_tools/imu_complementary_filter -DCMAKE_PREFIX_PATH=/usr/local -DCMAKE_CXX_FLAGS=-I/usr/local/include -DCMAKE_EXE_LINKER_FLAGS=-L/usr/local/lib -DCMAKE_INSTALL_PREFIX=/Users/yosuke/gits/cxd5602pwbimu_ros2_driver/ros2_ws/install/imu_complementary_filter[0m
[7.171s] [34mcolcon.colcon_core.event_handler.log_command[0m [1;30mDEBUG[0m [32mInvoking command in '/Users/yosuke/gits/cxd5602pwbimu_ros2_driver/ros2_ws/build/imu_complementary_filter': CMAKE_PREFIX_PATH=${CMAKE_PREFIX_PATH}:/Users/yosuke/gits/cxd5602pwbimu_ros2_driver/ros2_ws/install/cxd5602pwbimu_driver_bringup:/Users/yosuke/miniforge3/envs/ros_env CONDA_PROMPT_MODIFIER=(ros_env) SHLVL=2 _=/Users/yosuke/miniforge3/envs/ros_env/bin/env /Users/yosuke/miniforge3/envs/ros_env/bin/cmake --build /Users/yosuke/gits/cxd5602pwbimu_ros2_driver/ros2_ws/build/imu_complementary_filter -- -j10 -l10[0m
[7.466s] [34mcolcon.colcon_core.event_handler.log_command[0m [1;30mDEBUG[0m [32mInvoked command in '/Users/yosuke/gits/cxd5602pwbimu_ros2_driver/ros2_ws/build/imu_trajectory_filter' returned '0': CMAKE_PREFIX_PATH=${CMAKE_PREFIX_PATH}:/Users/yosuke/gits/cxd5602pwbimu_ros2_driver/ros2_ws/install/cxd5602pwbimu_driver_bringup:/Users/yosuke/miniforge3/envs/ros_env CONDA_PROMPT_MODIFIER=(ros_env) SHLVL=2 _=/Users/yosuke/miniforge3/envs/ros_env/bin/env /Users/yosuke/miniforge3/envs/ros_env/bin/cmake /Users/yosuke/gits/cxd5602pwbimu_ros2_driver/ros2_ws/src/imu_trajectory_filter -DCMAKE_PREFIX_PATH=/usr/local -DCMAKE_CXX_FLAGS=-I/usr/local/include -DCMAKE_EXE_LINKER_FLAGS=-L/usr/local/lib -DCMAKE_INSTALL_PREFIX=/Users/yosuke/gits/cxd5602pwbimu_ros2_driver/ros2_ws/install/imu_trajectory_filter[0m
[7.470s] [34mcolcon.colcon_core.event_handler.log_command[0m [1;30mDEBUG[0m [32mInvoking command in '/Users/yosuke/gits/cxd5602pwbimu_ros2_driver/ros2_ws/build/imu_trajectory_filter': CMAKE_PREFIX_PATH=${CMAKE_PREFIX_PATH}:/Users/yosuke/gits/cxd5602pwbimu_ros2_driver/ros2_ws/install/cxd5602pwbimu_driver_bringup:/Users/yosuke/miniforge3/envs/ros_env CONDA_PROMPT_MODIFIER=(ros_env) SHLVL=2 _=/Users/yosuke/miniforge3/envs/ros_env/bin/env /Users/yosuke/miniforge3/envs/ros_env/bin/cmake --build /Users/yosuke/gits/cxd5602pwbimu_ros2_driver/ros2_ws/build/imu_trajectory_filter -- -j10 -l10[0m
[9.034s] [34mcolcon.colcon_core.event_handler.log_command[0m [1;30mDEBUG[0m [32mInvoked command in '/Users/yosuke/gits/cxd5602pwbimu_ros2_driver/ros2_ws/build/h6x_serial_interface' returned '0': CMAKE_PREFIX_PATH=${CMAKE_PREFIX_PATH}:/Users/yosuke/gits/cxd5602pwbimu_ros2_driver/ros2_ws/install/cxd5602pwbimu_driver_bringup:/Users/yosuke/miniforge3/envs/ros_env CONDA_PROMPT_MODIFIER=(ros_env) SHLVL=2 _=/Users/yosuke/miniforge3/envs/ros_env/bin/env /Users/yosuke/miniforge3/envs/ros_env/bin/cmake --build /Users/yosuke/gits/cxd5602pwbimu_ros2_driver/ros2_ws/build/h6x_serial_interface -- -j10 -l10[0m
[9.313s] [34mcolcon.colcon_core.event_handler.log_command[0m [1;30mDEBUG[0m [32mInvoking command in '/Users/yosuke/gits/cxd5602pwbimu_ros2_driver/ros2_ws/build/h6x_serial_interface': CMAKE_PREFIX_PATH=${CMAKE_PREFIX_PATH}:/Users/yosuke/gits/cxd5602pwbimu_ros2_driver/ros2_ws/install/cxd5602pwbimu_driver_bringup:/Users/yosuke/miniforge3/envs/ros_env CONDA_PROMPT_MODIFIER=(ros_env) SHLVL=2 _=/Users/yosuke/miniforge3/envs/ros_env/bin/env /Users/yosuke/miniforge3/envs/ros_env/bin/cmake --install /Users/yosuke/gits/cxd5602pwbimu_ros2_driver/ros2_ws/build/h6x_serial_interface[0m
[9.368s] [34mcolcon.colcon_core.environment[0m [1;30mLevel 1[0m create_environment_scripts_only(h6x_serial_interface)
[9.368s] [34mcolcon.colcon_core.environment[0m [1;30mLevel 1[0m checking '/Users/yosuke/gits/cxd5602pwbimu_ros2_driver/ros2_ws/install/h6x_serial_interface' for CMake module files
[9.369s] [34mcolcon.colcon_core.event_handler.log_command[0m [1;30mDEBUG[0m [32mInvoked command in '/Users/yosuke/gits/cxd5602pwbimu_ros2_driver/ros2_ws/build/h6x_serial_interface' returned '0': CMAKE_PREFIX_PATH=${CMAKE_PREFIX_PATH}:/Users/yosuke/gits/cxd5602pwbimu_ros2_driver/ros2_ws/install/cxd5602pwbimu_driver_bringup:/Users/yosuke/miniforge3/envs/ros_env CONDA_PROMPT_MODIFIER=(ros_env) SHLVL=2 _=/Users/yosuke/miniforge3/envs/ros_env/bin/env /Users/yosuke/miniforge3/envs/ros_env/bin/cmake --install /Users/yosuke/gits/cxd5602pwbimu_ros2_driver/ros2_ws/build/h6x_serial_interface[0m
[9.369s] [34mcolcon.colcon_core.environment[0m [1;30mLevel 1[0m checking '/Users/yosuke/gits/cxd5602pwbimu_ros2_driver/ros2_ws/install/h6x_serial_interface' for CMake config files
[9.370s] [34mcolcon.colcon_core.shell[0m [1;30mLevel 1[0m create_environment_hook('h6x_serial_interface', 'cmake_prefix_path')
[9.370s] [34mcolcon.colcon_core.shell[0m [1;30mINFO[0m Creating environment hook '/Users/yosuke/gits/cxd5602pwbimu_ros2_driver/ros2_ws/install/h6x_serial_interface/share/h6x_serial_interface/hook/cmake_prefix_path.ps1'
[9.371s] [34mcolcon.colcon_core.shell[0m [1;30mINFO[0m Creating environment descriptor '/Users/yosuke/gits/cxd5602pwbimu_ros2_driver/ros2_ws/install/h6x_serial_interface/share/h6x_serial_interface/hook/cmake_prefix_path.dsv'
[9.371s] [34mcolcon.colcon_core.shell[0m [1;30mINFO[0m Creating environment hook '/Users/yosuke/gits/cxd5602pwbimu_ros2_driver/ros2_ws/install/h6x_serial_interface/share/h6x_serial_interface/hook/cmake_prefix_path.sh'
[9.372s] [34mcolcon.colcon_core.environment[0m [1;30mLevel 1[0m checking '/Users/yosuke/gits/cxd5602pwbimu_ros2_driver/ros2_ws/install/h6x_serial_interface/lib'
[9.372s] [34mcolcon.colcon_core.shell[0m [1;30mLevel 1[0m create_environment_hook('h6x_serial_interface', 'dyld_library_path')
[9.372s] [34mcolcon.colcon_core.shell[0m [1;30mINFO[0m Creating environment hook '/Users/yosuke/gits/cxd5602pwbimu_ros2_driver/ros2_ws/install/h6x_serial_interface/share/h6x_serial_interface/hook/dyld_library_path.ps1'
[9.372s] [34mcolcon.colcon_core.shell[0m [1;30mINFO[0m Creating environment descriptor '/Users/yosuke/gits/cxd5602pwbimu_ros2_driver/ros2_ws/install/h6x_serial_interface/share/h6x_serial_interface/hook/dyld_library_path.dsv'
[9.372s] [34mcolcon.colcon_core.shell[0m [1;30mINFO[0m Creating environment hook '/Users/yosuke/gits/cxd5602pwbimu_ros2_driver/ros2_ws/install/h6x_serial_interface/share/h6x_serial_interface/hook/dyld_library_path.sh'
[9.373s] [34mcolcon.colcon_core.environment[0m [1;30mLevel 1[0m checking '/Users/yosuke/gits/cxd5602pwbimu_ros2_driver/ros2_ws/install/h6x_serial_interface/bin'
[9.373s] [34mcolcon.colcon_core.environment[0m [1;30mLevel 1[0m checking '/Users/yosuke/gits/cxd5602pwbimu_ros2_driver/ros2_ws/install/h6x_serial_interface/lib/pkgconfig/h6x_serial_interface.pc'
[9.373s] [34mcolcon.colcon_core.environment[0m [1;30mLevel 1[0m checking '/Users/yosuke/gits/cxd5602pwbimu_ros2_driver/ros2_ws/install/h6x_serial_interface/lib/python3.11/site-packages'
[9.373s] [34mcolcon.colcon_core.environment[0m [1;30mLevel 1[0m checking '/Users/yosuke/gits/cxd5602pwbimu_ros2_driver/ros2_ws/install/h6x_serial_interface/bin'
[9.373s] [34mcolcon.colcon_core.shell[0m [1;30mINFO[0m Creating package script '/Users/yosuke/gits/cxd5602pwbimu_ros2_driver/ros2_ws/install/h6x_serial_interface/share/h6x_serial_interface/package.ps1'
[9.373s] [34mcolcon.colcon_core.shell[0m [1;30mINFO[0m Creating package descriptor '/Users/yosuke/gits/cxd5602pwbimu_ros2_driver/ros2_ws/install/h6x_serial_interface/share/h6x_serial_interface/package.dsv'
[9.373s] [34mcolcon.colcon_core.shell[0m [1;30mINFO[0m Creating package script '/Users/yosuke/gits/cxd5602pwbimu_ros2_driver/ros2_ws/install/h6x_serial_interface/share/h6x_serial_interface/package.sh'
[9.374s] [34mcolcon.colcon_core.shell[0m [1;30mINFO[0m Creating package script '/Users/yosuke/gits/cxd5602pwbimu_ros2_driver/ros2_ws/install/h6x_serial_interface/share/h6x_serial_interface/package.bash'
[9.374s] [34mcolcon.colcon_core.shell[0m [1;30mINFO[0m Creating package script '/Users/yosuke/gits/cxd5602pwbimu_ros2_driver/ros2_ws/install/h6x_serial_interface/share/h6x_serial_interface/package.zsh'
[9.374s] [34mcolcon.colcon_core.environment[0m [1;30mLevel 1[0m create_file_with_runtime_dependencies(/Users/yosuke/gits/cxd5602pwbimu_ros2_driver/ros2_ws/install/h6x_serial_interface/share/colcon-core/packages/h6x_serial_interface)
[9.642s] [34mcolcon.colcon_core.environment[0m [1;30mLevel 1[0m create_environment_scripts_only(h6x_serial_interface)
[9.642s] [34mcolcon.colcon_core.environment[0m [1;30mLevel 1[0m checking '/Users/yosuke/gits/cxd5602pwbimu_ros2_driver/ros2_ws/install/h6x_serial_interface' for CMake module files
[9.642s] [34mcolcon.colcon_core.environment[0m [1;30mLevel 1[0m checking '/Users/yosuke/gits/cxd5602pwbimu_ros2_driver/ros2_ws/install/h6x_serial_interface' for CMake config files
[9.643s] [34mcolcon.colcon_core.shell[0m [1;30mLevel 1[0m create_environment_hook('h6x_serial_interface', 'cmake_prefix_path')
[9.643s] [34mcolcon.colcon_core.shell[0m [1;30mINFO[0m Creating environment hook '/Users/yosuke/gits/cxd5602pwbimu_ros2_driver/ros2_ws/install/h6x_serial_interface/share/h6x_serial_interface/hook/cmake_prefix_path.ps1'
[9.644s] [34mcolcon.colcon_core.shell[0m [1;30mINFO[0m Creating environment descriptor '/Users/yosuke/gits/cxd5602pwbimu_ros2_driver/ros2_ws/install/h6x_serial_interface/share/h6x_serial_interface/hook/cmake_prefix_path.dsv'
[9.644s] [34mcolcon.colcon_core.shell[0m [1;30mINFO[0m Creating environment hook '/Users/yosuke/gits/cxd5602pwbimu_ros2_driver/ros2_ws/install/h6x_serial_interface/share/h6x_serial_interface/hook/cmake_prefix_path.sh'
[9.644s] [34mcolcon.colcon_core.environment[0m [1;30mLevel 1[0m checking '/Users/yosuke/gits/cxd5602pwbimu_ros2_driver/ros2_ws/install/h6x_serial_interface/lib'
[9.644s] [34mcolcon.colcon_core.shell[0m [1;30mLevel 1[0m create_environment_hook('h6x_serial_interface', 'dyld_library_path')
[9.644s] [34mcolcon.colcon_core.shell[0m [1;30mINFO[0m Creating environment hook '/Users/yosuke/gits/cxd5602pwbimu_ros2_driver/ros2_ws/install/h6x_serial_interface/share/h6x_serial_interface/hook/dyld_library_path.ps1'
[9.645s] [34mcolcon.colcon_core.shell[0m [1;30mINFO[0m Creating environment descriptor '/Users/yosuke/gits/cxd5602pwbimu_ros2_driver/ros2_ws/install/h6x_serial_interface/share/h6x_serial_interface/hook/dyld_library_path.dsv'
[9.645s] [34mcolcon.colcon_core.shell[0m [1;30mINFO[0m Creating environment hook '/Users/yosuke/gits/cxd5602pwbimu_ros2_driver/ros2_ws/install/h6x_serial_interface/share/h6x_serial_interface/hook/dyld_library_path.sh'
[9.645s] [34mcolcon.colcon_core.environment[0m [1;30mLevel 1[0m checking '/Users/yosuke/gits/cxd5602pwbimu_ros2_driver/ros2_ws/install/h6x_serial_interface/bin'
[9.645s] [34mcolcon.colcon_core.environment[0m [1;30mLevel 1[0m checking '/Users/yosuke/gits/cxd5602pwbimu_ros2_driver/ros2_ws/install/h6x_serial_interface/lib/pkgconfig/h6x_serial_interface.pc'
[9.646s] [34mcolcon.colcon_core.environment[0m [1;30mLevel 1[0m checking '/Users/yosuke/gits/cxd5602pwbimu_ros2_driver/ros2_ws/install/h6x_serial_interface/lib/python3.11/site-packages'
[9.646s] [34mcolcon.colcon_core.environment[0m [1;30mLevel 1[0m checking '/Users/yosuke/gits/cxd5602pwbimu_ros2_driver/ros2_ws/install/h6x_serial_interface/bin'
[9.646s] [34mcolcon.colcon_core.shell[0m [1;30mINFO[0m Creating package script '/Users/yosuke/gits/cxd5602pwbimu_ros2_driver/ros2_ws/install/h6x_serial_interface/share/h6x_serial_interface/package.ps1'
[9.646s] [34mcolcon.colcon_core.shell[0m [1;30mINFO[0m Creating package descriptor '/Users/yosuke/gits/cxd5602pwbimu_ros2_driver/ros2_ws/install/h6x_serial_interface/share/h6x_serial_interface/package.dsv'
[9.647s] [34mcolcon.colcon_core.shell[0m [1;30mINFO[0m Creating package script '/Users/yosuke/gits/cxd5602pwbimu_ros2_driver/ros2_ws/install/h6x_serial_interface/share/h6x_serial_interface/package.sh'
[9.647s] [34mcolcon.colcon_core.shell[0m [1;30mINFO[0m Creating package script '/Users/yosuke/gits/cxd5602pwbimu_ros2_driver/ros2_ws/install/h6x_serial_interface/share/h6x_serial_interface/package.bash'
[9.648s] [34mcolcon.colcon_core.shell[0m [1;30mINFO[0m Creating package script '/Users/yosuke/gits/cxd5602pwbimu_ros2_driver/ros2_ws/install/h6x_serial_interface/share/h6x_serial_interface/package.zsh'
[9.648s] [34mcolcon.colcon_core.environment[0m [1;30mLevel 1[0m create_file_with_runtime_dependencies(/Users/yosuke/gits/cxd5602pwbimu_ros2_driver/ros2_ws/install/h6x_serial_interface/share/colcon-core/packages/h6x_serial_interface)
[9.649s] [34mcolcon.colcon_ros.task.ament_cmake.build[0m [1;30mINFO[0m Building ROS package in '/Users/yosuke/gits/cxd5602pwbimu_ros2_driver/ros2_ws/src/cxd5602pwbimu_driver_node' with build type 'ament_cmake'
[9.649s] [34mcolcon.colcon_cmake.task.cmake.build[0m [1;30mINFO[0m Building CMake package in '/Users/yosuke/gits/cxd5602pwbimu_ros2_driver/ros2_ws/src/cxd5602pwbimu_driver_node'
[9.649s] [34mcolcon.colcon_core.shell[0m [1;30mINFO[0m Skip shell extension 'powershell' for command environment: Not usable outside of PowerShell
[9.649s] [34mcolcon.colcon_core.shell[0m [1;30mDEBUG[0m [32mSkip shell extension 'dsv' for command environment[0m
[9.654s] [34mcolcon.colcon_ros.task.ament_cmake.build[0m [1;30mINFO[0m Building ROS package in '/Users/yosuke/gits/cxd5602pwbimu_ros2_driver/ros2_ws/src/h6x_serial_interface/h6x_serial_interface_example' with build type 'ament_cmake'
[9.654s] [34mcolcon.colcon_cmake.task.cmake.build[0m [1;30mINFO[0m Building CMake package in '/Users/yosuke/gits/cxd5602pwbimu_ros2_driver/ros2_ws/src/h6x_serial_interface/h6x_serial_interface_example'
[9.655s] [34mcolcon.colcon_core.shell[0m [1;30mINFO[0m Skip shell extension 'powershell' for command environment: Not usable outside of PowerShell
[9.655s] [34mcolcon.colcon_core.shell[0m [1;30mDEBUG[0m [32mSkip shell extension 'dsv' for command environment[0m
[9.684s] [34mcolcon.colcon_core.event_handler.log_command[0m [1;30mDEBUG[0m [32mInvoking command in '/Users/yosuke/gits/cxd5602pwbimu_ros2_driver/ros2_ws/build/cxd5602pwbimu_driver_node': CMAKE_PREFIX_PATH=/Users/yosuke/gits/cxd5602pwbimu_ros2_driver/ros2_ws/install/h6x_serial_interface:/Users/yosuke/gits/cxd5602pwbimu_ros2_driver/ros2_ws/install/imu_tools:/Users/yosuke/gits/cxd5602pwbimu_ros2_driver/ros2_ws/install/rviz_imu_plugin:/Users/yosuke/gits/cxd5602pwbimu_ros2_driver/ros2_ws/install/imu_trajectory_filter:/Users/yosuke/gits/cxd5602pwbimu_ros2_driver/ros2_ws/install/cxd5602pwbimu_driver:/Users/yosuke/gits/cxd5602pwbimu_ros2_driver/ros2_ws/install/imu_filter_madgwick:/Users/yosuke/gits/cxd5602pwbimu_ros2_driver/ros2_ws/install/imu_complementary_filter:/Users/yosuke/gits/cxd5602pwbimu_ros2_driver/ros2_ws/install/h6x_serial_interface_example:/Users/yosuke/gits/cxd5602pwbimu_ros2_driver/ros2_ws/install/cxd5602pwbimu_driver_node:/Users/yosuke/gits/cxd5602pwbimu_ros2_driver/ros2_ws/install/h6x_packet_handler:/usr/local:/opt/homebrew/opt/qt@5:/Users/yosuke/gits/cxd5602pwbimu_ros2_driver/ros2_ws/install/cxd5602pwbimu_driver_bringup:/Users/yosuke/miniforge3/envs/ros_env CONDA_PROMPT_MODIFIER=(ros_env) DYLD_LIBRARY_PATH=/Users/yosuke/gits/cxd5602pwbimu_ros2_driver/ros2_ws/install/h6x_serial_interface/lib:/Users/yosuke/gits/cxd5602pwbimu_ros2_driver/ros2_ws/install/rviz_imu_plugin/lib:/Users/yosuke/gits/cxd5602pwbimu_ros2_driver/ros2_ws/install/imu_trajectory_filter/lib:/Users/yosuke/gits/cxd5602pwbimu_ros2_driver/ros2_ws/install/imu_filter_madgwick/lib:/Users/yosuke/gits/cxd5602pwbimu_ros2_driver/ros2_ws/install/imu_complementary_filter/lib:/Users/yosuke/gits/cxd5602pwbimu_ros2_driver/ros2_ws/install/h6x_serial_interface_example/lib:/Users/yosuke/gits/cxd5602pwbimu_ros2_driver/ros2_ws/install/cxd5602pwbimu_driver_node/lib:/Users/yosuke/gits/cxd5602pwbimu_ros2_driver/ros2_ws/install/h6x_packet_handler/lib:/Users/yosuke/miniforge3/envs/ros_env/opt/rviz_ogre_vendor/lib SHLVL=2 _=/Users/yosuke/miniforge3/envs/ros_env/bin/env /Users/yosuke/miniforge3/envs/ros_env/bin/cmake /Users/yosuke/gits/cxd5602pwbimu_ros2_driver/ros2_ws/src/cxd5602pwbimu_driver_node -DCMAKE_PREFIX_PATH=/usr/local -DCMAKE_CXX_FLAGS=-I/usr/local/include -DCMAKE_EXE_LINKER_FLAGS=-L/usr/local/lib -DCMAKE_INSTALL_PREFIX=/Users/yosuke/gits/cxd5602pwbimu_ros2_driver/ros2_ws/install/cxd5602pwbimu_driver_node[0m
[9.690s] [34mcolcon.colcon_core.event_handler.log_command[0m [1;30mDEBUG[0m [32mInvoking command in '/Users/yosuke/gits/cxd5602pwbimu_ros2_driver/ros2_ws/build/h6x_serial_interface_example': CMAKE_PREFIX_PATH=/Users/yosuke/gits/cxd5602pwbimu_ros2_driver/ros2_ws/install/h6x_serial_interface:/Users/yosuke/gits/cxd5602pwbimu_ros2_driver/ros2_ws/install/imu_tools:/Users/yosuke/gits/cxd5602pwbimu_ros2_driver/ros2_ws/install/rviz_imu_plugin:/Users/yosuke/gits/cxd5602pwbimu_ros2_driver/ros2_ws/install/imu_trajectory_filter:/Users/yosuke/gits/cxd5602pwbimu_ros2_driver/ros2_ws/install/cxd5602pwbimu_driver:/Users/yosuke/gits/cxd5602pwbimu_ros2_driver/ros2_ws/install/imu_filter_madgwick:/Users/yosuke/gits/cxd5602pwbimu_ros2_driver/ros2_ws/install/imu_complementary_filter:/Users/yosuke/gits/cxd5602pwbimu_ros2_driver/ros2_ws/install/h6x_serial_interface_example:/Users/yosuke/gits/cxd5602pwbimu_ros2_driver/ros2_ws/install/cxd5602pwbimu_driver_node:/Users/yosuke/gits/cxd5602pwbimu_ros2_driver/ros2_ws/install/h6x_packet_handler:/usr/local:/opt/homebrew/opt/qt@5:/Users/yosuke/gits/cxd5602pwbimu_ros2_driver/ros2_ws/install/cxd5602pwbimu_driver_bringup:/Users/yosuke/miniforge3/envs/ros_env CONDA_PROMPT_MODIFIER=(ros_env) DYLD_LIBRARY_PATH=/Users/yosuke/gits/cxd5602pwbimu_ros2_driver/ros2_ws/install/h6x_serial_interface/lib:/Users/yosuke/gits/cxd5602pwbimu_ros2_driver/ros2_ws/install/rviz_imu_plugin/lib:/Users/yosuke/gits/cxd5602pwbimu_ros2_driver/ros2_ws/install/imu_trajectory_filter/lib:/Users/yosuke/gits/cxd5602pwbimu_ros2_driver/ros2_ws/install/imu_filter_madgwick/lib:/Users/yosuke/gits/cxd5602pwbimu_ros2_driver/ros2_ws/install/imu_complementary_filter/lib:/Users/yosuke/gits/cxd5602pwbimu_ros2_driver/ros2_ws/install/h6x_serial_interface_example/lib:/Users/yosuke/gits/cxd5602pwbimu_ros2_driver/ros2_ws/install/cxd5602pwbimu_driver_node/lib:/Users/yosuke/gits/cxd5602pwbimu_ros2_driver/ros2_ws/install/h6x_packet_handler/lib:/Users/yosuke/miniforge3/envs/ros_env/opt/rviz_ogre_vendor/lib SHLVL=2 _=/Users/yosuke/miniforge3/envs/ros_env/bin/env /Users/yosuke/miniforge3/envs/ros_env/bin/cmake /Users/yosuke/gits/cxd5602pwbimu_ros2_driver/ros2_ws/src/h6x_serial_interface/h6x_serial_interface_example -DCMAKE_PREFIX_PATH=/usr/local -DCMAKE_CXX_FLAGS=-I/usr/local/include -DCMAKE_EXE_LINKER_FLAGS=-L/usr/local/lib -DCMAKE_INSTALL_PREFIX=/Users/yosuke/gits/cxd5602pwbimu_ros2_driver/ros2_ws/install/h6x_serial_interface_example[0m
[10.032s] [34mcolcon.colcon_core.event_handler.log_command[0m [1;30mDEBUG[0m [32mInvoked command in '/Users/yosuke/gits/cxd5602pwbimu_ros2_driver/ros2_ws/build/rviz_imu_plugin' returned '0': CMAKE_PREFIX_PATH=${CMAKE_PREFIX_PATH}:/Users/yosuke/gits/cxd5602pwbimu_ros2_driver/ros2_ws/install/cxd5602pwbimu_driver_bringup:/Users/yosuke/miniforge3/envs/ros_env CONDA_PROMPT_MODIFIER=(ros_env) SHLVL=2 _=/Users/yosuke/miniforge3/envs/ros_env/bin/env /Users/yosuke/miniforge3/envs/ros_env/bin/cmake /Users/yosuke/gits/cxd5602pwbimu_ros2_driver/ros2_ws/src/imu_tools/rviz_imu_plugin -DCMAKE_PREFIX_PATH=/usr/local -DCMAKE_CXX_FLAGS=-I/usr/local/include -DCMAKE_EXE_LINKER_FLAGS=-L/usr/local/lib -DCMAKE_INSTALL_PREFIX=/Users/yosuke/gits/cxd5602pwbimu_ros2_driver/ros2_ws/install/rviz_imu_plugin[0m
[10.035s] [34mcolcon.colcon_core.event_handler.log_command[0m [1;30mDEBUG[0m [32mInvoking command in '/Users/yosuke/gits/cxd5602pwbimu_ros2_driver/ros2_ws/build/rviz_imu_plugin': CMAKE_PREFIX_PATH=${CMAKE_PREFIX_PATH}:/Users/yosuke/gits/cxd5602pwbimu_ros2_driver/ros2_ws/install/cxd5602pwbimu_driver_bringup:/Users/yosuke/miniforge3/envs/ros_env CONDA_PROMPT_MODIFIER=(ros_env) SHLVL=2 _=/Users/yosuke/miniforge3/envs/ros_env/bin/env /Users/yosuke/miniforge3/envs/ros_env/bin/cmake --build /Users/yosuke/gits/cxd5602pwbimu_ros2_driver/ros2_ws/build/rviz_imu_plugin -- -j10 -l10[0m
[14.031s] [34mcolcon.colcon_core.event_handler.log_command[0m [1;30mDEBUG[0m [32mInvoked command in '/Users/yosuke/gits/cxd5602pwbimu_ros2_driver/ros2_ws/build/imu_trajectory_filter' returned '0': CMAKE_PREFIX_PATH=${CMAKE_PREFIX_PATH}:/Users/yosuke/gits/cxd5602pwbimu_ros2_driver/ros2_ws/install/cxd5602pwbimu_driver_bringup:/Users/yosuke/miniforge3/envs/ros_env CONDA_PROMPT_MODIFIER=(ros_env) SHLVL=2 _=/Users/yosuke/miniforge3/envs/ros_env/bin/env /Users/yosuke/miniforge3/envs/ros_env/bin/cmake --build /Users/yosuke/gits/cxd5602pwbimu_ros2_driver/ros2_ws/build/imu_trajectory_filter -- -j10 -l10[0m
[14.424s] [34mcolcon.colcon_core.event_handler.log_command[0m [1;30mDEBUG[0m [32mInvoking command in '/Users/yosuke/gits/cxd5602pwbimu_ros2_driver/ros2_ws/build/imu_trajectory_filter': CMAKE_PREFIX_PATH=${CMAKE_PREFIX_PATH}:/Users/yosuke/gits/cxd5602pwbimu_ros2_driver/ros2_ws/install/cxd5602pwbimu_driver_bringup:/Users/yosuke/miniforge3/envs/ros_env CONDA_PROMPT_MODIFIER=(ros_env) SHLVL=2 _=/Users/yosuke/miniforge3/envs/ros_env/bin/env /Users/yosuke/miniforge3/envs/ros_env/bin/cmake --install /Users/yosuke/gits/cxd5602pwbimu_ros2_driver/ros2_ws/build/imu_trajectory_filter[0m
[14.560s] [34mcolcon.colcon_core.environment[0m [1;30mLevel 1[0m create_environment_scripts_only(imu_trajectory_filter)
[14.560s] [34mcolcon.colcon_core.environment[0m [1;30mLevel 1[0m checking '/Users/yosuke/gits/cxd5602pwbimu_ros2_driver/ros2_ws/install/imu_trajectory_filter' for CMake module files
[14.561s] [34mcolcon.colcon_core.event_handler.log_command[0m [1;30mDEBUG[0m [32mInvoked command in '/Users/yosuke/gits/cxd5602pwbimu_ros2_driver/ros2_ws/build/imu_trajectory_filter' returned '0': CMAKE_PREFIX_PATH=${CMAKE_PREFIX_PATH}:/Users/yosuke/gits/cxd5602pwbimu_ros2_driver/ros2_ws/install/cxd5602pwbimu_driver_bringup:/Users/yosuke/miniforge3/envs/ros_env CONDA_PROMPT_MODIFIER=(ros_env) SHLVL=2 _=/Users/yosuke/miniforge3/envs/ros_env/bin/env /Users/yosuke/miniforge3/envs/ros_env/bin/cmake --install /Users/yosuke/gits/cxd5602pwbimu_ros2_driver/ros2_ws/build/imu_trajectory_filter[0m
[14.561s] [34mcolcon.colcon_core.environment[0m [1;30mLevel 1[0m checking '/Users/yosuke/gits/cxd5602pwbimu_ros2_driver/ros2_ws/install/imu_trajectory_filter' for CMake config files
[14.562s] [34mcolcon.colcon_core.shell[0m [1;30mLevel 1[0m create_environment_hook('imu_trajectory_filter', 'cmake_prefix_path')
[14.562s] [34mcolcon.colcon_core.shell[0m [1;30mINFO[0m Creating environment hook '/Users/yosuke/gits/cxd5602pwbimu_ros2_driver/ros2_ws/install/imu_trajectory_filter/share/imu_trajectory_filter/hook/cmake_prefix_path.ps1'
[14.563s] [34mcolcon.colcon_core.shell[0m [1;30mINFO[0m Creating environment descriptor '/Users/yosuke/gits/cxd5602pwbimu_ros2_driver/ros2_ws/install/imu_trajectory_filter/share/imu_trajectory_filter/hook/cmake_prefix_path.dsv'
[14.563s] [34mcolcon.colcon_core.shell[0m [1;30mINFO[0m Creating environment hook '/Users/yosuke/gits/cxd5602pwbimu_ros2_driver/ros2_ws/install/imu_trajectory_filter/share/imu_trajectory_filter/hook/cmake_prefix_path.sh'
[14.564s] [34mcolcon.colcon_core.environment[0m [1;30mLevel 1[0m checking '/Users/yosuke/gits/cxd5602pwbimu_ros2_driver/ros2_ws/install/imu_trajectory_filter/lib'
[14.564s] [34mcolcon.colcon_core.shell[0m [1;30mLevel 1[0m create_environment_hook('imu_trajectory_filter', 'dyld_library_path')
[14.564s] [34mcolcon.colcon_core.shell[0m [1;30mINFO[0m Creating environment hook '/Users/yosuke/gits/cxd5602pwbimu_ros2_driver/ros2_ws/install/imu_trajectory_filter/share/imu_trajectory_filter/hook/dyld_library_path.ps1'
[14.564s] [34mcolcon.colcon_core.shell[0m [1;30mINFO[0m Creating environment descriptor '/Users/yosuke/gits/cxd5602pwbimu_ros2_driver/ros2_ws/install/imu_trajectory_filter/share/imu_trajectory_filter/hook/dyld_library_path.dsv'
[14.564s] [34mcolcon.colcon_core.shell[0m [1;30mINFO[0m Creating environment hook '/Users/yosuke/gits/cxd5602pwbimu_ros2_driver/ros2_ws/install/imu_trajectory_filter/share/imu_trajectory_filter/hook/dyld_library_path.sh'
[14.564s] [34mcolcon.colcon_core.environment[0m [1;30mLevel 1[0m checking '/Users/yosuke/gits/cxd5602pwbimu_ros2_driver/ros2_ws/install/imu_trajectory_filter/bin'
[14.564s] [34mcolcon.colcon_core.environment[0m [1;30mLevel 1[0m checking '/Users/yosuke/gits/cxd5602pwbimu_ros2_driver/ros2_ws/install/imu_trajectory_filter/lib/pkgconfig/imu_trajectory_filter.pc'
[14.564s] [34mcolcon.colcon_core.environment[0m [1;30mLevel 1[0m checking '/Users/yosuke/gits/cxd5602pwbimu_ros2_driver/ros2_ws/install/imu_trajectory_filter/lib/python3.11/site-packages'
[14.565s] [34mcolcon.colcon_core.environment[0m [1;30mLevel 1[0m checking '/Users/yosuke/gits/cxd5602pwbimu_ros2_driver/ros2_ws/install/imu_trajectory_filter/bin'
[14.565s] [34mcolcon.colcon_core.shell[0m [1;30mINFO[0m Creating package script '/Users/yosuke/gits/cxd5602pwbimu_ros2_driver/ros2_ws/install/imu_trajectory_filter/share/imu_trajectory_filter/package.ps1'
[14.565s] [34mcolcon.colcon_core.shell[0m [1;30mINFO[0m Creating package descriptor '/Users/yosuke/gits/cxd5602pwbimu_ros2_driver/ros2_ws/install/imu_trajectory_filter/share/imu_trajectory_filter/package.dsv'
[14.566s] [34mcolcon.colcon_core.shell[0m [1;30mINFO[0m Creating package script '/Users/yosuke/gits/cxd5602pwbimu_ros2_driver/ros2_ws/install/imu_trajectory_filter/share/imu_trajectory_filter/package.sh'
[14.567s] [34mcolcon.colcon_core.shell[0m [1;30mINFO[0m Creating package script '/Users/yosuke/gits/cxd5602pwbimu_ros2_driver/ros2_ws/install/imu_trajectory_filter/share/imu_trajectory_filter/package.bash'
[14.567s] [34mcolcon.colcon_core.shell[0m [1;30mINFO[0m Creating package script '/Users/yosuke/gits/cxd5602pwbimu_ros2_driver/ros2_ws/install/imu_trajectory_filter/share/imu_trajectory_filter/package.zsh'
[14.567s] [34mcolcon.colcon_core.environment[0m [1;30mLevel 1[0m create_file_with_runtime_dependencies(/Users/yosuke/gits/cxd5602pwbimu_ros2_driver/ros2_ws/install/imu_trajectory_filter/share/colcon-core/packages/imu_trajectory_filter)
[14.901s] [34mcolcon.colcon_core.environment[0m [1;30mLevel 1[0m create_environment_scripts_only(imu_trajectory_filter)
[14.902s] [34mcolcon.colcon_core.environment[0m [1;30mLevel 1[0m checking '/Users/yosuke/gits/cxd5602pwbimu_ros2_driver/ros2_ws/install/imu_trajectory_filter' for CMake module files
[14.902s] [34mcolcon.colcon_core.environment[0m [1;30mLevel 1[0m checking '/Users/yosuke/gits/cxd5602pwbimu_ros2_driver/ros2_ws/install/imu_trajectory_filter' for CMake config files
[14.903s] [34mcolcon.colcon_core.shell[0m [1;30mLevel 1[0m create_environment_hook('imu_trajectory_filter', 'cmake_prefix_path')
[14.903s] [34mcolcon.colcon_core.shell[0m [1;30mINFO[0m Creating environment hook '/Users/yosuke/gits/cxd5602pwbimu_ros2_driver/ros2_ws/install/imu_trajectory_filter/share/imu_trajectory_filter/hook/cmake_prefix_path.ps1'
[14.904s] [34mcolcon.colcon_core.shell[0m [1;30mINFO[0m Creating environment descriptor '/Users/yosuke/gits/cxd5602pwbimu_ros2_driver/ros2_ws/install/imu_trajectory_filter/share/imu_trajectory_filter/hook/cmake_prefix_path.dsv'
[14.904s] [34mcolcon.colcon_core.shell[0m [1;30mINFO[0m Creating environment hook '/Users/yosuke/gits/cxd5602pwbimu_ros2_driver/ros2_ws/install/imu_trajectory_filter/share/imu_trajectory_filter/hook/cmake_prefix_path.sh'
[14.905s] [34mcolcon.colcon_core.environment[0m [1;30mLevel 1[0m checking '/Users/yosuke/gits/cxd5602pwbimu_ros2_driver/ros2_ws/install/imu_trajectory_filter/lib'
[14.905s] [34mcolcon.colcon_core.shell[0m [1;30mLevel 1[0m create_environment_hook('imu_trajectory_filter', 'dyld_library_path')
[14.905s] [34mcolcon.colcon_core.shell[0m [1;30mINFO[0m Creating environment hook '/Users/yosuke/gits/cxd5602pwbimu_ros2_driver/ros2_ws/install/imu_trajectory_filter/share/imu_trajectory_filter/hook/dyld_library_path.ps1'
[14.905s] [34mcolcon.colcon_core.shell[0m [1;30mINFO[0m Creating environment descriptor '/Users/yosuke/gits/cxd5602pwbimu_ros2_driver/ros2_ws/install/imu_trajectory_filter/share/imu_trajectory_filter/hook/dyld_library_path.dsv'
[14.906s] [34mcolcon.colcon_core.shell[0m [1;30mINFO[0m Creating environment hook '/Users/yosuke/gits/cxd5602pwbimu_ros2_driver/ros2_ws/install/imu_trajectory_filter/share/imu_trajectory_filter/hook/dyld_library_path.sh'
[14.906s] [34mcolcon.colcon_core.environment[0m [1;30mLevel 1[0m checking '/Users/yosuke/gits/cxd5602pwbimu_ros2_driver/ros2_ws/install/imu_trajectory_filter/bin'
[14.906s] [34mcolcon.colcon_core.environment[0m [1;30mLevel 1[0m checking '/Users/yosuke/gits/cxd5602pwbimu_ros2_driver/ros2_ws/install/imu_trajectory_filter/lib/pkgconfig/imu_trajectory_filter.pc'
[14.907s] [34mcolcon.colcon_core.environment[0m [1;30mLevel 1[0m checking '/Users/yosuke/gits/cxd5602pwbimu_ros2_driver/ros2_ws/install/imu_trajectory_filter/lib/python3.11/site-packages'
[14.907s] [34mcolcon.colcon_core.environment[0m [1;30mLevel 1[0m checking '/Users/yosuke/gits/cxd5602pwbimu_ros2_driver/ros2_ws/install/imu_trajectory_filter/bin'
[14.907s] [34mcolcon.colcon_core.shell[0m [1;30mINFO[0m Creating package script '/Users/yosuke/gits/cxd5602pwbimu_ros2_driver/ros2_ws/install/imu_trajectory_filter/share/imu_trajectory_filter/package.ps1'
[14.908s] [34mcolcon.colcon_core.shell[0m [1;30mINFO[0m Creating package descriptor '/Users/yosuke/gits/cxd5602pwbimu_ros2_driver/ros2_ws/install/imu_trajectory_filter/share/imu_trajectory_filter/package.dsv'
[14.908s] [34mcolcon.colcon_core.shell[0m [1;30mINFO[0m Creating package script '/Users/yosuke/gits/cxd5602pwbimu_ros2_driver/ros2_ws/install/imu_trajectory_filter/share/imu_trajectory_filter/package.sh'
[14.908s] [34mcolcon.colcon_core.shell[0m [1;30mINFO[0m Creating package script '/Users/yosuke/gits/cxd5602pwbimu_ros2_driver/ros2_ws/install/imu_trajectory_filter/share/imu_trajectory_filter/package.bash'
[14.909s] [34mcolcon.colcon_core.shell[0m [1;30mINFO[0m Creating package script '/Users/yosuke/gits/cxd5602pwbimu_ros2_driver/ros2_ws/install/imu_trajectory_filter/share/imu_trajectory_filter/package.zsh'
[14.909s] [34mcolcon.colcon_core.environment[0m [1;30mLevel 1[0m create_file_with_runtime_dependencies(/Users/yosuke/gits/cxd5602pwbimu_ros2_driver/ros2_ws/install/imu_trajectory_filter/share/colcon-core/packages/imu_trajectory_filter)
[16.418s] [34mcolcon.colcon_core.event_handler.log_command[0m [1;30mDEBUG[0m [32mInvoked command in '/Users/yosuke/gits/cxd5602pwbimu_ros2_driver/ros2_ws/build/imu_complementary_filter' returned '0': CMAKE_PREFIX_PATH=${CMAKE_PREFIX_PATH}:/Users/yosuke/gits/cxd5602pwbimu_ros2_driver/ros2_ws/install/cxd5602pwbimu_driver_bringup:/Users/yosuke/miniforge3/envs/ros_env CONDA_PROMPT_MODIFIER=(ros_env) SHLVL=2 _=/Users/yosuke/miniforge3/envs/ros_env/bin/env /Users/yosuke/miniforge3/envs/ros_env/bin/cmake --build /Users/yosuke/gits/cxd5602pwbimu_ros2_driver/ros2_ws/build/imu_complementary_filter -- -j10 -l10[0m
[16.796s] [34mcolcon.colcon_core.event_handler.log_command[0m [1;30mDEBUG[0m [32mInvoking command in '/Users/yosuke/gits/cxd5602pwbimu_ros2_driver/ros2_ws/build/imu_complementary_filter': CMAKE_PREFIX_PATH=${CMAKE_PREFIX_PATH}:/Users/yosuke/gits/cxd5602pwbimu_ros2_driver/ros2_ws/install/cxd5602pwbimu_driver_bringup:/Users/yosuke/miniforge3/envs/ros_env CONDA_PROMPT_MODIFIER=(ros_env) SHLVL=2 _=/Users/yosuke/miniforge3/envs/ros_env/bin/env /Users/yosuke/miniforge3/envs/ros_env/bin/cmake --install /Users/yosuke/gits/cxd5602pwbimu_ros2_driver/ros2_ws/build/imu_complementary_filter[0m
[16.933s] [34mcolcon.colcon_core.environment[0m [1;30mLevel 1[0m create_environment_scripts_only(imu_complementary_filter)
[16.933s] [34mcolcon.colcon_core.environment[0m [1;30mLevel 1[0m checking '/Users/yosuke/gits/cxd5602pwbimu_ros2_driver/ros2_ws/install/imu_complementary_filter' for CMake module files
[16.933s] [34mcolcon.colcon_core.event_handler.log_command[0m [1;30mDEBUG[0m [32mInvoked command in '/Users/yosuke/gits/cxd5602pwbimu_ros2_driver/ros2_ws/build/imu_complementary_filter' returned '0': CMAKE_PREFIX_PATH=${CMAKE_PREFIX_PATH}:/Users/yosuke/gits/cxd5602pwbimu_ros2_driver/ros2_ws/install/cxd5602pwbimu_driver_bringup:/Users/yosuke/miniforge3/envs/ros_env CONDA_PROMPT_MODIFIER=(ros_env) SHLVL=2 _=/Users/yosuke/miniforge3/envs/ros_env/bin/env /Users/yosuke/miniforge3/envs/ros_env/bin/cmake --install /Users/yosuke/gits/cxd5602pwbimu_ros2_driver/ros2_ws/build/imu_complementary_filter[0m
[16.934s] [34mcolcon.colcon_core.environment[0m [1;30mLevel 1[0m checking '/Users/yosuke/gits/cxd5602pwbimu_ros2_driver/ros2_ws/install/imu_complementary_filter' for CMake config files
[16.935s] [34mcolcon.colcon_core.shell[0m [1;30mLevel 1[0m create_environment_hook('imu_complementary_filter', 'cmake_prefix_path')
[16.935s] [34mcolcon.colcon_core.shell[0m [1;30mINFO[0m Creating environment hook '/Users/yosuke/gits/cxd5602pwbimu_ros2_driver/ros2_ws/install/imu_complementary_filter/share/imu_complementary_filter/hook/cmake_prefix_path.ps1'
[16.936s] [34mcolcon.colcon_core.shell[0m [1;30mINFO[0m Creating environment descriptor '/Users/yosuke/gits/cxd5602pwbimu_ros2_driver/ros2_ws/install/imu_complementary_filter/share/imu_complementary_filter/hook/cmake_prefix_path.dsv'
[16.936s] [34mcolcon.colcon_core.shell[0m [1;30mINFO[0m Creating environment hook '/Users/yosuke/gits/cxd5602pwbimu_ros2_driver/ros2_ws/install/imu_complementary_filter/share/imu_complementary_filter/hook/cmake_prefix_path.sh'
[16.937s] [34mcolcon.colcon_core.environment[0m [1;30mLevel 1[0m checking '/Users/yosuke/gits/cxd5602pwbimu_ros2_driver/ros2_ws/install/imu_complementary_filter/lib'
[16.937s] [34mcolcon.colcon_core.shell[0m [1;30mLevel 1[0m create_environment_hook('imu_complementary_filter', 'dyld_library_path')
[16.937s] [34mcolcon.colcon_core.shell[0m [1;30mINFO[0m Creating environment hook '/Users/yosuke/gits/cxd5602pwbimu_ros2_driver/ros2_ws/install/imu_complementary_filter/share/imu_complementary_filter/hook/dyld_library_path.ps1'
[16.938s] [34mcolcon.colcon_core.shell[0m [1;30mINFO[0m Creating environment descriptor '/Users/yosuke/gits/cxd5602pwbimu_ros2_driver/ros2_ws/install/imu_complementary_filter/share/imu_complementary_filter/hook/dyld_library_path.dsv'
[16.938s] [34mcolcon.colcon_core.shell[0m [1;30mINFO[0m Creating environment hook '/Users/yosuke/gits/cxd5602pwbimu_ros2_driver/ros2_ws/install/imu_complementary_filter/share/imu_complementary_filter/hook/dyld_library_path.sh'
[16.939s] [34mcolcon.colcon_core.environment[0m [1;30mLevel 1[0m checking '/Users/yosuke/gits/cxd5602pwbimu_ros2_driver/ros2_ws/install/imu_complementary_filter/bin'
[16.939s] [34mcolcon.colcon_core.environment[0m [1;30mLevel 1[0m checking '/Users/yosuke/gits/cxd5602pwbimu_ros2_driver/ros2_ws/install/imu_complementary_filter/lib/pkgconfig/imu_complementary_filter.pc'
[16.939s] [34mcolcon.colcon_core.environment[0m [1;30mLevel 1[0m checking '/Users/yosuke/gits/cxd5602pwbimu_ros2_driver/ros2_ws/install/imu_complementary_filter/lib/python3.11/site-packages'
[16.940s] [34mcolcon.colcon_core.environment[0m [1;30mLevel 1[0m checking '/Users/yosuke/gits/cxd5602pwbimu_ros2_driver/ros2_ws/install/imu_complementary_filter/bin'
[16.940s] [34mcolcon.colcon_core.shell[0m [1;30mINFO[0m Creating package script '/Users/yosuke/gits/cxd5602pwbimu_ros2_driver/ros2_ws/install/imu_complementary_filter/share/imu_complementary_filter/package.ps1'
[16.940s] [34mcolcon.colcon_core.shell[0m [1;30mINFO[0m Creating package descriptor '/Users/yosuke/gits/cxd5602pwbimu_ros2_driver/ros2_ws/install/imu_complementary_filter/share/imu_complementary_filter/package.dsv'
[16.942s] [34mcolcon.colcon_core.shell[0m [1;30mINFO[0m Creating package script '/Users/yosuke/gits/cxd5602pwbimu_ros2_driver/ros2_ws/install/imu_complementary_filter/share/imu_complementary_filter/package.sh'
[16.942s] [34mcolcon.colcon_core.shell[0m [1;30mINFO[0m Creating package script '/Users/yosuke/gits/cxd5602pwbimu_ros2_driver/ros2_ws/install/imu_complementary_filter/share/imu_complementary_filter/package.bash'
[16.943s] [34mcolcon.colcon_core.shell[0m [1;30mINFO[0m Creating package script '/Users/yosuke/gits/cxd5602pwbimu_ros2_driver/ros2_ws/install/imu_complementary_filter/share/imu_complementary_filter/package.zsh'
[16.943s] [34mcolcon.colcon_core.environment[0m [1;30mLevel 1[0m create_file_with_runtime_dependencies(/Users/yosuke/gits/cxd5602pwbimu_ros2_driver/ros2_ws/install/imu_complementary_filter/share/colcon-core/packages/imu_complementary_filter)
[17.110s] [34mcolcon.colcon_core.event_handler.log_command[0m [1;30mDEBUG[0m [32mInvoked command in '/Users/yosuke/gits/cxd5602pwbimu_ros2_driver/ros2_ws/build/imu_filter_madgwick' returned '0': CMAKE_PREFIX_PATH=${CMAKE_PREFIX_PATH}:/Users/yosuke/gits/cxd5602pwbimu_ros2_driver/ros2_ws/install/cxd5602pwbimu_driver_bringup:/Users/yosuke/miniforge3/envs/ros_env CONDA_PROMPT_MODIFIER=(ros_env) SHLVL=2 _=/Users/yosuke/miniforge3/envs/ros_env/bin/env /Users/yosuke/miniforge3/envs/ros_env/bin/cmake --build /Users/yosuke/gits/cxd5602pwbimu_ros2_driver/ros2_ws/build/imu_filter_madgwick -- -j10 -l10[0m
[17.258s] [34mcolcon.colcon_core.environment[0m [1;30mLevel 1[0m create_environment_scripts_only(imu_complementary_filter)
[17.258s] [34mcolcon.colcon_core.environment[0m [1;30mLevel 1[0m checking '/Users/yosuke/gits/cxd5602pwbimu_ros2_driver/ros2_ws/install/imu_complementary_filter' for CMake module files
[17.258s] [34mcolcon.colcon_core.environment[0m [1;30mLevel 1[0m checking '/Users/yosuke/gits/cxd5602pwbimu_ros2_driver/ros2_ws/install/imu_complementary_filter' for CMake config files
[17.259s] [34mcolcon.colcon_core.shell[0m [1;30mLevel 1[0m create_environment_hook('imu_complementary_filter', 'cmake_prefix_path')
[17.259s] [34mcolcon.colcon_core.shell[0m [1;30mINFO[0m Creating environment hook '/Users/yosuke/gits/cxd5602pwbimu_ros2_driver/ros2_ws/install/imu_complementary_filter/share/imu_complementary_filter/hook/cmake_prefix_path.ps1'
[17.260s] [34mcolcon.colcon_core.shell[0m [1;30mINFO[0m Creating environment descriptor '/Users/yosuke/gits/cxd5602pwbimu_ros2_driver/ros2_ws/install/imu_complementary_filter/share/imu_complementary_filter/hook/cmake_prefix_path.dsv'
[17.260s] [34mcolcon.colcon_core.shell[0m [1;30mINFO[0m Creating environment hook '/Users/yosuke/gits/cxd5602pwbimu_ros2_driver/ros2_ws/install/imu_complementary_filter/share/imu_complementary_filter/hook/cmake_prefix_path.sh'
[17.260s] [34mcolcon.colcon_core.environment[0m [1;30mLevel 1[0m checking '/Users/yosuke/gits/cxd5602pwbimu_ros2_driver/ros2_ws/install/imu_complementary_filter/lib'
[17.260s] [34mcolcon.colcon_core.shell[0m [1;30mLevel 1[0m create_environment_hook('imu_complementary_filter', 'dyld_library_path')
[17.260s] [34mcolcon.colcon_core.shell[0m [1;30mINFO[0m Creating environment hook '/Users/yosuke/gits/cxd5602pwbimu_ros2_driver/ros2_ws/install/imu_complementary_filter/share/imu_complementary_filter/hook/dyld_library_path.ps1'
[17.260s] [34mcolcon.colcon_core.shell[0m [1;30mINFO[0m Creating environment descriptor '/Users/yosuke/gits/cxd5602pwbimu_ros2_driver/ros2_ws/install/imu_complementary_filter/share/imu_complementary_filter/hook/dyld_library_path.dsv'
[17.261s] [34mcolcon.colcon_core.shell[0m [1;30mINFO[0m Creating environment hook '/Users/yosuke/gits/cxd5602pwbimu_ros2_driver/ros2_ws/install/imu_complementary_filter/share/imu_complementary_filter/hook/dyld_library_path.sh'
[17.261s] [34mcolcon.colcon_core.environment[0m [1;30mLevel 1[0m checking '/Users/yosuke/gits/cxd5602pwbimu_ros2_driver/ros2_ws/install/imu_complementary_filter/bin'
[17.261s] [34mcolcon.colcon_core.environment[0m [1;30mLevel 1[0m checking '/Users/yosuke/gits/cxd5602pwbimu_ros2_driver/ros2_ws/install/imu_complementary_filter/lib/pkgconfig/imu_complementary_filter.pc'
[17.261s] [34mcolcon.colcon_core.environment[0m [1;30mLevel 1[0m checking '/Users/yosuke/gits/cxd5602pwbimu_ros2_driver/ros2_ws/install/imu_complementary_filter/lib/python3.11/site-packages'
[17.261s] [34mcolcon.colcon_core.environment[0m [1;30mLevel 1[0m checking '/Users/yosuke/gits/cxd5602pwbimu_ros2_driver/ros2_ws/install/imu_complementary_filter/bin'
[17.261s] [34mcolcon.colcon_core.shell[0m [1;30mINFO[0m Creating package script '/Users/yosuke/gits/cxd5602pwbimu_ros2_driver/ros2_ws/install/imu_complementary_filter/share/imu_complementary_filter/package.ps1'
[17.261s] [34mcolcon.colcon_core.shell[0m [1;30mINFO[0m Creating package descriptor '/Users/yosuke/gits/cxd5602pwbimu_ros2_driver/ros2_ws/install/imu_complementary_filter/share/imu_complementary_filter/package.dsv'
[17.262s] [34mcolcon.colcon_core.shell[0m [1;30mINFO[0m Creating package script '/Users/yosuke/gits/cxd5602pwbimu_ros2_driver/ros2_ws/install/imu_complementary_filter/share/imu_complementary_filter/package.sh'
[17.262s] [34mcolcon.colcon_core.shell[0m [1;30mINFO[0m Creating package script '/Users/yosuke/gits/cxd5602pwbimu_ros2_driver/ros2_ws/install/imu_complementary_filter/share/imu_complementary_filter/package.bash'
[17.262s] [34mcolcon.colcon_core.shell[0m [1;30mINFO[0m Creating package script '/Users/yosuke/gits/cxd5602pwbimu_ros2_driver/ros2_ws/install/imu_complementary_filter/share/imu_complementary_filter/package.zsh'
[17.262s] [34mcolcon.colcon_core.environment[0m [1;30mLevel 1[0m create_file_with_runtime_dependencies(/Users/yosuke/gits/cxd5602pwbimu_ros2_driver/ros2_ws/install/imu_complementary_filter/share/colcon-core/packages/imu_complementary_filter)
[17.393s] [34mcolcon.colcon_core.event_handler.log_command[0m [1;30mDEBUG[0m [32mInvoked command in '/Users/yosuke/gits/cxd5602pwbimu_ros2_driver/ros2_ws/build/h6x_serial_interface_example' returned '0': CMAKE_PREFIX_PATH=/Users/yosuke/gits/cxd5602pwbimu_ros2_driver/ros2_ws/install/h6x_serial_interface:/Users/yosuke/gits/cxd5602pwbimu_ros2_driver/ros2_ws/install/imu_tools:/Users/yosuke/gits/cxd5602pwbimu_ros2_driver/ros2_ws/install/rviz_imu_plugin:/Users/yosuke/gits/cxd5602pwbimu_ros2_driver/ros2_ws/install/imu_trajectory_filter:/Users/yosuke/gits/cxd5602pwbimu_ros2_driver/ros2_ws/install/cxd5602pwbimu_driver:/Users/yosuke/gits/cxd5602pwbimu_ros2_driver/ros2_ws/install/imu_filter_madgwick:/Users/yosuke/gits/cxd5602pwbimu_ros2_driver/ros2_ws/install/imu_complementary_filter:/Users/yosuke/gits/cxd5602pwbimu_ros2_driver/ros2_ws/install/h6x_serial_interface_example:/Users/yosuke/gits/cxd5602pwbimu_ros2_driver/ros2_ws/install/cxd5602pwbimu_driver_node:/Users/yosuke/gits/cxd5602pwbimu_ros2_driver/ros2_ws/install/h6x_packet_handler:/usr/local:/opt/homebrew/opt/qt@5:/Users/yosuke/gits/cxd5602pwbimu_ros2_driver/ros2_ws/install/cxd5602pwbimu_driver_bringup:/Users/yosuke/miniforge3/envs/ros_env CONDA_PROMPT_MODIFIER=(ros_env) DYLD_LIBRARY_PATH=/Users/yosuke/gits/cxd5602pwbimu_ros2_driver/ros2_ws/install/h6x_serial_interface/lib:/Users/yosuke/gits/cxd5602pwbimu_ros2_driver/ros2_ws/install/rviz_imu_plugin/lib:/Users/yosuke/gits/cxd5602pwbimu_ros2_driver/ros2_ws/install/imu_trajectory_filter/lib:/Users/yosuke/gits/cxd5602pwbimu_ros2_driver/ros2_ws/install/imu_filter_madgwick/lib:/Users/yosuke/gits/cxd5602pwbimu_ros2_driver/ros2_ws/install/imu_complementary_filter/lib:/Users/yosuke/gits/cxd5602pwbimu_ros2_driver/ros2_ws/install/h6x_serial_interface_example/lib:/Users/yosuke/gits/cxd5602pwbimu_ros2_driver/ros2_ws/install/cxd5602pwbimu_driver_node/lib:/Users/yosuke/gits/cxd5602pwbimu_ros2_driver/ros2_ws/install/h6x_packet_handler/lib:/Users/yosuke/miniforge3/envs/ros_env/opt/rviz_ogre_vendor/lib SHLVL=2 _=/Users/yosuke/miniforge3/envs/ros_env/bin/env /Users/yosuke/miniforge3/envs/ros_env/bin/cmake /Users/yosuke/gits/cxd5602pwbimu_ros2_driver/ros2_ws/src/h6x_serial_interface/h6x_serial_interface_example -DCMAKE_PREFIX_PATH=/usr/local -DCMAKE_CXX_FLAGS=-I/usr/local/include -DCMAKE_EXE_LINKER_FLAGS=-L/usr/local/lib -DCMAKE_INSTALL_PREFIX=/Users/yosuke/gits/cxd5602pwbimu_ros2_driver/ros2_ws/install/h6x_serial_interface_example[0m
[17.396s] [34mcolcon.colcon_core.event_handler.log_command[0m [1;30mDEBUG[0m [32mInvoking command in '/Users/yosuke/gits/cxd5602pwbimu_ros2_driver/ros2_ws/build/h6x_serial_interface_example': CMAKE_PREFIX_PATH=/Users/yosuke/gits/cxd5602pwbimu_ros2_driver/ros2_ws/install/h6x_serial_interface:/Users/yosuke/gits/cxd5602pwbimu_ros2_driver/ros2_ws/install/imu_tools:/Users/yosuke/gits/cxd5602pwbimu_ros2_driver/ros2_ws/install/rviz_imu_plugin:/Users/yosuke/gits/cxd5602pwbimu_ros2_driver/ros2_ws/install/imu_trajectory_filter:/Users/yosuke/gits/cxd5602pwbimu_ros2_driver/ros2_ws/install/cxd5602pwbimu_driver:/Users/yosuke/gits/cxd5602pwbimu_ros2_driver/ros2_ws/install/imu_filter_madgwick:/Users/yosuke/gits/cxd5602pwbimu_ros2_driver/ros2_ws/install/imu_complementary_filter:/Users/yosuke/gits/cxd5602pwbimu_ros2_driver/ros2_ws/install/h6x_serial_interface_example:/Users/yosuke/gits/cxd5602pwbimu_ros2_driver/ros2_ws/install/cxd5602pwbimu_driver_node:/Users/yosuke/gits/cxd5602pwbimu_ros2_driver/ros2_ws/install/h6x_packet_handler:/usr/local:/opt/homebrew/opt/qt@5:/Users/yosuke/gits/cxd5602pwbimu_ros2_driver/ros2_ws/install/cxd5602pwbimu_driver_bringup:/Users/yosuke/miniforge3/envs/ros_env CONDA_PROMPT_MODIFIER=(ros_env) DYLD_LIBRARY_PATH=/Users/yosuke/gits/cxd5602pwbimu_ros2_driver/ros2_ws/install/h6x_serial_interface/lib:/Users/yosuke/gits/cxd5602pwbimu_ros2_driver/ros2_ws/install/rviz_imu_plugin/lib:/Users/yosuke/gits/cxd5602pwbimu_ros2_driver/ros2_ws/install/imu_trajectory_filter/lib:/Users/yosuke/gits/cxd5602pwbimu_ros2_driver/ros2_ws/install/imu_filter_madgwick/lib:/Users/yosuke/gits/cxd5602pwbimu_ros2_driver/ros2_ws/install/imu_complementary_filter/lib:/Users/yosuke/gits/cxd5602pwbimu_ros2_driver/ros2_ws/install/h6x_serial_interface_example/lib:/Users/yosuke/gits/cxd5602pwbimu_ros2_driver/ros2_ws/install/cxd5602pwbimu_driver_node/lib:/Users/yosuke/gits/cxd5602pwbimu_ros2_driver/ros2_ws/install/h6x_packet_handler/lib:/Users/yosuke/miniforge3/envs/ros_env/opt/rviz_ogre_vendor/lib SHLVL=2 _=/Users/yosuke/miniforge3/envs/ros_env/bin/env /Users/yosuke/miniforge3/envs/ros_env/bin/cmake --build /Users/yosuke/gits/cxd5602pwbimu_ros2_driver/ros2_ws/build/h6x_serial_interface_example -- -j10 -l10[0m
[17.401s] [34mcolcon.colcon_core.event_handler.log_command[0m [1;30mDEBUG[0m [32mInvoked command in '/Users/yosuke/gits/cxd5602pwbimu_ros2_driver/ros2_ws/build/cxd5602pwbimu_driver_node' returned '0': CMAKE_PREFIX_PATH=/Users/yosuke/gits/cxd5602pwbimu_ros2_driver/ros2_ws/install/h6x_serial_interface:/Users/yosuke/gits/cxd5602pwbimu_ros2_driver/ros2_ws/install/imu_tools:/Users/yosuke/gits/cxd5602pwbimu_ros2_driver/ros2_ws/install/rviz_imu_plugin:/Users/yosuke/gits/cxd5602pwbimu_ros2_driver/ros2_ws/install/imu_trajectory_filter:/Users/yosuke/gits/cxd5602pwbimu_ros2_driver/ros2_ws/install/cxd5602pwbimu_driver:/Users/yosuke/gits/cxd5602pwbimu_ros2_driver/ros2_ws/install/imu_filter_madgwick:/Users/yosuke/gits/cxd5602pwbimu_ros2_driver/ros2_ws/install/imu_complementary_filter:/Users/yosuke/gits/cxd5602pwbimu_ros2_driver/ros2_ws/install/h6x_serial_interface_example:/Users/yosuke/gits/cxd5602pwbimu_ros2_driver/ros2_ws/install/cxd5602pwbimu_driver_node:/Users/yosuke/gits/cxd5602pwbimu_ros2_driver/ros2_ws/install/h6x_packet_handler:/usr/local:/opt/homebrew/opt/qt@5:/Users/yosuke/gits/cxd5602pwbimu_ros2_driver/ros2_ws/install/cxd5602pwbimu_driver_bringup:/Users/yosuke/miniforge3/envs/ros_env CONDA_PROMPT_MODIFIER=(ros_env) DYLD_LIBRARY_PATH=/Users/yosuke/gits/cxd5602pwbimu_ros2_driver/ros2_ws/install/h6x_serial_interface/lib:/Users/yosuke/gits/cxd5602pwbimu_ros2_driver/ros2_ws/install/rviz_imu_plugin/lib:/Users/yosuke/gits/cxd5602pwbimu_ros2_driver/ros2_ws/install/imu_trajectory_filter/lib:/Users/yosuke/gits/cxd5602pwbimu_ros2_driver/ros2_ws/install/imu_filter_madgwick/lib:/Users/yosuke/gits/cxd5602pwbimu_ros2_driver/ros2_ws/install/imu_complementary_filter/lib:/Users/yosuke/gits/cxd5602pwbimu_ros2_driver/ros2_ws/install/h6x_serial_interface_example/lib:/Users/yosuke/gits/cxd5602pwbimu_ros2_driver/ros2_ws/install/cxd5602pwbimu_driver_node/lib:/Users/yosuke/gits/cxd5602pwbimu_ros2_driver/ros2_ws/install/h6x_packet_handler/lib:/Users/yosuke/miniforge3/envs/ros_env/opt/rviz_ogre_vendor/lib SHLVL=2 _=/Users/yosuke/miniforge3/envs/ros_env/bin/env /Users/yosuke/miniforge3/envs/ros_env/bin/cmake /Users/yosuke/gits/cxd5602pwbimu_ros2_driver/ros2_ws/src/cxd5602pwbimu_driver_node -DCMAKE_PREFIX_PATH=/usr/local -DCMAKE_CXX_FLAGS=-I/usr/local/include -DCMAKE_EXE_LINKER_FLAGS=-L/usr/local/lib -DCMAKE_INSTALL_PREFIX=/Users/yosuke/gits/cxd5602pwbimu_ros2_driver/ros2_ws/install/cxd5602pwbimu_driver_node[0m
[17.402s] [34mcolcon.colcon_core.event_handler.log_command[0m [1;30mDEBUG[0m [32mInvoking command in '/Users/yosuke/gits/cxd5602pwbimu_ros2_driver/ros2_ws/build/cxd5602pwbimu_driver_node': CMAKE_PREFIX_PATH=/Users/yosuke/gits/cxd5602pwbimu_ros2_driver/ros2_ws/install/h6x_serial_interface:/Users/yosuke/gits/cxd5602pwbimu_ros2_driver/ros2_ws/install/imu_tools:/Users/yosuke/gits/cxd5602pwbimu_ros2_driver/ros2_ws/install/rviz_imu_plugin:/Users/yosuke/gits/cxd5602pwbimu_ros2_driver/ros2_ws/install/imu_trajectory_filter:/Users/yosuke/gits/cxd5602pwbimu_ros2_driver/ros2_ws/install/cxd5602pwbimu_driver:/Users/yosuke/gits/cxd5602pwbimu_ros2_driver/ros2_ws/install/imu_filter_madgwick:/Users/yosuke/gits/cxd5602pwbimu_ros2_driver/ros2_ws/install/imu_complementary_filter:/Users/yosuke/gits/cxd5602pwbimu_ros2_driver/ros2_ws/install/h6x_serial_interface_example:/Users/yosuke/gits/cxd5602pwbimu_ros2_driver/ros2_ws/install/cxd5602pwbimu_driver_node:/Users/yosuke/gits/cxd5602pwbimu_ros2_driver/ros2_ws/install/h6x_packet_handler:/usr/local:/opt/homebrew/opt/qt@5:/Users/yosuke/gits/cxd5602pwbimu_ros2_driver/ros2_ws/install/cxd5602pwbimu_driver_bringup:/Users/yosuke/miniforge3/envs/ros_env CONDA_PROMPT_MODIFIER=(ros_env) DYLD_LIBRARY_PATH=/Users/yosuke/gits/cxd5602pwbimu_ros2_driver/ros2_ws/install/h6x_serial_interface/lib:/Users/yosuke/gits/cxd5602pwbimu_ros2_driver/ros2_ws/install/rviz_imu_plugin/lib:/Users/yosuke/gits/cxd5602pwbimu_ros2_driver/ros2_ws/install/imu_trajectory_filter/lib:/Users/yosuke/gits/cxd5602pwbimu_ros2_driver/ros2_ws/install/imu_filter_madgwick/lib:/Users/yosuke/gits/cxd5602pwbimu_ros2_driver/ros2_ws/install/imu_complementary_filter/lib:/Users/yosuke/gits/cxd5602pwbimu_ros2_driver/ros2_ws/install/h6x_serial_interface_example/lib:/Users/yosuke/gits/cxd5602pwbimu_ros2_driver/ros2_ws/install/cxd5602pwbimu_driver_node/lib:/Users/yosuke/gits/cxd5602pwbimu_ros2_driver/ros2_ws/install/h6x_packet_handler/lib:/Users/yosuke/miniforge3/envs/ros_env/opt/rviz_ogre_vendor/lib SHLVL=2 _=/Users/yosuke/miniforge3/envs/ros_env/bin/env /Users/yosuke/miniforge3/envs/ros_env/bin/cmake --build /Users/yosuke/gits/cxd5602pwbimu_ros2_driver/ros2_ws/build/cxd5602pwbimu_driver_node -- -j10 -l10[0m
[17.572s] [34mcolcon.colcon_core.event_handler.log_command[0m [1;30mDEBUG[0m [32mInvoking command in '/Users/yosuke/gits/cxd5602pwbimu_ros2_driver/ros2_ws/build/imu_filter_madgwick': CMAKE_PREFIX_PATH=${CMAKE_PREFIX_PATH}:/Users/yosuke/gits/cxd5602pwbimu_ros2_driver/ros2_ws/install/cxd5602pwbimu_driver_bringup:/Users/yosuke/miniforge3/envs/ros_env CONDA_PROMPT_MODIFIER=(ros_env) SHLVL=2 _=/Users/yosuke/miniforge3/envs/ros_env/bin/env /Users/yosuke/miniforge3/envs/ros_env/bin/cmake --install /Users/yosuke/gits/cxd5602pwbimu_ros2_driver/ros2_ws/build/imu_filter_madgwick[0m
[17.783s] [34mcolcon.colcon_core.environment[0m [1;30mLevel 1[0m create_environment_scripts_only(imu_filter_madgwick)
[17.783s] [34mcolcon.colcon_core.environment[0m [1;30mLevel 1[0m checking '/Users/yosuke/gits/cxd5602pwbimu_ros2_driver/ros2_ws/install/imu_filter_madgwick' for CMake module files
[17.784s] [34mcolcon.colcon_core.event_handler.log_command[0m [1;30mDEBUG[0m [32mInvoked command in '/Users/yosuke/gits/cxd5602pwbimu_ros2_driver/ros2_ws/build/imu_filter_madgwick' returned '0': CMAKE_PREFIX_PATH=${CMAKE_PREFIX_PATH}:/Users/yosuke/gits/cxd5602pwbimu_ros2_driver/ros2_ws/install/cxd5602pwbimu_driver_bringup:/Users/yosuke/miniforge3/envs/ros_env CONDA_PROMPT_MODIFIER=(ros_env) SHLVL=2 _=/Users/yosuke/miniforge3/envs/ros_env/bin/env /Users/yosuke/miniforge3/envs/ros_env/bin/cmake --install /Users/yosuke/gits/cxd5602pwbimu_ros2_driver/ros2_ws/build/imu_filter_madgwick[0m
[17.784s] [34mcolcon.colcon_core.environment[0m [1;30mLevel 1[0m checking '/Users/yosuke/gits/cxd5602pwbimu_ros2_driver/ros2_ws/install/imu_filter_madgwick' for CMake config files
[17.785s] [34mcolcon.colcon_core.shell[0m [1;30mLevel 1[0m create_environment_hook('imu_filter_madgwick', 'cmake_prefix_path')
[17.785s] [34mcolcon.colcon_core.shell[0m [1;30mINFO[0m Creating environment hook '/Users/yosuke/gits/cxd5602pwbimu_ros2_driver/ros2_ws/install/imu_filter_madgwick/share/imu_filter_madgwick/hook/cmake_prefix_path.ps1'
[17.786s] [34mcolcon.colcon_core.shell[0m [1;30mINFO[0m Creating environment descriptor '/Users/yosuke/gits/cxd5602pwbimu_ros2_driver/ros2_ws/install/imu_filter_madgwick/share/imu_filter_madgwick/hook/cmake_prefix_path.dsv'
[17.786s] [34mcolcon.colcon_core.shell[0m [1;30mINFO[0m Creating environment hook '/Users/yosuke/gits/cxd5602pwbimu_ros2_driver/ros2_ws/install/imu_filter_madgwick/share/imu_filter_madgwick/hook/cmake_prefix_path.sh'
[17.787s] [34mcolcon.colcon_core.environment[0m [1;30mLevel 1[0m checking '/Users/yosuke/gits/cxd5602pwbimu_ros2_driver/ros2_ws/install/imu_filter_madgwick/lib'
[17.787s] [34mcolcon.colcon_core.shell[0m [1;30mLevel 1[0m create_environment_hook('imu_filter_madgwick', 'dyld_library_path')
[17.787s] [34mcolcon.colcon_core.shell[0m [1;30mINFO[0m Creating environment hook '/Users/yosuke/gits/cxd5602pwbimu_ros2_driver/ros2_ws/install/imu_filter_madgwick/share/imu_filter_madgwick/hook/dyld_library_path.ps1'
[17.787s] [34mcolcon.colcon_core.shell[0m [1;30mINFO[0m Creating environment descriptor '/Users/yosuke/gits/cxd5602pwbimu_ros2_driver/ros2_ws/install/imu_filter_madgwick/share/imu_filter_madgwick/hook/dyld_library_path.dsv'
[17.788s] [34mcolcon.colcon_core.shell[0m [1;30mINFO[0m Creating environment hook '/Users/yosuke/gits/cxd5602pwbimu_ros2_driver/ros2_ws/install/imu_filter_madgwick/share/imu_filter_madgwick/hook/dyld_library_path.sh'
[17.788s] [34mcolcon.colcon_core.environment[0m [1;30mLevel 1[0m checking '/Users/yosuke/gits/cxd5602pwbimu_ros2_driver/ros2_ws/install/imu_filter_madgwick/bin'
[17.788s] [34mcolcon.colcon_core.environment[0m [1;30mLevel 1[0m checking '/Users/yosuke/gits/cxd5602pwbimu_ros2_driver/ros2_ws/install/imu_filter_madgwick/lib/pkgconfig/imu_filter_madgwick.pc'
[17.789s] [34mcolcon.colcon_core.environment[0m [1;30mLevel 1[0m checking '/Users/yosuke/gits/cxd5602pwbimu_ros2_driver/ros2_ws/install/imu_filter_madgwick/lib/python3.11/site-packages'
[17.789s] [34mcolcon.colcon_core.environment[0m [1;30mLevel 1[0m checking '/Users/yosuke/gits/cxd5602pwbimu_ros2_driver/ros2_ws/install/imu_filter_madgwick/bin'
[17.789s] [34mcolcon.colcon_core.shell[0m [1;30mINFO[0m Creating package script '/Users/yosuke/gits/cxd5602pwbimu_ros2_driver/ros2_ws/install/imu_filter_madgwick/share/imu_filter_madgwick/package.ps1'
[17.789s] [34mcolcon.colcon_core.shell[0m [1;30mINFO[0m Creating package descriptor '/Users/yosuke/gits/cxd5602pwbimu_ros2_driver/ros2_ws/install/imu_filter_madgwick/share/imu_filter_madgwick/package.dsv'
[17.790s] [34mcolcon.colcon_core.shell[0m [1;30mINFO[0m Creating package script '/Users/yosuke/gits/cxd5602pwbimu_ros2_driver/ros2_ws/install/imu_filter_madgwick/share/imu_filter_madgwick/package.sh'
[17.790s] [34mcolcon.colcon_core.shell[0m [1;30mINFO[0m Creating package script '/Users/yosuke/gits/cxd5602pwbimu_ros2_driver/ros2_ws/install/imu_filter_madgwick/share/imu_filter_madgwick/package.bash'
[17.790s] [34mcolcon.colcon_core.shell[0m [1;30mINFO[0m Creating package script '/Users/yosuke/gits/cxd5602pwbimu_ros2_driver/ros2_ws/install/imu_filter_madgwick/share/imu_filter_madgwick/package.zsh'
[17.790s] [34mcolcon.colcon_core.environment[0m [1;30mLevel 1[0m create_file_with_runtime_dependencies(/Users/yosuke/gits/cxd5602pwbimu_ros2_driver/ros2_ws/install/imu_filter_madgwick/share/colcon-core/packages/imu_filter_madgwick)
[18.310s] [34mcolcon.colcon_core.event_handler.log_command[0m [1;30mDEBUG[0m [32mInvoked command in '/Users/yosuke/gits/cxd5602pwbimu_ros2_driver/ros2_ws/build/rviz_imu_plugin' returned '0': CMAKE_PREFIX_PATH=${CMAKE_PREFIX_PATH}:/Users/yosuke/gits/cxd5602pwbimu_ros2_driver/ros2_ws/install/cxd5602pwbimu_driver_bringup:/Users/yosuke/miniforge3/envs/ros_env CONDA_PROMPT_MODIFIER=(ros_env) SHLVL=2 _=/Users/yosuke/miniforge3/envs/ros_env/bin/env /Users/yosuke/miniforge3/envs/ros_env/bin/cmake --build /Users/yosuke/gits/cxd5602pwbimu_ros2_driver/ros2_ws/build/rviz_imu_plugin -- -j10 -l10[0m
[18.418s] [34mcolcon.colcon_core.environment[0m [1;30mLevel 1[0m create_environment_scripts_only(imu_filter_madgwick)
[18.418s] [34mcolcon.colcon_core.environment[0m [1;30mLevel 1[0m checking '/Users/yosuke/gits/cxd5602pwbimu_ros2_driver/ros2_ws/install/imu_filter_madgwick' for CMake module files
[18.419s] [34mcolcon.colcon_core.environment[0m [1;30mLevel 1[0m checking '/Users/yosuke/gits/cxd5602pwbimu_ros2_driver/ros2_ws/install/imu_filter_madgwick' for CMake config files
[18.420s] [34mcolcon.colcon_core.shell[0m [1;30mLevel 1[0m create_environment_hook('imu_filter_madgwick', 'cmake_prefix_path')
[18.420s] [34mcolcon.colcon_core.shell[0m [1;30mINFO[0m Creating environment hook '/Users/yosuke/gits/cxd5602pwbimu_ros2_driver/ros2_ws/install/imu_filter_madgwick/share/imu_filter_madgwick/hook/cmake_prefix_path.ps1'
[18.421s] [34mcolcon.colcon_core.shell[0m [1;30mINFO[0m Creating environment descriptor '/Users/yosuke/gits/cxd5602pwbimu_ros2_driver/ros2_ws/install/imu_filter_madgwick/share/imu_filter_madgwick/hook/cmake_prefix_path.dsv'
[18.421s] [34mcolcon.colcon_core.shell[0m [1;30mINFO[0m Creating environment hook '/Users/yosuke/gits/cxd5602pwbimu_ros2_driver/ros2_ws/install/imu_filter_madgwick/share/imu_filter_madgwick/hook/cmake_prefix_path.sh'
[18.422s] [34mcolcon.colcon_core.environment[0m [1;30mLevel 1[0m checking '/Users/yosuke/gits/cxd5602pwbimu_ros2_driver/ros2_ws/install/imu_filter_madgwick/lib'
[18.422s] [34mcolcon.colcon_core.shell[0m [1;30mLevel 1[0m create_environment_hook('imu_filter_madgwick', 'dyld_library_path')
[18.422s] [34mcolcon.colcon_core.shell[0m [1;30mINFO[0m Creating environment hook '/Users/yosuke/gits/cxd5602pwbimu_ros2_driver/ros2_ws/install/imu_filter_madgwick/share/imu_filter_madgwick/hook/dyld_library_path.ps1'
[18.423s] [34mcolcon.colcon_core.shell[0m [1;30mINFO[0m Creating environment descriptor '/Users/yosuke/gits/cxd5602pwbimu_ros2_driver/ros2_ws/install/imu_filter_madgwick/share/imu_filter_madgwick/hook/dyld_library_path.dsv'
[18.423s] [34mcolcon.colcon_core.shell[0m [1;30mINFO[0m Creating environment hook '/Users/yosuke/gits/cxd5602pwbimu_ros2_driver/ros2_ws/install/imu_filter_madgwick/share/imu_filter_madgwick/hook/dyld_library_path.sh'
[18.424s] [34mcolcon.colcon_core.environment[0m [1;30mLevel 1[0m checking '/Users/yosuke/gits/cxd5602pwbimu_ros2_driver/ros2_ws/install/imu_filter_madgwick/bin'
[18.424s] [34mcolcon.colcon_core.environment[0m [1;30mLevel 1[0m checking '/Users/yosuke/gits/cxd5602pwbimu_ros2_driver/ros2_ws/install/imu_filter_madgwick/lib/pkgconfig/imu_filter_madgwick.pc'
[18.424s] [34mcolcon.colcon_core.environment[0m [1;30mLevel 1[0m checking '/Users/yosuke/gits/cxd5602pwbimu_ros2_driver/ros2_ws/install/imu_filter_madgwick/lib/python3.11/site-packages'
[18.424s] [34mcolcon.colcon_core.environment[0m [1;30mLevel 1[0m checking '/Users/yosuke/gits/cxd5602pwbimu_ros2_driver/ros2_ws/install/imu_filter_madgwick/bin'
[18.424s] [34mcolcon.colcon_core.shell[0m [1;30mINFO[0m Creating package script '/Users/yosuke/gits/cxd5602pwbimu_ros2_driver/ros2_ws/install/imu_filter_madgwick/share/imu_filter_madgwick/package.ps1'
[18.425s] [34mcolcon.colcon_core.shell[0m [1;30mINFO[0m Creating package descriptor '/Users/yosuke/gits/cxd5602pwbimu_ros2_driver/ros2_ws/install/imu_filter_madgwick/share/imu_filter_madgwick/package.dsv'
[18.425s] [34mcolcon.colcon_core.shell[0m [1;30mINFO[0m Creating package script '/Users/yosuke/gits/cxd5602pwbimu_ros2_driver/ros2_ws/install/imu_filter_madgwick/share/imu_filter_madgwick/package.sh'
[18.425s] [34mcolcon.colcon_core.shell[0m [1;30mINFO[0m Creating package script '/Users/yosuke/gits/cxd5602pwbimu_ros2_driver/ros2_ws/install/imu_filter_madgwick/share/imu_filter_madgwick/package.bash'
[18.425s] [34mcolcon.colcon_core.shell[0m [1;30mINFO[0m Creating package script '/Users/yosuke/gits/cxd5602pwbimu_ros2_driver/ros2_ws/install/imu_filter_madgwick/share/imu_filter_madgwick/package.zsh'
[18.425s] [34mcolcon.colcon_core.environment[0m [1;30mLevel 1[0m create_file_with_runtime_dependencies(/Users/yosuke/gits/cxd5602pwbimu_ros2_driver/ros2_ws/install/imu_filter_madgwick/share/colcon-core/packages/imu_filter_madgwick)
[18.983s] [34mcolcon.colcon_core.event_handler.log_command[0m [1;30mDEBUG[0m [32mInvoking command in '/Users/yosuke/gits/cxd5602pwbimu_ros2_driver/ros2_ws/build/rviz_imu_plugin': CMAKE_PREFIX_PATH=${CMAKE_PREFIX_PATH}:/Users/yosuke/gits/cxd5602pwbimu_ros2_driver/ros2_ws/install/cxd5602pwbimu_driver_bringup:/Users/yosuke/miniforge3/envs/ros_env CONDA_PROMPT_MODIFIER=(ros_env) SHLVL=2 _=/Users/yosuke/miniforge3/envs/ros_env/bin/env /Users/yosuke/miniforge3/envs/ros_env/bin/cmake --install /Users/yosuke/gits/cxd5602pwbimu_ros2_driver/ros2_ws/build/rviz_imu_plugin[0m
[19.083s] [34mcolcon.colcon_core.environment[0m [1;30mLevel 1[0m create_environment_scripts_only(rviz_imu_plugin)
[19.084s] [34mcolcon.colcon_core.environment[0m [1;30mLevel 1[0m checking '/Users/yosuke/gits/cxd5602pwbimu_ros2_driver/ros2_ws/install/rviz_imu_plugin' for CMake module files
[19.084s] [34mcolcon.colcon_core.event_handler.log_command[0m [1;30mDEBUG[0m [32mInvoked command in '/Users/yosuke/gits/cxd5602pwbimu_ros2_driver/ros2_ws/build/rviz_imu_plugin' returned '0': CMAKE_PREFIX_PATH=${CMAKE_PREFIX_PATH}:/Users/yosuke/gits/cxd5602pwbimu_ros2_driver/ros2_ws/install/cxd5602pwbimu_driver_bringup:/Users/yosuke/miniforge3/envs/ros_env CONDA_PROMPT_MODIFIER=(ros_env) SHLVL=2 _=/Users/yosuke/miniforge3/envs/ros_env/bin/env /Users/yosuke/miniforge3/envs/ros_env/bin/cmake --install /Users/yosuke/gits/cxd5602pwbimu_ros2_driver/ros2_ws/build/rviz_imu_plugin[0m
[19.085s] [34mcolcon.colcon_core.environment[0m [1;30mLevel 1[0m checking '/Users/yosuke/gits/cxd5602pwbimu_ros2_driver/ros2_ws/install/rviz_imu_plugin' for CMake config files
[19.085s] [34mcolcon.colcon_core.shell[0m [1;30mLevel 1[0m create_environment_hook('rviz_imu_plugin', 'cmake_prefix_path')
[19.085s] [34mcolcon.colcon_core.shell[0m [1;30mINFO[0m Creating environment hook '/Users/yosuke/gits/cxd5602pwbimu_ros2_driver/ros2_ws/install/rviz_imu_plugin/share/rviz_imu_plugin/hook/cmake_prefix_path.ps1'
[19.086s] [34mcolcon.colcon_core.shell[0m [1;30mINFO[0m Creating environment descriptor '/Users/yosuke/gits/cxd5602pwbimu_ros2_driver/ros2_ws/install/rviz_imu_plugin/share/rviz_imu_plugin/hook/cmake_prefix_path.dsv'
[19.086s] [34mcolcon.colcon_core.shell[0m [1;30mINFO[0m Creating environment hook '/Users/yosuke/gits/cxd5602pwbimu_ros2_driver/ros2_ws/install/rviz_imu_plugin/share/rviz_imu_plugin/hook/cmake_prefix_path.sh'
[19.087s] [34mcolcon.colcon_core.environment[0m [1;30mLevel 1[0m checking '/Users/yosuke/gits/cxd5602pwbimu_ros2_driver/ros2_ws/install/rviz_imu_plugin/lib'
[19.087s] [34mcolcon.colcon_core.shell[0m [1;30mLevel 1[0m create_environment_hook('rviz_imu_plugin', 'dyld_library_path')
[19.087s] [34mcolcon.colcon_core.shell[0m [1;30mINFO[0m Creating environment hook '/Users/yosuke/gits/cxd5602pwbimu_ros2_driver/ros2_ws/install/rviz_imu_plugin/share/rviz_imu_plugin/hook/dyld_library_path.ps1'
[19.088s] [34mcolcon.colcon_core.shell[0m [1;30mINFO[0m Creating environment descriptor '/Users/yosuke/gits/cxd5602pwbimu_ros2_driver/ros2_ws/install/rviz_imu_plugin/share/rviz_imu_plugin/hook/dyld_library_path.dsv'
[19.088s] [34mcolcon.colcon_core.shell[0m [1;30mINFO[0m Creating environment hook '/Users/yosuke/gits/cxd5602pwbimu_ros2_driver/ros2_ws/install/rviz_imu_plugin/share/rviz_imu_plugin/hook/dyld_library_path.sh'
[19.089s] [34mcolcon.colcon_core.environment[0m [1;30mLevel 1[0m checking '/Users/yosuke/gits/cxd5602pwbimu_ros2_driver/ros2_ws/install/rviz_imu_plugin/bin'
[19.089s] [34mcolcon.colcon_core.environment[0m [1;30mLevel 1[0m checking '/Users/yosuke/gits/cxd5602pwbimu_ros2_driver/ros2_ws/install/rviz_imu_plugin/lib/pkgconfig/rviz_imu_plugin.pc'
[19.089s] [34mcolcon.colcon_core.environment[0m [1;30mLevel 1[0m checking '/Users/yosuke/gits/cxd5602pwbimu_ros2_driver/ros2_ws/install/rviz_imu_plugin/lib/python3.11/site-packages'
[19.089s] [34mcolcon.colcon_core.environment[0m [1;30mLevel 1[0m checking '/Users/yosuke/gits/cxd5602pwbimu_ros2_driver/ros2_ws/install/rviz_imu_plugin/bin'
[19.090s] [34mcolcon.colcon_core.shell[0m [1;30mINFO[0m Creating package script '/Users/yosuke/gits/cxd5602pwbimu_ros2_driver/ros2_ws/install/rviz_imu_plugin/share/rviz_imu_plugin/package.ps1'
[19.090s] [34mcolcon.colcon_core.shell[0m [1;30mINFO[0m Creating package descriptor '/Users/yosuke/gits/cxd5602pwbimu_ros2_driver/ros2_ws/install/rviz_imu_plugin/share/rviz_imu_plugin/package.dsv'
[19.091s] [34mcolcon.colcon_core.shell[0m [1;30mINFO[0m Creating package script '/Users/yosuke/gits/cxd5602pwbimu_ros2_driver/ros2_ws/install/rviz_imu_plugin/share/rviz_imu_plugin/package.sh'
[19.091s] [34mcolcon.colcon_core.shell[0m [1;30mINFO[0m Creating package script '/Users/yosuke/gits/cxd5602pwbimu_ros2_driver/ros2_ws/install/rviz_imu_plugin/share/rviz_imu_plugin/package.bash'
[19.091s] [34mcolcon.colcon_core.shell[0m [1;30mINFO[0m Creating package script '/Users/yosuke/gits/cxd5602pwbimu_ros2_driver/ros2_ws/install/rviz_imu_plugin/share/rviz_imu_plugin/package.zsh'
[19.092s] [34mcolcon.colcon_core.environment[0m [1;30mLevel 1[0m create_file_with_runtime_dependencies(/Users/yosuke/gits/cxd5602pwbimu_ros2_driver/ros2_ws/install/rviz_imu_plugin/share/colcon-core/packages/rviz_imu_plugin)
[19.688s] [34mcolcon.colcon_core.environment[0m [1;30mLevel 1[0m create_environment_scripts_only(rviz_imu_plugin)
[19.688s] [34mcolcon.colcon_core.environment[0m [1;30mLevel 1[0m checking '/Users/yosuke/gits/cxd5602pwbimu_ros2_driver/ros2_ws/install/rviz_imu_plugin' for CMake module files
[19.689s] [34mcolcon.colcon_core.environment[0m [1;30mLevel 1[0m checking '/Users/yosuke/gits/cxd5602pwbimu_ros2_driver/ros2_ws/install/rviz_imu_plugin' for CMake config files
[19.689s] [34mcolcon.colcon_core.shell[0m [1;30mLevel 1[0m create_environment_hook('rviz_imu_plugin', 'cmake_prefix_path')
[19.689s] [34mcolcon.colcon_core.shell[0m [1;30mINFO[0m Creating environment hook '/Users/yosuke/gits/cxd5602pwbimu_ros2_driver/ros2_ws/install/rviz_imu_plugin/share/rviz_imu_plugin/hook/cmake_prefix_path.ps1'
[19.689s] [34mcolcon.colcon_core.shell[0m [1;30mINFO[0m Creating environment descriptor '/Users/yosuke/gits/cxd5602pwbimu_ros2_driver/ros2_ws/install/rviz_imu_plugin/share/rviz_imu_plugin/hook/cmake_prefix_path.dsv'
[19.689s] [34mcolcon.colcon_core.shell[0m [1;30mINFO[0m Creating environment hook '/Users/yosuke/gits/cxd5602pwbimu_ros2_driver/ros2_ws/install/rviz_imu_plugin/share/rviz_imu_plugin/hook/cmake_prefix_path.sh'
[19.690s] [34mcolcon.colcon_core.environment[0m [1;30mLevel 1[0m checking '/Users/yosuke/gits/cxd5602pwbimu_ros2_driver/ros2_ws/install/rviz_imu_plugin/lib'
[19.690s] [34mcolcon.colcon_core.shell[0m [1;30mLevel 1[0m create_environment_hook('rviz_imu_plugin', 'dyld_library_path')
[19.690s] [34mcolcon.colcon_core.shell[0m [1;30mINFO[0m Creating environment hook '/Users/yosuke/gits/cxd5602pwbimu_ros2_driver/ros2_ws/install/rviz_imu_plugin/share/rviz_imu_plugin/hook/dyld_library_path.ps1'
[19.690s] [34mcolcon.colcon_core.shell[0m [1;30mINFO[0m Creating environment descriptor '/Users/yosuke/gits/cxd5602pwbimu_ros2_driver/ros2_ws/install/rviz_imu_plugin/share/rviz_imu_plugin/hook/dyld_library_path.dsv'
[19.690s] [34mcolcon.colcon_core.shell[0m [1;30mINFO[0m Creating environment hook '/Users/yosuke/gits/cxd5602pwbimu_ros2_driver/ros2_ws/install/rviz_imu_plugin/share/rviz_imu_plugin/hook/dyld_library_path.sh'
[19.690s] [34mcolcon.colcon_core.environment[0m [1;30mLevel 1[0m checking '/Users/yosuke/gits/cxd5602pwbimu_ros2_driver/ros2_ws/install/rviz_imu_plugin/bin'
[19.690s] [34mcolcon.colcon_core.environment[0m [1;30mLevel 1[0m checking '/Users/yosuke/gits/cxd5602pwbimu_ros2_driver/ros2_ws/install/rviz_imu_plugin/lib/pkgconfig/rviz_imu_plugin.pc'
[19.690s] [34mcolcon.colcon_core.environment[0m [1;30mLevel 1[0m checking '/Users/yosuke/gits/cxd5602pwbimu_ros2_driver/ros2_ws/install/rviz_imu_plugin/lib/python3.11/site-packages'
[19.690s] [34mcolcon.colcon_core.environment[0m [1;30mLevel 1[0m checking '/Users/yosuke/gits/cxd5602pwbimu_ros2_driver/ros2_ws/install/rviz_imu_plugin/bin'
[19.691s] [34mcolcon.colcon_core.shell[0m [1;30mINFO[0m Creating package script '/Users/yosuke/gits/cxd5602pwbimu_ros2_driver/ros2_ws/install/rviz_imu_plugin/share/rviz_imu_plugin/package.ps1'
[19.691s] [34mcolcon.colcon_core.shell[0m [1;30mINFO[0m Creating package descriptor '/Users/yosuke/gits/cxd5602pwbimu_ros2_driver/ros2_ws/install/rviz_imu_plugin/share/rviz_imu_plugin/package.dsv'
[19.691s] [34mcolcon.colcon_core.shell[0m [1;30mINFO[0m Creating package script '/Users/yosuke/gits/cxd5602pwbimu_ros2_driver/ros2_ws/install/rviz_imu_plugin/share/rviz_imu_plugin/package.sh'
[19.691s] [34mcolcon.colcon_core.shell[0m [1;30mINFO[0m Creating package script '/Users/yosuke/gits/cxd5602pwbimu_ros2_driver/ros2_ws/install/rviz_imu_plugin/share/rviz_imu_plugin/package.bash'
[19.691s] [34mcolcon.colcon_core.shell[0m [1;30mINFO[0m Creating package script '/Users/yosuke/gits/cxd5602pwbimu_ros2_driver/ros2_ws/install/rviz_imu_plugin/share/rviz_imu_plugin/package.zsh'
[19.691s] [34mcolcon.colcon_core.environment[0m [1;30mLevel 1[0m create_file_with_runtime_dependencies(/Users/yosuke/gits/cxd5602pwbimu_ros2_driver/ros2_ws/install/rviz_imu_plugin/share/colcon-core/packages/rviz_imu_plugin)
[19.692s] [34mcolcon.colcon_ros.task.ament_cmake.build[0m [1;30mINFO[0m Building ROS package in '/Users/yosuke/gits/cxd5602pwbimu_ros2_driver/ros2_ws/src/imu_tools/imu_tools' with build type 'ament_cmake'
[19.692s] [34mcolcon.colcon_cmake.task.cmake.build[0m [1;30mINFO[0m Building CMake package in '/Users/yosuke/gits/cxd5602pwbimu_ros2_driver/ros2_ws/src/imu_tools/imu_tools'
[19.692s] [34mcolcon.colcon_core.shell[0m [1;30mINFO[0m Skip shell extension 'powershell' for command environment: Not usable outside of PowerShell
[19.692s] [34mcolcon.colcon_core.shell[0m [1;30mDEBUG[0m [32mSkip shell extension 'dsv' for command environment[0m
[19.724s] [34mcolcon.colcon_core.event_handler.log_command[0m [1;30mDEBUG[0m [32mInvoking command in '/Users/yosuke/gits/cxd5602pwbimu_ros2_driver/ros2_ws/build/imu_tools': CMAKE_PREFIX_PATH=/Users/yosuke/gits/cxd5602pwbimu_ros2_driver/ros2_ws/install/rviz_imu_plugin:/Users/yosuke/gits/cxd5602pwbimu_ros2_driver/ros2_ws/install/imu_filter_madgwick:/Users/yosuke/gits/cxd5602pwbimu_ros2_driver/ros2_ws/install/imu_complementary_filter:/Users/yosuke/gits/cxd5602pwbimu_ros2_driver/ros2_ws/install/imu_tools:/Users/yosuke/gits/cxd5602pwbimu_ros2_driver/ros2_ws/install/imu_trajectory_filter:/Users/yosuke/gits/cxd5602pwbimu_ros2_driver/ros2_ws/install/cxd5602pwbimu_driver:/Users/yosuke/gits/cxd5602pwbimu_ros2_driver/ros2_ws/install/h6x_serial_interface_example:/Users/yosuke/gits/cxd5602pwbimu_ros2_driver/ros2_ws/install/cxd5602pwbimu_driver_node:/Users/yosuke/gits/cxd5602pwbimu_ros2_driver/ros2_ws/install/h6x_serial_interface:/Users/yosuke/gits/cxd5602pwbimu_ros2_driver/ros2_ws/install/h6x_packet_handler:/usr/local:/opt/homebrew/opt/qt@5:/Users/yosuke/gits/cxd5602pwbimu_ros2_driver/ros2_ws/install/cxd5602pwbimu_driver_bringup:/Users/yosuke/miniforge3/envs/ros_env CONDA_PROMPT_MODIFIER=(ros_env) DYLD_LIBRARY_PATH=/Users/yosuke/gits/cxd5602pwbimu_ros2_driver/ros2_ws/install/rviz_imu_plugin/lib:/Users/yosuke/gits/cxd5602pwbimu_ros2_driver/ros2_ws/install/imu_filter_madgwick/lib:/Users/yosuke/gits/cxd5602pwbimu_ros2_driver/ros2_ws/install/imu_complementary_filter/lib:/Users/yosuke/gits/cxd5602pwbimu_ros2_driver/ros2_ws/install/imu_trajectory_filter/lib:/Users/yosuke/gits/cxd5602pwbimu_ros2_driver/ros2_ws/install/h6x_serial_interface_example/lib:/Users/yosuke/gits/cxd5602pwbimu_ros2_driver/ros2_ws/install/cxd5602pwbimu_driver_node/lib:/Users/yosuke/gits/cxd5602pwbimu_ros2_driver/ros2_ws/install/h6x_serial_interface/lib:/Users/yosuke/gits/cxd5602pwbimu_ros2_driver/ros2_ws/install/h6x_packet_handler/lib:/Users/yosuke/miniforge3/envs/ros_env/opt/rviz_ogre_vendor/lib SHLVL=2 _=/Users/yosuke/miniforge3/envs/ros_env/bin/env /Users/yosuke/miniforge3/envs/ros_env/bin/cmake /Users/yosuke/gits/cxd5602pwbimu_ros2_driver/ros2_ws/src/imu_tools/imu_tools -DCMAKE_PREFIX_PATH=/usr/local -DCMAKE_CXX_FLAGS=-I/usr/local/include -DCMAKE_EXE_LINKER_FLAGS=-L/usr/local/lib -DCMAKE_INSTALL_PREFIX=/Users/yosuke/gits/cxd5602pwbimu_ros2_driver/ros2_ws/install/imu_tools[0m
[20.049s] [34mcolcon.colcon_core.event_handler.log_command[0m [1;30mDEBUG[0m [32mInvoked command in '/Users/yosuke/gits/cxd5602pwbimu_ros2_driver/ros2_ws/build/cxd5602pwbimu_driver_node' returned '0': CMAKE_PREFIX_PATH=/Users/yosuke/gits/cxd5602pwbimu_ros2_driver/ros2_ws/install/h6x_serial_interface:/Users/yosuke/gits/cxd5602pwbimu_ros2_driver/ros2_ws/install/imu_tools:/Users/yosuke/gits/cxd5602pwbimu_ros2_driver/ros2_ws/install/rviz_imu_plugin:/Users/yosuke/gits/cxd5602pwbimu_ros2_driver/ros2_ws/install/imu_trajectory_filter:/Users/yosuke/gits/cxd5602pwbimu_ros2_driver/ros2_ws/install/cxd5602pwbimu_driver:/Users/yosuke/gits/cxd5602pwbimu_ros2_driver/ros2_ws/install/imu_filter_madgwick:/Users/yosuke/gits/cxd5602pwbimu_ros2_driver/ros2_ws/install/imu_complementary_filter:/Users/yosuke/gits/cxd5602pwbimu_ros2_driver/ros2_ws/install/h6x_serial_interface_example:/Users/yosuke/gits/cxd5602pwbimu_ros2_driver/ros2_ws/install/cxd5602pwbimu_driver_node:/Users/yosuke/gits/cxd5602pwbimu_ros2_driver/ros2_ws/install/h6x_packet_handler:/usr/local:/opt/homebrew/opt/qt@5:/Users/yosuke/gits/cxd5602pwbimu_ros2_driver/ros2_ws/install/cxd5602pwbimu_driver_bringup:/Users/yosuke/miniforge3/envs/ros_env CONDA_PROMPT_MODIFIER=(ros_env) DYLD_LIBRARY_PATH=/Users/yosuke/gits/cxd5602pwbimu_ros2_driver/ros2_ws/install/h6x_serial_interface/lib:/Users/yosuke/gits/cxd5602pwbimu_ros2_driver/ros2_ws/install/rviz_imu_plugin/lib:/Users/yosuke/gits/cxd5602pwbimu_ros2_driver/ros2_ws/install/imu_trajectory_filter/lib:/Users/yosuke/gits/cxd5602pwbimu_ros2_driver/ros2_ws/install/imu_filter_madgwick/lib:/Users/yosuke/gits/cxd5602pwbimu_ros2_driver/ros2_ws/install/imu_complementary_filter/lib:/Users/yosuke/gits/cxd5602pwbimu_ros2_driver/ros2_ws/install/h6x_serial_interface_example/lib:/Users/yosuke/gits/cxd5602pwbimu_ros2_driver/ros2_ws/install/cxd5602pwbimu_driver_node/lib:/Users/yosuke/gits/cxd5602pwbimu_ros2_driver/ros2_ws/install/h6x_packet_handler/lib:/Users/yosuke/miniforge3/envs/ros_env/opt/rviz_ogre_vendor/lib SHLVL=2 _=/Users/yosuke/miniforge3/envs/ros_env/bin/env /Users/yosuke/miniforge3/envs/ros_env/bin/cmake --build /Users/yosuke/gits/cxd5602pwbimu_ros2_driver/ros2_ws/build/cxd5602pwbimu_driver_node -- -j10 -l10[0m
[20.287s] [34mcolcon.colcon_core.event_handler.log_command[0m [1;30mDEBUG[0m [32mInvoking command in '/Users/yosuke/gits/cxd5602pwbimu_ros2_driver/ros2_ws/build/cxd5602pwbimu_driver_node': CMAKE_PREFIX_PATH=/Users/yosuke/gits/cxd5602pwbimu_ros2_driver/ros2_ws/install/h6x_serial_interface:/Users/yosuke/gits/cxd5602pwbimu_ros2_driver/ros2_ws/install/imu_tools:/Users/yosuke/gits/cxd5602pwbimu_ros2_driver/ros2_ws/install/rviz_imu_plugin:/Users/yosuke/gits/cxd5602pwbimu_ros2_driver/ros2_ws/install/imu_trajectory_filter:/Users/yosuke/gits/cxd5602pwbimu_ros2_driver/ros2_ws/install/cxd5602pwbimu_driver:/Users/yosuke/gits/cxd5602pwbimu_ros2_driver/ros2_ws/install/imu_filter_madgwick:/Users/yosuke/gits/cxd5602pwbimu_ros2_driver/ros2_ws/install/imu_complementary_filter:/Users/yosuke/gits/cxd5602pwbimu_ros2_driver/ros2_ws/install/h6x_serial_interface_example:/Users/yosuke/gits/cxd5602pwbimu_ros2_driver/ros2_ws/install/cxd5602pwbimu_driver_node:/Users/yosuke/gits/cxd5602pwbimu_ros2_driver/ros2_ws/install/h6x_packet_handler:/usr/local:/opt/homebrew/opt/qt@5:/Users/yosuke/gits/cxd5602pwbimu_ros2_driver/ros2_ws/install/cxd5602pwbimu_driver_bringup:/Users/yosuke/miniforge3/envs/ros_env CONDA_PROMPT_MODIFIER=(ros_env) DYLD_LIBRARY_PATH=/Users/yosuke/gits/cxd5602pwbimu_ros2_driver/ros2_ws/install/h6x_serial_interface/lib:/Users/yosuke/gits/cxd5602pwbimu_ros2_driver/ros2_ws/install/rviz_imu_plugin/lib:/Users/yosuke/gits/cxd5602pwbimu_ros2_driver/ros2_ws/install/imu_trajectory_filter/lib:/Users/yosuke/gits/cxd5602pwbimu_ros2_driver/ros2_ws/install/imu_filter_madgwick/lib:/Users/yosuke/gits/cxd5602pwbimu_ros2_driver/ros2_ws/install/imu_complementary_filter/lib:/Users/yosuke/gits/cxd5602pwbimu_ros2_driver/ros2_ws/install/h6x_serial_interface_example/lib:/Users/yosuke/gits/cxd5602pwbimu_ros2_driver/ros2_ws/install/cxd5602pwbimu_driver_node/lib:/Users/yosuke/gits/cxd5602pwbimu_ros2_driver/ros2_ws/install/h6x_packet_handler/lib:/Users/yosuke/miniforge3/envs/ros_env/opt/rviz_ogre_vendor/lib SHLVL=2 _=/Users/yosuke/miniforge3/envs/ros_env/bin/env /Users/yosuke/miniforge3/envs/ros_env/bin/cmake --install /Users/yosuke/gits/cxd5602pwbimu_ros2_driver/ros2_ws/build/cxd5602pwbimu_driver_node[0m
[20.359s] [34mcolcon.colcon_core.environment[0m [1;30mLevel 1[0m create_environment_scripts_only(cxd5602pwbimu_driver_node)
[20.359s] [34mcolcon.colcon_core.environment[0m [1;30mLevel 1[0m checking '/Users/yosuke/gits/cxd5602pwbimu_ros2_driver/ros2_ws/install/cxd5602pwbimu_driver_node' for CMake module files
[20.359s] [34mcolcon.colcon_core.event_handler.log_command[0m [1;30mDEBUG[0m [32mInvoked command in '/Users/yosuke/gits/cxd5602pwbimu_ros2_driver/ros2_ws/build/cxd5602pwbimu_driver_node' returned '0': CMAKE_PREFIX_PATH=/Users/yosuke/gits/cxd5602pwbimu_ros2_driver/ros2_ws/install/h6x_serial_interface:/Users/yosuke/gits/cxd5602pwbimu_ros2_driver/ros2_ws/install/imu_tools:/Users/yosuke/gits/cxd5602pwbimu_ros2_driver/ros2_ws/install/rviz_imu_plugin:/Users/yosuke/gits/cxd5602pwbimu_ros2_driver/ros2_ws/install/imu_trajectory_filter:/Users/yosuke/gits/cxd5602pwbimu_ros2_driver/ros2_ws/install/cxd5602pwbimu_driver:/Users/yosuke/gits/cxd5602pwbimu_ros2_driver/ros2_ws/install/imu_filter_madgwick:/Users/yosuke/gits/cxd5602pwbimu_ros2_driver/ros2_ws/install/imu_complementary_filter:/Users/yosuke/gits/cxd5602pwbimu_ros2_driver/ros2_ws/install/h6x_serial_interface_example:/Users/yosuke/gits/cxd5602pwbimu_ros2_driver/ros2_ws/install/cxd5602pwbimu_driver_node:/Users/yosuke/gits/cxd5602pwbimu_ros2_driver/ros2_ws/install/h6x_packet_handler:/usr/local:/opt/homebrew/opt/qt@5:/Users/yosuke/gits/cxd5602pwbimu_ros2_driver/ros2_ws/install/cxd5602pwbimu_driver_bringup:/Users/yosuke/miniforge3/envs/ros_env CONDA_PROMPT_MODIFIER=(ros_env) DYLD_LIBRARY_PATH=/Users/yosuke/gits/cxd5602pwbimu_ros2_driver/ros2_ws/install/h6x_serial_interface/lib:/Users/yosuke/gits/cxd5602pwbimu_ros2_driver/ros2_ws/install/rviz_imu_plugin/lib:/Users/yosuke/gits/cxd5602pwbimu_ros2_driver/ros2_ws/install/imu_trajectory_filter/lib:/Users/yosuke/gits/cxd5602pwbimu_ros2_driver/ros2_ws/install/imu_filter_madgwick/lib:/Users/yosuke/gits/cxd5602pwbimu_ros2_driver/ros2_ws/install/imu_complementary_filter/lib:/Users/yosuke/gits/cxd5602pwbimu_ros2_driver/ros2_ws/install/h6x_serial_interface_example/lib:/Users/yosuke/gits/cxd5602pwbimu_ros2_driver/ros2_ws/install/cxd5602pwbimu_driver_node/lib:/Users/yosuke/gits/cxd5602pwbimu_ros2_driver/ros2_ws/install/h6x_packet_handler/lib:/Users/yosuke/miniforge3/envs/ros_env/opt/rviz_ogre_vendor/lib SHLVL=2 _=/Users/yosuke/miniforge3/envs/ros_env/bin/env /Users/yosuke/miniforge3/envs/ros_env/bin/cmake --install /Users/yosuke/gits/cxd5602pwbimu_ros2_driver/ros2_ws/build/cxd5602pwbimu_driver_node[0m
[20.359s] [34mcolcon.colcon_core.environment[0m [1;30mLevel 1[0m checking '/Users/yosuke/gits/cxd5602pwbimu_ros2_driver/ros2_ws/install/cxd5602pwbimu_driver_node' for CMake config files
[20.359s] [34mcolcon.colcon_core.shell[0m [1;30mLevel 1[0m create_environment_hook('cxd5602pwbimu_driver_node', 'cmake_prefix_path')
[20.359s] [34mcolcon.colcon_core.shell[0m [1;30mINFO[0m Creating environment hook '/Users/yosuke/gits/cxd5602pwbimu_ros2_driver/ros2_ws/install/cxd5602pwbimu_driver_node/share/cxd5602pwbimu_driver_node/hook/cmake_prefix_path.ps1'
[20.360s] [34mcolcon.colcon_core.shell[0m [1;30mINFO[0m Creating environment descriptor '/Users/yosuke/gits/cxd5602pwbimu_ros2_driver/ros2_ws/install/cxd5602pwbimu_driver_node/share/cxd5602pwbimu_driver_node/hook/cmake_prefix_path.dsv'
[20.360s] [34mcolcon.colcon_core.shell[0m [1;30mINFO[0m Creating environment hook '/Users/yosuke/gits/cxd5602pwbimu_ros2_driver/ros2_ws/install/cxd5602pwbimu_driver_node/share/cxd5602pwbimu_driver_node/hook/cmake_prefix_path.sh'
[20.360s] [34mcolcon.colcon_core.environment[0m [1;30mLevel 1[0m checking '/Users/yosuke/gits/cxd5602pwbimu_ros2_driver/ros2_ws/install/cxd5602pwbimu_driver_node/lib'
[20.360s] [34mcolcon.colcon_core.shell[0m [1;30mLevel 1[0m create_environment_hook('cxd5602pwbimu_driver_node', 'dyld_library_path')
[20.360s] [34mcolcon.colcon_core.shell[0m [1;30mINFO[0m Creating environment hook '/Users/yosuke/gits/cxd5602pwbimu_ros2_driver/ros2_ws/install/cxd5602pwbimu_driver_node/share/cxd5602pwbimu_driver_node/hook/dyld_library_path.ps1'
[20.360s] [34mcolcon.colcon_core.shell[0m [1;30mINFO[0m Creating environment descriptor '/Users/yosuke/gits/cxd5602pwbimu_ros2_driver/ros2_ws/install/cxd5602pwbimu_driver_node/share/cxd5602pwbimu_driver_node/hook/dyld_library_path.dsv'
[20.361s] [34mcolcon.colcon_core.shell[0m [1;30mINFO[0m Creating environment hook '/Users/yosuke/gits/cxd5602pwbimu_ros2_driver/ros2_ws/install/cxd5602pwbimu_driver_node/share/cxd5602pwbimu_driver_node/hook/dyld_library_path.sh'
[20.361s] [34mcolcon.colcon_core.environment[0m [1;30mLevel 1[0m checking '/Users/yosuke/gits/cxd5602pwbimu_ros2_driver/ros2_ws/install/cxd5602pwbimu_driver_node/bin'
[20.361s] [34mcolcon.colcon_core.environment[0m [1;30mLevel 1[0m checking '/Users/yosuke/gits/cxd5602pwbimu_ros2_driver/ros2_ws/install/cxd5602pwbimu_driver_node/lib/pkgconfig/cxd5602pwbimu_driver_node.pc'
[20.361s] [34mcolcon.colcon_core.environment[0m [1;30mLevel 1[0m checking '/Users/yosuke/gits/cxd5602pwbimu_ros2_driver/ros2_ws/install/cxd5602pwbimu_driver_node/lib/python3.11/site-packages'
[20.361s] [34mcolcon.colcon_core.environment[0m [1;30mLevel 1[0m checking '/Users/yosuke/gits/cxd5602pwbimu_ros2_driver/ros2_ws/install/cxd5602pwbimu_driver_node/bin'
[20.361s] [34mcolcon.colcon_core.shell[0m [1;30mINFO[0m Creating package script '/Users/yosuke/gits/cxd5602pwbimu_ros2_driver/ros2_ws/install/cxd5602pwbimu_driver_node/share/cxd5602pwbimu_driver_node/package.ps1'
[20.361s] [34mcolcon.colcon_core.shell[0m [1;30mINFO[0m Creating package descriptor '/Users/yosuke/gits/cxd5602pwbimu_ros2_driver/ros2_ws/install/cxd5602pwbimu_driver_node/share/cxd5602pwbimu_driver_node/package.dsv'
[20.361s] [34mcolcon.colcon_core.shell[0m [1;30mINFO[0m Creating package script '/Users/yosuke/gits/cxd5602pwbimu_ros2_driver/ros2_ws/install/cxd5602pwbimu_driver_node/share/cxd5602pwbimu_driver_node/package.sh'
[20.362s] [34mcolcon.colcon_core.shell[0m [1;30mINFO[0m Creating package script '/Users/yosuke/gits/cxd5602pwbimu_ros2_driver/ros2_ws/install/cxd5602pwbimu_driver_node/share/cxd5602pwbimu_driver_node/package.bash'
[20.362s] [34mcolcon.colcon_core.shell[0m [1;30mINFO[0m Creating package script '/Users/yosuke/gits/cxd5602pwbimu_ros2_driver/ros2_ws/install/cxd5602pwbimu_driver_node/share/cxd5602pwbimu_driver_node/package.zsh'
[20.362s] [34mcolcon.colcon_core.environment[0m [1;30mLevel 1[0m create_file_with_runtime_dependencies(/Users/yosuke/gits/cxd5602pwbimu_ros2_driver/ros2_ws/install/cxd5602pwbimu_driver_node/share/colcon-core/packages/cxd5602pwbimu_driver_node)
[20.597s] [34mcolcon.colcon_core.environment[0m [1;30mLevel 1[0m create_environment_scripts_only(cxd5602pwbimu_driver_node)
[20.597s] [34mcolcon.colcon_core.environment[0m [1;30mLevel 1[0m checking '/Users/yosuke/gits/cxd5602pwbimu_ros2_driver/ros2_ws/install/cxd5602pwbimu_driver_node' for CMake module files
[20.597s] [34mcolcon.colcon_core.environment[0m [1;30mLevel 1[0m checking '/Users/yosuke/gits/cxd5602pwbimu_ros2_driver/ros2_ws/install/cxd5602pwbimu_driver_node' for CMake config files
[20.597s] [34mcolcon.colcon_core.shell[0m [1;30mLevel 1[0m create_environment_hook('cxd5602pwbimu_driver_node', 'cmake_prefix_path')
[20.597s] [34mcolcon.colcon_core.shell[0m [1;30mINFO[0m Creating environment hook '/Users/yosuke/gits/cxd5602pwbimu_ros2_driver/ros2_ws/install/cxd5602pwbimu_driver_node/share/cxd5602pwbimu_driver_node/hook/cmake_prefix_path.ps1'
[20.598s] [34mcolcon.colcon_core.shell[0m [1;30mINFO[0m Creating environment descriptor '/Users/yosuke/gits/cxd5602pwbimu_ros2_driver/ros2_ws/install/cxd5602pwbimu_driver_node/share/cxd5602pwbimu_driver_node/hook/cmake_prefix_path.dsv'
[20.598s] [34mcolcon.colcon_core.shell[0m [1;30mINFO[0m Creating environment hook '/Users/yosuke/gits/cxd5602pwbimu_ros2_driver/ros2_ws/install/cxd5602pwbimu_driver_node/share/cxd5602pwbimu_driver_node/hook/cmake_prefix_path.sh'
[20.598s] [34mcolcon.colcon_core.environment[0m [1;30mLevel 1[0m checking '/Users/yosuke/gits/cxd5602pwbimu_ros2_driver/ros2_ws/install/cxd5602pwbimu_driver_node/lib'
[20.598s] [34mcolcon.colcon_core.shell[0m [1;30mLevel 1[0m create_environment_hook('cxd5602pwbimu_driver_node', 'dyld_library_path')
[20.598s] [34mcolcon.colcon_core.shell[0m [1;30mINFO[0m Creating environment hook '/Users/yosuke/gits/cxd5602pwbimu_ros2_driver/ros2_ws/install/cxd5602pwbimu_driver_node/share/cxd5602pwbimu_driver_node/hook/dyld_library_path.ps1'
[20.598s] [34mcolcon.colcon_core.shell[0m [1;30mINFO[0m Creating environment descriptor '/Users/yosuke/gits/cxd5602pwbimu_ros2_driver/ros2_ws/install/cxd5602pwbimu_driver_node/share/cxd5602pwbimu_driver_node/hook/dyld_library_path.dsv'
[20.598s] [34mcolcon.colcon_core.shell[0m [1;30mINFO[0m Creating environment hook '/Users/yosuke/gits/cxd5602pwbimu_ros2_driver/ros2_ws/install/cxd5602pwbimu_driver_node/share/cxd5602pwbimu_driver_node/hook/dyld_library_path.sh'
[20.599s] [34mcolcon.colcon_core.environment[0m [1;30mLevel 1[0m checking '/Users/yosuke/gits/cxd5602pwbimu_ros2_driver/ros2_ws/install/cxd5602pwbimu_driver_node/bin'
[20.599s] [34mcolcon.colcon_core.environment[0m [1;30mLevel 1[0m checking '/Users/yosuke/gits/cxd5602pwbimu_ros2_driver/ros2_ws/install/cxd5602pwbimu_driver_node/lib/pkgconfig/cxd5602pwbimu_driver_node.pc'
[20.599s] [34mcolcon.colcon_core.environment[0m [1;30mLevel 1[0m checking '/Users/yosuke/gits/cxd5602pwbimu_ros2_driver/ros2_ws/install/cxd5602pwbimu_driver_node/lib/python3.11/site-packages'
[20.599s] [34mcolcon.colcon_core.environment[0m [1;30mLevel 1[0m checking '/Users/yosuke/gits/cxd5602pwbimu_ros2_driver/ros2_ws/install/cxd5602pwbimu_driver_node/bin'
[20.599s] [34mcolcon.colcon_core.shell[0m [1;30mINFO[0m Creating package script '/Users/yosuke/gits/cxd5602pwbimu_ros2_driver/ros2_ws/install/cxd5602pwbimu_driver_node/share/cxd5602pwbimu_driver_node/package.ps1'
[20.599s] [34mcolcon.colcon_core.shell[0m [1;30mINFO[0m Creating package descriptor '/Users/yosuke/gits/cxd5602pwbimu_ros2_driver/ros2_ws/install/cxd5602pwbimu_driver_node/share/cxd5602pwbimu_driver_node/package.dsv'
[20.599s] [34mcolcon.colcon_core.shell[0m [1;30mINFO[0m Creating package script '/Users/yosuke/gits/cxd5602pwbimu_ros2_driver/ros2_ws/install/cxd5602pwbimu_driver_node/share/cxd5602pwbimu_driver_node/package.sh'
[20.599s] [34mcolcon.colcon_core.shell[0m [1;30mINFO[0m Creating package script '/Users/yosuke/gits/cxd5602pwbimu_ros2_driver/ros2_ws/install/cxd5602pwbimu_driver_node/share/cxd5602pwbimu_driver_node/package.bash'
[20.600s] [34mcolcon.colcon_core.shell[0m [1;30mINFO[0m Creating package script '/Users/yosuke/gits/cxd5602pwbimu_ros2_driver/ros2_ws/install/cxd5602pwbimu_driver_node/share/cxd5602pwbimu_driver_node/package.zsh'
[20.600s] [34mcolcon.colcon_core.environment[0m [1;30mLevel 1[0m create_file_with_runtime_dependencies(/Users/yosuke/gits/cxd5602pwbimu_ros2_driver/ros2_ws/install/cxd5602pwbimu_driver_node/share/colcon-core/packages/cxd5602pwbimu_driver_node)
[20.600s] [34mcolcon.colcon_ros.task.ament_python.build[0m [1;30mINFO[0m Building ROS package in '/Users/yosuke/gits/cxd5602pwbimu_ros2_driver/ros2_ws/src/cxd5602pwbimu_driver_bringup' with build type 'ament_python'
[20.600s] [34mcolcon.colcon_core.shell[0m [1;30mLevel 1[0m create_environment_hook('cxd5602pwbimu_driver_bringup', 'ament_prefix_path')
[20.600s] [34mcolcon.colcon_core.shell[0m [1;30mINFO[0m Creating environment hook '/Users/yosuke/gits/cxd5602pwbimu_ros2_driver/ros2_ws/install/cxd5602pwbimu_driver_bringup/share/cxd5602pwbimu_driver_bringup/hook/ament_prefix_path.ps1'
[20.601s] [34mcolcon.colcon_core.shell[0m [1;30mINFO[0m Creating environment descriptor '/Users/yosuke/gits/cxd5602pwbimu_ros2_driver/ros2_ws/install/cxd5602pwbimu_driver_bringup/share/cxd5602pwbimu_driver_bringup/hook/ament_prefix_path.dsv'
[20.601s] [34mcolcon.colcon_core.shell[0m [1;30mINFO[0m Creating environment hook '/Users/yosuke/gits/cxd5602pwbimu_ros2_driver/ros2_ws/install/cxd5602pwbimu_driver_bringup/share/cxd5602pwbimu_driver_bringup/hook/ament_prefix_path.sh'
[20.601s] [34mcolcon.colcon_core.shell[0m [1;30mINFO[0m Skip shell extension 'powershell' for command environment: Not usable outside of PowerShell
[20.601s] [34mcolcon.colcon_core.shell[0m [1;30mDEBUG[0m [32mSkip shell extension 'dsv' for command environment[0m
[20.766s] [34mcolcon.colcon_core.task.python.build[0m [1;30mINFO[0m Building Python package in '/Users/yosuke/gits/cxd5602pwbimu_ros2_driver/ros2_ws/src/cxd5602pwbimu_driver_bringup'
[20.766s] [34mcolcon.colcon_core.shell[0m [1;30mINFO[0m Skip shell extension 'powershell' for command environment: Not usable outside of PowerShell
[20.766s] [34mcolcon.colcon_core.shell[0m [1;30mDEBUG[0m [32mSkip shell extension 'dsv' for command environment[0m
[20.809s] [34mcolcon.colcon_core.event_handler.log_command[0m [1;30mDEBUG[0m [32mInvoked command in '/Users/yosuke/gits/cxd5602pwbimu_ros2_driver/ros2_ws/build/imu_tools' returned '0': CMAKE_PREFIX_PATH=/Users/yosuke/gits/cxd5602pwbimu_ros2_driver/ros2_ws/install/rviz_imu_plugin:/Users/yosuke/gits/cxd5602pwbimu_ros2_driver/ros2_ws/install/imu_filter_madgwick:/Users/yosuke/gits/cxd5602pwbimu_ros2_driver/ros2_ws/install/imu_complementary_filter:/Users/yosuke/gits/cxd5602pwbimu_ros2_driver/ros2_ws/install/imu_tools:/Users/yosuke/gits/cxd5602pwbimu_ros2_driver/ros2_ws/install/imu_trajectory_filter:/Users/yosuke/gits/cxd5602pwbimu_ros2_driver/ros2_ws/install/cxd5602pwbimu_driver:/Users/yosuke/gits/cxd5602pwbimu_ros2_driver/ros2_ws/install/h6x_serial_interface_example:/Users/yosuke/gits/cxd5602pwbimu_ros2_driver/ros2_ws/install/cxd5602pwbimu_driver_node:/Users/yosuke/gits/cxd5602pwbimu_ros2_driver/ros2_ws/install/h6x_serial_interface:/Users/yosuke/gits/cxd5602pwbimu_ros2_driver/ros2_ws/install/h6x_packet_handler:/usr/local:/opt/homebrew/opt/qt@5:/Users/yosuke/gits/cxd5602pwbimu_ros2_driver/ros2_ws/install/cxd5602pwbimu_driver_bringup:/Users/yosuke/miniforge3/envs/ros_env CONDA_PROMPT_MODIFIER=(ros_env) DYLD_LIBRARY_PATH=/Users/yosuke/gits/cxd5602pwbimu_ros2_driver/ros2_ws/install/rviz_imu_plugin/lib:/Users/yosuke/gits/cxd5602pwbimu_ros2_driver/ros2_ws/install/imu_filter_madgwick/lib:/Users/yosuke/gits/cxd5602pwbimu_ros2_driver/ros2_ws/install/imu_complementary_filter/lib:/Users/yosuke/gits/cxd5602pwbimu_ros2_driver/ros2_ws/install/imu_trajectory_filter/lib:/Users/yosuke/gits/cxd5602pwbimu_ros2_driver/ros2_ws/install/h6x_serial_interface_example/lib:/Users/yosuke/gits/cxd5602pwbimu_ros2_driver/ros2_ws/install/cxd5602pwbimu_driver_node/lib:/Users/yosuke/gits/cxd5602pwbimu_ros2_driver/ros2_ws/install/h6x_serial_interface/lib:/Users/yosuke/gits/cxd5602pwbimu_ros2_driver/ros2_ws/install/h6x_packet_handler/lib:/Users/yosuke/miniforge3/envs/ros_env/opt/rviz_ogre_vendor/lib SHLVL=2 _=/Users/yosuke/miniforge3/envs/ros_env/bin/env /Users/yosuke/miniforge3/envs/ros_env/bin/cmake /Users/yosuke/gits/cxd5602pwbimu_ros2_driver/ros2_ws/src/imu_tools/imu_tools -DCMAKE_PREFIX_PATH=/usr/local -DCMAKE_CXX_FLAGS=-I/usr/local/include -DCMAKE_EXE_LINKER_FLAGS=-L/usr/local/lib -DCMAKE_INSTALL_PREFIX=/Users/yosuke/gits/cxd5602pwbimu_ros2_driver/ros2_ws/install/imu_tools[0m
[20.811s] [34mcolcon.colcon_core.event_handler.log_command[0m [1;30mDEBUG[0m [32mInvoking command in '/Users/yosuke/gits/cxd5602pwbimu_ros2_driver/ros2_ws/build/imu_tools': CMAKE_PREFIX_PATH=/Users/yosuke/gits/cxd5602pwbimu_ros2_driver/ros2_ws/install/rviz_imu_plugin:/Users/yosuke/gits/cxd5602pwbimu_ros2_driver/ros2_ws/install/imu_filter_madgwick:/Users/yosuke/gits/cxd5602pwbimu_ros2_driver/ros2_ws/install/imu_complementary_filter:/Users/yosuke/gits/cxd5602pwbimu_ros2_driver/ros2_ws/install/imu_tools:/Users/yosuke/gits/cxd5602pwbimu_ros2_driver/ros2_ws/install/imu_trajectory_filter:/Users/yosuke/gits/cxd5602pwbimu_ros2_driver/ros2_ws/install/cxd5602pwbimu_driver:/Users/yosuke/gits/cxd5602pwbimu_ros2_driver/ros2_ws/install/h6x_serial_interface_example:/Users/yosuke/gits/cxd5602pwbimu_ros2_driver/ros2_ws/install/cxd5602pwbimu_driver_node:/Users/yosuke/gits/cxd5602pwbimu_ros2_driver/ros2_ws/install/h6x_serial_interface:/Users/yosuke/gits/cxd5602pwbimu_ros2_driver/ros2_ws/install/h6x_packet_handler:/usr/local:/opt/homebrew/opt/qt@5:/Users/yosuke/gits/cxd5602pwbimu_ros2_driver/ros2_ws/install/cxd5602pwbimu_driver_bringup:/Users/yosuke/miniforge3/envs/ros_env CONDA_PROMPT_MODIFIER=(ros_env) DYLD_LIBRARY_PATH=/Users/yosuke/gits/cxd5602pwbimu_ros2_driver/ros2_ws/install/rviz_imu_plugin/lib:/Users/yosuke/gits/cxd5602pwbimu_ros2_driver/ros2_ws/install/imu_filter_madgwick/lib:/Users/yosuke/gits/cxd5602pwbimu_ros2_driver/ros2_ws/install/imu_complementary_filter/lib:/Users/yosuke/gits/cxd5602pwbimu_ros2_driver/ros2_ws/install/imu_trajectory_filter/lib:/Users/yosuke/gits/cxd5602pwbimu_ros2_driver/ros2_ws/install/h6x_serial_interface_example/lib:/Users/yosuke/gits/cxd5602pwbimu_ros2_driver/ros2_ws/install/cxd5602pwbimu_driver_node/lib:/Users/yosuke/gits/cxd5602pwbimu_ros2_driver/ros2_ws/install/h6x_serial_interface/lib:/Users/yosuke/gits/cxd5602pwbimu_ros2_driver/ros2_ws/install/h6x_packet_handler/lib:/Users/yosuke/miniforge3/envs/ros_env/opt/rviz_ogre_vendor/lib SHLVL=2 _=/Users/yosuke/miniforge3/envs/ros_env/bin/env /Users/yosuke/miniforge3/envs/ros_env/bin/cmake --build /Users/yosuke/gits/cxd5602pwbimu_ros2_driver/ros2_ws/build/imu_tools -- -j10 -l10[0m
[20.879s] [34mcolcon.colcon_core.event_handler.log_command[0m [1;30mDEBUG[0m [32mInvoked command in '/Users/yosuke/gits/cxd5602pwbimu_ros2_driver/ros2_ws/build/imu_tools' returned '0': CMAKE_PREFIX_PATH=/Users/yosuke/gits/cxd5602pwbimu_ros2_driver/ros2_ws/install/rviz_imu_plugin:/Users/yosuke/gits/cxd5602pwbimu_ros2_driver/ros2_ws/install/imu_filter_madgwick:/Users/yosuke/gits/cxd5602pwbimu_ros2_driver/ros2_ws/install/imu_complementary_filter:/Users/yosuke/gits/cxd5602pwbimu_ros2_driver/ros2_ws/install/imu_tools:/Users/yosuke/gits/cxd5602pwbimu_ros2_driver/ros2_ws/install/imu_trajectory_filter:/Users/yosuke/gits/cxd5602pwbimu_ros2_driver/ros2_ws/install/cxd5602pwbimu_driver:/Users/yosuke/gits/cxd5602pwbimu_ros2_driver/ros2_ws/install/h6x_serial_interface_example:/Users/yosuke/gits/cxd5602pwbimu_ros2_driver/ros2_ws/install/cxd5602pwbimu_driver_node:/Users/yosuke/gits/cxd5602pwbimu_ros2_driver/ros2_ws/install/h6x_serial_interface:/Users/yosuke/gits/cxd5602pwbimu_ros2_driver/ros2_ws/install/h6x_packet_handler:/usr/local:/opt/homebrew/opt/qt@5:/Users/yosuke/gits/cxd5602pwbimu_ros2_driver/ros2_ws/install/cxd5602pwbimu_driver_bringup:/Users/yosuke/miniforge3/envs/ros_env CONDA_PROMPT_MODIFIER=(ros_env) DYLD_LIBRARY_PATH=/Users/yosuke/gits/cxd5602pwbimu_ros2_driver/ros2_ws/install/rviz_imu_plugin/lib:/Users/yosuke/gits/cxd5602pwbimu_ros2_driver/ros2_ws/install/imu_filter_madgwick/lib:/Users/yosuke/gits/cxd5602pwbimu_ros2_driver/ros2_ws/install/imu_complementary_filter/lib:/Users/yosuke/gits/cxd5602pwbimu_ros2_driver/ros2_ws/install/imu_trajectory_filter/lib:/Users/yosuke/gits/cxd5602pwbimu_ros2_driver/ros2_ws/install/h6x_serial_interface_example/lib:/Users/yosuke/gits/cxd5602pwbimu_ros2_driver/ros2_ws/install/cxd5602pwbimu_driver_node/lib:/Users/yosuke/gits/cxd5602pwbimu_ros2_driver/ros2_ws/install/h6x_serial_interface/lib:/Users/yosuke/gits/cxd5602pwbimu_ros2_driver/ros2_ws/install/h6x_packet_handler/lib:/Users/yosuke/miniforge3/envs/ros_env/opt/rviz_ogre_vendor/lib SHLVL=2 _=/Users/yosuke/miniforge3/envs/ros_env/bin/env /Users/yosuke/miniforge3/envs/ros_env/bin/cmake --build /Users/yosuke/gits/cxd5602pwbimu_ros2_driver/ros2_ws/build/imu_tools -- -j10 -l10[0m
[21.011s] [34mcolcon.colcon_core.event_handler.log_command[0m [1;30mDEBUG[0m [32mInvoking command in '/Users/yosuke/gits/cxd5602pwbimu_ros2_driver/ros2_ws/src/cxd5602pwbimu_driver_bringup': CMAKE_PREFIX_PATH=/Users/yosuke/gits/cxd5602pwbimu_ros2_driver/ros2_ws/install/cxd5602pwbimu_driver_node:/Users/yosuke/gits/cxd5602pwbimu_ros2_driver/ros2_ws/install/imu_filter_madgwick:/Users/yosuke/gits/cxd5602pwbimu_ros2_driver/ros2_ws/install/h6x_serial_interface:/Users/yosuke/gits/cxd5602pwbimu_ros2_driver/ros2_ws/install/imu_tools:/Users/yosuke/gits/cxd5602pwbimu_ros2_driver/ros2_ws/install/rviz_imu_plugin:/Users/yosuke/gits/cxd5602pwbimu_ros2_driver/ros2_ws/install/imu_trajectory_filter:/Users/yosuke/gits/cxd5602pwbimu_ros2_driver/ros2_ws/install/cxd5602pwbimu_driver:/Users/yosuke/gits/cxd5602pwbimu_ros2_driver/ros2_ws/install/imu_complementary_filter:/Users/yosuke/gits/cxd5602pwbimu_ros2_driver/ros2_ws/install/h6x_serial_interface_example:/Users/yosuke/gits/cxd5602pwbimu_ros2_driver/ros2_ws/install/h6x_packet_handler:/usr/local:/opt/homebrew/opt/qt@5 CONDA_PROMPT_MODIFIER=(ros_env) DYLD_LIBRARY_PATH=/Users/yosuke/gits/cxd5602pwbimu_ros2_driver/ros2_ws/install/cxd5602pwbimu_driver_node/lib:/Users/yosuke/gits/cxd5602pwbimu_ros2_driver/ros2_ws/install/imu_filter_madgwick/lib:/Users/yosuke/gits/cxd5602pwbimu_ros2_driver/ros2_ws/install/h6x_serial_interface/lib:/Users/yosuke/gits/cxd5602pwbimu_ros2_driver/ros2_ws/install/rviz_imu_plugin/lib:/Users/yosuke/gits/cxd5602pwbimu_ros2_driver/ros2_ws/install/imu_trajectory_filter/lib:/Users/yosuke/gits/cxd5602pwbimu_ros2_driver/ros2_ws/install/imu_complementary_filter/lib:/Users/yosuke/gits/cxd5602pwbimu_ros2_driver/ros2_ws/install/h6x_serial_interface_example/lib:/Users/yosuke/gits/cxd5602pwbimu_ros2_driver/ros2_ws/install/h6x_packet_handler/lib:/Users/yosuke/miniforge3/envs/ros_env/opt/rviz_ogre_vendor/lib PYTHONPATH=/Users/yosuke/gits/cxd5602pwbimu_ros2_driver/ros2_ws/build/cxd5602pwbimu_driver_bringup/prefix_override:/Users/yosuke/miniforge3/envs/ros_env/lib/python3.11/site-packages/colcon_core/task/python/colcon_distutils_commands:/Users/yosuke/gits/cxd5602pwbimu_ros2_driver/ros2_ws/install/cxd5602pwbimu_driver_bringup/lib/python3.11/site-packages:${PYTHONPATH} SHLVL=2 _=/Users/yosuke/miniforge3/envs/ros_env/bin/env /Users/yosuke/miniforge3/envs/ros_env/bin/python3.11 -W ignore:setup.py install is deprecated -W ignore:easy_install command is deprecated setup.py egg_info --egg-base ../../build/cxd5602pwbimu_driver_bringup build --build-base /Users/yosuke/gits/cxd5602pwbimu_ros2_driver/ros2_ws/build/cxd5602pwbimu_driver_bringup/build install --record /Users/yosuke/gits/cxd5602pwbimu_ros2_driver/ros2_ws/build/cxd5602pwbimu_driver_bringup/install.log --single-version-externally-managed install_data[0m
[21.035s] [34mcolcon.colcon_core.event_handler.log_command[0m [1;30mDEBUG[0m [32mInvoking command in '/Users/yosuke/gits/cxd5602pwbimu_ros2_driver/ros2_ws/build/imu_tools': CMAKE_PREFIX_PATH=/Users/yosuke/gits/cxd5602pwbimu_ros2_driver/ros2_ws/install/rviz_imu_plugin:/Users/yosuke/gits/cxd5602pwbimu_ros2_driver/ros2_ws/install/imu_filter_madgwick:/Users/yosuke/gits/cxd5602pwbimu_ros2_driver/ros2_ws/install/imu_complementary_filter:/Users/yosuke/gits/cxd5602pwbimu_ros2_driver/ros2_ws/install/imu_tools:/Users/yosuke/gits/cxd5602pwbimu_ros2_driver/ros2_ws/install/imu_trajectory_filter:/Users/yosuke/gits/cxd5602pwbimu_ros2_driver/ros2_ws/install/cxd5602pwbimu_driver:/Users/yosuke/gits/cxd5602pwbimu_ros2_driver/ros2_ws/install/h6x_serial_interface_example:/Users/yosuke/gits/cxd5602pwbimu_ros2_driver/ros2_ws/install/cxd5602pwbimu_driver_node:/Users/yosuke/gits/cxd5602pwbimu_ros2_driver/ros2_ws/install/h6x_serial_interface:/Users/yosuke/gits/cxd5602pwbimu_ros2_driver/ros2_ws/install/h6x_packet_handler:/usr/local:/opt/homebrew/opt/qt@5:/Users/yosuke/gits/cxd5602pwbimu_ros2_driver/ros2_ws/install/cxd5602pwbimu_driver_bringup:/Users/yosuke/miniforge3/envs/ros_env CONDA_PROMPT_MODIFIER=(ros_env) DYLD_LIBRARY_PATH=/Users/yosuke/gits/cxd5602pwbimu_ros2_driver/ros2_ws/install/rviz_imu_plugin/lib:/Users/yosuke/gits/cxd5602pwbimu_ros2_driver/ros2_ws/install/imu_filter_madgwick/lib:/Users/yosuke/gits/cxd5602pwbimu_ros2_driver/ros2_ws/install/imu_complementary_filter/lib:/Users/yosuke/gits/cxd5602pwbimu_ros2_driver/ros2_ws/install/imu_trajectory_filter/lib:/Users/yosuke/gits/cxd5602pwbimu_ros2_driver/ros2_ws/install/h6x_serial_interface_example/lib:/Users/yosuke/gits/cxd5602pwbimu_ros2_driver/ros2_ws/install/cxd5602pwbimu_driver_node/lib:/Users/yosuke/gits/cxd5602pwbimu_ros2_driver/ros2_ws/install/h6x_serial_interface/lib:/Users/yosuke/gits/cxd5602pwbimu_ros2_driver/ros2_ws/install/h6x_packet_handler/lib:/Users/yosuke/miniforge3/envs/ros_env/opt/rviz_ogre_vendor/lib SHLVL=2 _=/Users/yosuke/miniforge3/envs/ros_env/bin/env /Users/yosuke/miniforge3/envs/ros_env/bin/cmake --install /Users/yosuke/gits/cxd5602pwbimu_ros2_driver/ros2_ws/build/imu_tools[0m
[21.050s] [34mcolcon.colcon_core.environment[0m [1;30mLevel 1[0m create_environment_scripts_only(imu_tools)
[21.051s] [34mcolcon.colcon_core.environment[0m [1;30mLevel 1[0m checking '/Users/yosuke/gits/cxd5602pwbimu_ros2_driver/ros2_ws/install/imu_tools' for CMake module files
[21.051s] [34mcolcon.colcon_core.event_handler.log_command[0m [1;30mDEBUG[0m [32mInvoked command in '/Users/yosuke/gits/cxd5602pwbimu_ros2_driver/ros2_ws/build/imu_tools' returned '0': CMAKE_PREFIX_PATH=/Users/yosuke/gits/cxd5602pwbimu_ros2_driver/ros2_ws/install/rviz_imu_plugin:/Users/yosuke/gits/cxd5602pwbimu_ros2_driver/ros2_ws/install/imu_filter_madgwick:/Users/yosuke/gits/cxd5602pwbimu_ros2_driver/ros2_ws/install/imu_complementary_filter:/Users/yosuke/gits/cxd5602pwbimu_ros2_driver/ros2_ws/install/imu_tools:/Users/yosuke/gits/cxd5602pwbimu_ros2_driver/ros2_ws/install/imu_trajectory_filter:/Users/yosuke/gits/cxd5602pwbimu_ros2_driver/ros2_ws/install/cxd5602pwbimu_driver:/Users/yosuke/gits/cxd5602pwbimu_ros2_driver/ros2_ws/install/h6x_serial_interface_example:/Users/yosuke/gits/cxd5602pwbimu_ros2_driver/ros2_ws/install/cxd5602pwbimu_driver_node:/Users/yosuke/gits/cxd5602pwbimu_ros2_driver/ros2_ws/install/h6x_serial_interface:/Users/yosuke/gits/cxd5602pwbimu_ros2_driver/ros2_ws/install/h6x_packet_handler:/usr/local:/opt/homebrew/opt/qt@5:/Users/yosuke/gits/cxd5602pwbimu_ros2_driver/ros2_ws/install/cxd5602pwbimu_driver_bringup:/Users/yosuke/miniforge3/envs/ros_env CONDA_PROMPT_MODIFIER=(ros_env) DYLD_LIBRARY_PATH=/Users/yosuke/gits/cxd5602pwbimu_ros2_driver/ros2_ws/install/rviz_imu_plugin/lib:/Users/yosuke/gits/cxd5602pwbimu_ros2_driver/ros2_ws/install/imu_filter_madgwick/lib:/Users/yosuke/gits/cxd5602pwbimu_ros2_driver/ros2_ws/install/imu_complementary_filter/lib:/Users/yosuke/gits/cxd5602pwbimu_ros2_driver/ros2_ws/install/imu_trajectory_filter/lib:/Users/yosuke/gits/cxd5602pwbimu_ros2_driver/ros2_ws/install/h6x_serial_interface_example/lib:/Users/yosuke/gits/cxd5602pwbimu_ros2_driver/ros2_ws/install/cxd5602pwbimu_driver_node/lib:/Users/yosuke/gits/cxd5602pwbimu_ros2_driver/ros2_ws/install/h6x_serial_interface/lib:/Users/yosuke/gits/cxd5602pwbimu_ros2_driver/ros2_ws/install/h6x_packet_handler/lib:/Users/yosuke/miniforge3/envs/ros_env/opt/rviz_ogre_vendor/lib SHLVL=2 _=/Users/yosuke/miniforge3/envs/ros_env/bin/env /Users/yosuke/miniforge3/envs/ros_env/bin/cmake --install /Users/yosuke/gits/cxd5602pwbimu_ros2_driver/ros2_ws/build/imu_tools[0m
[21.051s] [34mcolcon.colcon_core.environment[0m [1;30mLevel 1[0m checking '/Users/yosuke/gits/cxd5602pwbimu_ros2_driver/ros2_ws/install/imu_tools' for CMake config files
[21.051s] [34mcolcon.colcon_core.shell[0m [1;30mLevel 1[0m create_environment_hook('imu_tools', 'cmake_prefix_path')
[21.051s] [34mcolcon.colcon_core.shell[0m [1;30mINFO[0m Creating environment hook '/Users/yosuke/gits/cxd5602pwbimu_ros2_driver/ros2_ws/install/imu_tools/share/imu_tools/hook/cmake_prefix_path.ps1'
[21.052s] [34mcolcon.colcon_core.shell[0m [1;30mINFO[0m Creating environment descriptor '/Users/yosuke/gits/cxd5602pwbimu_ros2_driver/ros2_ws/install/imu_tools/share/imu_tools/hook/cmake_prefix_path.dsv'
[21.052s] [34mcolcon.colcon_core.shell[0m [1;30mINFO[0m Creating environment hook '/Users/yosuke/gits/cxd5602pwbimu_ros2_driver/ros2_ws/install/imu_tools/share/imu_tools/hook/cmake_prefix_path.sh'
[21.052s] [34mcolcon.colcon_core.environment[0m [1;30mLevel 1[0m checking '/Users/yosuke/gits/cxd5602pwbimu_ros2_driver/ros2_ws/install/imu_tools/lib'
[21.052s] [34mcolcon.colcon_core.environment[0m [1;30mLevel 1[0m checking '/Users/yosuke/gits/cxd5602pwbimu_ros2_driver/ros2_ws/install/imu_tools/bin'
[21.052s] [34mcolcon.colcon_core.environment[0m [1;30mLevel 1[0m checking '/Users/yosuke/gits/cxd5602pwbimu_ros2_driver/ros2_ws/install/imu_tools/lib/pkgconfig/imu_tools.pc'
[21.052s] [34mcolcon.colcon_core.environment[0m [1;30mLevel 1[0m checking '/Users/yosuke/gits/cxd5602pwbimu_ros2_driver/ros2_ws/install/imu_tools/lib/python3.11/site-packages'
[21.052s] [34mcolcon.colcon_core.environment[0m [1;30mLevel 1[0m checking '/Users/yosuke/gits/cxd5602pwbimu_ros2_driver/ros2_ws/install/imu_tools/bin'
[21.053s] [34mcolcon.colcon_core.shell[0m [1;30mINFO[0m Creating package script '/Users/yosuke/gits/cxd5602pwbimu_ros2_driver/ros2_ws/install/imu_tools/share/imu_tools/package.ps1'
[21.053s] [34mcolcon.colcon_core.shell[0m [1;30mINFO[0m Creating package descriptor '/Users/yosuke/gits/cxd5602pwbimu_ros2_driver/ros2_ws/install/imu_tools/share/imu_tools/package.dsv'
[21.053s] [34mcolcon.colcon_core.shell[0m [1;30mINFO[0m Creating package script '/Users/yosuke/gits/cxd5602pwbimu_ros2_driver/ros2_ws/install/imu_tools/share/imu_tools/package.sh'
[21.053s] [34mcolcon.colcon_core.shell[0m [1;30mINFO[0m Creating package script '/Users/yosuke/gits/cxd5602pwbimu_ros2_driver/ros2_ws/install/imu_tools/share/imu_tools/package.bash'
[21.053s] [34mcolcon.colcon_core.shell[0m [1;30mINFO[0m Creating package script '/Users/yosuke/gits/cxd5602pwbimu_ros2_driver/ros2_ws/install/imu_tools/share/imu_tools/package.zsh'
[21.054s] [34mcolcon.colcon_core.environment[0m [1;30mLevel 1[0m create_file_with_runtime_dependencies(/Users/yosuke/gits/cxd5602pwbimu_ros2_driver/ros2_ws/install/imu_tools/share/colcon-core/packages/imu_tools)
[21.180s] [34mcolcon.colcon_core.environment[0m [1;30mLevel 1[0m create_environment_scripts_only(imu_tools)
[21.180s] [34mcolcon.colcon_core.environment[0m [1;30mLevel 1[0m checking '/Users/yosuke/gits/cxd5602pwbimu_ros2_driver/ros2_ws/install/imu_tools' for CMake module files
[21.180s] [34mcolcon.colcon_core.environment[0m [1;30mLevel 1[0m checking '/Users/yosuke/gits/cxd5602pwbimu_ros2_driver/ros2_ws/install/imu_tools' for CMake config files
[21.180s] [34mcolcon.colcon_core.shell[0m [1;30mLevel 1[0m create_environment_hook('imu_tools', 'cmake_prefix_path')
[21.180s] [34mcolcon.colcon_core.shell[0m [1;30mINFO[0m Creating environment hook '/Users/yosuke/gits/cxd5602pwbimu_ros2_driver/ros2_ws/install/imu_tools/share/imu_tools/hook/cmake_prefix_path.ps1'
[21.181s] [34mcolcon.colcon_core.shell[0m [1;30mINFO[0m Creating environment descriptor '/Users/yosuke/gits/cxd5602pwbimu_ros2_driver/ros2_ws/install/imu_tools/share/imu_tools/hook/cmake_prefix_path.dsv'
[21.181s] [34mcolcon.colcon_core.shell[0m [1;30mINFO[0m Creating environment hook '/Users/yosuke/gits/cxd5602pwbimu_ros2_driver/ros2_ws/install/imu_tools/share/imu_tools/hook/cmake_prefix_path.sh'
[21.181s] [34mcolcon.colcon_core.environment[0m [1;30mLevel 1[0m checking '/Users/yosuke/gits/cxd5602pwbimu_ros2_driver/ros2_ws/install/imu_tools/lib'
[21.181s] [34mcolcon.colcon_core.environment[0m [1;30mLevel 1[0m checking '/Users/yosuke/gits/cxd5602pwbimu_ros2_driver/ros2_ws/install/imu_tools/bin'
[21.181s] [34mcolcon.colcon_core.environment[0m [1;30mLevel 1[0m checking '/Users/yosuke/gits/cxd5602pwbimu_ros2_driver/ros2_ws/install/imu_tools/lib/pkgconfig/imu_tools.pc'
[21.181s] [34mcolcon.colcon_core.environment[0m [1;30mLevel 1[0m checking '/Users/yosuke/gits/cxd5602pwbimu_ros2_driver/ros2_ws/install/imu_tools/lib/python3.11/site-packages'
[21.181s] [34mcolcon.colcon_core.environment[0m [1;30mLevel 1[0m checking '/Users/yosuke/gits/cxd5602pwbimu_ros2_driver/ros2_ws/install/imu_tools/bin'
[21.181s] [34mcolcon.colcon_core.shell[0m [1;30mINFO[0m Creating package script '/Users/yosuke/gits/cxd5602pwbimu_ros2_driver/ros2_ws/install/imu_tools/share/imu_tools/package.ps1'
[21.182s] [34mcolcon.colcon_core.shell[0m [1;30mINFO[0m Creating package descriptor '/Users/yosuke/gits/cxd5602pwbimu_ros2_driver/ros2_ws/install/imu_tools/share/imu_tools/package.dsv'
[21.182s] [34mcolcon.colcon_core.shell[0m [1;30mINFO[0m Creating package script '/Users/yosuke/gits/cxd5602pwbimu_ros2_driver/ros2_ws/install/imu_tools/share/imu_tools/package.sh'
[21.182s] [34mcolcon.colcon_core.shell[0m [1;30mINFO[0m Creating package script '/Users/yosuke/gits/cxd5602pwbimu_ros2_driver/ros2_ws/install/imu_tools/share/imu_tools/package.bash'
[21.182s] [34mcolcon.colcon_core.shell[0m [1;30mINFO[0m Creating package script '/Users/yosuke/gits/cxd5602pwbimu_ros2_driver/ros2_ws/install/imu_tools/share/imu_tools/package.zsh'
[21.182s] [34mcolcon.colcon_core.environment[0m [1;30mLevel 1[0m create_file_with_runtime_dependencies(/Users/yosuke/gits/cxd5602pwbimu_ros2_driver/ros2_ws/install/imu_tools/share/colcon-core/packages/imu_tools)
[21.198s] [34mcolcon.colcon_core.environment[0m [1;30mLevel 1[0m checking '/Users/yosuke/gits/cxd5602pwbimu_ros2_driver/ros2_ws/install/cxd5602pwbimu_driver_bringup' for CMake module files
[21.199s] [34mcolcon.colcon_core.event_handler.log_command[0m [1;30mDEBUG[0m [32mInvoked command in '/Users/yosuke/gits/cxd5602pwbimu_ros2_driver/ros2_ws/src/cxd5602pwbimu_driver_bringup' returned '0': CMAKE_PREFIX_PATH=/Users/yosuke/gits/cxd5602pwbimu_ros2_driver/ros2_ws/install/cxd5602pwbimu_driver_node:/Users/yosuke/gits/cxd5602pwbimu_ros2_driver/ros2_ws/install/imu_filter_madgwick:/Users/yosuke/gits/cxd5602pwbimu_ros2_driver/ros2_ws/install/h6x_serial_interface:/Users/yosuke/gits/cxd5602pwbimu_ros2_driver/ros2_ws/install/imu_tools:/Users/yosuke/gits/cxd5602pwbimu_ros2_driver/ros2_ws/install/rviz_imu_plugin:/Users/yosuke/gits/cxd5602pwbimu_ros2_driver/ros2_ws/install/imu_trajectory_filter:/Users/yosuke/gits/cxd5602pwbimu_ros2_driver/ros2_ws/install/cxd5602pwbimu_driver:/Users/yosuke/gits/cxd5602pwbimu_ros2_driver/ros2_ws/install/imu_complementary_filter:/Users/yosuke/gits/cxd5602pwbimu_ros2_driver/ros2_ws/install/h6x_serial_interface_example:/Users/yosuke/gits/cxd5602pwbimu_ros2_driver/ros2_ws/install/h6x_packet_handler:/usr/local:/opt/homebrew/opt/qt@5 CONDA_PROMPT_MODIFIER=(ros_env) DYLD_LIBRARY_PATH=/Users/yosuke/gits/cxd5602pwbimu_ros2_driver/ros2_ws/install/cxd5602pwbimu_driver_node/lib:/Users/yosuke/gits/cxd5602pwbimu_ros2_driver/ros2_ws/install/imu_filter_madgwick/lib:/Users/yosuke/gits/cxd5602pwbimu_ros2_driver/ros2_ws/install/h6x_serial_interface/lib:/Users/yosuke/gits/cxd5602pwbimu_ros2_driver/ros2_ws/install/rviz_imu_plugin/lib:/Users/yosuke/gits/cxd5602pwbimu_ros2_driver/ros2_ws/install/imu_trajectory_filter/lib:/Users/yosuke/gits/cxd5602pwbimu_ros2_driver/ros2_ws/install/imu_complementary_filter/lib:/Users/yosuke/gits/cxd5602pwbimu_ros2_driver/ros2_ws/install/h6x_serial_interface_example/lib:/Users/yosuke/gits/cxd5602pwbimu_ros2_driver/ros2_ws/install/h6x_packet_handler/lib:/Users/yosuke/miniforge3/envs/ros_env/opt/rviz_ogre_vendor/lib PYTHONPATH=/Users/yosuke/gits/cxd5602pwbimu_ros2_driver/ros2_ws/build/cxd5602pwbimu_driver_bringup/prefix_override:/Users/yosuke/miniforge3/envs/ros_env/lib/python3.11/site-packages/colcon_core/task/python/colcon_distutils_commands:/Users/yosuke/gits/cxd5602pwbimu_ros2_driver/ros2_ws/install/cxd5602pwbimu_driver_bringup/lib/python3.11/site-packages:${PYTHONPATH} SHLVL=2 _=/Users/yosuke/miniforge3/envs/ros_env/bin/env /Users/yosuke/miniforge3/envs/ros_env/bin/python3.11 -W ignore:setup.py install is deprecated -W ignore:easy_install command is deprecated setup.py egg_info --egg-base ../../build/cxd5602pwbimu_driver_bringup build --build-base /Users/yosuke/gits/cxd5602pwbimu_ros2_driver/ros2_ws/build/cxd5602pwbimu_driver_bringup/build install --record /Users/yosuke/gits/cxd5602pwbimu_ros2_driver/ros2_ws/build/cxd5602pwbimu_driver_bringup/install.log --single-version-externally-managed install_data[0m
[21.199s] [34mcolcon.colcon_core.environment[0m [1;30mLevel 1[0m checking '/Users/yosuke/gits/cxd5602pwbimu_ros2_driver/ros2_ws/install/cxd5602pwbimu_driver_bringup' for CMake config files
[21.199s] [34mcolcon.colcon_core.environment[0m [1;30mLevel 1[0m checking '/Users/yosuke/gits/cxd5602pwbimu_ros2_driver/ros2_ws/install/cxd5602pwbimu_driver_bringup/lib'
[21.199s] [34mcolcon.colcon_core.environment[0m [1;30mLevel 1[0m checking '/Users/yosuke/gits/cxd5602pwbimu_ros2_driver/ros2_ws/install/cxd5602pwbimu_driver_bringup/bin'
[21.199s] [34mcolcon.colcon_core.environment[0m [1;30mLevel 1[0m checking '/Users/yosuke/gits/cxd5602pwbimu_ros2_driver/ros2_ws/install/cxd5602pwbimu_driver_bringup/lib/pkgconfig/cxd5602pwbimu_driver_bringup.pc'
[21.199s] [34mcolcon.colcon_core.environment[0m [1;30mLevel 1[0m checking '/Users/yosuke/gits/cxd5602pwbimu_ros2_driver/ros2_ws/install/cxd5602pwbimu_driver_bringup/lib/python3.11/site-packages'
[21.199s] [34mcolcon.colcon_core.shell[0m [1;30mLevel 1[0m create_environment_hook('cxd5602pwbimu_driver_bringup', 'pythonpath')
[21.199s] [34mcolcon.colcon_core.shell[0m [1;30mINFO[0m Creating environment hook '/Users/yosuke/gits/cxd5602pwbimu_ros2_driver/ros2_ws/install/cxd5602pwbimu_driver_bringup/share/cxd5602pwbimu_driver_bringup/hook/pythonpath.ps1'
[21.200s] [34mcolcon.colcon_core.shell[0m [1;30mINFO[0m Creating environment descriptor '/Users/yosuke/gits/cxd5602pwbimu_ros2_driver/ros2_ws/install/cxd5602pwbimu_driver_bringup/share/cxd5602pwbimu_driver_bringup/hook/pythonpath.dsv'
[21.200s] [34mcolcon.colcon_core.shell[0m [1;30mINFO[0m Creating environment hook '/Users/yosuke/gits/cxd5602pwbimu_ros2_driver/ros2_ws/install/cxd5602pwbimu_driver_bringup/share/cxd5602pwbimu_driver_bringup/hook/pythonpath.sh'
[21.200s] [34mcolcon.colcon_core.environment[0m [1;30mLevel 1[0m checking '/Users/yosuke/gits/cxd5602pwbimu_ros2_driver/ros2_ws/install/cxd5602pwbimu_driver_bringup/bin'
[21.200s] [34mcolcon.colcon_core.environment[0m [1;30mLevel 1[0m create_environment_scripts_only(cxd5602pwbimu_driver_bringup)
[21.200s] [34mcolcon.colcon_core.shell[0m [1;30mINFO[0m Creating package script '/Users/yosuke/gits/cxd5602pwbimu_ros2_driver/ros2_ws/install/cxd5602pwbimu_driver_bringup/share/cxd5602pwbimu_driver_bringup/package.ps1'
[21.200s] [34mcolcon.colcon_core.shell[0m [1;30mINFO[0m Creating package descriptor '/Users/yosuke/gits/cxd5602pwbimu_ros2_driver/ros2_ws/install/cxd5602pwbimu_driver_bringup/share/cxd5602pwbimu_driver_bringup/package.dsv'
[21.201s] [34mcolcon.colcon_core.shell[0m [1;30mINFO[0m Creating package script '/Users/yosuke/gits/cxd5602pwbimu_ros2_driver/ros2_ws/install/cxd5602pwbimu_driver_bringup/share/cxd5602pwbimu_driver_bringup/package.sh'
[21.201s] [34mcolcon.colcon_core.shell[0m [1;30mINFO[0m Creating package script '/Users/yosuke/gits/cxd5602pwbimu_ros2_driver/ros2_ws/install/cxd5602pwbimu_driver_bringup/share/cxd5602pwbimu_driver_bringup/package.bash'
[21.201s] [34mcolcon.colcon_core.shell[0m [1;30mINFO[0m Creating package script '/Users/yosuke/gits/cxd5602pwbimu_ros2_driver/ros2_ws/install/cxd5602pwbimu_driver_bringup/share/cxd5602pwbimu_driver_bringup/package.zsh'
[21.201s] [34mcolcon.colcon_core.environment[0m [1;30mLevel 1[0m create_file_with_runtime_dependencies(/Users/yosuke/gits/cxd5602pwbimu_ros2_driver/ros2_ws/install/cxd5602pwbimu_driver_bringup/share/colcon-core/packages/cxd5602pwbimu_driver_bringup)
[21.201s] [34mcolcon.colcon_ros.task.ament_cmake.build[0m [1;30mINFO[0m Building ROS package in '/Users/yosuke/gits/cxd5602pwbimu_ros2_driver/ros2_ws/src/cxd5602pwbimu_driver' with build type 'ament_cmake'
[21.201s] [34mcolcon.colcon_cmake.task.cmake.build[0m [1;30mINFO[0m Building CMake package in '/Users/yosuke/gits/cxd5602pwbimu_ros2_driver/ros2_ws/src/cxd5602pwbimu_driver'
[21.201s] [34mcolcon.colcon_core.shell[0m [1;30mINFO[0m Skip shell extension 'powershell' for command environment: Not usable outside of PowerShell
[21.201s] [34mcolcon.colcon_core.shell[0m [1;30mDEBUG[0m [32mSkip shell extension 'dsv' for command environment[0m
[21.233s] [34mcolcon.colcon_core.event_handler.log_command[0m [1;30mDEBUG[0m [32mInvoking command in '/Users/yosuke/gits/cxd5602pwbimu_ros2_driver/ros2_ws/build/cxd5602pwbimu_driver': AMENT_PREFIX_PATH=/Users/yosuke/gits/cxd5602pwbimu_ros2_driver/ros2_ws/install/cxd5602pwbimu_driver_bringup:/Users/yosuke/gits/cxd5602pwbimu_ros2_driver/ros2_ws/install/imu_tools:/Users/yosuke/gits/cxd5602pwbimu_ros2_driver/ros2_ws/install/rviz_imu_plugin:/Users/yosuke/gits/cxd5602pwbimu_ros2_driver/ros2_ws/install/imu_trajectory_filter:/Users/yosuke/gits/cxd5602pwbimu_ros2_driver/ros2_ws/install/cxd5602pwbimu_driver:/Users/yosuke/gits/cxd5602pwbimu_ros2_driver/ros2_ws/install/imu_filter_madgwick:/Users/yosuke/gits/cxd5602pwbimu_ros2_driver/ros2_ws/install/imu_complementary_filter:/Users/yosuke/gits/cxd5602pwbimu_ros2_driver/ros2_ws/install/h6x_serial_interface_example:/Users/yosuke/gits/cxd5602pwbimu_ros2_driver/ros2_ws/install/cxd5602pwbimu_driver_node:/Users/yosuke/gits/cxd5602pwbimu_ros2_driver/ros2_ws/install/h6x_serial_interface:/Users/yosuke/gits/cxd5602pwbimu_ros2_driver/ros2_ws/install/h6x_packet_handler:/Users/yosuke/miniforge3/envs/ros_env CMAKE_PREFIX_PATH=/Users/yosuke/gits/cxd5602pwbimu_ros2_driver/ros2_ws/install/cxd5602pwbimu_driver_node:/Users/yosuke/gits/cxd5602pwbimu_ros2_driver/ros2_ws/install/imu_filter_madgwick:/Users/yosuke/gits/cxd5602pwbimu_ros2_driver/ros2_ws/install/h6x_serial_interface:/Users/yosuke/gits/cxd5602pwbimu_ros2_driver/ros2_ws/install/imu_tools:/Users/yosuke/gits/cxd5602pwbimu_ros2_driver/ros2_ws/install/rviz_imu_plugin:/Users/yosuke/gits/cxd5602pwbimu_ros2_driver/ros2_ws/install/imu_trajectory_filter:/Users/yosuke/gits/cxd5602pwbimu_ros2_driver/ros2_ws/install/cxd5602pwbimu_driver:/Users/yosuke/gits/cxd5602pwbimu_ros2_driver/ros2_ws/install/imu_complementary_filter:/Users/yosuke/gits/cxd5602pwbimu_ros2_driver/ros2_ws/install/h6x_serial_interface_example:/Users/yosuke/gits/cxd5602pwbimu_ros2_driver/ros2_ws/install/h6x_packet_handler:/usr/local:/opt/homebrew/opt/qt@5:/Users/yosuke/gits/cxd5602pwbimu_ros2_driver/ros2_ws/install/cxd5602pwbimu_driver_bringup:/Users/yosuke/miniforge3/envs/ros_env CONDA_PROMPT_MODIFIER=(ros_env) DYLD_LIBRARY_PATH=/Users/yosuke/gits/cxd5602pwbimu_ros2_driver/ros2_ws/install/cxd5602pwbimu_driver_node/lib:/Users/yosuke/gits/cxd5602pwbimu_ros2_driver/ros2_ws/install/imu_filter_madgwick/lib:/Users/yosuke/gits/cxd5602pwbimu_ros2_driver/ros2_ws/install/h6x_serial_interface/lib:/Users/yosuke/gits/cxd5602pwbimu_ros2_driver/ros2_ws/install/rviz_imu_plugin/lib:/Users/yosuke/gits/cxd5602pwbimu_ros2_driver/ros2_ws/install/imu_trajectory_filter/lib:/Users/yosuke/gits/cxd5602pwbimu_ros2_driver/ros2_ws/install/imu_complementary_filter/lib:/Users/yosuke/gits/cxd5602pwbimu_ros2_driver/ros2_ws/install/h6x_serial_interface_example/lib:/Users/yosuke/gits/cxd5602pwbimu_ros2_driver/ros2_ws/install/h6x_packet_handler/lib:/Users/yosuke/miniforge3/envs/ros_env/opt/rviz_ogre_vendor/lib SHLVL=2 _=/Users/yosuke/miniforge3/envs/ros_env/bin/env /Users/yosuke/miniforge3/envs/ros_env/bin/cmake /Users/yosuke/gits/cxd5602pwbimu_ros2_driver/ros2_ws/src/cxd5602pwbimu_driver -DCMAKE_PREFIX_PATH=/usr/local -DCMAKE_CXX_FLAGS=-I/usr/local/include -DCMAKE_EXE_LINKER_FLAGS=-L/usr/local/lib -DCMAKE_INSTALL_PREFIX=/Users/yosuke/gits/cxd5602pwbimu_ros2_driver/ros2_ws/install/cxd5602pwbimu_driver[0m
[22.345s] [34mcolcon.colcon_core.event_handler.log_command[0m [1;30mDEBUG[0m [32mInvoked command in '/Users/yosuke/gits/cxd5602pwbimu_ros2_driver/ros2_ws/build/cxd5602pwbimu_driver' returned '0': AMENT_PREFIX_PATH=/Users/yosuke/gits/cxd5602pwbimu_ros2_driver/ros2_ws/install/cxd5602pwbimu_driver_bringup:/Users/yosuke/gits/cxd5602pwbimu_ros2_driver/ros2_ws/install/imu_tools:/Users/yosuke/gits/cxd5602pwbimu_ros2_driver/ros2_ws/install/rviz_imu_plugin:/Users/yosuke/gits/cxd5602pwbimu_ros2_driver/ros2_ws/install/imu_trajectory_filter:/Users/yosuke/gits/cxd5602pwbimu_ros2_driver/ros2_ws/install/cxd5602pwbimu_driver:/Users/yosuke/gits/cxd5602pwbimu_ros2_driver/ros2_ws/install/imu_filter_madgwick:/Users/yosuke/gits/cxd5602pwbimu_ros2_driver/ros2_ws/install/imu_complementary_filter:/Users/yosuke/gits/cxd5602pwbimu_ros2_driver/ros2_ws/install/h6x_serial_interface_example:/Users/yosuke/gits/cxd5602pwbimu_ros2_driver/ros2_ws/install/cxd5602pwbimu_driver_node:/Users/yosuke/gits/cxd5602pwbimu_ros2_driver/ros2_ws/install/h6x_serial_interface:/Users/yosuke/gits/cxd5602pwbimu_ros2_driver/ros2_ws/install/h6x_packet_handler:/Users/yosuke/miniforge3/envs/ros_env CMAKE_PREFIX_PATH=/Users/yosuke/gits/cxd5602pwbimu_ros2_driver/ros2_ws/install/cxd5602pwbimu_driver_node:/Users/yosuke/gits/cxd5602pwbimu_ros2_driver/ros2_ws/install/imu_filter_madgwick:/Users/yosuke/gits/cxd5602pwbimu_ros2_driver/ros2_ws/install/h6x_serial_interface:/Users/yosuke/gits/cxd5602pwbimu_ros2_driver/ros2_ws/install/imu_tools:/Users/yosuke/gits/cxd5602pwbimu_ros2_driver/ros2_ws/install/rviz_imu_plugin:/Users/yosuke/gits/cxd5602pwbimu_ros2_driver/ros2_ws/install/imu_trajectory_filter:/Users/yosuke/gits/cxd5602pwbimu_ros2_driver/ros2_ws/install/cxd5602pwbimu_driver:/Users/yosuke/gits/cxd5602pwbimu_ros2_driver/ros2_ws/install/imu_complementary_filter:/Users/yosuke/gits/cxd5602pwbimu_ros2_driver/ros2_ws/install/h6x_serial_interface_example:/Users/yosuke/gits/cxd5602pwbimu_ros2_driver/ros2_ws/install/h6x_packet_handler:/usr/local:/opt/homebrew/opt/qt@5:/Users/yosuke/gits/cxd5602pwbimu_ros2_driver/ros2_ws/install/cxd5602pwbimu_driver_bringup:/Users/yosuke/miniforge3/envs/ros_env CONDA_PROMPT_MODIFIER=(ros_env) DYLD_LIBRARY_PATH=/Users/yosuke/gits/cxd5602pwbimu_ros2_driver/ros2_ws/install/cxd5602pwbimu_driver_node/lib:/Users/yosuke/gits/cxd5602pwbimu_ros2_driver/ros2_ws/install/imu_filter_madgwick/lib:/Users/yosuke/gits/cxd5602pwbimu_ros2_driver/ros2_ws/install/h6x_serial_interface/lib:/Users/yosuke/gits/cxd5602pwbimu_ros2_driver/ros2_ws/install/rviz_imu_plugin/lib:/Users/yosuke/gits/cxd5602pwbimu_ros2_driver/ros2_ws/install/imu_trajectory_filter/lib:/Users/yosuke/gits/cxd5602pwbimu_ros2_driver/ros2_ws/install/imu_complementary_filter/lib:/Users/yosuke/gits/cxd5602pwbimu_ros2_driver/ros2_ws/install/h6x_serial_interface_example/lib:/Users/yosuke/gits/cxd5602pwbimu_ros2_driver/ros2_ws/install/h6x_packet_handler/lib:/Users/yosuke/miniforge3/envs/ros_env/opt/rviz_ogre_vendor/lib SHLVL=2 _=/Users/yosuke/miniforge3/envs/ros_env/bin/env /Users/yosuke/miniforge3/envs/ros_env/bin/cmake /Users/yosuke/gits/cxd5602pwbimu_ros2_driver/ros2_ws/src/cxd5602pwbimu_driver -DCMAKE_PREFIX_PATH=/usr/local -DCMAKE_CXX_FLAGS=-I/usr/local/include -DCMAKE_EXE_LINKER_FLAGS=-L/usr/local/lib -DCMAKE_INSTALL_PREFIX=/Users/yosuke/gits/cxd5602pwbimu_ros2_driver/ros2_ws/install/cxd5602pwbimu_driver[0m
[22.347s] [34mcolcon.colcon_core.event_handler.log_command[0m [1;30mDEBUG[0m [32mInvoking command in '/Users/yosuke/gits/cxd5602pwbimu_ros2_driver/ros2_ws/build/cxd5602pwbimu_driver': AMENT_PREFIX_PATH=/Users/yosuke/gits/cxd5602pwbimu_ros2_driver/ros2_ws/install/cxd5602pwbimu_driver_bringup:/Users/yosuke/gits/cxd5602pwbimu_ros2_driver/ros2_ws/install/imu_tools:/Users/yosuke/gits/cxd5602pwbimu_ros2_driver/ros2_ws/install/rviz_imu_plugin:/Users/yosuke/gits/cxd5602pwbimu_ros2_driver/ros2_ws/install/imu_trajectory_filter:/Users/yosuke/gits/cxd5602pwbimu_ros2_driver/ros2_ws/install/cxd5602pwbimu_driver:/Users/yosuke/gits/cxd5602pwbimu_ros2_driver/ros2_ws/install/imu_filter_madgwick:/Users/yosuke/gits/cxd5602pwbimu_ros2_driver/ros2_ws/install/imu_complementary_filter:/Users/yosuke/gits/cxd5602pwbimu_ros2_driver/ros2_ws/install/h6x_serial_interface_example:/Users/yosuke/gits/cxd5602pwbimu_ros2_driver/ros2_ws/install/cxd5602pwbimu_driver_node:/Users/yosuke/gits/cxd5602pwbimu_ros2_driver/ros2_ws/install/h6x_serial_interface:/Users/yosuke/gits/cxd5602pwbimu_ros2_driver/ros2_ws/install/h6x_packet_handler:/Users/yosuke/miniforge3/envs/ros_env CMAKE_PREFIX_PATH=/Users/yosuke/gits/cxd5602pwbimu_ros2_driver/ros2_ws/install/cxd5602pwbimu_driver_node:/Users/yosuke/gits/cxd5602pwbimu_ros2_driver/ros2_ws/install/imu_filter_madgwick:/Users/yosuke/gits/cxd5602pwbimu_ros2_driver/ros2_ws/install/h6x_serial_interface:/Users/yosuke/gits/cxd5602pwbimu_ros2_driver/ros2_ws/install/imu_tools:/Users/yosuke/gits/cxd5602pwbimu_ros2_driver/ros2_ws/install/rviz_imu_plugin:/Users/yosuke/gits/cxd5602pwbimu_ros2_driver/ros2_ws/install/imu_trajectory_filter:/Users/yosuke/gits/cxd5602pwbimu_ros2_driver/ros2_ws/install/cxd5602pwbimu_driver:/Users/yosuke/gits/cxd5602pwbimu_ros2_driver/ros2_ws/install/imu_complementary_filter:/Users/yosuke/gits/cxd5602pwbimu_ros2_driver/ros2_ws/install/h6x_serial_interface_example:/Users/yosuke/gits/cxd5602pwbimu_ros2_driver/ros2_ws/install/h6x_packet_handler:/usr/local:/opt/homebrew/opt/qt@5:/Users/yosuke/gits/cxd5602pwbimu_ros2_driver/ros2_ws/install/cxd5602pwbimu_driver_bringup:/Users/yosuke/miniforge3/envs/ros_env CONDA_PROMPT_MODIFIER=(ros_env) DYLD_LIBRARY_PATH=/Users/yosuke/gits/cxd5602pwbimu_ros2_driver/ros2_ws/install/cxd5602pwbimu_driver_node/lib:/Users/yosuke/gits/cxd5602pwbimu_ros2_driver/ros2_ws/install/imu_filter_madgwick/lib:/Users/yosuke/gits/cxd5602pwbimu_ros2_driver/ros2_ws/install/h6x_serial_interface/lib:/Users/yosuke/gits/cxd5602pwbimu_ros2_driver/ros2_ws/install/rviz_imu_plugin/lib:/Users/yosuke/gits/cxd5602pwbimu_ros2_driver/ros2_ws/install/imu_trajectory_filter/lib:/Users/yosuke/gits/cxd5602pwbimu_ros2_driver/ros2_ws/install/imu_complementary_filter/lib:/Users/yosuke/gits/cxd5602pwbimu_ros2_driver/ros2_ws/install/h6x_serial_interface_example/lib:/Users/yosuke/gits/cxd5602pwbimu_ros2_driver/ros2_ws/install/h6x_packet_handler/lib:/Users/yosuke/miniforge3/envs/ros_env/opt/rviz_ogre_vendor/lib SHLVL=2 _=/Users/yosuke/miniforge3/envs/ros_env/bin/env /Users/yosuke/miniforge3/envs/ros_env/bin/cmake --build /Users/yosuke/gits/cxd5602pwbimu_ros2_driver/ros2_ws/build/cxd5602pwbimu_driver -- -j10 -l10[0m
[22.369s] [34mcolcon.colcon_core.event_handler.log_command[0m [1;30mDEBUG[0m [32mInvoked command in '/Users/yosuke/gits/cxd5602pwbimu_ros2_driver/ros2_ws/build/h6x_serial_interface_example' returned '0': CMAKE_PREFIX_PATH=/Users/yosuke/gits/cxd5602pwbimu_ros2_driver/ros2_ws/install/h6x_serial_interface:/Users/yosuke/gits/cxd5602pwbimu_ros2_driver/ros2_ws/install/imu_tools:/Users/yosuke/gits/cxd5602pwbimu_ros2_driver/ros2_ws/install/rviz_imu_plugin:/Users/yosuke/gits/cxd5602pwbimu_ros2_driver/ros2_ws/install/imu_trajectory_filter:/Users/yosuke/gits/cxd5602pwbimu_ros2_driver/ros2_ws/install/cxd5602pwbimu_driver:/Users/yosuke/gits/cxd5602pwbimu_ros2_driver/ros2_ws/install/imu_filter_madgwick:/Users/yosuke/gits/cxd5602pwbimu_ros2_driver/ros2_ws/install/imu_complementary_filter:/Users/yosuke/gits/cxd5602pwbimu_ros2_driver/ros2_ws/install/h6x_serial_interface_example:/Users/yosuke/gits/cxd5602pwbimu_ros2_driver/ros2_ws/install/cxd5602pwbimu_driver_node:/Users/yosuke/gits/cxd5602pwbimu_ros2_driver/ros2_ws/install/h6x_packet_handler:/usr/local:/opt/homebrew/opt/qt@5:/Users/yosuke/gits/cxd5602pwbimu_ros2_driver/ros2_ws/install/cxd5602pwbimu_driver_bringup:/Users/yosuke/miniforge3/envs/ros_env CONDA_PROMPT_MODIFIER=(ros_env) DYLD_LIBRARY_PATH=/Users/yosuke/gits/cxd5602pwbimu_ros2_driver/ros2_ws/install/h6x_serial_interface/lib:/Users/yosuke/gits/cxd5602pwbimu_ros2_driver/ros2_ws/install/rviz_imu_plugin/lib:/Users/yosuke/gits/cxd5602pwbimu_ros2_driver/ros2_ws/install/imu_trajectory_filter/lib:/Users/yosuke/gits/cxd5602pwbimu_ros2_driver/ros2_ws/install/imu_filter_madgwick/lib:/Users/yosuke/gits/cxd5602pwbimu_ros2_driver/ros2_ws/install/imu_complementary_filter/lib:/Users/yosuke/gits/cxd5602pwbimu_ros2_driver/ros2_ws/install/h6x_serial_interface_example/lib:/Users/yosuke/gits/cxd5602pwbimu_ros2_driver/ros2_ws/install/cxd5602pwbimu_driver_node/lib:/Users/yosuke/gits/cxd5602pwbimu_ros2_driver/ros2_ws/install/h6x_packet_handler/lib:/Users/yosuke/miniforge3/envs/ros_env/opt/rviz_ogre_vendor/lib SHLVL=2 _=/Users/yosuke/miniforge3/envs/ros_env/bin/env /Users/yosuke/miniforge3/envs/ros_env/bin/cmake --build /Users/yosuke/gits/cxd5602pwbimu_ros2_driver/ros2_ws/build/h6x_serial_interface_example -- -j10 -l10[0m
[22.407s] [34mcolcon.colcon_core.event_handler.log_command[0m [1;30mDEBUG[0m [32mInvoked command in '/Users/yosuke/gits/cxd5602pwbimu_ros2_driver/ros2_ws/build/cxd5602pwbimu_driver' returned '0': AMENT_PREFIX_PATH=/Users/yosuke/gits/cxd5602pwbimu_ros2_driver/ros2_ws/install/cxd5602pwbimu_driver_bringup:/Users/yosuke/gits/cxd5602pwbimu_ros2_driver/ros2_ws/install/imu_tools:/Users/yosuke/gits/cxd5602pwbimu_ros2_driver/ros2_ws/install/rviz_imu_plugin:/Users/yosuke/gits/cxd5602pwbimu_ros2_driver/ros2_ws/install/imu_trajectory_filter:/Users/yosuke/gits/cxd5602pwbimu_ros2_driver/ros2_ws/install/cxd5602pwbimu_driver:/Users/yosuke/gits/cxd5602pwbimu_ros2_driver/ros2_ws/install/imu_filter_madgwick:/Users/yosuke/gits/cxd5602pwbimu_ros2_driver/ros2_ws/install/imu_complementary_filter:/Users/yosuke/gits/cxd5602pwbimu_ros2_driver/ros2_ws/install/h6x_serial_interface_example:/Users/yosuke/gits/cxd5602pwbimu_ros2_driver/ros2_ws/install/cxd5602pwbimu_driver_node:/Users/yosuke/gits/cxd5602pwbimu_ros2_driver/ros2_ws/install/h6x_serial_interface:/Users/yosuke/gits/cxd5602pwbimu_ros2_driver/ros2_ws/install/h6x_packet_handler:/Users/yosuke/miniforge3/envs/ros_env CMAKE_PREFIX_PATH=/Users/yosuke/gits/cxd5602pwbimu_ros2_driver/ros2_ws/install/cxd5602pwbimu_driver_node:/Users/yosuke/gits/cxd5602pwbimu_ros2_driver/ros2_ws/install/imu_filter_madgwick:/Users/yosuke/gits/cxd5602pwbimu_ros2_driver/ros2_ws/install/h6x_serial_interface:/Users/yosuke/gits/cxd5602pwbimu_ros2_driver/ros2_ws/install/imu_tools:/Users/yosuke/gits/cxd5602pwbimu_ros2_driver/ros2_ws/install/rviz_imu_plugin:/Users/yosuke/gits/cxd5602pwbimu_ros2_driver/ros2_ws/install/imu_trajectory_filter:/Users/yosuke/gits/cxd5602pwbimu_ros2_driver/ros2_ws/install/cxd5602pwbimu_driver:/Users/yosuke/gits/cxd5602pwbimu_ros2_driver/ros2_ws/install/imu_complementary_filter:/Users/yosuke/gits/cxd5602pwbimu_ros2_driver/ros2_ws/install/h6x_serial_interface_example:/Users/yosuke/gits/cxd5602pwbimu_ros2_driver/ros2_ws/install/h6x_packet_handler:/usr/local:/opt/homebrew/opt/qt@5:/Users/yosuke/gits/cxd5602pwbimu_ros2_driver/ros2_ws/install/cxd5602pwbimu_driver_bringup:/Users/yosuke/miniforge3/envs/ros_env CONDA_PROMPT_MODIFIER=(ros_env) DYLD_LIBRARY_PATH=/Users/yosuke/gits/cxd5602pwbimu_ros2_driver/ros2_ws/install/cxd5602pwbimu_driver_node/lib:/Users/yosuke/gits/cxd5602pwbimu_ros2_driver/ros2_ws/install/imu_filter_madgwick/lib:/Users/yosuke/gits/cxd5602pwbimu_ros2_driver/ros2_ws/install/h6x_serial_interface/lib:/Users/yosuke/gits/cxd5602pwbimu_ros2_driver/ros2_ws/install/rviz_imu_plugin/lib:/Users/yosuke/gits/cxd5602pwbimu_ros2_driver/ros2_ws/install/imu_trajectory_filter/lib:/Users/yosuke/gits/cxd5602pwbimu_ros2_driver/ros2_ws/install/imu_complementary_filter/lib:/Users/yosuke/gits/cxd5602pwbimu_ros2_driver/ros2_ws/install/h6x_serial_interface_example/lib:/Users/yosuke/gits/cxd5602pwbimu_ros2_driver/ros2_ws/install/h6x_packet_handler/lib:/Users/yosuke/miniforge3/envs/ros_env/opt/rviz_ogre_vendor/lib SHLVL=2 _=/Users/yosuke/miniforge3/envs/ros_env/bin/env /Users/yosuke/miniforge3/envs/ros_env/bin/cmake --build /Users/yosuke/gits/cxd5602pwbimu_ros2_driver/ros2_ws/build/cxd5602pwbimu_driver -- -j10 -l10[0m
[22.527s] [34mcolcon.colcon_core.event_handler.log_command[0m [1;30mDEBUG[0m [32mInvoking command in '/Users/yosuke/gits/cxd5602pwbimu_ros2_driver/ros2_ws/build/cxd5602pwbimu_driver': AMENT_PREFIX_PATH=/Users/yosuke/gits/cxd5602pwbimu_ros2_driver/ros2_ws/install/cxd5602pwbimu_driver_bringup:/Users/yosuke/gits/cxd5602pwbimu_ros2_driver/ros2_ws/install/imu_tools:/Users/yosuke/gits/cxd5602pwbimu_ros2_driver/ros2_ws/install/rviz_imu_plugin:/Users/yosuke/gits/cxd5602pwbimu_ros2_driver/ros2_ws/install/imu_trajectory_filter:/Users/yosuke/gits/cxd5602pwbimu_ros2_driver/ros2_ws/install/cxd5602pwbimu_driver:/Users/yosuke/gits/cxd5602pwbimu_ros2_driver/ros2_ws/install/imu_filter_madgwick:/Users/yosuke/gits/cxd5602pwbimu_ros2_driver/ros2_ws/install/imu_complementary_filter:/Users/yosuke/gits/cxd5602pwbimu_ros2_driver/ros2_ws/install/h6x_serial_interface_example:/Users/yosuke/gits/cxd5602pwbimu_ros2_driver/ros2_ws/install/cxd5602pwbimu_driver_node:/Users/yosuke/gits/cxd5602pwbimu_ros2_driver/ros2_ws/install/h6x_serial_interface:/Users/yosuke/gits/cxd5602pwbimu_ros2_driver/ros2_ws/install/h6x_packet_handler:/Users/yosuke/miniforge3/envs/ros_env CMAKE_PREFIX_PATH=/Users/yosuke/gits/cxd5602pwbimu_ros2_driver/ros2_ws/install/cxd5602pwbimu_driver_node:/Users/yosuke/gits/cxd5602pwbimu_ros2_driver/ros2_ws/install/imu_filter_madgwick:/Users/yosuke/gits/cxd5602pwbimu_ros2_driver/ros2_ws/install/h6x_serial_interface:/Users/yosuke/gits/cxd5602pwbimu_ros2_driver/ros2_ws/install/imu_tools:/Users/yosuke/gits/cxd5602pwbimu_ros2_driver/ros2_ws/install/rviz_imu_plugin:/Users/yosuke/gits/cxd5602pwbimu_ros2_driver/ros2_ws/install/imu_trajectory_filter:/Users/yosuke/gits/cxd5602pwbimu_ros2_driver/ros2_ws/install/cxd5602pwbimu_driver:/Users/yosuke/gits/cxd5602pwbimu_ros2_driver/ros2_ws/install/imu_complementary_filter:/Users/yosuke/gits/cxd5602pwbimu_ros2_driver/ros2_ws/install/h6x_serial_interface_example:/Users/yosuke/gits/cxd5602pwbimu_ros2_driver/ros2_ws/install/h6x_packet_handler:/usr/local:/opt/homebrew/opt/qt@5:/Users/yosuke/gits/cxd5602pwbimu_ros2_driver/ros2_ws/install/cxd5602pwbimu_driver_bringup:/Users/yosuke/miniforge3/envs/ros_env CONDA_PROMPT_MODIFIER=(ros_env) DYLD_LIBRARY_PATH=/Users/yosuke/gits/cxd5602pwbimu_ros2_driver/ros2_ws/install/cxd5602pwbimu_driver_node/lib:/Users/yosuke/gits/cxd5602pwbimu_ros2_driver/ros2_ws/install/imu_filter_madgwick/lib:/Users/yosuke/gits/cxd5602pwbimu_ros2_driver/ros2_ws/install/h6x_serial_interface/lib:/Users/yosuke/gits/cxd5602pwbimu_ros2_driver/ros2_ws/install/rviz_imu_plugin/lib:/Users/yosuke/gits/cxd5602pwbimu_ros2_driver/ros2_ws/install/imu_trajectory_filter/lib:/Users/yosuke/gits/cxd5602pwbimu_ros2_driver/ros2_ws/install/imu_complementary_filter/lib:/Users/yosuke/gits/cxd5602pwbimu_ros2_driver/ros2_ws/install/h6x_serial_interface_example/lib:/Users/yosuke/gits/cxd5602pwbimu_ros2_driver/ros2_ws/install/h6x_packet_handler/lib:/Users/yosuke/miniforge3/envs/ros_env/opt/rviz_ogre_vendor/lib SHLVL=2 _=/Users/yosuke/miniforge3/envs/ros_env/bin/env /Users/yosuke/miniforge3/envs/ros_env/bin/cmake --install /Users/yosuke/gits/cxd5602pwbimu_ros2_driver/ros2_ws/build/cxd5602pwbimu_driver[0m
[22.542s] [34mcolcon.colcon_core.environment[0m [1;30mLevel 1[0m create_environment_scripts_only(cxd5602pwbimu_driver)
[22.542s] [34mcolcon.colcon_core.environment[0m [1;30mLevel 1[0m checking '/Users/yosuke/gits/cxd5602pwbimu_ros2_driver/ros2_ws/install/cxd5602pwbimu_driver' for CMake module files
[22.542s] [34mcolcon.colcon_core.event_handler.log_command[0m [1;30mDEBUG[0m [32mInvoked command in '/Users/yosuke/gits/cxd5602pwbimu_ros2_driver/ros2_ws/build/cxd5602pwbimu_driver' returned '0': AMENT_PREFIX_PATH=/Users/yosuke/gits/cxd5602pwbimu_ros2_driver/ros2_ws/install/cxd5602pwbimu_driver_bringup:/Users/yosuke/gits/cxd5602pwbimu_ros2_driver/ros2_ws/install/imu_tools:/Users/yosuke/gits/cxd5602pwbimu_ros2_driver/ros2_ws/install/rviz_imu_plugin:/Users/yosuke/gits/cxd5602pwbimu_ros2_driver/ros2_ws/install/imu_trajectory_filter:/Users/yosuke/gits/cxd5602pwbimu_ros2_driver/ros2_ws/install/cxd5602pwbimu_driver:/Users/yosuke/gits/cxd5602pwbimu_ros2_driver/ros2_ws/install/imu_filter_madgwick:/Users/yosuke/gits/cxd5602pwbimu_ros2_driver/ros2_ws/install/imu_complementary_filter:/Users/yosuke/gits/cxd5602pwbimu_ros2_driver/ros2_ws/install/h6x_serial_interface_example:/Users/yosuke/gits/cxd5602pwbimu_ros2_driver/ros2_ws/install/cxd5602pwbimu_driver_node:/Users/yosuke/gits/cxd5602pwbimu_ros2_driver/ros2_ws/install/h6x_serial_interface:/Users/yosuke/gits/cxd5602pwbimu_ros2_driver/ros2_ws/install/h6x_packet_handler:/Users/yosuke/miniforge3/envs/ros_env CMAKE_PREFIX_PATH=/Users/yosuke/gits/cxd5602pwbimu_ros2_driver/ros2_ws/install/cxd5602pwbimu_driver_node:/Users/yosuke/gits/cxd5602pwbimu_ros2_driver/ros2_ws/install/imu_filter_madgwick:/Users/yosuke/gits/cxd5602pwbimu_ros2_driver/ros2_ws/install/h6x_serial_interface:/Users/yosuke/gits/cxd5602pwbimu_ros2_driver/ros2_ws/install/imu_tools:/Users/yosuke/gits/cxd5602pwbimu_ros2_driver/ros2_ws/install/rviz_imu_plugin:/Users/yosuke/gits/cxd5602pwbimu_ros2_driver/ros2_ws/install/imu_trajectory_filter:/Users/yosuke/gits/cxd5602pwbimu_ros2_driver/ros2_ws/install/cxd5602pwbimu_driver:/Users/yosuke/gits/cxd5602pwbimu_ros2_driver/ros2_ws/install/imu_complementary_filter:/Users/yosuke/gits/cxd5602pwbimu_ros2_driver/ros2_ws/install/h6x_serial_interface_example:/Users/yosuke/gits/cxd5602pwbimu_ros2_driver/ros2_ws/install/h6x_packet_handler:/usr/local:/opt/homebrew/opt/qt@5:/Users/yosuke/gits/cxd5602pwbimu_ros2_driver/ros2_ws/install/cxd5602pwbimu_driver_bringup:/Users/yosuke/miniforge3/envs/ros_env CONDA_PROMPT_MODIFIER=(ros_env) DYLD_LIBRARY_PATH=/Users/yosuke/gits/cxd5602pwbimu_ros2_driver/ros2_ws/install/cxd5602pwbimu_driver_node/lib:/Users/yosuke/gits/cxd5602pwbimu_ros2_driver/ros2_ws/install/imu_filter_madgwick/lib:/Users/yosuke/gits/cxd5602pwbimu_ros2_driver/ros2_ws/install/h6x_serial_interface/lib:/Users/yosuke/gits/cxd5602pwbimu_ros2_driver/ros2_ws/install/rviz_imu_plugin/lib:/Users/yosuke/gits/cxd5602pwbimu_ros2_driver/ros2_ws/install/imu_trajectory_filter/lib:/Users/yosuke/gits/cxd5602pwbimu_ros2_driver/ros2_ws/install/imu_complementary_filter/lib:/Users/yosuke/gits/cxd5602pwbimu_ros2_driver/ros2_ws/install/h6x_serial_interface_example/lib:/Users/yosuke/gits/cxd5602pwbimu_ros2_driver/ros2_ws/install/h6x_packet_handler/lib:/Users/yosuke/miniforge3/envs/ros_env/opt/rviz_ogre_vendor/lib SHLVL=2 _=/Users/yosuke/miniforge3/envs/ros_env/bin/env /Users/yosuke/miniforge3/envs/ros_env/bin/cmake --install /Users/yosuke/gits/cxd5602pwbimu_ros2_driver/ros2_ws/build/cxd5602pwbimu_driver[0m
[22.542s] [34mcolcon.colcon_core.environment[0m [1;30mLevel 1[0m checking '/Users/yosuke/gits/cxd5602pwbimu_ros2_driver/ros2_ws/install/cxd5602pwbimu_driver' for CMake config files
[22.542s] [34mcolcon.colcon_core.shell[0m [1;30mLevel 1[0m create_environment_hook('cxd5602pwbimu_driver', 'cmake_prefix_path')
[22.542s] [34mcolcon.colcon_core.shell[0m [1;30mINFO[0m Creating environment hook '/Users/yosuke/gits/cxd5602pwbimu_ros2_driver/ros2_ws/install/cxd5602pwbimu_driver/share/cxd5602pwbimu_driver/hook/cmake_prefix_path.ps1'
[22.543s] [34mcolcon.colcon_core.shell[0m [1;30mINFO[0m Creating environment descriptor '/Users/yosuke/gits/cxd5602pwbimu_ros2_driver/ros2_ws/install/cxd5602pwbimu_driver/share/cxd5602pwbimu_driver/hook/cmake_prefix_path.dsv'
[22.543s] [34mcolcon.colcon_core.shell[0m [1;30mINFO[0m Creating environment hook '/Users/yosuke/gits/cxd5602pwbimu_ros2_driver/ros2_ws/install/cxd5602pwbimu_driver/share/cxd5602pwbimu_driver/hook/cmake_prefix_path.sh'
[22.543s] [34mcolcon.colcon_core.environment[0m [1;30mLevel 1[0m checking '/Users/yosuke/gits/cxd5602pwbimu_ros2_driver/ros2_ws/install/cxd5602pwbimu_driver/lib'
[22.543s] [34mcolcon.colcon_core.environment[0m [1;30mLevel 1[0m checking '/Users/yosuke/gits/cxd5602pwbimu_ros2_driver/ros2_ws/install/cxd5602pwbimu_driver/bin'
[22.543s] [34mcolcon.colcon_core.environment[0m [1;30mLevel 1[0m checking '/Users/yosuke/gits/cxd5602pwbimu_ros2_driver/ros2_ws/install/cxd5602pwbimu_driver/lib/pkgconfig/cxd5602pwbimu_driver.pc'
[22.543s] [34mcolcon.colcon_core.environment[0m [1;30mLevel 1[0m checking '/Users/yosuke/gits/cxd5602pwbimu_ros2_driver/ros2_ws/install/cxd5602pwbimu_driver/lib/python3.11/site-packages'
[22.543s] [34mcolcon.colcon_core.environment[0m [1;30mLevel 1[0m checking '/Users/yosuke/gits/cxd5602pwbimu_ros2_driver/ros2_ws/install/cxd5602pwbimu_driver/bin'
[22.543s] [34mcolcon.colcon_core.shell[0m [1;30mINFO[0m Creating package script '/Users/yosuke/gits/cxd5602pwbimu_ros2_driver/ros2_ws/install/cxd5602pwbimu_driver/share/cxd5602pwbimu_driver/package.ps1'
[22.544s] [34mcolcon.colcon_core.shell[0m [1;30mINFO[0m Creating package descriptor '/Users/yosuke/gits/cxd5602pwbimu_ros2_driver/ros2_ws/install/cxd5602pwbimu_driver/share/cxd5602pwbimu_driver/package.dsv'
[22.544s] [34mcolcon.colcon_core.shell[0m [1;30mINFO[0m Creating package script '/Users/yosuke/gits/cxd5602pwbimu_ros2_driver/ros2_ws/install/cxd5602pwbimu_driver/share/cxd5602pwbimu_driver/package.sh'
[22.544s] [34mcolcon.colcon_core.shell[0m [1;30mINFO[0m Creating package script '/Users/yosuke/gits/cxd5602pwbimu_ros2_driver/ros2_ws/install/cxd5602pwbimu_driver/share/cxd5602pwbimu_driver/package.bash'
[22.544s] [34mcolcon.colcon_core.shell[0m [1;30mINFO[0m Creating package script '/Users/yosuke/gits/cxd5602pwbimu_ros2_driver/ros2_ws/install/cxd5602pwbimu_driver/share/cxd5602pwbimu_driver/package.zsh'
[22.544s] [34mcolcon.colcon_core.environment[0m [1;30mLevel 1[0m create_file_with_runtime_dependencies(/Users/yosuke/gits/cxd5602pwbimu_ros2_driver/ros2_ws/install/cxd5602pwbimu_driver/share/colcon-core/packages/cxd5602pwbimu_driver)
[22.693s] [34mcolcon.colcon_core.environment[0m [1;30mLevel 1[0m create_environment_scripts_only(cxd5602pwbimu_driver)
[22.693s] [34mcolcon.colcon_core.environment[0m [1;30mLevel 1[0m checking '/Users/yosuke/gits/cxd5602pwbimu_ros2_driver/ros2_ws/install/cxd5602pwbimu_driver' for CMake module files
[22.693s] [34mcolcon.colcon_core.environment[0m [1;30mLevel 1[0m checking '/Users/yosuke/gits/cxd5602pwbimu_ros2_driver/ros2_ws/install/cxd5602pwbimu_driver' for CMake config files
[22.693s] [34mcolcon.colcon_core.shell[0m [1;30mLevel 1[0m create_environment_hook('cxd5602pwbimu_driver', 'cmake_prefix_path')
[22.693s] [34mcolcon.colcon_core.shell[0m [1;30mINFO[0m Creating environment hook '/Users/yosuke/gits/cxd5602pwbimu_ros2_driver/ros2_ws/install/cxd5602pwbimu_driver/share/cxd5602pwbimu_driver/hook/cmake_prefix_path.ps1'
[22.694s] [34mcolcon.colcon_core.shell[0m [1;30mINFO[0m Creating environment descriptor '/Users/yosuke/gits/cxd5602pwbimu_ros2_driver/ros2_ws/install/cxd5602pwbimu_driver/share/cxd5602pwbimu_driver/hook/cmake_prefix_path.dsv'
[22.694s] [34mcolcon.colcon_core.shell[0m [1;30mINFO[0m Creating environment hook '/Users/yosuke/gits/cxd5602pwbimu_ros2_driver/ros2_ws/install/cxd5602pwbimu_driver/share/cxd5602pwbimu_driver/hook/cmake_prefix_path.sh'
[22.694s] [34mcolcon.colcon_core.environment[0m [1;30mLevel 1[0m checking '/Users/yosuke/gits/cxd5602pwbimu_ros2_driver/ros2_ws/install/cxd5602pwbimu_driver/lib'
[22.694s] [34mcolcon.colcon_core.environment[0m [1;30mLevel 1[0m checking '/Users/yosuke/gits/cxd5602pwbimu_ros2_driver/ros2_ws/install/cxd5602pwbimu_driver/bin'
[22.694s] [34mcolcon.colcon_core.environment[0m [1;30mLevel 1[0m checking '/Users/yosuke/gits/cxd5602pwbimu_ros2_driver/ros2_ws/install/cxd5602pwbimu_driver/lib/pkgconfig/cxd5602pwbimu_driver.pc'
[22.694s] [34mcolcon.colcon_core.environment[0m [1;30mLevel 1[0m checking '/Users/yosuke/gits/cxd5602pwbimu_ros2_driver/ros2_ws/install/cxd5602pwbimu_driver/lib/python3.11/site-packages'
[22.694s] [34mcolcon.colcon_core.environment[0m [1;30mLevel 1[0m checking '/Users/yosuke/gits/cxd5602pwbimu_ros2_driver/ros2_ws/install/cxd5602pwbimu_driver/bin'
[22.695s] [34mcolcon.colcon_core.shell[0m [1;30mINFO[0m Creating package script '/Users/yosuke/gits/cxd5602pwbimu_ros2_driver/ros2_ws/install/cxd5602pwbimu_driver/share/cxd5602pwbimu_driver/package.ps1'
[22.695s] [34mcolcon.colcon_core.shell[0m [1;30mINFO[0m Creating package descriptor '/Users/yosuke/gits/cxd5602pwbimu_ros2_driver/ros2_ws/install/cxd5602pwbimu_driver/share/cxd5602pwbimu_driver/package.dsv'
[22.695s] [34mcolcon.colcon_core.shell[0m [1;30mINFO[0m Creating package script '/Users/yosuke/gits/cxd5602pwbimu_ros2_driver/ros2_ws/install/cxd5602pwbimu_driver/share/cxd5602pwbimu_driver/package.sh'
[22.695s] [34mcolcon.colcon_core.shell[0m [1;30mINFO[0m Creating package script '/Users/yosuke/gits/cxd5602pwbimu_ros2_driver/ros2_ws/install/cxd5602pwbimu_driver/share/cxd5602pwbimu_driver/package.bash'
[22.695s] [34mcolcon.colcon_core.shell[0m [1;30mINFO[0m Creating package script '/Users/yosuke/gits/cxd5602pwbimu_ros2_driver/ros2_ws/install/cxd5602pwbimu_driver/share/cxd5602pwbimu_driver/package.zsh'
[22.695s] [34mcolcon.colcon_core.environment[0m [1;30mLevel 1[0m create_file_with_runtime_dependencies(/Users/yosuke/gits/cxd5602pwbimu_ros2_driver/ros2_ws/install/cxd5602pwbimu_driver/share/colcon-core/packages/cxd5602pwbimu_driver)
[22.702s] [34mcolcon.colcon_core.event_handler.log_command[0m [1;30mDEBUG[0m [32mInvoking command in '/Users/yosuke/gits/cxd5602pwbimu_ros2_driver/ros2_ws/build/h6x_serial_interface_example': CMAKE_PREFIX_PATH=/Users/yosuke/gits/cxd5602pwbimu_ros2_driver/ros2_ws/install/h6x_serial_interface:/Users/yosuke/gits/cxd5602pwbimu_ros2_driver/ros2_ws/install/imu_tools:/Users/yosuke/gits/cxd5602pwbimu_ros2_driver/ros2_ws/install/rviz_imu_plugin:/Users/yosuke/gits/cxd5602pwbimu_ros2_driver/ros2_ws/install/imu_trajectory_filter:/Users/yosuke/gits/cxd5602pwbimu_ros2_driver/ros2_ws/install/cxd5602pwbimu_driver:/Users/yosuke/gits/cxd5602pwbimu_ros2_driver/ros2_ws/install/imu_filter_madgwick:/Users/yosuke/gits/cxd5602pwbimu_ros2_driver/ros2_ws/install/imu_complementary_filter:/Users/yosuke/gits/cxd5602pwbimu_ros2_driver/ros2_ws/install/h6x_serial_interface_example:/Users/yosuke/gits/cxd5602pwbimu_ros2_driver/ros2_ws/install/cxd5602pwbimu_driver_node:/Users/yosuke/gits/cxd5602pwbimu_ros2_driver/ros2_ws/install/h6x_packet_handler:/usr/local:/opt/homebrew/opt/qt@5:/Users/yosuke/gits/cxd5602pwbimu_ros2_driver/ros2_ws/install/cxd5602pwbimu_driver_bringup:/Users/yosuke/miniforge3/envs/ros_env CONDA_PROMPT_MODIFIER=(ros_env) DYLD_LIBRARY_PATH=/Users/yosuke/gits/cxd5602pwbimu_ros2_driver/ros2_ws/install/h6x_serial_interface/lib:/Users/yosuke/gits/cxd5602pwbimu_ros2_driver/ros2_ws/install/rviz_imu_plugin/lib:/Users/yosuke/gits/cxd5602pwbimu_ros2_driver/ros2_ws/install/imu_trajectory_filter/lib:/Users/yosuke/gits/cxd5602pwbimu_ros2_driver/ros2_ws/install/imu_filter_madgwick/lib:/Users/yosuke/gits/cxd5602pwbimu_ros2_driver/ros2_ws/install/imu_complementary_filter/lib:/Users/yosuke/gits/cxd5602pwbimu_ros2_driver/ros2_ws/install/h6x_serial_interface_example/lib:/Users/yosuke/gits/cxd5602pwbimu_ros2_driver/ros2_ws/install/cxd5602pwbimu_driver_node/lib:/Users/yosuke/gits/cxd5602pwbimu_ros2_driver/ros2_ws/install/h6x_packet_handler/lib:/Users/yosuke/miniforge3/envs/ros_env/opt/rviz_ogre_vendor/lib SHLVL=2 _=/Users/yosuke/miniforge3/envs/ros_env/bin/env /Users/yosuke/miniforge3/envs/ros_env/bin/cmake --install /Users/yosuke/gits/cxd5602pwbimu_ros2_driver/ros2_ws/build/h6x_serial_interface_example[0m
[22.848s] [34mcolcon.colcon_core.environment[0m [1;30mLevel 1[0m create_environment_scripts_only(h6x_serial_interface_example)
[22.848s] [34mcolcon.colcon_core.environment[0m [1;30mLevel 1[0m checking '/Users/yosuke/gits/cxd5602pwbimu_ros2_driver/ros2_ws/install/h6x_serial_interface_example' for CMake module files
[22.848s] [34mcolcon.colcon_core.event_handler.log_command[0m [1;30mDEBUG[0m [32mInvoked command in '/Users/yosuke/gits/cxd5602pwbimu_ros2_driver/ros2_ws/build/h6x_serial_interface_example' returned '0': CMAKE_PREFIX_PATH=/Users/yosuke/gits/cxd5602pwbimu_ros2_driver/ros2_ws/install/h6x_serial_interface:/Users/yosuke/gits/cxd5602pwbimu_ros2_driver/ros2_ws/install/imu_tools:/Users/yosuke/gits/cxd5602pwbimu_ros2_driver/ros2_ws/install/rviz_imu_plugin:/Users/yosuke/gits/cxd5602pwbimu_ros2_driver/ros2_ws/install/imu_trajectory_filter:/Users/yosuke/gits/cxd5602pwbimu_ros2_driver/ros2_ws/install/cxd5602pwbimu_driver:/Users/yosuke/gits/cxd5602pwbimu_ros2_driver/ros2_ws/install/imu_filter_madgwick:/Users/yosuke/gits/cxd5602pwbimu_ros2_driver/ros2_ws/install/imu_complementary_filter:/Users/yosuke/gits/cxd5602pwbimu_ros2_driver/ros2_ws/install/h6x_serial_interface_example:/Users/yosuke/gits/cxd5602pwbimu_ros2_driver/ros2_ws/install/cxd5602pwbimu_driver_node:/Users/yosuke/gits/cxd5602pwbimu_ros2_driver/ros2_ws/install/h6x_packet_handler:/usr/local:/opt/homebrew/opt/qt@5:/Users/yosuke/gits/cxd5602pwbimu_ros2_driver/ros2_ws/install/cxd5602pwbimu_driver_bringup:/Users/yosuke/miniforge3/envs/ros_env CONDA_PROMPT_MODIFIER=(ros_env) DYLD_LIBRARY_PATH=/Users/yosuke/gits/cxd5602pwbimu_ros2_driver/ros2_ws/install/h6x_serial_interface/lib:/Users/yosuke/gits/cxd5602pwbimu_ros2_driver/ros2_ws/install/rviz_imu_plugin/lib:/Users/yosuke/gits/cxd5602pwbimu_ros2_driver/ros2_ws/install/imu_trajectory_filter/lib:/Users/yosuke/gits/cxd5602pwbimu_ros2_driver/ros2_ws/install/imu_filter_madgwick/lib:/Users/yosuke/gits/cxd5602pwbimu_ros2_driver/ros2_ws/install/imu_complementary_filter/lib:/Users/yosuke/gits/cxd5602pwbimu_ros2_driver/ros2_ws/install/h6x_serial_interface_example/lib:/Users/yosuke/gits/cxd5602pwbimu_ros2_driver/ros2_ws/install/cxd5602pwbimu_driver_node/lib:/Users/yosuke/gits/cxd5602pwbimu_ros2_driver/ros2_ws/install/h6x_packet_handler/lib:/Users/yosuke/miniforge3/envs/ros_env/opt/rviz_ogre_vendor/lib SHLVL=2 _=/Users/yosuke/miniforge3/envs/ros_env/bin/env /Users/yosuke/miniforge3/envs/ros_env/bin/cmake --install /Users/yosuke/gits/cxd5602pwbimu_ros2_driver/ros2_ws/build/h6x_serial_interface_example[0m
[22.849s] [34mcolcon.colcon_core.environment[0m [1;30mLevel 1[0m checking '/Users/yosuke/gits/cxd5602pwbimu_ros2_driver/ros2_ws/install/h6x_serial_interface_example' for CMake config files
[22.849s] [34mcolcon.colcon_core.shell[0m [1;30mLevel 1[0m create_environment_hook('h6x_serial_interface_example', 'cmake_prefix_path')
[22.849s] [34mcolcon.colcon_core.shell[0m [1;30mINFO[0m Creating environment hook '/Users/yosuke/gits/cxd5602pwbimu_ros2_driver/ros2_ws/install/h6x_serial_interface_example/share/h6x_serial_interface_example/hook/cmake_prefix_path.ps1'
[22.849s] [34mcolcon.colcon_core.shell[0m [1;30mINFO[0m Creating environment descriptor '/Users/yosuke/gits/cxd5602pwbimu_ros2_driver/ros2_ws/install/h6x_serial_interface_example/share/h6x_serial_interface_example/hook/cmake_prefix_path.dsv'
[22.849s] [34mcolcon.colcon_core.shell[0m [1;30mINFO[0m Creating environment hook '/Users/yosuke/gits/cxd5602pwbimu_ros2_driver/ros2_ws/install/h6x_serial_interface_example/share/h6x_serial_interface_example/hook/cmake_prefix_path.sh'
[22.849s] [34mcolcon.colcon_core.environment[0m [1;30mLevel 1[0m checking '/Users/yosuke/gits/cxd5602pwbimu_ros2_driver/ros2_ws/install/h6x_serial_interface_example/lib'
[22.849s] [34mcolcon.colcon_core.shell[0m [1;30mLevel 1[0m create_environment_hook('h6x_serial_interface_example', 'dyld_library_path')
[22.849s] [34mcolcon.colcon_core.shell[0m [1;30mINFO[0m Creating environment hook '/Users/yosuke/gits/cxd5602pwbimu_ros2_driver/ros2_ws/install/h6x_serial_interface_example/share/h6x_serial_interface_example/hook/dyld_library_path.ps1'
[22.850s] [34mcolcon.colcon_core.shell[0m [1;30mINFO[0m Creating environment descriptor '/Users/yosuke/gits/cxd5602pwbimu_ros2_driver/ros2_ws/install/h6x_serial_interface_example/share/h6x_serial_interface_example/hook/dyld_library_path.dsv'
[22.850s] [34mcolcon.colcon_core.shell[0m [1;30mINFO[0m Creating environment hook '/Users/yosuke/gits/cxd5602pwbimu_ros2_driver/ros2_ws/install/h6x_serial_interface_example/share/h6x_serial_interface_example/hook/dyld_library_path.sh'
[22.850s] [34mcolcon.colcon_core.environment[0m [1;30mLevel 1[0m checking '/Users/yosuke/gits/cxd5602pwbimu_ros2_driver/ros2_ws/install/h6x_serial_interface_example/bin'
[22.850s] [34mcolcon.colcon_core.environment[0m [1;30mLevel 1[0m checking '/Users/yosuke/gits/cxd5602pwbimu_ros2_driver/ros2_ws/install/h6x_serial_interface_example/lib/pkgconfig/h6x_serial_interface_example.pc'
[22.850s] [34mcolcon.colcon_core.environment[0m [1;30mLevel 1[0m checking '/Users/yosuke/gits/cxd5602pwbimu_ros2_driver/ros2_ws/install/h6x_serial_interface_example/lib/python3.11/site-packages'
[22.850s] [34mcolcon.colcon_core.environment[0m [1;30mLevel 1[0m checking '/Users/yosuke/gits/cxd5602pwbimu_ros2_driver/ros2_ws/install/h6x_serial_interface_example/bin'
[22.850s] [34mcolcon.colcon_core.shell[0m [1;30mINFO[0m Creating package script '/Users/yosuke/gits/cxd5602pwbimu_ros2_driver/ros2_ws/install/h6x_serial_interface_example/share/h6x_serial_interface_example/package.ps1'
[22.850s] [34mcolcon.colcon_core.shell[0m [1;30mINFO[0m Creating package descriptor '/Users/yosuke/gits/cxd5602pwbimu_ros2_driver/ros2_ws/install/h6x_serial_interface_example/share/h6x_serial_interface_example/package.dsv'
[22.851s] [34mcolcon.colcon_core.shell[0m [1;30mINFO[0m Creating package script '/Users/yosuke/gits/cxd5602pwbimu_ros2_driver/ros2_ws/install/h6x_serial_interface_example/share/h6x_serial_interface_example/package.sh'
[22.851s] [34mcolcon.colcon_core.shell[0m [1;30mINFO[0m Creating package script '/Users/yosuke/gits/cxd5602pwbimu_ros2_driver/ros2_ws/install/h6x_serial_interface_example/share/h6x_serial_interface_example/package.bash'
[22.851s] [34mcolcon.colcon_core.shell[0m [1;30mINFO[0m Creating package script '/Users/yosuke/gits/cxd5602pwbimu_ros2_driver/ros2_ws/install/h6x_serial_interface_example/share/h6x_serial_interface_example/package.zsh'
[22.851s] [34mcolcon.colcon_core.environment[0m [1;30mLevel 1[0m create_file_with_runtime_dependencies(/Users/yosuke/gits/cxd5602pwbimu_ros2_driver/ros2_ws/install/h6x_serial_interface_example/share/colcon-core/packages/h6x_serial_interface_example)
[23.114s] [34mcolcon.colcon_core.environment[0m [1;30mLevel 1[0m create_environment_scripts_only(h6x_serial_interface_example)
[23.114s] [34mcolcon.colcon_core.environment[0m [1;30mLevel 1[0m checking '/Users/yosuke/gits/cxd5602pwbimu_ros2_driver/ros2_ws/install/h6x_serial_interface_example' for CMake module files
[23.115s] [34mcolcon.colcon_core.environment[0m [1;30mLevel 1[0m checking '/Users/yosuke/gits/cxd5602pwbimu_ros2_driver/ros2_ws/install/h6x_serial_interface_example' for CMake config files
[23.115s] [34mcolcon.colcon_core.shell[0m [1;30mLevel 1[0m create_environment_hook('h6x_serial_interface_example', 'cmake_prefix_path')
[23.115s] [34mcolcon.colcon_core.shell[0m [1;30mINFO[0m Creating environment hook '/Users/yosuke/gits/cxd5602pwbimu_ros2_driver/ros2_ws/install/h6x_serial_interface_example/share/h6x_serial_interface_example/hook/cmake_prefix_path.ps1'
[23.115s] [34mcolcon.colcon_core.shell[0m [1;30mINFO[0m Creating environment descriptor '/Users/yosuke/gits/cxd5602pwbimu_ros2_driver/ros2_ws/install/h6x_serial_interface_example/share/h6x_serial_interface_example/hook/cmake_prefix_path.dsv'
[23.115s] [34mcolcon.colcon_core.shell[0m [1;30mINFO[0m Creating environment hook '/Users/yosuke/gits/cxd5602pwbimu_ros2_driver/ros2_ws/install/h6x_serial_interface_example/share/h6x_serial_interface_example/hook/cmake_prefix_path.sh'
[23.116s] [34mcolcon.colcon_core.environment[0m [1;30mLevel 1[0m checking '/Users/yosuke/gits/cxd5602pwbimu_ros2_driver/ros2_ws/install/h6x_serial_interface_example/lib'
[23.116s] [34mcolcon.colcon_core.shell[0m [1;30mLevel 1[0m create_environment_hook('h6x_serial_interface_example', 'dyld_library_path')
[23.116s] [34mcolcon.colcon_core.shell[0m [1;30mINFO[0m Creating environment hook '/Users/yosuke/gits/cxd5602pwbimu_ros2_driver/ros2_ws/install/h6x_serial_interface_example/share/h6x_serial_interface_example/hook/dyld_library_path.ps1'
[23.116s] [34mcolcon.colcon_core.shell[0m [1;30mINFO[0m Creating environment descriptor '/Users/yosuke/gits/cxd5602pwbimu_ros2_driver/ros2_ws/install/h6x_serial_interface_example/share/h6x_serial_interface_example/hook/dyld_library_path.dsv'
[23.116s] [34mcolcon.colcon_core.shell[0m [1;30mINFO[0m Creating environment hook '/Users/yosuke/gits/cxd5602pwbimu_ros2_driver/ros2_ws/install/h6x_serial_interface_example/share/h6x_serial_interface_example/hook/dyld_library_path.sh'
[23.116s] [34mcolcon.colcon_core.environment[0m [1;30mLevel 1[0m checking '/Users/yosuke/gits/cxd5602pwbimu_ros2_driver/ros2_ws/install/h6x_serial_interface_example/bin'
[23.116s] [34mcolcon.colcon_core.environment[0m [1;30mLevel 1[0m checking '/Users/yosuke/gits/cxd5602pwbimu_ros2_driver/ros2_ws/install/h6x_serial_interface_example/lib/pkgconfig/h6x_serial_interface_example.pc'
[23.116s] [34mcolcon.colcon_core.environment[0m [1;30mLevel 1[0m checking '/Users/yosuke/gits/cxd5602pwbimu_ros2_driver/ros2_ws/install/h6x_serial_interface_example/lib/python3.11/site-packages'
[23.116s] [34mcolcon.colcon_core.environment[0m [1;30mLevel 1[0m checking '/Users/yosuke/gits/cxd5602pwbimu_ros2_driver/ros2_ws/install/h6x_serial_interface_example/bin'
[23.116s] [34mcolcon.colcon_core.shell[0m [1;30mINFO[0m Creating package script '/Users/yosuke/gits/cxd5602pwbimu_ros2_driver/ros2_ws/install/h6x_serial_interface_example/share/h6x_serial_interface_example/package.ps1'
[23.117s] [34mcolcon.colcon_core.shell[0m [1;30mINFO[0m Creating package descriptor '/Users/yosuke/gits/cxd5602pwbimu_ros2_driver/ros2_ws/install/h6x_serial_interface_example/share/h6x_serial_interface_example/package.dsv'
[23.117s] [34mcolcon.colcon_core.shell[0m [1;30mINFO[0m Creating package script '/Users/yosuke/gits/cxd5602pwbimu_ros2_driver/ros2_ws/install/h6x_serial_interface_example/share/h6x_serial_interface_example/package.sh'
[23.117s] [34mcolcon.colcon_core.shell[0m [1;30mINFO[0m Creating package script '/Users/yosuke/gits/cxd5602pwbimu_ros2_driver/ros2_ws/install/h6x_serial_interface_example/share/h6x_serial_interface_example/package.bash'
[23.117s] [34mcolcon.colcon_core.shell[0m [1;30mINFO[0m Creating package script '/Users/yosuke/gits/cxd5602pwbimu_ros2_driver/ros2_ws/install/h6x_serial_interface_example/share/h6x_serial_interface_example/package.zsh'
[23.117s] [34mcolcon.colcon_core.environment[0m [1;30mLevel 1[0m create_file_with_runtime_dependencies(/Users/yosuke/gits/cxd5602pwbimu_ros2_driver/ros2_ws/install/h6x_serial_interface_example/share/colcon-core/packages/h6x_serial_interface_example)
[23.117s] [34mcolcon.colcon_parallel_executor.executor.parallel[0m [1;30mDEBUG[0m [32mclosing loop[0m
[23.118s] [34mcolcon.colcon_parallel_executor.executor.parallel[0m [1;30mDEBUG[0m [32mloop closed[0m
[23.118s] [34mcolcon.colcon_parallel_executor.executor.parallel[0m [1;30mDEBUG[0m [32mrun_until_complete finished with '0'[0m
[23.118s] [34mcolcon.colcon_core.event_reactor[0m [1;30mDEBUG[0m [32mjoining thread[0m
[23.118s] [34mcolcon.colcon_core.event_reactor[0m [1;30mDEBUG[0m [32mjoined thread[0m
[23.118s] [34mcolcon.colcon_core.shell[0m [1;30mINFO[0m Creating prefix script '/Users/yosuke/gits/cxd5602pwbimu_ros2_driver/ros2_ws/install/local_setup.ps1'
[23.119s] [34mcolcon.colcon_core.shell[0m [1;30mINFO[0m Creating prefix util module '/Users/yosuke/gits/cxd5602pwbimu_ros2_driver/ros2_ws/install/_local_setup_util_ps1.py'
[23.119s] [34mcolcon.colcon_core.shell[0m [1;30mINFO[0m Creating prefix chain script '/Users/yosuke/gits/cxd5602pwbimu_ros2_driver/ros2_ws/install/setup.ps1'
[23.120s] [34mcolcon.colcon_core.shell[0m [1;30mINFO[0m Creating prefix script '/Users/yosuke/gits/cxd5602pwbimu_ros2_driver/ros2_ws/install/local_setup.sh'
[23.121s] [34mcolcon.colcon_core.shell[0m [1;30mINFO[0m Creating prefix util module '/Users/yosuke/gits/cxd5602pwbimu_ros2_driver/ros2_ws/install/_local_setup_util_sh.py'
[23.121s] [34mcolcon.colcon_core.shell[0m [1;30mINFO[0m Creating prefix chain script '/Users/yosuke/gits/cxd5602pwbimu_ros2_driver/ros2_ws/install/setup.sh'
[23.121s] [34mcolcon.colcon_core.shell[0m [1;30mINFO[0m Creating prefix script '/Users/yosuke/gits/cxd5602pwbimu_ros2_driver/ros2_ws/install/local_setup.bash'
[23.122s] [34mcolcon.colcon_core.shell[0m [1;30mINFO[0m Creating prefix chain script '/Users/yosuke/gits/cxd5602pwbimu_ros2_driver/ros2_ws/install/setup.bash'
[23.122s] [34mcolcon.colcon_core.shell[0m [1;30mINFO[0m Creating prefix script '/Users/yosuke/gits/cxd5602pwbimu_ros2_driver/ros2_ws/install/local_setup.zsh'
[23.123s] [34mcolcon.colcon_core.shell[0m [1;30mINFO[0m Creating prefix chain script '/Users/yosuke/gits/cxd5602pwbimu_ros2_driver/ros2_ws/install/setup.zsh'
