[0.086s] [34mcolcon[0m [1;30mDEBUG[0m [32mCommand line arguments: ['/Users/yosuke/miniforge3/envs/ros_env/bin/colcon', 'build'][0m
[0.087s] [34mcolcon[0m [1;30mDEBUG[0m [32mParsed command line arguments: Namespace(log_base=None, log_level=None, verb_name='build', build_base='build', install_base='install', merge_install=False, symlink_install=False, test_result_base=None, continue_on_error=False, executor='parallel', parallel_workers=10, event_handlers=None, ignore_user_meta=False, metas=['./colcon.meta'], base_paths=['.'], packages_ignore=None, packages_ignore_regex=None, paths=None, packages_up_to=None, packages_up_to_regex=None, packages_above=None, packages_above_and_dependencies=None, packages_above_depth=None, packages_select_by_dep=None, packages_skip_by_dep=None, packages_skip_up_to=None, packages_select_build_failed=False, packages_skip_build_finished=False, packages_select_test_failures=False, packages_skip_test_passed=False, packages_select=None, packages_skip=None, packages_select_regex=None, packages_skip_regex=None, packages_start=None, packages_end=None, cmake_args=None, cmake_target=None, cmake_target_skip_unavailable=False, cmake_clean_cache=False, cmake_clean_first=False, cmake_force_configure=False, ament_cmake_args=None, catkin_cmake_args=None, catkin_skip_building_tests=False, verb_parser=<colcon_defaults.argument_parser.defaults.DefaultArgumentsDecorator object at 0x10417b510>, verb_extension=<colcon_core.verb.build.BuildVerb object at 0x10417ae50>, main=<bound method BuildVerb.main of <colcon_core.verb.build.BuildVerb object at 0x10417ae50>>)[0m
[0.102s] [34mcolcon.colcon_core.package_discovery[0m [1;30mLevel 1[0m discover_packages(colcon_meta) check parameters
[0.102s] [34mcolcon.colcon_core.package_discovery[0m [1;30mLevel 1[0m discover_packages(recursive) check parameters
[0.102s] [34mcolcon.colcon_core.package_discovery[0m [1;30mLevel 1[0m discover_packages(ignore) check parameters
[0.102s] [34mcolcon.colcon_core.package_discovery[0m [1;30mLevel 1[0m discover_packages(path) check parameters
[0.102s] [34mcolcon.colcon_core.package_discovery[0m [1;30mLevel 1[0m discover_packages(colcon_meta) discover
[0.102s] [34mcolcon.colcon_core.package_discovery[0m [1;30mLevel 1[0m discover_packages(recursive) discover
[0.103s] [34mcolcon.colcon_core.package_discovery[0m [1;30mINFO[0m Crawling recursively for packages in '/Users/yosuke/gits/cxd5602pwbimu_ros2_driver/ros2_ws'
[0.103s] [34mcolcon.colcon_core.package_identification[0m [1;30mLevel 1[0m _identify(.) by extensions ['ignore', 'ignore_ament_install']
[0.103s] [34mcolcon.colcon_core.package_identification[0m [1;30mLevel 1[0m _identify(.) by extension 'ignore'
[0.103s] [34mcolcon.colcon_core.package_identification[0m [1;30mLevel 1[0m _identify(.) by extension 'ignore_ament_install'
[0.103s] [34mcolcon.colcon_core.package_identification[0m [1;30mLevel 1[0m _identify(.) by extensions ['colcon_pkg']
[0.103s] [34mcolcon.colcon_core.package_identification[0m [1;30mLevel 1[0m _identify(.) by extension 'colcon_pkg'
[0.103s] [34mcolcon.colcon_core.package_identification[0m [1;30mLevel 1[0m _identify(.) by extensions ['colcon_meta']
[0.103s] [34mcolcon.colcon_core.package_identification[0m [1;30mLevel 1[0m _identify(.) by extension 'colcon_meta'
[0.103s] [34mcolcon.colcon_core.package_identification[0m [1;30mLevel 1[0m _identify(.) by extensions ['ros']
[0.103s] [34mcolcon.colcon_core.package_identification[0m [1;30mLevel 1[0m _identify(.) by extension 'ros'
[0.113s] [34mcolcon.colcon_core.package_identification[0m [1;30mLevel 1[0m _identify(.) by extensions ['cmake', 'python']
[0.113s] [34mcolcon.colcon_core.package_identification[0m [1;30mLevel 1[0m _identify(.) by extension 'cmake'
[0.113s] [34mcolcon.colcon_core.package_identification[0m [1;30mLevel 1[0m _identify(.) by extension 'python'
[0.113s] [34mcolcon.colcon_core.package_identification[0m [1;30mLevel 1[0m _identify(.) by extensions ['python_setup_py']
[0.113s] [34mcolcon.colcon_core.package_identification[0m [1;30mLevel 1[0m _identify(.) by extension 'python_setup_py'
[0.113s] [34mcolcon.colcon_core.package_identification[0m [1;30mLevel 1[0m _identify(build) by extensions ['ignore', 'ignore_ament_install']
[0.113s] [34mcolcon.colcon_core.package_identification[0m [1;30mLevel 1[0m _identify(build) by extension 'ignore'
[0.113s] [34mcolcon.colcon_core.package_identification[0m [1;30mLevel 1[0m _identify(build) ignored
[0.113s] [34mcolcon.colcon_core.package_identification[0m [1;30mLevel 1[0m _identify(install) by extensions ['ignore', 'ignore_ament_install']
[0.113s] [34mcolcon.colcon_core.package_identification[0m [1;30mLevel 1[0m _identify(install) by extension 'ignore'
[0.113s] [34mcolcon.colcon_core.package_identification[0m [1;30mLevel 1[0m _identify(install) ignored
[0.113s] [34mcolcon.colcon_core.package_identification[0m [1;30mLevel 1[0m _identify(log) by extensions ['ignore', 'ignore_ament_install']
[0.113s] [34mcolcon.colcon_core.package_identification[0m [1;30mLevel 1[0m _identify(log) by extension 'ignore'
[0.113s] [34mcolcon.colcon_core.package_identification[0m [1;30mLevel 1[0m _identify(log) ignored
[0.113s] [34mcolcon.colcon_core.package_identification[0m [1;30mLevel 1[0m _identify(src) by extensions ['ignore', 'ignore_ament_install']
[0.113s] [34mcolcon.colcon_core.package_identification[0m [1;30mLevel 1[0m _identify(src) by extension 'ignore'
[0.113s] [34mcolcon.colcon_core.package_identification[0m [1;30mLevel 1[0m _identify(src) by extension 'ignore_ament_install'
[0.113s] [34mcolcon.colcon_core.package_identification[0m [1;30mLevel 1[0m _identify(src) by extensions ['colcon_pkg']
[0.113s] [34mcolcon.colcon_core.package_identification[0m [1;30mLevel 1[0m _identify(src) by extension 'colcon_pkg'
[0.113s] [34mcolcon.colcon_core.package_identification[0m [1;30mLevel 1[0m _identify(src) by extensions ['colcon_meta']
[0.113s] [34mcolcon.colcon_core.package_identification[0m [1;30mLevel 1[0m _identify(src) by extension 'colcon_meta'
[0.113s] [34mcolcon.colcon_core.package_identification[0m [1;30mLevel 1[0m _identify(src) by extensions ['ros']
[0.113s] [34mcolcon.colcon_core.package_identification[0m [1;30mLevel 1[0m _identify(src) by extension 'ros'
[0.113s] [34mcolcon.colcon_core.package_identification[0m [1;30mLevel 1[0m _identify(src) by extensions ['cmake', 'python']
[0.113s] [34mcolcon.colcon_core.package_identification[0m [1;30mLevel 1[0m _identify(src) by extension 'cmake'
[0.113s] [34mcolcon.colcon_core.package_identification[0m [1;30mLevel 1[0m _identify(src) by extension 'python'
[0.113s] [34mcolcon.colcon_core.package_identification[0m [1;30mLevel 1[0m _identify(src) by extensions ['python_setup_py']
[0.113s] [34mcolcon.colcon_core.package_identification[0m [1;30mLevel 1[0m _identify(src) by extension 'python_setup_py'
[0.113s] [34mcolcon.colcon_core.package_identification[0m [1;30mLevel 1[0m _identify(src/cxd5602pwbimu_driver) by extensions ['ignore', 'ignore_ament_install']
[0.113s] [34mcolcon.colcon_core.package_identification[0m [1;30mLevel 1[0m _identify(src/cxd5602pwbimu_driver) by extension 'ignore'
[0.113s] [34mcolcon.colcon_core.package_identification[0m [1;30mLevel 1[0m _identify(src/cxd5602pwbimu_driver) by extension 'ignore_ament_install'
[0.113s] [34mcolcon.colcon_core.package_identification[0m [1;30mLevel 1[0m _identify(src/cxd5602pwbimu_driver) by extensions ['colcon_pkg']
[0.113s] [34mcolcon.colcon_core.package_identification[0m [1;30mLevel 1[0m _identify(src/cxd5602pwbimu_driver) by extension 'colcon_pkg'
[0.113s] [34mcolcon.colcon_core.package_identification[0m [1;30mLevel 1[0m _identify(src/cxd5602pwbimu_driver) by extensions ['colcon_meta']
[0.113s] [34mcolcon.colcon_core.package_identification[0m [1;30mLevel 1[0m _identify(src/cxd5602pwbimu_driver) by extension 'colcon_meta'
[0.113s] [34mcolcon.colcon_core.package_identification[0m [1;30mLevel 1[0m _identify(src/cxd5602pwbimu_driver) by extensions ['ros']
[0.113s] [34mcolcon.colcon_core.package_identification[0m [1;30mLevel 1[0m _identify(src/cxd5602pwbimu_driver) by extension 'ros'
[0.115s] [34mcolcon.colcon_core.package_identification[0m [1;30mDEBUG[0m [32mPackage 'src/cxd5602pwbimu_driver' with type 'ros.ament_cmake' and name 'cxd5602pwbimu_driver'[0m
[0.115s] [34mcolcon.colcon_core.package_identification[0m [1;30mLevel 1[0m _identify(src/cxd5602pwbimu_driver_bringup) by extensions ['ignore', 'ignore_ament_install']
[0.115s] [34mcolcon.colcon_core.package_identification[0m [1;30mLevel 1[0m _identify(src/cxd5602pwbimu_driver_bringup) by extension 'ignore'
[0.115s] [34mcolcon.colcon_core.package_identification[0m [1;30mLevel 1[0m _identify(src/cxd5602pwbimu_driver_bringup) by extension 'ignore_ament_install'
[0.115s] [34mcolcon.colcon_core.package_identification[0m [1;30mLevel 1[0m _identify(src/cxd5602pwbimu_driver_bringup) by extensions ['colcon_pkg']
[0.115s] [34mcolcon.colcon_core.package_identification[0m [1;30mLevel 1[0m _identify(src/cxd5602pwbimu_driver_bringup) by extension 'colcon_pkg'
[0.115s] [34mcolcon.colcon_core.package_identification[0m [1;30mLevel 1[0m _identify(src/cxd5602pwbimu_driver_bringup) by extensions ['colcon_meta']
[0.115s] [34mcolcon.colcon_core.package_identification[0m [1;30mLevel 1[0m _identify(src/cxd5602pwbimu_driver_bringup) by extension 'colcon_meta'
[0.115s] [34mcolcon.colcon_core.package_identification[0m [1;30mLevel 1[0m _identify(src/cxd5602pwbimu_driver_bringup) by extensions ['ros']
[0.115s] [34mcolcon.colcon_core.package_identification[0m [1;30mLevel 1[0m _identify(src/cxd5602pwbimu_driver_bringup) by extension 'ros'
[0.115s] [34mcolcon.colcon_core.package_identification[0m [1;30mDEBUG[0m [32mPackage 'src/cxd5602pwbimu_driver_bringup' with type 'ros.ament_python' and name 'cxd5602pwbimu_driver_bringup'[0m
[0.115s] [34mcolcon.colcon_core.package_identification[0m [1;30mLevel 1[0m _identify(src/cxd5602pwbimu_driver_node) by extensions ['ignore', 'ignore_ament_install']
[0.115s] [34mcolcon.colcon_core.package_identification[0m [1;30mLevel 1[0m _identify(src/cxd5602pwbimu_driver_node) by extension 'ignore'
[0.115s] [34mcolcon.colcon_core.package_identification[0m [1;30mLevel 1[0m _identify(src/cxd5602pwbimu_driver_node) by extension 'ignore_ament_install'
[0.115s] [34mcolcon.colcon_core.package_identification[0m [1;30mLevel 1[0m _identify(src/cxd5602pwbimu_driver_node) by extensions ['colcon_pkg']
[0.115s] [34mcolcon.colcon_core.package_identification[0m [1;30mLevel 1[0m _identify(src/cxd5602pwbimu_driver_node) by extension 'colcon_pkg'
[0.115s] [34mcolcon.colcon_core.package_identification[0m [1;30mLevel 1[0m _identify(src/cxd5602pwbimu_driver_node) by extensions ['colcon_meta']
[0.115s] [34mcolcon.colcon_core.package_identification[0m [1;30mLevel 1[0m _identify(src/cxd5602pwbimu_driver_node) by extension 'colcon_meta'
[0.115s] [34mcolcon.colcon_core.package_identification[0m [1;30mLevel 1[0m _identify(src/cxd5602pwbimu_driver_node) by extensions ['ros']
[0.115s] [34mcolcon.colcon_core.package_identification[0m [1;30mLevel 1[0m _identify(src/cxd5602pwbimu_driver_node) by extension 'ros'
[0.115s] [34mcolcon.colcon_core.package_identification[0m [1;30mDEBUG[0m [32mPackage 'src/cxd5602pwbimu_driver_node' with type 'ros.ament_cmake' and name 'cxd5602pwbimu_driver_node'[0m
[0.116s] [34mcolcon.colcon_core.package_identification[0m [1;30mLevel 1[0m _identify(src/h6x_serial_interface) by extensions ['ignore', 'ignore_ament_install']
[0.116s] [34mcolcon.colcon_core.package_identification[0m [1;30mLevel 1[0m _identify(src/h6x_serial_interface) by extension 'ignore'
[0.116s] [34mcolcon.colcon_core.package_identification[0m [1;30mLevel 1[0m _identify(src/h6x_serial_interface) by extension 'ignore_ament_install'
[0.116s] [34mcolcon.colcon_core.package_identification[0m [1;30mLevel 1[0m _identify(src/h6x_serial_interface) by extensions ['colcon_pkg']
[0.116s] [34mcolcon.colcon_core.package_identification[0m [1;30mLevel 1[0m _identify(src/h6x_serial_interface) by extension 'colcon_pkg'
[0.116s] [34mcolcon.colcon_core.package_identification[0m [1;30mLevel 1[0m _identify(src/h6x_serial_interface) by extensions ['colcon_meta']
[0.116s] [34mcolcon.colcon_core.package_identification[0m [1;30mLevel 1[0m _identify(src/h6x_serial_interface) by extension 'colcon_meta'
[0.116s] [34mcolcon.colcon_core.package_identification[0m [1;30mLevel 1[0m _identify(src/h6x_serial_interface) by extensions ['ros']
[0.116s] [34mcolcon.colcon_core.package_identification[0m [1;30mLevel 1[0m _identify(src/h6x_serial_interface) by extension 'ros'
[0.116s] [34mcolcon.colcon_core.package_identification[0m [1;30mLevel 1[0m _identify(src/h6x_serial_interface) by extensions ['cmake', 'python']
[0.116s] [34mcolcon.colcon_core.package_identification[0m [1;30mLevel 1[0m _identify(src/h6x_serial_interface) by extension 'cmake'
[0.116s] [34mcolcon.colcon_core.package_identification[0m [1;30mLevel 1[0m _identify(src/h6x_serial_interface) by extension 'python'
[0.116s] [34mcolcon.colcon_core.package_identification[0m [1;30mLevel 1[0m _identify(src/h6x_serial_interface) by extensions ['python_setup_py']
[0.116s] [34mcolcon.colcon_core.package_identification[0m [1;30mLevel 1[0m _identify(src/h6x_serial_interface) by extension 'python_setup_py'
[0.116s] [34mcolcon.colcon_core.package_identification[0m [1;30mLevel 1[0m _identify(src/h6x_serial_interface/h6x_packet_handler) by extensions ['ignore', 'ignore_ament_install']
[0.116s] [34mcolcon.colcon_core.package_identification[0m [1;30mLevel 1[0m _identify(src/h6x_serial_interface/h6x_packet_handler) by extension 'ignore'
[0.116s] [34mcolcon.colcon_core.package_identification[0m [1;30mLevel 1[0m _identify(src/h6x_serial_interface/h6x_packet_handler) by extension 'ignore_ament_install'
[0.116s] [34mcolcon.colcon_core.package_identification[0m [1;30mLevel 1[0m _identify(src/h6x_serial_interface/h6x_packet_handler) by extensions ['colcon_pkg']
[0.116s] [34mcolcon.colcon_core.package_identification[0m [1;30mLevel 1[0m _identify(src/h6x_serial_interface/h6x_packet_handler) by extension 'colcon_pkg'
[0.116s] [34mcolcon.colcon_core.package_identification[0m [1;30mLevel 1[0m _identify(src/h6x_serial_interface/h6x_packet_handler) by extensions ['colcon_meta']
[0.116s] [34mcolcon.colcon_core.package_identification[0m [1;30mLevel 1[0m _identify(src/h6x_serial_interface/h6x_packet_handler) by extension 'colcon_meta'
[0.116s] [34mcolcon.colcon_core.package_identification[0m [1;30mLevel 1[0m _identify(src/h6x_serial_interface/h6x_packet_handler) by extensions ['ros']
[0.116s] [34mcolcon.colcon_core.package_identification[0m [1;30mLevel 1[0m _identify(src/h6x_serial_interface/h6x_packet_handler) by extension 'ros'
[0.116s] [34mcolcon.colcon_core.package_identification[0m [1;30mDEBUG[0m [32mPackage 'src/h6x_serial_interface/h6x_packet_handler' with type 'ros.ament_cmake' and name 'h6x_packet_handler'[0m
[0.116s] [34mcolcon.colcon_core.package_identification[0m [1;30mLevel 1[0m _identify(src/h6x_serial_interface/h6x_serial_interface) by extensions ['ignore', 'ignore_ament_install']
[0.116s] [34mcolcon.colcon_core.package_identification[0m [1;30mLevel 1[0m _identify(src/h6x_serial_interface/h6x_serial_interface) by extension 'ignore'
[0.116s] [34mcolcon.colcon_core.package_identification[0m [1;30mLevel 1[0m _identify(src/h6x_serial_interface/h6x_serial_interface) by extension 'ignore_ament_install'
[0.116s] [34mcolcon.colcon_core.package_identification[0m [1;30mLevel 1[0m _identify(src/h6x_serial_interface/h6x_serial_interface) by extensions ['colcon_pkg']
[0.116s] [34mcolcon.colcon_core.package_identification[0m [1;30mLevel 1[0m _identify(src/h6x_serial_interface/h6x_serial_interface) by extension 'colcon_pkg'
[0.116s] [34mcolcon.colcon_core.package_identification[0m [1;30mLevel 1[0m _identify(src/h6x_serial_interface/h6x_serial_interface) by extensions ['colcon_meta']
[0.116s] [34mcolcon.colcon_core.package_identification[0m [1;30mLevel 1[0m _identify(src/h6x_serial_interface/h6x_serial_interface) by extension 'colcon_meta'
[0.116s] [34mcolcon.colcon_core.package_identification[0m [1;30mLevel 1[0m _identify(src/h6x_serial_interface/h6x_serial_interface) by extensions ['ros']
[0.116s] [34mcolcon.colcon_core.package_identification[0m [1;30mLevel 1[0m _identify(src/h6x_serial_interface/h6x_serial_interface) by extension 'ros'
[0.117s] [34mcolcon.colcon_core.package_identification[0m [1;30mDEBUG[0m [32mPackage 'src/h6x_serial_interface/h6x_serial_interface' with type 'ros.ament_cmake' and name 'h6x_serial_interface'[0m
[0.117s] [34mcolcon.colcon_core.package_identification[0m [1;30mLevel 1[0m _identify(src/h6x_serial_interface/h6x_serial_interface_example) by extensions ['ignore', 'ignore_ament_install']
[0.117s] [34mcolcon.colcon_core.package_identification[0m [1;30mLevel 1[0m _identify(src/h6x_serial_interface/h6x_serial_interface_example) by extension 'ignore'
[0.117s] [34mcolcon.colcon_core.package_identification[0m [1;30mLevel 1[0m _identify(src/h6x_serial_interface/h6x_serial_interface_example) by extension 'ignore_ament_install'
[0.117s] [34mcolcon.colcon_core.package_identification[0m [1;30mLevel 1[0m _identify(src/h6x_serial_interface/h6x_serial_interface_example) by extensions ['colcon_pkg']
[0.117s] [34mcolcon.colcon_core.package_identification[0m [1;30mLevel 1[0m _identify(src/h6x_serial_interface/h6x_serial_interface_example) by extension 'colcon_pkg'
[0.117s] [34mcolcon.colcon_core.package_identification[0m [1;30mLevel 1[0m _identify(src/h6x_serial_interface/h6x_serial_interface_example) by extensions ['colcon_meta']
[0.117s] [34mcolcon.colcon_core.package_identification[0m [1;30mLevel 1[0m _identify(src/h6x_serial_interface/h6x_serial_interface_example) by extension 'colcon_meta'
[0.117s] [34mcolcon.colcon_core.package_identification[0m [1;30mLevel 1[0m _identify(src/h6x_serial_interface/h6x_serial_interface_example) by extensions ['ros']
[0.117s] [34mcolcon.colcon_core.package_identification[0m [1;30mLevel 1[0m _identify(src/h6x_serial_interface/h6x_serial_interface_example) by extension 'ros'
[0.117s] [34mcolcon.colcon_core.package_identification[0m [1;30mDEBUG[0m [32mPackage 'src/h6x_serial_interface/h6x_serial_interface_example' with type 'ros.ament_cmake' and name 'h6x_serial_interface_example'[0m
[0.117s] [34mcolcon.colcon_core.package_identification[0m [1;30mLevel 1[0m _identify(src/imu_tools) by extensions ['ignore', 'ignore_ament_install']
[0.117s] [34mcolcon.colcon_core.package_identification[0m [1;30mLevel 1[0m _identify(src/imu_tools) by extension 'ignore'
[0.117s] [34mcolcon.colcon_core.package_identification[0m [1;30mLevel 1[0m _identify(src/imu_tools) by extension 'ignore_ament_install'
[0.117s] [34mcolcon.colcon_core.package_identification[0m [1;30mLevel 1[0m _identify(src/imu_tools) by extensions ['colcon_pkg']
[0.117s] [34mcolcon.colcon_core.package_identification[0m [1;30mLevel 1[0m _identify(src/imu_tools) by extension 'colcon_pkg'
[0.117s] [34mcolcon.colcon_core.package_identification[0m [1;30mLevel 1[0m _identify(src/imu_tools) by extensions ['colcon_meta']
[0.117s] [34mcolcon.colcon_core.package_identification[0m [1;30mLevel 1[0m _identify(src/imu_tools) by extension 'colcon_meta'
[0.117s] [34mcolcon.colcon_core.package_identification[0m [1;30mLevel 1[0m _identify(src/imu_tools) by extensions ['ros']
[0.117s] [34mcolcon.colcon_core.package_identification[0m [1;30mLevel 1[0m _identify(src/imu_tools) by extension 'ros'
[0.117s] [34mcolcon.colcon_core.package_identification[0m [1;30mLevel 1[0m _identify(src/imu_tools) by extensions ['cmake', 'python']
[0.117s] [34mcolcon.colcon_core.package_identification[0m [1;30mLevel 1[0m _identify(src/imu_tools) by extension 'cmake'
[0.117s] [34mcolcon.colcon_core.package_identification[0m [1;30mLevel 1[0m _identify(src/imu_tools) by extension 'python'
[0.117s] [34mcolcon.colcon_core.package_identification[0m [1;30mLevel 1[0m _identify(src/imu_tools) by extensions ['python_setup_py']
[0.117s] [34mcolcon.colcon_core.package_identification[0m [1;30mLevel 1[0m _identify(src/imu_tools) by extension 'python_setup_py'
[0.117s] [34mcolcon.colcon_core.package_identification[0m [1;30mLevel 1[0m _identify(src/imu_tools/imu_complementary_filter) by extensions ['ignore', 'ignore_ament_install']
[0.117s] [34mcolcon.colcon_core.package_identification[0m [1;30mLevel 1[0m _identify(src/imu_tools/imu_complementary_filter) by extension 'ignore'
[0.117s] [34mcolcon.colcon_core.package_identification[0m [1;30mLevel 1[0m _identify(src/imu_tools/imu_complementary_filter) by extension 'ignore_ament_install'
[0.117s] [34mcolcon.colcon_core.package_identification[0m [1;30mLevel 1[0m _identify(src/imu_tools/imu_complementary_filter) by extensions ['colcon_pkg']
[0.117s] [34mcolcon.colcon_core.package_identification[0m [1;30mLevel 1[0m _identify(src/imu_tools/imu_complementary_filter) by extension 'colcon_pkg'
[0.117s] [34mcolcon.colcon_core.package_identification[0m [1;30mLevel 1[0m _identify(src/imu_tools/imu_complementary_filter) by extensions ['colcon_meta']
[0.117s] [34mcolcon.colcon_core.package_identification[0m [1;30mLevel 1[0m _identify(src/imu_tools/imu_complementary_filter) by extension 'colcon_meta'
[0.117s] [34mcolcon.colcon_core.package_identification[0m [1;30mLevel 1[0m _identify(src/imu_tools/imu_complementary_filter) by extensions ['ros']
[0.117s] [34mcolcon.colcon_core.package_identification[0m [1;30mLevel 1[0m _identify(src/imu_tools/imu_complementary_filter) by extension 'ros'
[0.118s] [34mcolcon.colcon_core.package_identification[0m [1;30mDEBUG[0m [32mPackage 'src/imu_tools/imu_complementary_filter' with type 'ros.ament_cmake' and name 'imu_complementary_filter'[0m
[0.118s] [34mcolcon.colcon_core.package_identification[0m [1;30mLevel 1[0m _identify(src/imu_tools/imu_filter_madgwick) by extensions ['ignore', 'ignore_ament_install']
[0.118s] [34mcolcon.colcon_core.package_identification[0m [1;30mLevel 1[0m _identify(src/imu_tools/imu_filter_madgwick) by extension 'ignore'
[0.118s] [34mcolcon.colcon_core.package_identification[0m [1;30mLevel 1[0m _identify(src/imu_tools/imu_filter_madgwick) by extension 'ignore_ament_install'
[0.118s] [34mcolcon.colcon_core.package_identification[0m [1;30mLevel 1[0m _identify(src/imu_tools/imu_filter_madgwick) by extensions ['colcon_pkg']
[0.118s] [34mcolcon.colcon_core.package_identification[0m [1;30mLevel 1[0m _identify(src/imu_tools/imu_filter_madgwick) by extension 'colcon_pkg'
[0.118s] [34mcolcon.colcon_core.package_identification[0m [1;30mLevel 1[0m _identify(src/imu_tools/imu_filter_madgwick) by extensions ['colcon_meta']
[0.118s] [34mcolcon.colcon_core.package_identification[0m [1;30mLevel 1[0m _identify(src/imu_tools/imu_filter_madgwick) by extension 'colcon_meta'
[0.118s] [34mcolcon.colcon_core.package_identification[0m [1;30mLevel 1[0m _identify(src/imu_tools/imu_filter_madgwick) by extensions ['ros']
[0.118s] [34mcolcon.colcon_core.package_identification[0m [1;30mLevel 1[0m _identify(src/imu_tools/imu_filter_madgwick) by extension 'ros'
[0.119s] [34mcolcon.colcon_core.package_identification[0m [1;30mDEBUG[0m [32mPackage 'src/imu_tools/imu_filter_madgwick' with type 'ros.ament_cmake' and name 'imu_filter_madgwick'[0m
[0.119s] [34mcolcon.colcon_core.package_identification[0m [1;30mLevel 1[0m _identify(src/imu_tools/imu_tools) by extensions ['ignore', 'ignore_ament_install']
[0.119s] [34mcolcon.colcon_core.package_identification[0m [1;30mLevel 1[0m _identify(src/imu_tools/imu_tools) by extension 'ignore'
[0.119s] [34mcolcon.colcon_core.package_identification[0m [1;30mLevel 1[0m _identify(src/imu_tools/imu_tools) by extension 'ignore_ament_install'
[0.119s] [34mcolcon.colcon_core.package_identification[0m [1;30mLevel 1[0m _identify(src/imu_tools/imu_tools) by extensions ['colcon_pkg']
[0.119s] [34mcolcon.colcon_core.package_identification[0m [1;30mLevel 1[0m _identify(src/imu_tools/imu_tools) by extension 'colcon_pkg'
[0.119s] [34mcolcon.colcon_core.package_identification[0m [1;30mLevel 1[0m _identify(src/imu_tools/imu_tools) by extensions ['colcon_meta']
[0.119s] [34mcolcon.colcon_core.package_identification[0m [1;30mLevel 1[0m _identify(src/imu_tools/imu_tools) by extension 'colcon_meta'
[0.119s] [34mcolcon.colcon_core.package_identification[0m [1;30mLevel 1[0m _identify(src/imu_tools/imu_tools) by extensions ['ros']
[0.119s] [34mcolcon.colcon_core.package_identification[0m [1;30mLevel 1[0m _identify(src/imu_tools/imu_tools) by extension 'ros'
[0.119s] [34mcolcon.colcon_core.package_identification[0m [1;30mDEBUG[0m [32mPackage 'src/imu_tools/imu_tools' with type 'ros.ament_cmake' and name 'imu_tools'[0m
[0.119s] [34mcolcon.colcon_core.package_identification[0m [1;30mLevel 1[0m _identify(src/imu_tools/rviz_imu_plugin) by extensions ['ignore', 'ignore_ament_install']
[0.119s] [34mcolcon.colcon_core.package_identification[0m [1;30mLevel 1[0m _identify(src/imu_tools/rviz_imu_plugin) by extension 'ignore'
[0.119s] [34mcolcon.colcon_core.package_identification[0m [1;30mLevel 1[0m _identify(src/imu_tools/rviz_imu_plugin) by extension 'ignore_ament_install'
[0.119s] [34mcolcon.colcon_core.package_identification[0m [1;30mLevel 1[0m _identify(src/imu_tools/rviz_imu_plugin) by extensions ['colcon_pkg']
[0.119s] [34mcolcon.colcon_core.package_identification[0m [1;30mLevel 1[0m _identify(src/imu_tools/rviz_imu_plugin) by extension 'colcon_pkg'
[0.119s] [34mcolcon.colcon_core.package_identification[0m [1;30mLevel 1[0m _identify(src/imu_tools/rviz_imu_plugin) by extensions ['colcon_meta']
[0.119s] [34mcolcon.colcon_core.package_identification[0m [1;30mLevel 1[0m _identify(src/imu_tools/rviz_imu_plugin) by extension 'colcon_meta'
[0.119s] [34mcolcon.colcon_core.package_identification[0m [1;30mLevel 1[0m _identify(src/imu_tools/rviz_imu_plugin) by extensions ['ros']
[0.119s] [34mcolcon.colcon_core.package_identification[0m [1;30mLevel 1[0m _identify(src/imu_tools/rviz_imu_plugin) by extension 'ros'
[0.119s] [34mcolcon.colcon_core.package_identification[0m [1;30mDEBUG[0m [32mPackage 'src/imu_tools/rviz_imu_plugin' with type 'ros.ament_cmake' and name 'rviz_imu_plugin'[0m
[0.120s] [34mcolcon.colcon_core.package_identification[0m [1;30mLevel 1[0m _identify(src/imu_trajectory_filter) by extensions ['ignore', 'ignore_ament_install']
[0.120s] [34mcolcon.colcon_core.package_identification[0m [1;30mLevel 1[0m _identify(src/imu_trajectory_filter) by extension 'ignore'
[0.120s] [34mcolcon.colcon_core.package_identification[0m [1;30mLevel 1[0m _identify(src/imu_trajectory_filter) by extension 'ignore_ament_install'
[0.120s] [34mcolcon.colcon_core.package_identification[0m [1;30mLevel 1[0m _identify(src/imu_trajectory_filter) by extensions ['colcon_pkg']
[0.120s] [34mcolcon.colcon_core.package_identification[0m [1;30mLevel 1[0m _identify(src/imu_trajectory_filter) by extension 'colcon_pkg'
[0.120s] [34mcolcon.colcon_core.package_identification[0m [1;30mLevel 1[0m _identify(src/imu_trajectory_filter) by extensions ['colcon_meta']
[0.120s] [34mcolcon.colcon_core.package_identification[0m [1;30mLevel 1[0m _identify(src/imu_trajectory_filter) by extension 'colcon_meta'
[0.120s] [34mcolcon.colcon_core.package_identification[0m [1;30mLevel 1[0m _identify(src/imu_trajectory_filter) by extensions ['ros']
[0.120s] [34mcolcon.colcon_core.package_identification[0m [1;30mLevel 1[0m _identify(src/imu_trajectory_filter) by extension 'ros'
[0.120s] [34mcolcon.colcon_core.package_identification[0m [1;30mDEBUG[0m [32mPackage 'src/imu_trajectory_filter' with type 'ros.ament_cmake' and name 'imu_trajectory_filter'[0m
[0.120s] [34mcolcon.colcon_core.package_discovery[0m [1;30mLevel 1[0m discover_packages(recursive) using defaults
[0.120s] [34mcolcon.colcon_core.package_discovery[0m [1;30mLevel 1[0m discover_packages(ignore) discover
[0.120s] [34mcolcon.colcon_core.package_discovery[0m [1;30mLevel 1[0m discover_packages(ignore) using defaults
[0.120s] [34mcolcon.colcon_core.package_discovery[0m [1;30mLevel 1[0m discover_packages(path) discover
[0.120s] [34mcolcon.colcon_core.package_discovery[0m [1;30mLevel 1[0m discover_packages(path) using defaults
[0.129s] [34mcolcon.colcon_core.verb[0m [1;30mLevel 5[0m set package 'h6x_packet_handler' build argument 'cmake_args' from command line to 'None'
[0.129s] [34mcolcon.colcon_core.verb[0m [1;30mLevel 5[0m set package 'h6x_packet_handler' build argument 'cmake_target' from command line to 'None'
[0.129s] [34mcolcon.colcon_core.verb[0m [1;30mLevel 5[0m set package 'h6x_packet_handler' build argument 'cmake_target_skip_unavailable' from command line to 'False'
[0.129s] [34mcolcon.colcon_core.verb[0m [1;30mLevel 5[0m set package 'h6x_packet_handler' build argument 'cmake_clean_cache' from command line to 'False'
[0.129s] [34mcolcon.colcon_core.verb[0m [1;30mLevel 5[0m set package 'h6x_packet_handler' build argument 'cmake_clean_first' from command line to 'False'
[0.129s] [34mcolcon.colcon_core.verb[0m [1;30mLevel 5[0m set package 'h6x_packet_handler' build argument 'cmake_force_configure' from command line to 'False'
[0.129s] [34mcolcon.colcon_core.verb[0m [1;30mLevel 5[0m set package 'h6x_packet_handler' build argument 'ament_cmake_args' from command line to 'None'
[0.129s] [34mcolcon.colcon_core.verb[0m [1;30mLevel 5[0m set package 'h6x_packet_handler' build argument 'catkin_cmake_args' from command line to 'None'
[0.129s] [34mcolcon.colcon_core.verb[0m [1;30mLevel 5[0m set package 'h6x_packet_handler' build argument 'catkin_skip_building_tests' from command line to 'False'
[0.129s] [34mcolcon.colcon_core.verb[0m [1;30mDEBUG[0m [32mBuilding package 'h6x_packet_handler' with the following arguments: {'ament_cmake_args': None, 'build_base': '/Users/yosuke/gits/cxd5602pwbimu_ros2_driver/ros2_ws/build/h6x_packet_handler', 'catkin_cmake_args': None, 'catkin_skip_building_tests': False, 'cmake_args': None, 'cmake_clean_cache': False, 'cmake_clean_first': False, 'cmake_force_configure': False, 'cmake_target': None, 'cmake_target_skip_unavailable': False, 'install_base': '/Users/yosuke/gits/cxd5602pwbimu_ros2_driver/ros2_ws/install/h6x_packet_handler', 'merge_install': False, 'path': '/Users/yosuke/gits/cxd5602pwbimu_ros2_driver/ros2_ws/src/h6x_serial_interface/h6x_packet_handler', 'symlink_install': False, 'test_result_base': None}[0m
[0.129s] [34mcolcon.colcon_core.verb[0m [1;30mLevel 5[0m set package 'h6x_serial_interface' build argument 'cmake_args' from command line to 'None'
[0.129s] [34mcolcon.colcon_core.verb[0m [1;30mLevel 5[0m set package 'h6x_serial_interface' build argument 'cmake_target' from command line to 'None'
[0.129s] [34mcolcon.colcon_core.verb[0m [1;30mLevel 5[0m set package 'h6x_serial_interface' build argument 'cmake_target_skip_unavailable' from command line to 'False'
[0.129s] [34mcolcon.colcon_core.verb[0m [1;30mLevel 5[0m set package 'h6x_serial_interface' build argument 'cmake_clean_cache' from command line to 'False'
[0.130s] [34mcolcon.colcon_core.verb[0m [1;30mLevel 5[0m set package 'h6x_serial_interface' build argument 'cmake_clean_first' from command line to 'False'
[0.130s] [34mcolcon.colcon_core.verb[0m [1;30mLevel 5[0m set package 'h6x_serial_interface' build argument 'cmake_force_configure' from command line to 'False'
[0.130s] [34mcolcon.colcon_core.verb[0m [1;30mLevel 5[0m set package 'h6x_serial_interface' build argument 'ament_cmake_args' from command line to 'None'
[0.130s] [34mcolcon.colcon_core.verb[0m [1;30mLevel 5[0m set package 'h6x_serial_interface' build argument 'catkin_cmake_args' from command line to 'None'
[0.130s] [34mcolcon.colcon_core.verb[0m [1;30mLevel 5[0m set package 'h6x_serial_interface' build argument 'catkin_skip_building_tests' from command line to 'False'
[0.130s] [34mcolcon.colcon_core.verb[0m [1;30mDEBUG[0m [32mBuilding package 'h6x_serial_interface' with the following arguments: {'ament_cmake_args': None, 'build_base': '/Users/yosuke/gits/cxd5602pwbimu_ros2_driver/ros2_ws/build/h6x_serial_interface', 'catkin_cmake_args': None, 'catkin_skip_building_tests': False, 'cmake_args': None, 'cmake_clean_cache': False, 'cmake_clean_first': False, 'cmake_force_configure': False, 'cmake_target': None, 'cmake_target_skip_unavailable': False, 'install_base': '/Users/yosuke/gits/cxd5602pwbimu_ros2_driver/ros2_ws/install/h6x_serial_interface', 'merge_install': False, 'path': '/Users/yosuke/gits/cxd5602pwbimu_ros2_driver/ros2_ws/src/h6x_serial_interface/h6x_serial_interface', 'symlink_install': False, 'test_result_base': None}[0m
[0.130s] [34mcolcon.colcon_core.verb[0m [1;30mLevel 5[0m set package 'imu_complementary_filter' build argument 'cmake_args' from command line to 'None'
[0.130s] [34mcolcon.colcon_core.verb[0m [1;30mLevel 5[0m set package 'imu_complementary_filter' build argument 'cmake_target' from command line to 'None'
[0.130s] [34mcolcon.colcon_core.verb[0m [1;30mLevel 5[0m set package 'imu_complementary_filter' build argument 'cmake_target_skip_unavailable' from command line to 'False'
[0.130s] [34mcolcon.colcon_core.verb[0m [1;30mLevel 5[0m set package 'imu_complementary_filter' build argument 'cmake_clean_cache' from command line to 'False'
[0.130s] [34mcolcon.colcon_core.verb[0m [1;30mLevel 5[0m set package 'imu_complementary_filter' build argument 'cmake_clean_first' from command line to 'False'
[0.130s] [34mcolcon.colcon_core.verb[0m [1;30mLevel 5[0m set package 'imu_complementary_filter' build argument 'cmake_force_configure' from command line to 'False'
[0.130s] [34mcolcon.colcon_core.verb[0m [1;30mLevel 5[0m set package 'imu_complementary_filter' build argument 'ament_cmake_args' from command line to 'None'
[0.130s] [34mcolcon.colcon_core.verb[0m [1;30mLevel 5[0m set package 'imu_complementary_filter' build argument 'catkin_cmake_args' from command line to 'None'
[0.130s] [34mcolcon.colcon_core.verb[0m [1;30mLevel 5[0m set package 'imu_complementary_filter' build argument 'catkin_skip_building_tests' from command line to 'False'
[0.130s] [34mcolcon.colcon_core.verb[0m [1;30mDEBUG[0m [32mBuilding package 'imu_complementary_filter' with the following arguments: {'ament_cmake_args': None, 'build_base': '/Users/yosuke/gits/cxd5602pwbimu_ros2_driver/ros2_ws/build/imu_complementary_filter', 'catkin_cmake_args': None, 'catkin_skip_building_tests': False, 'cmake_args': None, 'cmake_clean_cache': False, 'cmake_clean_first': False, 'cmake_force_configure': False, 'cmake_target': None, 'cmake_target_skip_unavailable': False, 'install_base': '/Users/yosuke/gits/cxd5602pwbimu_ros2_driver/ros2_ws/install/imu_complementary_filter', 'merge_install': False, 'path': '/Users/yosuke/gits/cxd5602pwbimu_ros2_driver/ros2_ws/src/imu_tools/imu_complementary_filter', 'symlink_install': False, 'test_result_base': None}[0m
[0.130s] [34mcolcon.colcon_core.verb[0m [1;30mLevel 5[0m set package 'imu_filter_madgwick' build argument 'cmake_args' from command line to 'None'
[0.130s] [34mcolcon.colcon_core.verb[0m [1;30mLevel 5[0m set package 'imu_filter_madgwick' build argument 'cmake_target' from command line to 'None'
[0.130s] [34mcolcon.colcon_core.verb[0m [1;30mLevel 5[0m set package 'imu_filter_madgwick' build argument 'cmake_target_skip_unavailable' from command line to 'False'
[0.130s] [34mcolcon.colcon_core.verb[0m [1;30mLevel 5[0m set package 'imu_filter_madgwick' build argument 'cmake_clean_cache' from command line to 'False'
[0.130s] [34mcolcon.colcon_core.verb[0m [1;30mLevel 5[0m set package 'imu_filter_madgwick' build argument 'cmake_clean_first' from command line to 'False'
[0.130s] [34mcolcon.colcon_core.verb[0m [1;30mLevel 5[0m set package 'imu_filter_madgwick' build argument 'cmake_force_configure' from command line to 'False'
[0.130s] [34mcolcon.colcon_core.verb[0m [1;30mLevel 5[0m set package 'imu_filter_madgwick' build argument 'ament_cmake_args' from command line to 'None'
[0.130s] [34mcolcon.colcon_core.verb[0m [1;30mLevel 5[0m set package 'imu_filter_madgwick' build argument 'catkin_cmake_args' from command line to 'None'
[0.130s] [34mcolcon.colcon_core.verb[0m [1;30mLevel 5[0m set package 'imu_filter_madgwick' build argument 'catkin_skip_building_tests' from command line to 'False'
[0.130s] [34mcolcon.colcon_core.verb[0m [1;30mDEBUG[0m [32mBuilding package 'imu_filter_madgwick' with the following arguments: {'ament_cmake_args': None, 'build_base': '/Users/yosuke/gits/cxd5602pwbimu_ros2_driver/ros2_ws/build/imu_filter_madgwick', 'catkin_cmake_args': None, 'catkin_skip_building_tests': False, 'cmake_args': None, 'cmake_clean_cache': False, 'cmake_clean_first': False, 'cmake_force_configure': False, 'cmake_target': None, 'cmake_target_skip_unavailable': False, 'install_base': '/Users/yosuke/gits/cxd5602pwbimu_ros2_driver/ros2_ws/install/imu_filter_madgwick', 'merge_install': False, 'path': '/Users/yosuke/gits/cxd5602pwbimu_ros2_driver/ros2_ws/src/imu_tools/imu_filter_madgwick', 'symlink_install': False, 'test_result_base': None}[0m
[0.130s] [34mcolcon.colcon_core.verb[0m [1;30mLevel 5[0m set package 'imu_trajectory_filter' build argument 'cmake_args' from command line to 'None'
[0.130s] [34mcolcon.colcon_core.verb[0m [1;30mLevel 5[0m set package 'imu_trajectory_filter' build argument 'cmake_target' from command line to 'None'
[0.130s] [34mcolcon.colcon_core.verb[0m [1;30mLevel 5[0m set package 'imu_trajectory_filter' build argument 'cmake_target_skip_unavailable' from command line to 'False'
[0.130s] [34mcolcon.colcon_core.verb[0m [1;30mLevel 5[0m set package 'imu_trajectory_filter' build argument 'cmake_clean_cache' from command line to 'False'
[0.130s] [34mcolcon.colcon_core.verb[0m [1;30mLevel 5[0m set package 'imu_trajectory_filter' build argument 'cmake_clean_first' from command line to 'False'
[0.130s] [34mcolcon.colcon_core.verb[0m [1;30mLevel 5[0m set package 'imu_trajectory_filter' build argument 'cmake_force_configure' from command line to 'False'
[0.130s] [34mcolcon.colcon_core.verb[0m [1;30mLevel 5[0m set package 'imu_trajectory_filter' build argument 'ament_cmake_args' from command line to 'None'
[0.130s] [34mcolcon.colcon_core.verb[0m [1;30mLevel 5[0m set package 'imu_trajectory_filter' build argument 'catkin_cmake_args' from command line to 'None'
[0.130s] [34mcolcon.colcon_core.verb[0m [1;30mLevel 5[0m set package 'imu_trajectory_filter' build argument 'catkin_skip_building_tests' from command line to 'False'
[0.130s] [34mcolcon.colcon_core.verb[0m [1;30mDEBUG[0m [32mBuilding package 'imu_trajectory_filter' with the following arguments: {'ament_cmake_args': None, 'build_base': '/Users/yosuke/gits/cxd5602pwbimu_ros2_driver/ros2_ws/build/imu_trajectory_filter', 'catkin_cmake_args': None, 'catkin_skip_building_tests': False, 'cmake_args': None, 'cmake_clean_cache': False, 'cmake_clean_first': False, 'cmake_force_configure': False, 'cmake_target': None, 'cmake_target_skip_unavailable': False, 'install_base': '/Users/yosuke/gits/cxd5602pwbimu_ros2_driver/ros2_ws/install/imu_trajectory_filter', 'merge_install': False, 'path': '/Users/yosuke/gits/cxd5602pwbimu_ros2_driver/ros2_ws/src/imu_trajectory_filter', 'symlink_install': False, 'test_result_base': None}[0m
[0.130s] [34mcolcon.colcon_core.verb[0m [1;30mLevel 5[0m set package 'rviz_imu_plugin' build argument 'cmake_args' from command line to 'None'
[0.130s] [34mcolcon.colcon_core.verb[0m [1;30mLevel 5[0m set package 'rviz_imu_plugin' build argument 'cmake_target' from command line to 'None'
[0.130s] [34mcolcon.colcon_core.verb[0m [1;30mLevel 5[0m set package 'rviz_imu_plugin' build argument 'cmake_target_skip_unavailable' from command line to 'False'
[0.130s] [34mcolcon.colcon_core.verb[0m [1;30mLevel 5[0m set package 'rviz_imu_plugin' build argument 'cmake_clean_cache' from command line to 'False'
[0.130s] [34mcolcon.colcon_core.verb[0m [1;30mLevel 5[0m set package 'rviz_imu_plugin' build argument 'cmake_clean_first' from command line to 'False'
[0.130s] [34mcolcon.colcon_core.verb[0m [1;30mLevel 5[0m set package 'rviz_imu_plugin' build argument 'cmake_force_configure' from command line to 'False'
[0.130s] [34mcolcon.colcon_core.verb[0m [1;30mLevel 5[0m set package 'rviz_imu_plugin' build argument 'ament_cmake_args' from command line to 'None'
[0.130s] [34mcolcon.colcon_core.verb[0m [1;30mLevel 5[0m set package 'rviz_imu_plugin' build argument 'catkin_cmake_args' from command line to 'None'
[0.130s] [34mcolcon.colcon_core.verb[0m [1;30mLevel 5[0m set package 'rviz_imu_plugin' build argument 'catkin_skip_building_tests' from command line to 'False'
[0.130s] [34mcolcon.colcon_core.verb[0m [1;30mDEBUG[0m [32mBuilding package 'rviz_imu_plugin' with the following arguments: {'ament_cmake_args': None, 'build_base': '/Users/yosuke/gits/cxd5602pwbimu_ros2_driver/ros2_ws/build/rviz_imu_plugin', 'catkin_cmake_args': None, 'catkin_skip_building_tests': False, 'cmake_args': None, 'cmake_clean_cache': False, 'cmake_clean_first': False, 'cmake_force_configure': False, 'cmake_target': None, 'cmake_target_skip_unavailable': False, 'install_base': '/Users/yosuke/gits/cxd5602pwbimu_ros2_driver/ros2_ws/install/rviz_imu_plugin', 'merge_install': False, 'path': '/Users/yosuke/gits/cxd5602pwbimu_ros2_driver/ros2_ws/src/imu_tools/rviz_imu_plugin', 'symlink_install': False, 'test_result_base': None}[0m
[0.130s] [34mcolcon.colcon_core.verb[0m [1;30mLevel 5[0m set package 'cxd5602pwbimu_driver_node' build argument 'cmake_args' from command line to 'None'
[0.130s] [34mcolcon.colcon_core.verb[0m [1;30mLevel 5[0m set package 'cxd5602pwbimu_driver_node' build argument 'cmake_target' from command line to 'None'
[0.130s] [34mcolcon.colcon_core.verb[0m [1;30mLevel 5[0m set package 'cxd5602pwbimu_driver_node' build argument 'cmake_target_skip_unavailable' from command line to 'False'
[0.130s] [34mcolcon.colcon_core.verb[0m [1;30mLevel 5[0m set package 'cxd5602pwbimu_driver_node' build argument 'cmake_clean_cache' from command line to 'False'
[0.130s] [34mcolcon.colcon_core.verb[0m [1;30mLevel 5[0m set package 'cxd5602pwbimu_driver_node' build argument 'cmake_clean_first' from command line to 'False'
[0.130s] [34mcolcon.colcon_core.verb[0m [1;30mLevel 5[0m set package 'cxd5602pwbimu_driver_node' build argument 'cmake_force_configure' from command line to 'False'
[0.130s] [34mcolcon.colcon_core.verb[0m [1;30mLevel 5[0m set package 'cxd5602pwbimu_driver_node' build argument 'ament_cmake_args' from command line to 'None'
[0.130s] [34mcolcon.colcon_core.verb[0m [1;30mLevel 5[0m set package 'cxd5602pwbimu_driver_node' build argument 'catkin_cmake_args' from command line to 'None'
[0.130s] [34mcolcon.colcon_core.verb[0m [1;30mLevel 5[0m set package 'cxd5602pwbimu_driver_node' build argument 'catkin_skip_building_tests' from command line to 'False'
[0.130s] [34mcolcon.colcon_core.verb[0m [1;30mDEBUG[0m [32mBuilding package 'cxd5602pwbimu_driver_node' with the following arguments: {'ament_cmake_args': None, 'build_base': '/Users/yosuke/gits/cxd5602pwbimu_ros2_driver/ros2_ws/build/cxd5602pwbimu_driver_node', 'catkin_cmake_args': None, 'catkin_skip_building_tests': False, 'cmake_args': None, 'cmake_clean_cache': False, 'cmake_clean_first': False, 'cmake_force_configure': False, 'cmake_target': None, 'cmake_target_skip_unavailable': False, 'install_base': '/Users/yosuke/gits/cxd5602pwbimu_ros2_driver/ros2_ws/install/cxd5602pwbimu_driver_node', 'merge_install': False, 'path': '/Users/yosuke/gits/cxd5602pwbimu_ros2_driver/ros2_ws/src/cxd5602pwbimu_driver_node', 'symlink_install': False, 'test_result_base': None}[0m
[0.130s] [34mcolcon.colcon_core.verb[0m [1;30mLevel 5[0m set package 'h6x_serial_interface_example' build argument 'cmake_args' from command line to 'None'
[0.130s] [34mcolcon.colcon_core.verb[0m [1;30mLevel 5[0m set package 'h6x_serial_interface_example' build argument 'cmake_target' from command line to 'None'
[0.130s] [34mcolcon.colcon_core.verb[0m [1;30mLevel 5[0m set package 'h6x_serial_interface_example' build argument 'cmake_target_skip_unavailable' from command line to 'False'
[0.130s] [34mcolcon.colcon_core.verb[0m [1;30mLevel 5[0m set package 'h6x_serial_interface_example' build argument 'cmake_clean_cache' from command line to 'False'
[0.130s] [34mcolcon.colcon_core.verb[0m [1;30mLevel 5[0m set package 'h6x_serial_interface_example' build argument 'cmake_clean_first' from command line to 'False'
[0.131s] [34mcolcon.colcon_core.verb[0m [1;30mLevel 5[0m set package 'h6x_serial_interface_example' build argument 'cmake_force_configure' from command line to 'False'
[0.131s] [34mcolcon.colcon_core.verb[0m [1;30mLevel 5[0m set package 'h6x_serial_interface_example' build argument 'ament_cmake_args' from command line to 'None'
[0.131s] [34mcolcon.colcon_core.verb[0m [1;30mLevel 5[0m set package 'h6x_serial_interface_example' build argument 'catkin_cmake_args' from command line to 'None'
[0.131s] [34mcolcon.colcon_core.verb[0m [1;30mLevel 5[0m set package 'h6x_serial_interface_example' build argument 'catkin_skip_building_tests' from command line to 'False'
[0.131s] [34mcolcon.colcon_core.verb[0m [1;30mDEBUG[0m [32mBuilding package 'h6x_serial_interface_example' with the following arguments: {'ament_cmake_args': None, 'build_base': '/Users/yosuke/gits/cxd5602pwbimu_ros2_driver/ros2_ws/build/h6x_serial_interface_example', 'catkin_cmake_args': None, 'catkin_skip_building_tests': False, 'cmake_args': None, 'cmake_clean_cache': False, 'cmake_clean_first': False, 'cmake_force_configure': False, 'cmake_target': None, 'cmake_target_skip_unavailable': False, 'install_base': '/Users/yosuke/gits/cxd5602pwbimu_ros2_driver/ros2_ws/install/h6x_serial_interface_example', 'merge_install': False, 'path': '/Users/yosuke/gits/cxd5602pwbimu_ros2_driver/ros2_ws/src/h6x_serial_interface/h6x_serial_interface_example', 'symlink_install': False, 'test_result_base': None}[0m
[0.131s] [34mcolcon.colcon_core.verb[0m [1;30mLevel 5[0m set package 'imu_tools' build argument 'cmake_args' from command line to 'None'
[0.131s] [34mcolcon.colcon_core.verb[0m [1;30mLevel 5[0m set package 'imu_tools' build argument 'cmake_target' from command line to 'None'
[0.131s] [34mcolcon.colcon_core.verb[0m [1;30mLevel 5[0m set package 'imu_tools' build argument 'cmake_target_skip_unavailable' from command line to 'False'
[0.131s] [34mcolcon.colcon_core.verb[0m [1;30mLevel 5[0m set package 'imu_tools' build argument 'cmake_clean_cache' from command line to 'False'
[0.131s] [34mcolcon.colcon_core.verb[0m [1;30mLevel 5[0m set package 'imu_tools' build argument 'cmake_clean_first' from command line to 'False'
[0.131s] [34mcolcon.colcon_core.verb[0m [1;30mLevel 5[0m set package 'imu_tools' build argument 'cmake_force_configure' from command line to 'False'
[0.131s] [34mcolcon.colcon_core.verb[0m [1;30mLevel 5[0m set package 'imu_tools' build argument 'ament_cmake_args' from command line to 'None'
[0.131s] [34mcolcon.colcon_core.verb[0m [1;30mLevel 5[0m set package 'imu_tools' build argument 'catkin_cmake_args' from command line to 'None'
[0.131s] [34mcolcon.colcon_core.verb[0m [1;30mLevel 5[0m set package 'imu_tools' build argument 'catkin_skip_building_tests' from command line to 'False'
[0.131s] [34mcolcon.colcon_core.verb[0m [1;30mDEBUG[0m [32mBuilding package 'imu_tools' with the following arguments: {'ament_cmake_args': None, 'build_base': '/Users/yosuke/gits/cxd5602pwbimu_ros2_driver/ros2_ws/build/imu_tools', 'catkin_cmake_args': None, 'catkin_skip_building_tests': False, 'cmake_args': None, 'cmake_clean_cache': False, 'cmake_clean_first': False, 'cmake_force_configure': False, 'cmake_target': None, 'cmake_target_skip_unavailable': False, 'install_base': '/Users/yosuke/gits/cxd5602pwbimu_ros2_driver/ros2_ws/install/imu_tools', 'merge_install': False, 'path': '/Users/yosuke/gits/cxd5602pwbimu_ros2_driver/ros2_ws/src/imu_tools/imu_tools', 'symlink_install': False, 'test_result_base': None}[0m
[0.131s] [34mcolcon.colcon_core.verb[0m [1;30mLevel 5[0m set package 'cxd5602pwbimu_driver_bringup' build argument 'cmake_args' from command line to 'None'
[0.131s] [34mcolcon.colcon_core.verb[0m [1;30mLevel 5[0m set package 'cxd5602pwbimu_driver_bringup' build argument 'cmake_target' from command line to 'None'
[0.131s] [34mcolcon.colcon_core.verb[0m [1;30mLevel 5[0m set package 'cxd5602pwbimu_driver_bringup' build argument 'cmake_target_skip_unavailable' from command line to 'False'
[0.131s] [34mcolcon.colcon_core.verb[0m [1;30mLevel 5[0m set package 'cxd5602pwbimu_driver_bringup' build argument 'cmake_clean_cache' from command line to 'False'
[0.131s] [34mcolcon.colcon_core.verb[0m [1;30mLevel 5[0m set package 'cxd5602pwbimu_driver_bringup' build argument 'cmake_clean_first' from command line to 'False'
[0.131s] [34mcolcon.colcon_core.verb[0m [1;30mLevel 5[0m set package 'cxd5602pwbimu_driver_bringup' build argument 'cmake_force_configure' from command line to 'False'
[0.131s] [34mcolcon.colcon_core.verb[0m [1;30mLevel 5[0m set package 'cxd5602pwbimu_driver_bringup' build argument 'ament_cmake_args' from command line to 'None'
[0.131s] [34mcolcon.colcon_core.verb[0m [1;30mLevel 5[0m set package 'cxd5602pwbimu_driver_bringup' build argument 'catkin_cmake_args' from command line to 'None'
[0.131s] [34mcolcon.colcon_core.verb[0m [1;30mLevel 5[0m set package 'cxd5602pwbimu_driver_bringup' build argument 'catkin_skip_building_tests' from command line to 'False'
[0.131s] [34mcolcon.colcon_core.verb[0m [1;30mDEBUG[0m [32mBuilding package 'cxd5602pwbimu_driver_bringup' with the following arguments: {'ament_cmake_args': None, 'build_base': '/Users/yosuke/gits/cxd5602pwbimu_ros2_driver/ros2_ws/build/cxd5602pwbimu_driver_bringup', 'catkin_cmake_args': None, 'catkin_skip_building_tests': False, 'cmake_args': None, 'cmake_clean_cache': False, 'cmake_clean_first': False, 'cmake_force_configure': False, 'cmake_target': None, 'cmake_target_skip_unavailable': False, 'install_base': '/Users/yosuke/gits/cxd5602pwbimu_ros2_driver/ros2_ws/install/cxd5602pwbimu_driver_bringup', 'merge_install': False, 'path': '/Users/yosuke/gits/cxd5602pwbimu_ros2_driver/ros2_ws/src/cxd5602pwbimu_driver_bringup', 'symlink_install': False, 'test_result_base': None}[0m
[0.131s] [34mcolcon.colcon_core.verb[0m [1;30mLevel 5[0m set package 'cxd5602pwbimu_driver' build argument 'cmake_args' from command line to 'None'
[0.131s] [34mcolcon.colcon_core.verb[0m [1;30mLevel 5[0m set package 'cxd5602pwbimu_driver' build argument 'cmake_target' from command line to 'None'
[0.131s] [34mcolcon.colcon_core.verb[0m [1;30mLevel 5[0m set package 'cxd5602pwbimu_driver' build argument 'cmake_target_skip_unavailable' from command line to 'False'
[0.131s] [34mcolcon.colcon_core.verb[0m [1;30mLevel 5[0m set package 'cxd5602pwbimu_driver' build argument 'cmake_clean_cache' from command line to 'False'
[0.131s] [34mcolcon.colcon_core.verb[0m [1;30mLevel 5[0m set package 'cxd5602pwbimu_driver' build argument 'cmake_clean_first' from command line to 'False'
[0.131s] [34mcolcon.colcon_core.verb[0m [1;30mLevel 5[0m set package 'cxd5602pwbimu_driver' build argument 'cmake_force_configure' from command line to 'False'
[0.131s] [34mcolcon.colcon_core.verb[0m [1;30mLevel 5[0m set package 'cxd5602pwbimu_driver' build argument 'ament_cmake_args' from command line to 'None'
[0.131s] [34mcolcon.colcon_core.verb[0m [1;30mLevel 5[0m set package 'cxd5602pwbimu_driver' build argument 'catkin_cmake_args' from command line to 'None'
[0.131s] [34mcolcon.colcon_core.verb[0m [1;30mLevel 5[0m set package 'cxd5602pwbimu_driver' build argument 'catkin_skip_building_tests' from command line to 'False'
[0.131s] [34mcolcon.colcon_core.verb[0m [1;30mDEBUG[0m [32mBuilding package 'cxd5602pwbimu_driver' with the following arguments: {'ament_cmake_args': None, 'build_base': '/Users/yosuke/gits/cxd5602pwbimu_ros2_driver/ros2_ws/build/cxd5602pwbimu_driver', 'catkin_cmake_args': None, 'catkin_skip_building_tests': False, 'cmake_args': None, 'cmake_clean_cache': False, 'cmake_clean_first': False, 'cmake_force_configure': False, 'cmake_target': None, 'cmake_target_skip_unavailable': False, 'install_base': '/Users/yosuke/gits/cxd5602pwbimu_ros2_driver/ros2_ws/install/cxd5602pwbimu_driver', 'merge_install': False, 'path': '/Users/yosuke/gits/cxd5602pwbimu_ros2_driver/ros2_ws/src/cxd5602pwbimu_driver', 'symlink_install': False, 'test_result_base': None}[0m
[0.131s] [34mcolcon.colcon_core.executor[0m [1;30mINFO[0m Executing jobs using 'parallel' executor
[0.131s] [34mcolcon.colcon_parallel_executor.executor.parallel[0m [1;30mDEBUG[0m [32mrun_until_complete[0m
[0.131s] [34mcolcon.colcon_ros.task.ament_cmake.build[0m [1;30mINFO[0m Building ROS package in '/Users/yosuke/gits/cxd5602pwbimu_ros2_driver/ros2_ws/src/h6x_serial_interface/h6x_serial_interface' with build type 'ament_cmake'
[0.132s] [34mcolcon.colcon_cmake.task.cmake.build[0m [1;30mINFO[0m Building CMake package in '/Users/yosuke/gits/cxd5602pwbimu_ros2_driver/ros2_ws/src/h6x_serial_interface/h6x_serial_interface'
[0.133s] [34mcolcon.colcon_core.plugin_system[0m [1;30mINFO[0m Skipping extension 'colcon_core.shell.bat': Not used on non-Windows systems
[0.133s] [34mcolcon.colcon_core.shell[0m [1;30mINFO[0m Skip shell extension 'powershell' for command environment: Not usable outside of PowerShell
[0.133s] [34mcolcon.colcon_core.shell[0m [1;30mDEBUG[0m [32mSkip shell extension 'dsv' for command environment[0m
[0.133s] [34mcolcon.colcon_ros.prefix_path.ament[0m [1;30mWARNING[0m [33mThe path '/Users/yosuke/gits/cxd5602pwbimu_ros2_driver/ros2_ws/install/imu_tools' in the environment variable AMENT_PREFIX_PATH doesn't exist[0m
[0.133s] [34mcolcon.colcon_ros.prefix_path.ament[0m [1;30mWARNING[0m [33mThe path '/Users/yosuke/gits/cxd5602pwbimu_ros2_driver/ros2_ws/install/rviz_imu_plugin' in the environment variable AMENT_PREFIX_PATH doesn't exist[0m
[0.133s] [34mcolcon.colcon_ros.prefix_path.ament[0m [1;30mWARNING[0m [33mThe path '/Users/yosuke/gits/cxd5602pwbimu_ros2_driver/ros2_ws/install/imu_filter_madgwick' in the environment variable AMENT_PREFIX_PATH doesn't exist[0m
[0.133s] [34mcolcon.colcon_ros.prefix_path.ament[0m [1;30mWARNING[0m [33mThe path '/Users/yosuke/gits/cxd5602pwbimu_ros2_driver/ros2_ws/install/imu_complementary_filter' in the environment variable AMENT_PREFIX_PATH doesn't exist[0m
[0.133s] [34mcolcon.colcon_ros.prefix_path.ament[0m [1;30mWARNING[0m [33mThe path '/Users/yosuke/gits/cxd5602pwbimu_ros2_driver/ros2_ws/install/h6x_serial_interface_example' in the environment variable AMENT_PREFIX_PATH doesn't exist[0m
[0.133s] [34mcolcon.colcon_ros.prefix_path.ament[0m [1;30mWARNING[0m [33mThe path '/Users/yosuke/gits/cxd5602pwbimu_ros2_driver/ros2_ws/install/cxd5602pwbimu_driver' in the environment variable AMENT_PREFIX_PATH doesn't exist[0m
[0.133s] [34mcolcon.colcon_ros.prefix_path.ament[0m [1;30mWARNING[0m [33mThe path '/Users/yosuke/gits/cxd5602pwbimu_ros2_driver/ros2_ws/install/cxd5602pwbimu_driver_bringup' in the environment variable AMENT_PREFIX_PATH doesn't exist[0m
[0.133s] [34mcolcon.colcon_ros.prefix_path.ament[0m [1;30mWARNING[0m [33mThe path '/Users/yosuke/gits/cxd5602pwbimu_ros2_driver/ros2_ws/install/cxd5602pwbimu_driver_node' in the environment variable AMENT_PREFIX_PATH doesn't exist[0m
[0.133s] [34mcolcon.colcon_ros.prefix_path.ament[0m [1;30mWARNING[0m [33mThe path '/Users/yosuke/gits/cxd5602pwbimu_ros2_driver/ros2_ws/install/h6x_serial_interface' in the environment variable AMENT_PREFIX_PATH doesn't exist[0m
[0.133s] [34mcolcon.colcon_ros.prefix_path.ament[0m [1;30mWARNING[0m [33mThe path '/Users/yosuke/gits/cxd5602pwbimu_ros2_driver/ros2_ws/install/h6x_packet_handler' in the environment variable AMENT_PREFIX_PATH doesn't exist[0m
[0.133s] [34mcolcon.colcon_ros.prefix_path.catkin[0m [1;30mWARNING[0m [33mThe path '/Users/yosuke/gits/cxd5602pwbimu_ros2_driver/ros2_ws/install/imu_tools' in the environment variable CMAKE_PREFIX_PATH doesn't exist[0m
[0.133s] [34mcolcon.colcon_ros.prefix_path.catkin[0m [1;30mWARNING[0m [33mThe path '/Users/yosuke/gits/cxd5602pwbimu_ros2_driver/ros2_ws/install/rviz_imu_plugin' in the environment variable CMAKE_PREFIX_PATH doesn't exist[0m
[0.133s] [34mcolcon.colcon_ros.prefix_path.catkin[0m [1;30mWARNING[0m [33mThe path '/Users/yosuke/gits/cxd5602pwbimu_ros2_driver/ros2_ws/install/imu_filter_madgwick' in the environment variable CMAKE_PREFIX_PATH doesn't exist[0m
[0.133s] [34mcolcon.colcon_ros.prefix_path.catkin[0m [1;30mWARNING[0m [33mThe path '/Users/yosuke/gits/cxd5602pwbimu_ros2_driver/ros2_ws/install/imu_complementary_filter' in the environment variable CMAKE_PREFIX_PATH doesn't exist[0m
[0.134s] [34mcolcon.colcon_ros.prefix_path.catkin[0m [1;30mWARNING[0m [33mThe path '/Users/yosuke/gits/cxd5602pwbimu_ros2_driver/ros2_ws/install/h6x_serial_interface_example' in the environment variable CMAKE_PREFIX_PATH doesn't exist[0m
[0.134s] [34mcolcon.colcon_ros.prefix_path.catkin[0m [1;30mWARNING[0m [33mThe path '/Users/yosuke/gits/cxd5602pwbimu_ros2_driver/ros2_ws/install/cxd5602pwbimu_driver' in the environment variable CMAKE_PREFIX_PATH doesn't exist[0m
[0.134s] [34mcolcon.colcon_ros.prefix_path.catkin[0m [1;30mWARNING[0m [33mThe path '/Users/yosuke/gits/cxd5602pwbimu_ros2_driver/ros2_ws/install/cxd5602pwbimu_driver_node' in the environment variable CMAKE_PREFIX_PATH doesn't exist[0m
[0.134s] [34mcolcon.colcon_ros.prefix_path.catkin[0m [1;30mWARNING[0m [33mThe path '/Users/yosuke/gits/cxd5602pwbimu_ros2_driver/ros2_ws/install/h6x_serial_interface' in the environment variable CMAKE_PREFIX_PATH doesn't exist[0m
[0.134s] [34mcolcon.colcon_ros.prefix_path.catkin[0m [1;30mWARNING[0m [33mThe path '/Users/yosuke/gits/cxd5602pwbimu_ros2_driver/ros2_ws/install/h6x_packet_handler' in the environment variable CMAKE_PREFIX_PATH doesn't exist[0m
[0.136s] [34mcolcon.colcon_ros.task.ament_cmake.build[0m [1;30mINFO[0m Building ROS package in '/Users/yosuke/gits/cxd5602pwbimu_ros2_driver/ros2_ws/src/imu_tools/imu_filter_madgwick' with build type 'ament_cmake'
[0.137s] [34mcolcon.colcon_cmake.task.cmake.build[0m [1;30mINFO[0m Building CMake package in '/Users/yosuke/gits/cxd5602pwbimu_ros2_driver/ros2_ws/src/imu_tools/imu_filter_madgwick'
[0.137s] [34mcolcon.colcon_core.shell[0m [1;30mINFO[0m Skip shell extension 'powershell' for command environment: Not usable outside of PowerShell
[0.137s] [34mcolcon.colcon_core.shell[0m [1;30mDEBUG[0m [32mSkip shell extension 'dsv' for command environment[0m
[0.139s] [34mcolcon.colcon_ros.task.ament_cmake.build[0m [1;30mINFO[0m Building ROS package in '/Users/yosuke/gits/cxd5602pwbimu_ros2_driver/ros2_ws/src/imu_tools/imu_complementary_filter' with build type 'ament_cmake'
[0.139s] [34mcolcon.colcon_cmake.task.cmake.build[0m [1;30mINFO[0m Building CMake package in '/Users/yosuke/gits/cxd5602pwbimu_ros2_driver/ros2_ws/src/imu_tools/imu_complementary_filter'
[0.140s] [34mcolcon.colcon_core.shell[0m [1;30mINFO[0m Skip shell extension 'powershell' for command environment: Not usable outside of PowerShell
[0.140s] [34mcolcon.colcon_core.shell[0m [1;30mDEBUG[0m [32mSkip shell extension 'dsv' for command environment[0m
[0.142s] [34mcolcon.colcon_ros.task.ament_cmake.build[0m [1;30mINFO[0m Building ROS package in '/Users/yosuke/gits/cxd5602pwbimu_ros2_driver/ros2_ws/src/imu_tools/rviz_imu_plugin' with build type 'ament_cmake'
[0.143s] [34mcolcon.colcon_cmake.task.cmake.build[0m [1;30mINFO[0m Building CMake package in '/Users/yosuke/gits/cxd5602pwbimu_ros2_driver/ros2_ws/src/imu_tools/rviz_imu_plugin'
[0.143s] [34mcolcon.colcon_core.shell[0m [1;30mINFO[0m Skip shell extension 'powershell' for command environment: Not usable outside of PowerShell
[0.143s] [34mcolcon.colcon_core.shell[0m [1;30mDEBUG[0m [32mSkip shell extension 'dsv' for command environment[0m
[0.146s] [34mcolcon.colcon_ros.task.ament_cmake.build[0m [1;30mINFO[0m Building ROS package in '/Users/yosuke/gits/cxd5602pwbimu_ros2_driver/ros2_ws/src/h6x_serial_interface/h6x_packet_handler' with build type 'ament_cmake'
[0.146s] [34mcolcon.colcon_cmake.task.cmake.build[0m [1;30mINFO[0m Building CMake package in '/Users/yosuke/gits/cxd5602pwbimu_ros2_driver/ros2_ws/src/h6x_serial_interface/h6x_packet_handler'
[0.147s] [34mcolcon.colcon_core.shell[0m [1;30mINFO[0m Skip shell extension 'powershell' for command environment: Not usable outside of PowerShell
[0.147s] [34mcolcon.colcon_core.shell[0m [1;30mDEBUG[0m [32mSkip shell extension 'dsv' for command environment[0m
[0.150s] [34mcolcon.colcon_ros.task.ament_cmake.build[0m [1;30mINFO[0m Building ROS package in '/Users/yosuke/gits/cxd5602pwbimu_ros2_driver/ros2_ws/src/imu_trajectory_filter' with build type 'ament_cmake'
[0.151s] [34mcolcon.colcon_cmake.task.cmake.build[0m [1;30mINFO[0m Building CMake package in '/Users/yosuke/gits/cxd5602pwbimu_ros2_driver/ros2_ws/src/imu_trajectory_filter'
[0.151s] [34mcolcon.colcon_core.shell[0m [1;30mINFO[0m Skip shell extension 'powershell' for command environment: Not usable outside of PowerShell
[0.151s] [34mcolcon.colcon_core.shell[0m [1;30mDEBUG[0m [32mSkip shell extension 'dsv' for command environment[0m
[0.160s] [34mcolcon.colcon_core.event_handler.log_command[0m [1;30mDEBUG[0m [32mInvoking command in '/Users/yosuke/gits/cxd5602pwbimu_ros2_driver/ros2_ws/build/h6x_serial_interface': CMAKE_PREFIX_PATH=${CMAKE_PREFIX_PATH}:/Users/yosuke/gits/cxd5602pwbimu_ros2_driver/ros2_ws/install/cxd5602pwbimu_driver_bringup:/Users/yosuke/miniforge3/envs/ros_env CONDA_PROMPT_MODIFIER=(ros_env) SHLVL=2 _=/Users/yosuke/miniforge3/envs/ros_env/bin/env /Users/yosuke/miniforge3/envs/ros_env/bin/cmake /Users/yosuke/gits/cxd5602pwbimu_ros2_driver/ros2_ws/src/h6x_serial_interface/h6x_serial_interface -DCMAKE_INSTALL_PREFIX=/Users/yosuke/gits/cxd5602pwbimu_ros2_driver/ros2_ws/install/h6x_serial_interface[0m
[0.162s] [34mcolcon.colcon_core.event_handler.log_command[0m [1;30mDEBUG[0m [32mInvoking command in '/Users/yosuke/gits/cxd5602pwbimu_ros2_driver/ros2_ws/build/imu_filter_madgwick': CMAKE_PREFIX_PATH=${CMAKE_PREFIX_PATH}:/Users/yosuke/gits/cxd5602pwbimu_ros2_driver/ros2_ws/install/cxd5602pwbimu_driver_bringup:/Users/yosuke/miniforge3/envs/ros_env CONDA_PROMPT_MODIFIER=(ros_env) SHLVL=2 _=/Users/yosuke/miniforge3/envs/ros_env/bin/env /Users/yosuke/miniforge3/envs/ros_env/bin/cmake /Users/yosuke/gits/cxd5602pwbimu_ros2_driver/ros2_ws/src/imu_tools/imu_filter_madgwick -DCMAKE_INSTALL_PREFIX=/Users/yosuke/gits/cxd5602pwbimu_ros2_driver/ros2_ws/install/imu_filter_madgwick[0m
[0.167s] [34mcolcon.colcon_core.event_handler.log_command[0m [1;30mDEBUG[0m [32mInvoking command in '/Users/yosuke/gits/cxd5602pwbimu_ros2_driver/ros2_ws/build/imu_complementary_filter': CMAKE_PREFIX_PATH=${CMAKE_PREFIX_PATH}:/Users/yosuke/gits/cxd5602pwbimu_ros2_driver/ros2_ws/install/cxd5602pwbimu_driver_bringup:/Users/yosuke/miniforge3/envs/ros_env CONDA_PROMPT_MODIFIER=(ros_env) SHLVL=2 _=/Users/yosuke/miniforge3/envs/ros_env/bin/env /Users/yosuke/miniforge3/envs/ros_env/bin/cmake /Users/yosuke/gits/cxd5602pwbimu_ros2_driver/ros2_ws/src/imu_tools/imu_complementary_filter -DCMAKE_INSTALL_PREFIX=/Users/yosuke/gits/cxd5602pwbimu_ros2_driver/ros2_ws/install/imu_complementary_filter[0m
[0.172s] [34mcolcon.colcon_core.event_handler.log_command[0m [1;30mDEBUG[0m [32mInvoking command in '/Users/yosuke/gits/cxd5602pwbimu_ros2_driver/ros2_ws/build/rviz_imu_plugin': CMAKE_PREFIX_PATH=${CMAKE_PREFIX_PATH}:/Users/yosuke/gits/cxd5602pwbimu_ros2_driver/ros2_ws/install/cxd5602pwbimu_driver_bringup:/Users/yosuke/miniforge3/envs/ros_env CONDA_PROMPT_MODIFIER=(ros_env) SHLVL=2 _=/Users/yosuke/miniforge3/envs/ros_env/bin/env /Users/yosuke/miniforge3/envs/ros_env/bin/cmake /Users/yosuke/gits/cxd5602pwbimu_ros2_driver/ros2_ws/src/imu_tools/rviz_imu_plugin -DCMAKE_INSTALL_PREFIX=/Users/yosuke/gits/cxd5602pwbimu_ros2_driver/ros2_ws/install/rviz_imu_plugin[0m
[0.180s] [34mcolcon.colcon_core.event_handler.log_command[0m [1;30mDEBUG[0m [32mInvoking command in '/Users/yosuke/gits/cxd5602pwbimu_ros2_driver/ros2_ws/build/h6x_packet_handler': CMAKE_PREFIX_PATH=${CMAKE_PREFIX_PATH}:/Users/yosuke/gits/cxd5602pwbimu_ros2_driver/ros2_ws/install/cxd5602pwbimu_driver_bringup:/Users/yosuke/miniforge3/envs/ros_env CONDA_PROMPT_MODIFIER=(ros_env) SHLVL=2 _=/Users/yosuke/miniforge3/envs/ros_env/bin/env /Users/yosuke/miniforge3/envs/ros_env/bin/cmake /Users/yosuke/gits/cxd5602pwbimu_ros2_driver/ros2_ws/src/h6x_serial_interface/h6x_packet_handler -DCMAKE_INSTALL_PREFIX=/Users/yosuke/gits/cxd5602pwbimu_ros2_driver/ros2_ws/install/h6x_packet_handler[0m
[0.189s] [34mcolcon.colcon_core.event_handler.log_command[0m [1;30mDEBUG[0m [32mInvoking command in '/Users/yosuke/gits/cxd5602pwbimu_ros2_driver/ros2_ws/build/imu_trajectory_filter': CMAKE_PREFIX_PATH=${CMAKE_PREFIX_PATH}:/Users/yosuke/gits/cxd5602pwbimu_ros2_driver/ros2_ws/install/cxd5602pwbimu_driver_bringup:/Users/yosuke/miniforge3/envs/ros_env CONDA_PROMPT_MODIFIER=(ros_env) SHLVL=2 _=/Users/yosuke/miniforge3/envs/ros_env/bin/env /Users/yosuke/miniforge3/envs/ros_env/bin/cmake /Users/yosuke/gits/cxd5602pwbimu_ros2_driver/ros2_ws/src/imu_trajectory_filter -DCMAKE_INSTALL_PREFIX=/Users/yosuke/gits/cxd5602pwbimu_ros2_driver/ros2_ws/install/imu_trajectory_filter[0m
[2.243s] [34mcolcon.colcon_core.event_handler.log_command[0m [1;30mDEBUG[0m [32mInvoked command in '/Users/yosuke/gits/cxd5602pwbimu_ros2_driver/ros2_ws/build/h6x_packet_handler' returned '0': CMAKE_PREFIX_PATH=${CMAKE_PREFIX_PATH}:/Users/yosuke/gits/cxd5602pwbimu_ros2_driver/ros2_ws/install/cxd5602pwbimu_driver_bringup:/Users/yosuke/miniforge3/envs/ros_env CONDA_PROMPT_MODIFIER=(ros_env) SHLVL=2 _=/Users/yosuke/miniforge3/envs/ros_env/bin/env /Users/yosuke/miniforge3/envs/ros_env/bin/cmake /Users/yosuke/gits/cxd5602pwbimu_ros2_driver/ros2_ws/src/h6x_serial_interface/h6x_packet_handler -DCMAKE_INSTALL_PREFIX=/Users/yosuke/gits/cxd5602pwbimu_ros2_driver/ros2_ws/install/h6x_packet_handler[0m
[2.246s] [34mcolcon.colcon_core.event_handler.log_command[0m [1;30mDEBUG[0m [32mInvoking command in '/Users/yosuke/gits/cxd5602pwbimu_ros2_driver/ros2_ws/build/h6x_packet_handler': CMAKE_PREFIX_PATH=${CMAKE_PREFIX_PATH}:/Users/yosuke/gits/cxd5602pwbimu_ros2_driver/ros2_ws/install/cxd5602pwbimu_driver_bringup:/Users/yosuke/miniforge3/envs/ros_env CONDA_PROMPT_MODIFIER=(ros_env) SHLVL=2 _=/Users/yosuke/miniforge3/envs/ros_env/bin/env /Users/yosuke/miniforge3/envs/ros_env/bin/cmake --build /Users/yosuke/gits/cxd5602pwbimu_ros2_driver/ros2_ws/build/h6x_packet_handler -- -j10 -l10[0m
[6.627s] [34mcolcon.colcon_core.event_handler.log_command[0m [1;30mDEBUG[0m [32mInvoked command in '/Users/yosuke/gits/cxd5602pwbimu_ros2_driver/ros2_ws/build/h6x_packet_handler' returned '0': CMAKE_PREFIX_PATH=${CMAKE_PREFIX_PATH}:/Users/yosuke/gits/cxd5602pwbimu_ros2_driver/ros2_ws/install/cxd5602pwbimu_driver_bringup:/Users/yosuke/miniforge3/envs/ros_env CONDA_PROMPT_MODIFIER=(ros_env) SHLVL=2 _=/Users/yosuke/miniforge3/envs/ros_env/bin/env /Users/yosuke/miniforge3/envs/ros_env/bin/cmake --build /Users/yosuke/gits/cxd5602pwbimu_ros2_driver/ros2_ws/build/h6x_packet_handler -- -j10 -l10[0m
[7.054s] [34mcolcon.colcon_core.event_handler.log_command[0m [1;30mDEBUG[0m [32mInvoking command in '/Users/yosuke/gits/cxd5602pwbimu_ros2_driver/ros2_ws/build/h6x_packet_handler': CMAKE_PREFIX_PATH=${CMAKE_PREFIX_PATH}:/Users/yosuke/gits/cxd5602pwbimu_ros2_driver/ros2_ws/install/cxd5602pwbimu_driver_bringup:/Users/yosuke/miniforge3/envs/ros_env CONDA_PROMPT_MODIFIER=(ros_env) SHLVL=2 _=/Users/yosuke/miniforge3/envs/ros_env/bin/env /Users/yosuke/miniforge3/envs/ros_env/bin/cmake --install /Users/yosuke/gits/cxd5602pwbimu_ros2_driver/ros2_ws/build/h6x_packet_handler[0m
[7.072s] [34mcolcon.colcon_core.event_handler.log_command[0m [1;30mDEBUG[0m [32mInvoked command in '/Users/yosuke/gits/cxd5602pwbimu_ros2_driver/ros2_ws/build/h6x_serial_interface' returned '0': CMAKE_PREFIX_PATH=${CMAKE_PREFIX_PATH}:/Users/yosuke/gits/cxd5602pwbimu_ros2_driver/ros2_ws/install/cxd5602pwbimu_driver_bringup:/Users/yosuke/miniforge3/envs/ros_env CONDA_PROMPT_MODIFIER=(ros_env) SHLVL=2 _=/Users/yosuke/miniforge3/envs/ros_env/bin/env /Users/yosuke/miniforge3/envs/ros_env/bin/cmake /Users/yosuke/gits/cxd5602pwbimu_ros2_driver/ros2_ws/src/h6x_serial_interface/h6x_serial_interface -DCMAKE_INSTALL_PREFIX=/Users/yosuke/gits/cxd5602pwbimu_ros2_driver/ros2_ws/install/h6x_serial_interface[0m
[7.073s] [34mcolcon.colcon_core.event_handler.log_command[0m [1;30mDEBUG[0m [32mInvoking command in '/Users/yosuke/gits/cxd5602pwbimu_ros2_driver/ros2_ws/build/h6x_serial_interface': CMAKE_PREFIX_PATH=${CMAKE_PREFIX_PATH}:/Users/yosuke/gits/cxd5602pwbimu_ros2_driver/ros2_ws/install/cxd5602pwbimu_driver_bringup:/Users/yosuke/miniforge3/envs/ros_env CONDA_PROMPT_MODIFIER=(ros_env) SHLVL=2 _=/Users/yosuke/miniforge3/envs/ros_env/bin/env /Users/yosuke/miniforge3/envs/ros_env/bin/cmake --build /Users/yosuke/gits/cxd5602pwbimu_ros2_driver/ros2_ws/build/h6x_serial_interface -- -j10 -l10[0m
[7.074s] [34mcolcon.colcon_core.environment[0m [1;30mLevel 1[0m create_environment_scripts_only(h6x_packet_handler)
[7.076s] [34mcolcon.colcon_core.event_handler.log_command[0m [1;30mDEBUG[0m [32mInvoked command in '/Users/yosuke/gits/cxd5602pwbimu_ros2_driver/ros2_ws/build/h6x_packet_handler' returned '0': CMAKE_PREFIX_PATH=${CMAKE_PREFIX_PATH}:/Users/yosuke/gits/cxd5602pwbimu_ros2_driver/ros2_ws/install/cxd5602pwbimu_driver_bringup:/Users/yosuke/miniforge3/envs/ros_env CONDA_PROMPT_MODIFIER=(ros_env) SHLVL=2 _=/Users/yosuke/miniforge3/envs/ros_env/bin/env /Users/yosuke/miniforge3/envs/ros_env/bin/cmake --install /Users/yosuke/gits/cxd5602pwbimu_ros2_driver/ros2_ws/build/h6x_packet_handler[0m
[7.079s] [34mcolcon.colcon_core.environment[0m [1;30mLevel 1[0m checking '/Users/yosuke/gits/cxd5602pwbimu_ros2_driver/ros2_ws/install/h6x_packet_handler' for CMake module files
[7.079s] [34mcolcon.colcon_core.environment[0m [1;30mLevel 1[0m checking '/Users/yosuke/gits/cxd5602pwbimu_ros2_driver/ros2_ws/install/h6x_packet_handler' for CMake config files
[7.079s] [34mcolcon.colcon_core.shell[0m [1;30mLevel 1[0m create_environment_hook('h6x_packet_handler', 'cmake_prefix_path')
[7.079s] [34mcolcon.colcon_core.shell[0m [1;30mINFO[0m Creating environment hook '/Users/yosuke/gits/cxd5602pwbimu_ros2_driver/ros2_ws/install/h6x_packet_handler/share/h6x_packet_handler/hook/cmake_prefix_path.ps1'
[7.080s] [34mcolcon.colcon_core.shell[0m [1;30mINFO[0m Creating environment descriptor '/Users/yosuke/gits/cxd5602pwbimu_ros2_driver/ros2_ws/install/h6x_packet_handler/share/h6x_packet_handler/hook/cmake_prefix_path.dsv'
[7.080s] [34mcolcon.colcon_core.shell[0m [1;30mINFO[0m Creating environment hook '/Users/yosuke/gits/cxd5602pwbimu_ros2_driver/ros2_ws/install/h6x_packet_handler/share/h6x_packet_handler/hook/cmake_prefix_path.sh'
[7.081s] [34mcolcon.colcon_core.environment[0m [1;30mLevel 1[0m checking '/Users/yosuke/gits/cxd5602pwbimu_ros2_driver/ros2_ws/install/h6x_packet_handler/lib'
[7.081s] [34mcolcon.colcon_core.shell[0m [1;30mLevel 1[0m create_environment_hook('h6x_packet_handler', 'dyld_library_path')
[7.081s] [34mcolcon.colcon_core.shell[0m [1;30mINFO[0m Creating environment hook '/Users/yosuke/gits/cxd5602pwbimu_ros2_driver/ros2_ws/install/h6x_packet_handler/share/h6x_packet_handler/hook/dyld_library_path.ps1'
[7.081s] [34mcolcon.colcon_core.shell[0m [1;30mINFO[0m Creating environment descriptor '/Users/yosuke/gits/cxd5602pwbimu_ros2_driver/ros2_ws/install/h6x_packet_handler/share/h6x_packet_handler/hook/dyld_library_path.dsv'
[7.081s] [34mcolcon.colcon_core.shell[0m [1;30mINFO[0m Creating environment hook '/Users/yosuke/gits/cxd5602pwbimu_ros2_driver/ros2_ws/install/h6x_packet_handler/share/h6x_packet_handler/hook/dyld_library_path.sh'
[7.081s] [34mcolcon.colcon_core.environment[0m [1;30mLevel 1[0m checking '/Users/yosuke/gits/cxd5602pwbimu_ros2_driver/ros2_ws/install/h6x_packet_handler/bin'
[7.081s] [34mcolcon.colcon_core.environment[0m [1;30mLevel 1[0m checking '/Users/yosuke/gits/cxd5602pwbimu_ros2_driver/ros2_ws/install/h6x_packet_handler/lib/pkgconfig/h6x_packet_handler.pc'
[7.082s] [34mcolcon.colcon_core.environment[0m [1;30mLevel 1[0m checking '/Users/yosuke/gits/cxd5602pwbimu_ros2_driver/ros2_ws/install/h6x_packet_handler/lib/python3.11/site-packages'
[7.082s] [34mcolcon.colcon_core.environment[0m [1;30mLevel 1[0m checking '/Users/yosuke/gits/cxd5602pwbimu_ros2_driver/ros2_ws/install/h6x_packet_handler/bin'
[7.082s] [34mcolcon.colcon_core.shell[0m [1;30mINFO[0m Creating package script '/Users/yosuke/gits/cxd5602pwbimu_ros2_driver/ros2_ws/install/h6x_packet_handler/share/h6x_packet_handler/package.ps1'
[7.082s] [34mcolcon.colcon_core.shell[0m [1;30mINFO[0m Creating package descriptor '/Users/yosuke/gits/cxd5602pwbimu_ros2_driver/ros2_ws/install/h6x_packet_handler/share/h6x_packet_handler/package.dsv'
[7.082s] [34mcolcon.colcon_core.shell[0m [1;30mINFO[0m Creating package script '/Users/yosuke/gits/cxd5602pwbimu_ros2_driver/ros2_ws/install/h6x_packet_handler/share/h6x_packet_handler/package.sh'
[7.083s] [34mcolcon.colcon_core.shell[0m [1;30mINFO[0m Creating package script '/Users/yosuke/gits/cxd5602pwbimu_ros2_driver/ros2_ws/install/h6x_packet_handler/share/h6x_packet_handler/package.bash'
[7.083s] [34mcolcon.colcon_core.shell[0m [1;30mINFO[0m Creating package script '/Users/yosuke/gits/cxd5602pwbimu_ros2_driver/ros2_ws/install/h6x_packet_handler/share/h6x_packet_handler/package.zsh'
[7.083s] [34mcolcon.colcon_core.environment[0m [1;30mLevel 1[0m create_file_with_runtime_dependencies(/Users/yosuke/gits/cxd5602pwbimu_ros2_driver/ros2_ws/install/h6x_packet_handler/share/colcon-core/packages/h6x_packet_handler)
[7.143s] [34mcolcon.colcon_core.event_handler.log_command[0m [1;30mDEBUG[0m [32mInvoked command in '/Users/yosuke/gits/cxd5602pwbimu_ros2_driver/ros2_ws/build/imu_complementary_filter' returned '0': CMAKE_PREFIX_PATH=${CMAKE_PREFIX_PATH}:/Users/yosuke/gits/cxd5602pwbimu_ros2_driver/ros2_ws/install/cxd5602pwbimu_driver_bringup:/Users/yosuke/miniforge3/envs/ros_env CONDA_PROMPT_MODIFIER=(ros_env) SHLVL=2 _=/Users/yosuke/miniforge3/envs/ros_env/bin/env /Users/yosuke/miniforge3/envs/ros_env/bin/cmake /Users/yosuke/gits/cxd5602pwbimu_ros2_driver/ros2_ws/src/imu_tools/imu_complementary_filter -DCMAKE_INSTALL_PREFIX=/Users/yosuke/gits/cxd5602pwbimu_ros2_driver/ros2_ws/install/imu_complementary_filter[0m
[7.148s] [34mcolcon.colcon_core.event_handler.log_command[0m [1;30mDEBUG[0m [32mInvoking command in '/Users/yosuke/gits/cxd5602pwbimu_ros2_driver/ros2_ws/build/imu_complementary_filter': CMAKE_PREFIX_PATH=${CMAKE_PREFIX_PATH}:/Users/yosuke/gits/cxd5602pwbimu_ros2_driver/ros2_ws/install/cxd5602pwbimu_driver_bringup:/Users/yosuke/miniforge3/envs/ros_env CONDA_PROMPT_MODIFIER=(ros_env) SHLVL=2 _=/Users/yosuke/miniforge3/envs/ros_env/bin/env /Users/yosuke/miniforge3/envs/ros_env/bin/cmake --build /Users/yosuke/gits/cxd5602pwbimu_ros2_driver/ros2_ws/build/imu_complementary_filter -- -j10 -l10[0m
[7.261s] [34mcolcon.colcon_core.event_handler.log_command[0m [1;30mDEBUG[0m [32mInvoked command in '/Users/yosuke/gits/cxd5602pwbimu_ros2_driver/ros2_ws/build/imu_trajectory_filter' returned '0': CMAKE_PREFIX_PATH=${CMAKE_PREFIX_PATH}:/Users/yosuke/gits/cxd5602pwbimu_ros2_driver/ros2_ws/install/cxd5602pwbimu_driver_bringup:/Users/yosuke/miniforge3/envs/ros_env CONDA_PROMPT_MODIFIER=(ros_env) SHLVL=2 _=/Users/yosuke/miniforge3/envs/ros_env/bin/env /Users/yosuke/miniforge3/envs/ros_env/bin/cmake /Users/yosuke/gits/cxd5602pwbimu_ros2_driver/ros2_ws/src/imu_trajectory_filter -DCMAKE_INSTALL_PREFIX=/Users/yosuke/gits/cxd5602pwbimu_ros2_driver/ros2_ws/install/imu_trajectory_filter[0m
[7.262s] [34mcolcon.colcon_core.event_handler.log_command[0m [1;30mDEBUG[0m [32mInvoking command in '/Users/yosuke/gits/cxd5602pwbimu_ros2_driver/ros2_ws/build/imu_trajectory_filter': CMAKE_PREFIX_PATH=${CMAKE_PREFIX_PATH}:/Users/yosuke/gits/cxd5602pwbimu_ros2_driver/ros2_ws/install/cxd5602pwbimu_driver_bringup:/Users/yosuke/miniforge3/envs/ros_env CONDA_PROMPT_MODIFIER=(ros_env) SHLVL=2 _=/Users/yosuke/miniforge3/envs/ros_env/bin/env /Users/yosuke/miniforge3/envs/ros_env/bin/cmake --build /Users/yosuke/gits/cxd5602pwbimu_ros2_driver/ros2_ws/build/imu_trajectory_filter -- -j10 -l10[0m
[7.303s] [34mcolcon.colcon_core.event_handler.log_command[0m [1;30mDEBUG[0m [32mInvoked command in '/Users/yosuke/gits/cxd5602pwbimu_ros2_driver/ros2_ws/build/imu_filter_madgwick' returned '0': CMAKE_PREFIX_PATH=${CMAKE_PREFIX_PATH}:/Users/yosuke/gits/cxd5602pwbimu_ros2_driver/ros2_ws/install/cxd5602pwbimu_driver_bringup:/Users/yosuke/miniforge3/envs/ros_env CONDA_PROMPT_MODIFIER=(ros_env) SHLVL=2 _=/Users/yosuke/miniforge3/envs/ros_env/bin/env /Users/yosuke/miniforge3/envs/ros_env/bin/cmake /Users/yosuke/gits/cxd5602pwbimu_ros2_driver/ros2_ws/src/imu_tools/imu_filter_madgwick -DCMAKE_INSTALL_PREFIX=/Users/yosuke/gits/cxd5602pwbimu_ros2_driver/ros2_ws/install/imu_filter_madgwick[0m
[7.306s] [34mcolcon.colcon_core.event_handler.log_command[0m [1;30mDEBUG[0m [32mInvoking command in '/Users/yosuke/gits/cxd5602pwbimu_ros2_driver/ros2_ws/build/imu_filter_madgwick': CMAKE_PREFIX_PATH=${CMAKE_PREFIX_PATH}:/Users/yosuke/gits/cxd5602pwbimu_ros2_driver/ros2_ws/install/cxd5602pwbimu_driver_bringup:/Users/yosuke/miniforge3/envs/ros_env CONDA_PROMPT_MODIFIER=(ros_env) SHLVL=2 _=/Users/yosuke/miniforge3/envs/ros_env/bin/env /Users/yosuke/miniforge3/envs/ros_env/bin/cmake --build /Users/yosuke/gits/cxd5602pwbimu_ros2_driver/ros2_ws/build/imu_filter_madgwick -- -j10 -l10[0m
[7.657s] [34mcolcon.colcon_core.environment[0m [1;30mLevel 1[0m create_environment_scripts_only(h6x_packet_handler)
[7.657s] [34mcolcon.colcon_core.environment[0m [1;30mLevel 1[0m checking '/Users/yosuke/gits/cxd5602pwbimu_ros2_driver/ros2_ws/install/h6x_packet_handler' for CMake module files
[7.658s] [34mcolcon.colcon_core.environment[0m [1;30mLevel 1[0m checking '/Users/yosuke/gits/cxd5602pwbimu_ros2_driver/ros2_ws/install/h6x_packet_handler' for CMake config files
[7.658s] [34mcolcon.colcon_core.shell[0m [1;30mLevel 1[0m create_environment_hook('h6x_packet_handler', 'cmake_prefix_path')
[7.658s] [34mcolcon.colcon_core.shell[0m [1;30mINFO[0m Creating environment hook '/Users/yosuke/gits/cxd5602pwbimu_ros2_driver/ros2_ws/install/h6x_packet_handler/share/h6x_packet_handler/hook/cmake_prefix_path.ps1'
[7.659s] [34mcolcon.colcon_core.shell[0m [1;30mINFO[0m Creating environment descriptor '/Users/yosuke/gits/cxd5602pwbimu_ros2_driver/ros2_ws/install/h6x_packet_handler/share/h6x_packet_handler/hook/cmake_prefix_path.dsv'
[7.659s] [34mcolcon.colcon_core.shell[0m [1;30mINFO[0m Creating environment hook '/Users/yosuke/gits/cxd5602pwbimu_ros2_driver/ros2_ws/install/h6x_packet_handler/share/h6x_packet_handler/hook/cmake_prefix_path.sh'
[7.660s] [34mcolcon.colcon_core.environment[0m [1;30mLevel 1[0m checking '/Users/yosuke/gits/cxd5602pwbimu_ros2_driver/ros2_ws/install/h6x_packet_handler/lib'
[7.660s] [34mcolcon.colcon_core.shell[0m [1;30mLevel 1[0m create_environment_hook('h6x_packet_handler', 'dyld_library_path')
[7.661s] [34mcolcon.colcon_core.shell[0m [1;30mINFO[0m Creating environment hook '/Users/yosuke/gits/cxd5602pwbimu_ros2_driver/ros2_ws/install/h6x_packet_handler/share/h6x_packet_handler/hook/dyld_library_path.ps1'
[7.661s] [34mcolcon.colcon_core.shell[0m [1;30mINFO[0m Creating environment descriptor '/Users/yosuke/gits/cxd5602pwbimu_ros2_driver/ros2_ws/install/h6x_packet_handler/share/h6x_packet_handler/hook/dyld_library_path.dsv'
[7.661s] [34mcolcon.colcon_core.shell[0m [1;30mINFO[0m Creating environment hook '/Users/yosuke/gits/cxd5602pwbimu_ros2_driver/ros2_ws/install/h6x_packet_handler/share/h6x_packet_handler/hook/dyld_library_path.sh'
[7.662s] [34mcolcon.colcon_core.environment[0m [1;30mLevel 1[0m checking '/Users/yosuke/gits/cxd5602pwbimu_ros2_driver/ros2_ws/install/h6x_packet_handler/bin'
[7.662s] [34mcolcon.colcon_core.environment[0m [1;30mLevel 1[0m checking '/Users/yosuke/gits/cxd5602pwbimu_ros2_driver/ros2_ws/install/h6x_packet_handler/lib/pkgconfig/h6x_packet_handler.pc'
[7.662s] [34mcolcon.colcon_core.environment[0m [1;30mLevel 1[0m checking '/Users/yosuke/gits/cxd5602pwbimu_ros2_driver/ros2_ws/install/h6x_packet_handler/lib/python3.11/site-packages'
[7.662s] [34mcolcon.colcon_core.environment[0m [1;30mLevel 1[0m checking '/Users/yosuke/gits/cxd5602pwbimu_ros2_driver/ros2_ws/install/h6x_packet_handler/bin'
[7.663s] [34mcolcon.colcon_core.shell[0m [1;30mINFO[0m Creating package script '/Users/yosuke/gits/cxd5602pwbimu_ros2_driver/ros2_ws/install/h6x_packet_handler/share/h6x_packet_handler/package.ps1'
[7.663s] [34mcolcon.colcon_core.shell[0m [1;30mINFO[0m Creating package descriptor '/Users/yosuke/gits/cxd5602pwbimu_ros2_driver/ros2_ws/install/h6x_packet_handler/share/h6x_packet_handler/package.dsv'
[7.664s] [34mcolcon.colcon_core.shell[0m [1;30mINFO[0m Creating package script '/Users/yosuke/gits/cxd5602pwbimu_ros2_driver/ros2_ws/install/h6x_packet_handler/share/h6x_packet_handler/package.sh'
[7.664s] [34mcolcon.colcon_core.shell[0m [1;30mINFO[0m Creating package script '/Users/yosuke/gits/cxd5602pwbimu_ros2_driver/ros2_ws/install/h6x_packet_handler/share/h6x_packet_handler/package.bash'
[7.665s] [34mcolcon.colcon_core.shell[0m [1;30mINFO[0m Creating package script '/Users/yosuke/gits/cxd5602pwbimu_ros2_driver/ros2_ws/install/h6x_packet_handler/share/h6x_packet_handler/package.zsh'
[7.665s] [34mcolcon.colcon_core.environment[0m [1;30mLevel 1[0m create_file_with_runtime_dependencies(/Users/yosuke/gits/cxd5602pwbimu_ros2_driver/ros2_ws/install/h6x_packet_handler/share/colcon-core/packages/h6x_packet_handler)
[9.141s] [34mcolcon.colcon_core.event_handler.log_command[0m [1;30mDEBUG[0m [32mInvoked command in '/Users/yosuke/gits/cxd5602pwbimu_ros2_driver/ros2_ws/build/h6x_serial_interface' returned '0': CMAKE_PREFIX_PATH=${CMAKE_PREFIX_PATH}:/Users/yosuke/gits/cxd5602pwbimu_ros2_driver/ros2_ws/install/cxd5602pwbimu_driver_bringup:/Users/yosuke/miniforge3/envs/ros_env CONDA_PROMPT_MODIFIER=(ros_env) SHLVL=2 _=/Users/yosuke/miniforge3/envs/ros_env/bin/env /Users/yosuke/miniforge3/envs/ros_env/bin/cmake --build /Users/yosuke/gits/cxd5602pwbimu_ros2_driver/ros2_ws/build/h6x_serial_interface -- -j10 -l10[0m
[9.427s] [34mcolcon.colcon_core.event_handler.log_command[0m [1;30mDEBUG[0m [32mInvoking command in '/Users/yosuke/gits/cxd5602pwbimu_ros2_driver/ros2_ws/build/h6x_serial_interface': CMAKE_PREFIX_PATH=${CMAKE_PREFIX_PATH}:/Users/yosuke/gits/cxd5602pwbimu_ros2_driver/ros2_ws/install/cxd5602pwbimu_driver_bringup:/Users/yosuke/miniforge3/envs/ros_env CONDA_PROMPT_MODIFIER=(ros_env) SHLVL=2 _=/Users/yosuke/miniforge3/envs/ros_env/bin/env /Users/yosuke/miniforge3/envs/ros_env/bin/cmake --install /Users/yosuke/gits/cxd5602pwbimu_ros2_driver/ros2_ws/build/h6x_serial_interface[0m
[9.490s] [34mcolcon.colcon_core.environment[0m [1;30mLevel 1[0m create_environment_scripts_only(h6x_serial_interface)
[9.490s] [34mcolcon.colcon_core.environment[0m [1;30mLevel 1[0m checking '/Users/yosuke/gits/cxd5602pwbimu_ros2_driver/ros2_ws/install/h6x_serial_interface' for CMake module files
[9.491s] [34mcolcon.colcon_core.event_handler.log_command[0m [1;30mDEBUG[0m [32mInvoked command in '/Users/yosuke/gits/cxd5602pwbimu_ros2_driver/ros2_ws/build/h6x_serial_interface' returned '0': CMAKE_PREFIX_PATH=${CMAKE_PREFIX_PATH}:/Users/yosuke/gits/cxd5602pwbimu_ros2_driver/ros2_ws/install/cxd5602pwbimu_driver_bringup:/Users/yosuke/miniforge3/envs/ros_env CONDA_PROMPT_MODIFIER=(ros_env) SHLVL=2 _=/Users/yosuke/miniforge3/envs/ros_env/bin/env /Users/yosuke/miniforge3/envs/ros_env/bin/cmake --install /Users/yosuke/gits/cxd5602pwbimu_ros2_driver/ros2_ws/build/h6x_serial_interface[0m
[9.492s] [34mcolcon.colcon_core.environment[0m [1;30mLevel 1[0m checking '/Users/yosuke/gits/cxd5602pwbimu_ros2_driver/ros2_ws/install/h6x_serial_interface' for CMake config files
[9.492s] [34mcolcon.colcon_core.shell[0m [1;30mLevel 1[0m create_environment_hook('h6x_serial_interface', 'cmake_prefix_path')
[9.492s] [34mcolcon.colcon_core.shell[0m [1;30mINFO[0m Creating environment hook '/Users/yosuke/gits/cxd5602pwbimu_ros2_driver/ros2_ws/install/h6x_serial_interface/share/h6x_serial_interface/hook/cmake_prefix_path.ps1'
[9.493s] [34mcolcon.colcon_core.shell[0m [1;30mINFO[0m Creating environment descriptor '/Users/yosuke/gits/cxd5602pwbimu_ros2_driver/ros2_ws/install/h6x_serial_interface/share/h6x_serial_interface/hook/cmake_prefix_path.dsv'
[9.493s] [34mcolcon.colcon_core.shell[0m [1;30mINFO[0m Creating environment hook '/Users/yosuke/gits/cxd5602pwbimu_ros2_driver/ros2_ws/install/h6x_serial_interface/share/h6x_serial_interface/hook/cmake_prefix_path.sh'
[9.494s] [34mcolcon.colcon_core.environment[0m [1;30mLevel 1[0m checking '/Users/yosuke/gits/cxd5602pwbimu_ros2_driver/ros2_ws/install/h6x_serial_interface/lib'
[9.494s] [34mcolcon.colcon_core.shell[0m [1;30mLevel 1[0m create_environment_hook('h6x_serial_interface', 'dyld_library_path')
[9.494s] [34mcolcon.colcon_core.shell[0m [1;30mINFO[0m Creating environment hook '/Users/yosuke/gits/cxd5602pwbimu_ros2_driver/ros2_ws/install/h6x_serial_interface/share/h6x_serial_interface/hook/dyld_library_path.ps1'
[9.495s] [34mcolcon.colcon_core.shell[0m [1;30mINFO[0m Creating environment descriptor '/Users/yosuke/gits/cxd5602pwbimu_ros2_driver/ros2_ws/install/h6x_serial_interface/share/h6x_serial_interface/hook/dyld_library_path.dsv'
[9.495s] [34mcolcon.colcon_core.shell[0m [1;30mINFO[0m Creating environment hook '/Users/yosuke/gits/cxd5602pwbimu_ros2_driver/ros2_ws/install/h6x_serial_interface/share/h6x_serial_interface/hook/dyld_library_path.sh'
[9.496s] [34mcolcon.colcon_core.environment[0m [1;30mLevel 1[0m checking '/Users/yosuke/gits/cxd5602pwbimu_ros2_driver/ros2_ws/install/h6x_serial_interface/bin'
[9.496s] [34mcolcon.colcon_core.environment[0m [1;30mLevel 1[0m checking '/Users/yosuke/gits/cxd5602pwbimu_ros2_driver/ros2_ws/install/h6x_serial_interface/lib/pkgconfig/h6x_serial_interface.pc'
[9.496s] [34mcolcon.colcon_core.environment[0m [1;30mLevel 1[0m checking '/Users/yosuke/gits/cxd5602pwbimu_ros2_driver/ros2_ws/install/h6x_serial_interface/lib/python3.11/site-packages'
[9.496s] [34mcolcon.colcon_core.environment[0m [1;30mLevel 1[0m checking '/Users/yosuke/gits/cxd5602pwbimu_ros2_driver/ros2_ws/install/h6x_serial_interface/bin'
[9.496s] [34mcolcon.colcon_core.shell[0m [1;30mINFO[0m Creating package script '/Users/yosuke/gits/cxd5602pwbimu_ros2_driver/ros2_ws/install/h6x_serial_interface/share/h6x_serial_interface/package.ps1'
[9.497s] [34mcolcon.colcon_core.shell[0m [1;30mINFO[0m Creating package descriptor '/Users/yosuke/gits/cxd5602pwbimu_ros2_driver/ros2_ws/install/h6x_serial_interface/share/h6x_serial_interface/package.dsv'
[9.497s] [34mcolcon.colcon_core.shell[0m [1;30mINFO[0m Creating package script '/Users/yosuke/gits/cxd5602pwbimu_ros2_driver/ros2_ws/install/h6x_serial_interface/share/h6x_serial_interface/package.sh'
[9.497s] [34mcolcon.colcon_core.shell[0m [1;30mINFO[0m Creating package script '/Users/yosuke/gits/cxd5602pwbimu_ros2_driver/ros2_ws/install/h6x_serial_interface/share/h6x_serial_interface/package.bash'
[9.497s] [34mcolcon.colcon_core.shell[0m [1;30mINFO[0m Creating package script '/Users/yosuke/gits/cxd5602pwbimu_ros2_driver/ros2_ws/install/h6x_serial_interface/share/h6x_serial_interface/package.zsh'
[9.498s] [34mcolcon.colcon_core.environment[0m [1;30mLevel 1[0m create_file_with_runtime_dependencies(/Users/yosuke/gits/cxd5602pwbimu_ros2_driver/ros2_ws/install/h6x_serial_interface/share/colcon-core/packages/h6x_serial_interface)
[9.794s] [34mcolcon.colcon_core.environment[0m [1;30mLevel 1[0m create_environment_scripts_only(h6x_serial_interface)
[9.794s] [34mcolcon.colcon_core.environment[0m [1;30mLevel 1[0m checking '/Users/yosuke/gits/cxd5602pwbimu_ros2_driver/ros2_ws/install/h6x_serial_interface' for CMake module files
[9.795s] [34mcolcon.colcon_core.environment[0m [1;30mLevel 1[0m checking '/Users/yosuke/gits/cxd5602pwbimu_ros2_driver/ros2_ws/install/h6x_serial_interface' for CMake config files
[9.795s] [34mcolcon.colcon_core.shell[0m [1;30mLevel 1[0m create_environment_hook('h6x_serial_interface', 'cmake_prefix_path')
[9.795s] [34mcolcon.colcon_core.shell[0m [1;30mINFO[0m Creating environment hook '/Users/yosuke/gits/cxd5602pwbimu_ros2_driver/ros2_ws/install/h6x_serial_interface/share/h6x_serial_interface/hook/cmake_prefix_path.ps1'
[9.795s] [34mcolcon.colcon_core.shell[0m [1;30mINFO[0m Creating environment descriptor '/Users/yosuke/gits/cxd5602pwbimu_ros2_driver/ros2_ws/install/h6x_serial_interface/share/h6x_serial_interface/hook/cmake_prefix_path.dsv'
[9.796s] [34mcolcon.colcon_core.shell[0m [1;30mINFO[0m Creating environment hook '/Users/yosuke/gits/cxd5602pwbimu_ros2_driver/ros2_ws/install/h6x_serial_interface/share/h6x_serial_interface/hook/cmake_prefix_path.sh'
[9.796s] [34mcolcon.colcon_core.environment[0m [1;30mLevel 1[0m checking '/Users/yosuke/gits/cxd5602pwbimu_ros2_driver/ros2_ws/install/h6x_serial_interface/lib'
[9.796s] [34mcolcon.colcon_core.shell[0m [1;30mLevel 1[0m create_environment_hook('h6x_serial_interface', 'dyld_library_path')
[9.797s] [34mcolcon.colcon_core.shell[0m [1;30mINFO[0m Creating environment hook '/Users/yosuke/gits/cxd5602pwbimu_ros2_driver/ros2_ws/install/h6x_serial_interface/share/h6x_serial_interface/hook/dyld_library_path.ps1'
[9.797s] [34mcolcon.colcon_core.shell[0m [1;30mINFO[0m Creating environment descriptor '/Users/yosuke/gits/cxd5602pwbimu_ros2_driver/ros2_ws/install/h6x_serial_interface/share/h6x_serial_interface/hook/dyld_library_path.dsv'
[9.797s] [34mcolcon.colcon_core.shell[0m [1;30mINFO[0m Creating environment hook '/Users/yosuke/gits/cxd5602pwbimu_ros2_driver/ros2_ws/install/h6x_serial_interface/share/h6x_serial_interface/hook/dyld_library_path.sh'
[9.798s] [34mcolcon.colcon_core.environment[0m [1;30mLevel 1[0m checking '/Users/yosuke/gits/cxd5602pwbimu_ros2_driver/ros2_ws/install/h6x_serial_interface/bin'
[9.798s] [34mcolcon.colcon_core.environment[0m [1;30mLevel 1[0m checking '/Users/yosuke/gits/cxd5602pwbimu_ros2_driver/ros2_ws/install/h6x_serial_interface/lib/pkgconfig/h6x_serial_interface.pc'
[9.798s] [34mcolcon.colcon_core.environment[0m [1;30mLevel 1[0m checking '/Users/yosuke/gits/cxd5602pwbimu_ros2_driver/ros2_ws/install/h6x_serial_interface/lib/python3.11/site-packages'
[9.798s] [34mcolcon.colcon_core.environment[0m [1;30mLevel 1[0m checking '/Users/yosuke/gits/cxd5602pwbimu_ros2_driver/ros2_ws/install/h6x_serial_interface/bin'
[9.798s] [34mcolcon.colcon_core.shell[0m [1;30mINFO[0m Creating package script '/Users/yosuke/gits/cxd5602pwbimu_ros2_driver/ros2_ws/install/h6x_serial_interface/share/h6x_serial_interface/package.ps1'
[9.799s] [34mcolcon.colcon_core.shell[0m [1;30mINFO[0m Creating package descriptor '/Users/yosuke/gits/cxd5602pwbimu_ros2_driver/ros2_ws/install/h6x_serial_interface/share/h6x_serial_interface/package.dsv'
[9.799s] [34mcolcon.colcon_core.shell[0m [1;30mINFO[0m Creating package script '/Users/yosuke/gits/cxd5602pwbimu_ros2_driver/ros2_ws/install/h6x_serial_interface/share/h6x_serial_interface/package.sh'
[9.800s] [34mcolcon.colcon_core.shell[0m [1;30mINFO[0m Creating package script '/Users/yosuke/gits/cxd5602pwbimu_ros2_driver/ros2_ws/install/h6x_serial_interface/share/h6x_serial_interface/package.bash'
[9.800s] [34mcolcon.colcon_core.shell[0m [1;30mINFO[0m Creating package script '/Users/yosuke/gits/cxd5602pwbimu_ros2_driver/ros2_ws/install/h6x_serial_interface/share/h6x_serial_interface/package.zsh'
[9.801s] [34mcolcon.colcon_core.environment[0m [1;30mLevel 1[0m create_file_with_runtime_dependencies(/Users/yosuke/gits/cxd5602pwbimu_ros2_driver/ros2_ws/install/h6x_serial_interface/share/colcon-core/packages/h6x_serial_interface)
[9.801s] [34mcolcon.colcon_ros.task.ament_cmake.build[0m [1;30mINFO[0m Building ROS package in '/Users/yosuke/gits/cxd5602pwbimu_ros2_driver/ros2_ws/src/cxd5602pwbimu_driver_node' with build type 'ament_cmake'
[9.801s] [34mcolcon.colcon_cmake.task.cmake.build[0m [1;30mINFO[0m Building CMake package in '/Users/yosuke/gits/cxd5602pwbimu_ros2_driver/ros2_ws/src/cxd5602pwbimu_driver_node'
[9.801s] [34mcolcon.colcon_core.shell[0m [1;30mINFO[0m Skip shell extension 'powershell' for command environment: Not usable outside of PowerShell
[9.802s] [34mcolcon.colcon_core.shell[0m [1;30mDEBUG[0m [32mSkip shell extension 'dsv' for command environment[0m
[9.807s] [34mcolcon.colcon_ros.task.ament_cmake.build[0m [1;30mINFO[0m Building ROS package in '/Users/yosuke/gits/cxd5602pwbimu_ros2_driver/ros2_ws/src/h6x_serial_interface/h6x_serial_interface_example' with build type 'ament_cmake'
[9.808s] [34mcolcon.colcon_cmake.task.cmake.build[0m [1;30mINFO[0m Building CMake package in '/Users/yosuke/gits/cxd5602pwbimu_ros2_driver/ros2_ws/src/h6x_serial_interface/h6x_serial_interface_example'
[9.808s] [34mcolcon.colcon_core.shell[0m [1;30mINFO[0m Skip shell extension 'powershell' for command environment: Not usable outside of PowerShell
[9.808s] [34mcolcon.colcon_core.shell[0m [1;30mDEBUG[0m [32mSkip shell extension 'dsv' for command environment[0m
[9.841s] [34mcolcon.colcon_core.event_handler.log_command[0m [1;30mDEBUG[0m [32mInvoking command in '/Users/yosuke/gits/cxd5602pwbimu_ros2_driver/ros2_ws/build/cxd5602pwbimu_driver_node': CMAKE_PREFIX_PATH=/Users/yosuke/gits/cxd5602pwbimu_ros2_driver/ros2_ws/install/h6x_serial_interface:/Users/yosuke/gits/cxd5602pwbimu_ros2_driver/ros2_ws/install/imu_tools:/Users/yosuke/gits/cxd5602pwbimu_ros2_driver/ros2_ws/install/rviz_imu_plugin:/Users/yosuke/gits/cxd5602pwbimu_ros2_driver/ros2_ws/install/imu_filter_madgwick:/Users/yosuke/gits/cxd5602pwbimu_ros2_driver/ros2_ws/install/imu_complementary_filter:/Users/yosuke/gits/cxd5602pwbimu_ros2_driver/ros2_ws/install/h6x_serial_interface_example:/Users/yosuke/gits/cxd5602pwbimu_ros2_driver/ros2_ws/install/cxd5602pwbimu_driver:/Users/yosuke/gits/cxd5602pwbimu_ros2_driver/ros2_ws/install/cxd5602pwbimu_driver_node:/Users/yosuke/gits/cxd5602pwbimu_ros2_driver/ros2_ws/install/h6x_packet_handler:/opt/homebrew/opt/qt@5:/Users/yosuke/gits/cxd5602pwbimu_ros2_driver/ros2_ws/install/cxd5602pwbimu_driver_bringup:/Users/yosuke/miniforge3/envs/ros_env CONDA_PROMPT_MODIFIER=(ros_env) DYLD_LIBRARY_PATH=/Users/yosuke/gits/cxd5602pwbimu_ros2_driver/ros2_ws/install/h6x_serial_interface/lib:/Users/yosuke/gits/cxd5602pwbimu_ros2_driver/ros2_ws/install/rviz_imu_plugin/lib:/Users/yosuke/gits/cxd5602pwbimu_ros2_driver/ros2_ws/install/imu_filter_madgwick/lib:/Users/yosuke/gits/cxd5602pwbimu_ros2_driver/ros2_ws/install/imu_complementary_filter/lib:/Users/yosuke/gits/cxd5602pwbimu_ros2_driver/ros2_ws/install/h6x_serial_interface_example/lib:/Users/yosuke/gits/cxd5602pwbimu_ros2_driver/ros2_ws/install/cxd5602pwbimu_driver_node/lib:/Users/yosuke/gits/cxd5602pwbimu_ros2_driver/ros2_ws/install/h6x_packet_handler/lib:/Users/yosuke/miniforge3/envs/ros_env/opt/rviz_ogre_vendor/lib SHLVL=2 _=/Users/yosuke/miniforge3/envs/ros_env/bin/env /Users/yosuke/miniforge3/envs/ros_env/bin/cmake /Users/yosuke/gits/cxd5602pwbimu_ros2_driver/ros2_ws/src/cxd5602pwbimu_driver_node -DCMAKE_INSTALL_PREFIX=/Users/yosuke/gits/cxd5602pwbimu_ros2_driver/ros2_ws/install/cxd5602pwbimu_driver_node[0m
[9.846s] [34mcolcon.colcon_core.event_handler.log_command[0m [1;30mDEBUG[0m [32mInvoking command in '/Users/yosuke/gits/cxd5602pwbimu_ros2_driver/ros2_ws/build/h6x_serial_interface_example': CMAKE_PREFIX_PATH=/Users/yosuke/gits/cxd5602pwbimu_ros2_driver/ros2_ws/install/h6x_serial_interface:/Users/yosuke/gits/cxd5602pwbimu_ros2_driver/ros2_ws/install/imu_tools:/Users/yosuke/gits/cxd5602pwbimu_ros2_driver/ros2_ws/install/rviz_imu_plugin:/Users/yosuke/gits/cxd5602pwbimu_ros2_driver/ros2_ws/install/imu_filter_madgwick:/Users/yosuke/gits/cxd5602pwbimu_ros2_driver/ros2_ws/install/imu_complementary_filter:/Users/yosuke/gits/cxd5602pwbimu_ros2_driver/ros2_ws/install/h6x_serial_interface_example:/Users/yosuke/gits/cxd5602pwbimu_ros2_driver/ros2_ws/install/cxd5602pwbimu_driver:/Users/yosuke/gits/cxd5602pwbimu_ros2_driver/ros2_ws/install/cxd5602pwbimu_driver_node:/Users/yosuke/gits/cxd5602pwbimu_ros2_driver/ros2_ws/install/h6x_packet_handler:/opt/homebrew/opt/qt@5:/Users/yosuke/gits/cxd5602pwbimu_ros2_driver/ros2_ws/install/cxd5602pwbimu_driver_bringup:/Users/yosuke/miniforge3/envs/ros_env CONDA_PROMPT_MODIFIER=(ros_env) DYLD_LIBRARY_PATH=/Users/yosuke/gits/cxd5602pwbimu_ros2_driver/ros2_ws/install/h6x_serial_interface/lib:/Users/yosuke/gits/cxd5602pwbimu_ros2_driver/ros2_ws/install/rviz_imu_plugin/lib:/Users/yosuke/gits/cxd5602pwbimu_ros2_driver/ros2_ws/install/imu_filter_madgwick/lib:/Users/yosuke/gits/cxd5602pwbimu_ros2_driver/ros2_ws/install/imu_complementary_filter/lib:/Users/yosuke/gits/cxd5602pwbimu_ros2_driver/ros2_ws/install/h6x_serial_interface_example/lib:/Users/yosuke/gits/cxd5602pwbimu_ros2_driver/ros2_ws/install/cxd5602pwbimu_driver_node/lib:/Users/yosuke/gits/cxd5602pwbimu_ros2_driver/ros2_ws/install/h6x_packet_handler/lib:/Users/yosuke/miniforge3/envs/ros_env/opt/rviz_ogre_vendor/lib SHLVL=2 _=/Users/yosuke/miniforge3/envs/ros_env/bin/env /Users/yosuke/miniforge3/envs/ros_env/bin/cmake /Users/yosuke/gits/cxd5602pwbimu_ros2_driver/ros2_ws/src/h6x_serial_interface/h6x_serial_interface_example -DCMAKE_INSTALL_PREFIX=/Users/yosuke/gits/cxd5602pwbimu_ros2_driver/ros2_ws/install/h6x_serial_interface_example[0m
[10.124s] [34mcolcon.colcon_core.event_handler.log_command[0m [1;30mDEBUG[0m [32mInvoked command in '/Users/yosuke/gits/cxd5602pwbimu_ros2_driver/ros2_ws/build/rviz_imu_plugin' returned '0': CMAKE_PREFIX_PATH=${CMAKE_PREFIX_PATH}:/Users/yosuke/gits/cxd5602pwbimu_ros2_driver/ros2_ws/install/cxd5602pwbimu_driver_bringup:/Users/yosuke/miniforge3/envs/ros_env CONDA_PROMPT_MODIFIER=(ros_env) SHLVL=2 _=/Users/yosuke/miniforge3/envs/ros_env/bin/env /Users/yosuke/miniforge3/envs/ros_env/bin/cmake /Users/yosuke/gits/cxd5602pwbimu_ros2_driver/ros2_ws/src/imu_tools/rviz_imu_plugin -DCMAKE_INSTALL_PREFIX=/Users/yosuke/gits/cxd5602pwbimu_ros2_driver/ros2_ws/install/rviz_imu_plugin[0m
[10.129s] [34mcolcon.colcon_core.event_handler.log_command[0m [1;30mDEBUG[0m [32mInvoking command in '/Users/yosuke/gits/cxd5602pwbimu_ros2_driver/ros2_ws/build/rviz_imu_plugin': CMAKE_PREFIX_PATH=${CMAKE_PREFIX_PATH}:/Users/yosuke/gits/cxd5602pwbimu_ros2_driver/ros2_ws/install/cxd5602pwbimu_driver_bringup:/Users/yosuke/miniforge3/envs/ros_env CONDA_PROMPT_MODIFIER=(ros_env) SHLVL=2 _=/Users/yosuke/miniforge3/envs/ros_env/bin/env /Users/yosuke/miniforge3/envs/ros_env/bin/cmake --build /Users/yosuke/gits/cxd5602pwbimu_ros2_driver/ros2_ws/build/rviz_imu_plugin -- -j10 -l10[0m
[16.069s] [34mcolcon.colcon_core.event_handler.log_command[0m [1;30mDEBUG[0m [32mInvoked command in '/Users/yosuke/gits/cxd5602pwbimu_ros2_driver/ros2_ws/build/imu_trajectory_filter' returned '0': CMAKE_PREFIX_PATH=${CMAKE_PREFIX_PATH}:/Users/yosuke/gits/cxd5602pwbimu_ros2_driver/ros2_ws/install/cxd5602pwbimu_driver_bringup:/Users/yosuke/miniforge3/envs/ros_env CONDA_PROMPT_MODIFIER=(ros_env) SHLVL=2 _=/Users/yosuke/miniforge3/envs/ros_env/bin/env /Users/yosuke/miniforge3/envs/ros_env/bin/cmake --build /Users/yosuke/gits/cxd5602pwbimu_ros2_driver/ros2_ws/build/imu_trajectory_filter -- -j10 -l10[0m
[16.404s] [34mcolcon.colcon_core.event_handler.log_command[0m [1;30mDEBUG[0m [32mInvoking command in '/Users/yosuke/gits/cxd5602pwbimu_ros2_driver/ros2_ws/build/imu_trajectory_filter': CMAKE_PREFIX_PATH=${CMAKE_PREFIX_PATH}:/Users/yosuke/gits/cxd5602pwbimu_ros2_driver/ros2_ws/install/cxd5602pwbimu_driver_bringup:/Users/yosuke/miniforge3/envs/ros_env CONDA_PROMPT_MODIFIER=(ros_env) SHLVL=2 _=/Users/yosuke/miniforge3/envs/ros_env/bin/env /Users/yosuke/miniforge3/envs/ros_env/bin/cmake --install /Users/yosuke/gits/cxd5602pwbimu_ros2_driver/ros2_ws/build/imu_trajectory_filter[0m
[16.466s] [34mcolcon.colcon_core.environment[0m [1;30mLevel 1[0m create_environment_scripts_only(imu_trajectory_filter)
[16.467s] [34mcolcon.colcon_core.environment[0m [1;30mLevel 1[0m checking '/Users/yosuke/gits/cxd5602pwbimu_ros2_driver/ros2_ws/install/imu_trajectory_filter' for CMake module files
[16.467s] [34mcolcon.colcon_core.event_handler.log_command[0m [1;30mDEBUG[0m [32mInvoked command in '/Users/yosuke/gits/cxd5602pwbimu_ros2_driver/ros2_ws/build/imu_trajectory_filter' returned '0': CMAKE_PREFIX_PATH=${CMAKE_PREFIX_PATH}:/Users/yosuke/gits/cxd5602pwbimu_ros2_driver/ros2_ws/install/cxd5602pwbimu_driver_bringup:/Users/yosuke/miniforge3/envs/ros_env CONDA_PROMPT_MODIFIER=(ros_env) SHLVL=2 _=/Users/yosuke/miniforge3/envs/ros_env/bin/env /Users/yosuke/miniforge3/envs/ros_env/bin/cmake --install /Users/yosuke/gits/cxd5602pwbimu_ros2_driver/ros2_ws/build/imu_trajectory_filter[0m
[16.468s] [34mcolcon.colcon_core.environment[0m [1;30mLevel 1[0m checking '/Users/yosuke/gits/cxd5602pwbimu_ros2_driver/ros2_ws/install/imu_trajectory_filter' for CMake config files
[16.468s] [34mcolcon.colcon_core.shell[0m [1;30mLevel 1[0m create_environment_hook('imu_trajectory_filter', 'cmake_prefix_path')
[16.468s] [34mcolcon.colcon_core.shell[0m [1;30mINFO[0m Creating environment hook '/Users/yosuke/gits/cxd5602pwbimu_ros2_driver/ros2_ws/install/imu_trajectory_filter/share/imu_trajectory_filter/hook/cmake_prefix_path.ps1'
[16.469s] [34mcolcon.colcon_core.shell[0m [1;30mINFO[0m Creating environment descriptor '/Users/yosuke/gits/cxd5602pwbimu_ros2_driver/ros2_ws/install/imu_trajectory_filter/share/imu_trajectory_filter/hook/cmake_prefix_path.dsv'
[16.469s] [34mcolcon.colcon_core.shell[0m [1;30mINFO[0m Creating environment hook '/Users/yosuke/gits/cxd5602pwbimu_ros2_driver/ros2_ws/install/imu_trajectory_filter/share/imu_trajectory_filter/hook/cmake_prefix_path.sh'
[16.470s] [34mcolcon.colcon_core.environment[0m [1;30mLevel 1[0m checking '/Users/yosuke/gits/cxd5602pwbimu_ros2_driver/ros2_ws/install/imu_trajectory_filter/lib'
[16.470s] [34mcolcon.colcon_core.environment[0m [1;30mLevel 1[0m checking '/Users/yosuke/gits/cxd5602pwbimu_ros2_driver/ros2_ws/install/imu_trajectory_filter/bin'
[16.470s] [34mcolcon.colcon_core.environment[0m [1;30mLevel 1[0m checking '/Users/yosuke/gits/cxd5602pwbimu_ros2_driver/ros2_ws/install/imu_trajectory_filter/lib/pkgconfig/imu_trajectory_filter.pc'
[16.470s] [34mcolcon.colcon_core.environment[0m [1;30mLevel 1[0m checking '/Users/yosuke/gits/cxd5602pwbimu_ros2_driver/ros2_ws/install/imu_trajectory_filter/lib/python3.11/site-packages'
[16.470s] [34mcolcon.colcon_core.environment[0m [1;30mLevel 1[0m checking '/Users/yosuke/gits/cxd5602pwbimu_ros2_driver/ros2_ws/install/imu_trajectory_filter/bin'
[16.470s] [34mcolcon.colcon_core.shell[0m [1;30mINFO[0m Creating package script '/Users/yosuke/gits/cxd5602pwbimu_ros2_driver/ros2_ws/install/imu_trajectory_filter/share/imu_trajectory_filter/package.ps1'
[16.470s] [34mcolcon.colcon_core.shell[0m [1;30mINFO[0m Creating package descriptor '/Users/yosuke/gits/cxd5602pwbimu_ros2_driver/ros2_ws/install/imu_trajectory_filter/share/imu_trajectory_filter/package.dsv'
[16.471s] [34mcolcon.colcon_core.shell[0m [1;30mINFO[0m Creating package script '/Users/yosuke/gits/cxd5602pwbimu_ros2_driver/ros2_ws/install/imu_trajectory_filter/share/imu_trajectory_filter/package.sh'
[16.471s] [34mcolcon.colcon_core.shell[0m [1;30mINFO[0m Creating package script '/Users/yosuke/gits/cxd5602pwbimu_ros2_driver/ros2_ws/install/imu_trajectory_filter/share/imu_trajectory_filter/package.bash'
[16.471s] [34mcolcon.colcon_core.shell[0m [1;30mINFO[0m Creating package script '/Users/yosuke/gits/cxd5602pwbimu_ros2_driver/ros2_ws/install/imu_trajectory_filter/share/imu_trajectory_filter/package.zsh'
[16.471s] [34mcolcon.colcon_core.environment[0m [1;30mLevel 1[0m create_file_with_runtime_dependencies(/Users/yosuke/gits/cxd5602pwbimu_ros2_driver/ros2_ws/install/imu_trajectory_filter/share/colcon-core/packages/imu_trajectory_filter)
[16.831s] [34mcolcon.colcon_core.environment[0m [1;30mLevel 1[0m create_environment_scripts_only(imu_trajectory_filter)
[16.831s] [34mcolcon.colcon_core.environment[0m [1;30mLevel 1[0m checking '/Users/yosuke/gits/cxd5602pwbimu_ros2_driver/ros2_ws/install/imu_trajectory_filter' for CMake module files
[16.832s] [34mcolcon.colcon_core.environment[0m [1;30mLevel 1[0m checking '/Users/yosuke/gits/cxd5602pwbimu_ros2_driver/ros2_ws/install/imu_trajectory_filter' for CMake config files
[16.832s] [34mcolcon.colcon_core.shell[0m [1;30mLevel 1[0m create_environment_hook('imu_trajectory_filter', 'cmake_prefix_path')
[16.832s] [34mcolcon.colcon_core.shell[0m [1;30mINFO[0m Creating environment hook '/Users/yosuke/gits/cxd5602pwbimu_ros2_driver/ros2_ws/install/imu_trajectory_filter/share/imu_trajectory_filter/hook/cmake_prefix_path.ps1'
[16.833s] [34mcolcon.colcon_core.shell[0m [1;30mINFO[0m Creating environment descriptor '/Users/yosuke/gits/cxd5602pwbimu_ros2_driver/ros2_ws/install/imu_trajectory_filter/share/imu_trajectory_filter/hook/cmake_prefix_path.dsv'
[16.834s] [34mcolcon.colcon_core.shell[0m [1;30mINFO[0m Creating environment hook '/Users/yosuke/gits/cxd5602pwbimu_ros2_driver/ros2_ws/install/imu_trajectory_filter/share/imu_trajectory_filter/hook/cmake_prefix_path.sh'
[16.834s] [34mcolcon.colcon_core.environment[0m [1;30mLevel 1[0m checking '/Users/yosuke/gits/cxd5602pwbimu_ros2_driver/ros2_ws/install/imu_trajectory_filter/lib'
[16.834s] [34mcolcon.colcon_core.environment[0m [1;30mLevel 1[0m checking '/Users/yosuke/gits/cxd5602pwbimu_ros2_driver/ros2_ws/install/imu_trajectory_filter/bin'
[16.834s] [34mcolcon.colcon_core.environment[0m [1;30mLevel 1[0m checking '/Users/yosuke/gits/cxd5602pwbimu_ros2_driver/ros2_ws/install/imu_trajectory_filter/lib/pkgconfig/imu_trajectory_filter.pc'
[16.835s] [34mcolcon.colcon_core.environment[0m [1;30mLevel 1[0m checking '/Users/yosuke/gits/cxd5602pwbimu_ros2_driver/ros2_ws/install/imu_trajectory_filter/lib/python3.11/site-packages'
[16.835s] [34mcolcon.colcon_core.environment[0m [1;30mLevel 1[0m checking '/Users/yosuke/gits/cxd5602pwbimu_ros2_driver/ros2_ws/install/imu_trajectory_filter/bin'
[16.835s] [34mcolcon.colcon_core.shell[0m [1;30mINFO[0m Creating package script '/Users/yosuke/gits/cxd5602pwbimu_ros2_driver/ros2_ws/install/imu_trajectory_filter/share/imu_trajectory_filter/package.ps1'
[16.836s] [34mcolcon.colcon_core.shell[0m [1;30mINFO[0m Creating package descriptor '/Users/yosuke/gits/cxd5602pwbimu_ros2_driver/ros2_ws/install/imu_trajectory_filter/share/imu_trajectory_filter/package.dsv'
[16.836s] [34mcolcon.colcon_core.shell[0m [1;30mINFO[0m Creating package script '/Users/yosuke/gits/cxd5602pwbimu_ros2_driver/ros2_ws/install/imu_trajectory_filter/share/imu_trajectory_filter/package.sh'
[16.837s] [34mcolcon.colcon_core.shell[0m [1;30mINFO[0m Creating package script '/Users/yosuke/gits/cxd5602pwbimu_ros2_driver/ros2_ws/install/imu_trajectory_filter/share/imu_trajectory_filter/package.bash'
[16.837s] [34mcolcon.colcon_core.shell[0m [1;30mINFO[0m Creating package script '/Users/yosuke/gits/cxd5602pwbimu_ros2_driver/ros2_ws/install/imu_trajectory_filter/share/imu_trajectory_filter/package.zsh'
[16.838s] [34mcolcon.colcon_core.environment[0m [1;30mLevel 1[0m create_file_with_runtime_dependencies(/Users/yosuke/gits/cxd5602pwbimu_ros2_driver/ros2_ws/install/imu_trajectory_filter/share/colcon-core/packages/imu_trajectory_filter)
[17.264s] [34mcolcon.colcon_core.event_handler.log_command[0m [1;30mDEBUG[0m [32mInvoked command in '/Users/yosuke/gits/cxd5602pwbimu_ros2_driver/ros2_ws/build/cxd5602pwbimu_driver_node' returned '0': CMAKE_PREFIX_PATH=/Users/yosuke/gits/cxd5602pwbimu_ros2_driver/ros2_ws/install/h6x_serial_interface:/Users/yosuke/gits/cxd5602pwbimu_ros2_driver/ros2_ws/install/imu_tools:/Users/yosuke/gits/cxd5602pwbimu_ros2_driver/ros2_ws/install/rviz_imu_plugin:/Users/yosuke/gits/cxd5602pwbimu_ros2_driver/ros2_ws/install/imu_filter_madgwick:/Users/yosuke/gits/cxd5602pwbimu_ros2_driver/ros2_ws/install/imu_complementary_filter:/Users/yosuke/gits/cxd5602pwbimu_ros2_driver/ros2_ws/install/h6x_serial_interface_example:/Users/yosuke/gits/cxd5602pwbimu_ros2_driver/ros2_ws/install/cxd5602pwbimu_driver:/Users/yosuke/gits/cxd5602pwbimu_ros2_driver/ros2_ws/install/cxd5602pwbimu_driver_node:/Users/yosuke/gits/cxd5602pwbimu_ros2_driver/ros2_ws/install/h6x_packet_handler:/opt/homebrew/opt/qt@5:/Users/yosuke/gits/cxd5602pwbimu_ros2_driver/ros2_ws/install/cxd5602pwbimu_driver_bringup:/Users/yosuke/miniforge3/envs/ros_env CONDA_PROMPT_MODIFIER=(ros_env) DYLD_LIBRARY_PATH=/Users/yosuke/gits/cxd5602pwbimu_ros2_driver/ros2_ws/install/h6x_serial_interface/lib:/Users/yosuke/gits/cxd5602pwbimu_ros2_driver/ros2_ws/install/rviz_imu_plugin/lib:/Users/yosuke/gits/cxd5602pwbimu_ros2_driver/ros2_ws/install/imu_filter_madgwick/lib:/Users/yosuke/gits/cxd5602pwbimu_ros2_driver/ros2_ws/install/imu_complementary_filter/lib:/Users/yosuke/gits/cxd5602pwbimu_ros2_driver/ros2_ws/install/h6x_serial_interface_example/lib:/Users/yosuke/gits/cxd5602pwbimu_ros2_driver/ros2_ws/install/cxd5602pwbimu_driver_node/lib:/Users/yosuke/gits/cxd5602pwbimu_ros2_driver/ros2_ws/install/h6x_packet_handler/lib:/Users/yosuke/miniforge3/envs/ros_env/opt/rviz_ogre_vendor/lib SHLVL=2 _=/Users/yosuke/miniforge3/envs/ros_env/bin/env /Users/yosuke/miniforge3/envs/ros_env/bin/cmake /Users/yosuke/gits/cxd5602pwbimu_ros2_driver/ros2_ws/src/cxd5602pwbimu_driver_node -DCMAKE_INSTALL_PREFIX=/Users/yosuke/gits/cxd5602pwbimu_ros2_driver/ros2_ws/install/cxd5602pwbimu_driver_node[0m
[17.265s] [34mcolcon.colcon_core.event_handler.log_command[0m [1;30mDEBUG[0m [32mInvoking command in '/Users/yosuke/gits/cxd5602pwbimu_ros2_driver/ros2_ws/build/cxd5602pwbimu_driver_node': CMAKE_PREFIX_PATH=/Users/yosuke/gits/cxd5602pwbimu_ros2_driver/ros2_ws/install/h6x_serial_interface:/Users/yosuke/gits/cxd5602pwbimu_ros2_driver/ros2_ws/install/imu_tools:/Users/yosuke/gits/cxd5602pwbimu_ros2_driver/ros2_ws/install/rviz_imu_plugin:/Users/yosuke/gits/cxd5602pwbimu_ros2_driver/ros2_ws/install/imu_filter_madgwick:/Users/yosuke/gits/cxd5602pwbimu_ros2_driver/ros2_ws/install/imu_complementary_filter:/Users/yosuke/gits/cxd5602pwbimu_ros2_driver/ros2_ws/install/h6x_serial_interface_example:/Users/yosuke/gits/cxd5602pwbimu_ros2_driver/ros2_ws/install/cxd5602pwbimu_driver:/Users/yosuke/gits/cxd5602pwbimu_ros2_driver/ros2_ws/install/cxd5602pwbimu_driver_node:/Users/yosuke/gits/cxd5602pwbimu_ros2_driver/ros2_ws/install/h6x_packet_handler:/opt/homebrew/opt/qt@5:/Users/yosuke/gits/cxd5602pwbimu_ros2_driver/ros2_ws/install/cxd5602pwbimu_driver_bringup:/Users/yosuke/miniforge3/envs/ros_env CONDA_PROMPT_MODIFIER=(ros_env) DYLD_LIBRARY_PATH=/Users/yosuke/gits/cxd5602pwbimu_ros2_driver/ros2_ws/install/h6x_serial_interface/lib:/Users/yosuke/gits/cxd5602pwbimu_ros2_driver/ros2_ws/install/rviz_imu_plugin/lib:/Users/yosuke/gits/cxd5602pwbimu_ros2_driver/ros2_ws/install/imu_filter_madgwick/lib:/Users/yosuke/gits/cxd5602pwbimu_ros2_driver/ros2_ws/install/imu_complementary_filter/lib:/Users/yosuke/gits/cxd5602pwbimu_ros2_driver/ros2_ws/install/h6x_serial_interface_example/lib:/Users/yosuke/gits/cxd5602pwbimu_ros2_driver/ros2_ws/install/cxd5602pwbimu_driver_node/lib:/Users/yosuke/gits/cxd5602pwbimu_ros2_driver/ros2_ws/install/h6x_packet_handler/lib:/Users/yosuke/miniforge3/envs/ros_env/opt/rviz_ogre_vendor/lib SHLVL=2 _=/Users/yosuke/miniforge3/envs/ros_env/bin/env /Users/yosuke/miniforge3/envs/ros_env/bin/cmake --build /Users/yosuke/gits/cxd5602pwbimu_ros2_driver/ros2_ws/build/cxd5602pwbimu_driver_node -- -j10 -l10[0m
[17.317s] [34mcolcon.colcon_core.event_handler.log_command[0m [1;30mDEBUG[0m [32mInvoked command in '/Users/yosuke/gits/cxd5602pwbimu_ros2_driver/ros2_ws/build/h6x_serial_interface_example' returned '0': CMAKE_PREFIX_PATH=/Users/yosuke/gits/cxd5602pwbimu_ros2_driver/ros2_ws/install/h6x_serial_interface:/Users/yosuke/gits/cxd5602pwbimu_ros2_driver/ros2_ws/install/imu_tools:/Users/yosuke/gits/cxd5602pwbimu_ros2_driver/ros2_ws/install/rviz_imu_plugin:/Users/yosuke/gits/cxd5602pwbimu_ros2_driver/ros2_ws/install/imu_filter_madgwick:/Users/yosuke/gits/cxd5602pwbimu_ros2_driver/ros2_ws/install/imu_complementary_filter:/Users/yosuke/gits/cxd5602pwbimu_ros2_driver/ros2_ws/install/h6x_serial_interface_example:/Users/yosuke/gits/cxd5602pwbimu_ros2_driver/ros2_ws/install/cxd5602pwbimu_driver:/Users/yosuke/gits/cxd5602pwbimu_ros2_driver/ros2_ws/install/cxd5602pwbimu_driver_node:/Users/yosuke/gits/cxd5602pwbimu_ros2_driver/ros2_ws/install/h6x_packet_handler:/opt/homebrew/opt/qt@5:/Users/yosuke/gits/cxd5602pwbimu_ros2_driver/ros2_ws/install/cxd5602pwbimu_driver_bringup:/Users/yosuke/miniforge3/envs/ros_env CONDA_PROMPT_MODIFIER=(ros_env) DYLD_LIBRARY_PATH=/Users/yosuke/gits/cxd5602pwbimu_ros2_driver/ros2_ws/install/h6x_serial_interface/lib:/Users/yosuke/gits/cxd5602pwbimu_ros2_driver/ros2_ws/install/rviz_imu_plugin/lib:/Users/yosuke/gits/cxd5602pwbimu_ros2_driver/ros2_ws/install/imu_filter_madgwick/lib:/Users/yosuke/gits/cxd5602pwbimu_ros2_driver/ros2_ws/install/imu_complementary_filter/lib:/Users/yosuke/gits/cxd5602pwbimu_ros2_driver/ros2_ws/install/h6x_serial_interface_example/lib:/Users/yosuke/gits/cxd5602pwbimu_ros2_driver/ros2_ws/install/cxd5602pwbimu_driver_node/lib:/Users/yosuke/gits/cxd5602pwbimu_ros2_driver/ros2_ws/install/h6x_packet_handler/lib:/Users/yosuke/miniforge3/envs/ros_env/opt/rviz_ogre_vendor/lib SHLVL=2 _=/Users/yosuke/miniforge3/envs/ros_env/bin/env /Users/yosuke/miniforge3/envs/ros_env/bin/cmake /Users/yosuke/gits/cxd5602pwbimu_ros2_driver/ros2_ws/src/h6x_serial_interface/h6x_serial_interface_example -DCMAKE_INSTALL_PREFIX=/Users/yosuke/gits/cxd5602pwbimu_ros2_driver/ros2_ws/install/h6x_serial_interface_example[0m
[17.320s] [34mcolcon.colcon_core.event_handler.log_command[0m [1;30mDEBUG[0m [32mInvoking command in '/Users/yosuke/gits/cxd5602pwbimu_ros2_driver/ros2_ws/build/h6x_serial_interface_example': CMAKE_PREFIX_PATH=/Users/yosuke/gits/cxd5602pwbimu_ros2_driver/ros2_ws/install/h6x_serial_interface:/Users/yosuke/gits/cxd5602pwbimu_ros2_driver/ros2_ws/install/imu_tools:/Users/yosuke/gits/cxd5602pwbimu_ros2_driver/ros2_ws/install/rviz_imu_plugin:/Users/yosuke/gits/cxd5602pwbimu_ros2_driver/ros2_ws/install/imu_filter_madgwick:/Users/yosuke/gits/cxd5602pwbimu_ros2_driver/ros2_ws/install/imu_complementary_filter:/Users/yosuke/gits/cxd5602pwbimu_ros2_driver/ros2_ws/install/h6x_serial_interface_example:/Users/yosuke/gits/cxd5602pwbimu_ros2_driver/ros2_ws/install/cxd5602pwbimu_driver:/Users/yosuke/gits/cxd5602pwbimu_ros2_driver/ros2_ws/install/cxd5602pwbimu_driver_node:/Users/yosuke/gits/cxd5602pwbimu_ros2_driver/ros2_ws/install/h6x_packet_handler:/opt/homebrew/opt/qt@5:/Users/yosuke/gits/cxd5602pwbimu_ros2_driver/ros2_ws/install/cxd5602pwbimu_driver_bringup:/Users/yosuke/miniforge3/envs/ros_env CONDA_PROMPT_MODIFIER=(ros_env) DYLD_LIBRARY_PATH=/Users/yosuke/gits/cxd5602pwbimu_ros2_driver/ros2_ws/install/h6x_serial_interface/lib:/Users/yosuke/gits/cxd5602pwbimu_ros2_driver/ros2_ws/install/rviz_imu_plugin/lib:/Users/yosuke/gits/cxd5602pwbimu_ros2_driver/ros2_ws/install/imu_filter_madgwick/lib:/Users/yosuke/gits/cxd5602pwbimu_ros2_driver/ros2_ws/install/imu_complementary_filter/lib:/Users/yosuke/gits/cxd5602pwbimu_ros2_driver/ros2_ws/install/h6x_serial_interface_example/lib:/Users/yosuke/gits/cxd5602pwbimu_ros2_driver/ros2_ws/install/cxd5602pwbimu_driver_node/lib:/Users/yosuke/gits/cxd5602pwbimu_ros2_driver/ros2_ws/install/h6x_packet_handler/lib:/Users/yosuke/miniforge3/envs/ros_env/opt/rviz_ogre_vendor/lib SHLVL=2 _=/Users/yosuke/miniforge3/envs/ros_env/bin/env /Users/yosuke/miniforge3/envs/ros_env/bin/cmake --build /Users/yosuke/gits/cxd5602pwbimu_ros2_driver/ros2_ws/build/h6x_serial_interface_example -- -j10 -l10[0m
[20.548s] [34mcolcon.colcon_core.event_handler.log_command[0m [1;30mDEBUG[0m [32mInvoked command in '/Users/yosuke/gits/cxd5602pwbimu_ros2_driver/ros2_ws/build/imu_complementary_filter' returned '0': CMAKE_PREFIX_PATH=${CMAKE_PREFIX_PATH}:/Users/yosuke/gits/cxd5602pwbimu_ros2_driver/ros2_ws/install/cxd5602pwbimu_driver_bringup:/Users/yosuke/miniforge3/envs/ros_env CONDA_PROMPT_MODIFIER=(ros_env) SHLVL=2 _=/Users/yosuke/miniforge3/envs/ros_env/bin/env /Users/yosuke/miniforge3/envs/ros_env/bin/cmake --build /Users/yosuke/gits/cxd5602pwbimu_ros2_driver/ros2_ws/build/imu_complementary_filter -- -j10 -l10[0m
[20.859s] [34mcolcon.colcon_core.event_handler.log_command[0m [1;30mDEBUG[0m [32mInvoking command in '/Users/yosuke/gits/cxd5602pwbimu_ros2_driver/ros2_ws/build/imu_complementary_filter': CMAKE_PREFIX_PATH=${CMAKE_PREFIX_PATH}:/Users/yosuke/gits/cxd5602pwbimu_ros2_driver/ros2_ws/install/cxd5602pwbimu_driver_bringup:/Users/yosuke/miniforge3/envs/ros_env CONDA_PROMPT_MODIFIER=(ros_env) SHLVL=2 _=/Users/yosuke/miniforge3/envs/ros_env/bin/env /Users/yosuke/miniforge3/envs/ros_env/bin/cmake --install /Users/yosuke/gits/cxd5602pwbimu_ros2_driver/ros2_ws/build/imu_complementary_filter[0m
[20.922s] [34mcolcon.colcon_core.environment[0m [1;30mLevel 1[0m create_environment_scripts_only(imu_complementary_filter)
[20.922s] [34mcolcon.colcon_core.environment[0m [1;30mLevel 1[0m checking '/Users/yosuke/gits/cxd5602pwbimu_ros2_driver/ros2_ws/install/imu_complementary_filter' for CMake module files
[20.923s] [34mcolcon.colcon_core.event_handler.log_command[0m [1;30mDEBUG[0m [32mInvoked command in '/Users/yosuke/gits/cxd5602pwbimu_ros2_driver/ros2_ws/build/imu_complementary_filter' returned '0': CMAKE_PREFIX_PATH=${CMAKE_PREFIX_PATH}:/Users/yosuke/gits/cxd5602pwbimu_ros2_driver/ros2_ws/install/cxd5602pwbimu_driver_bringup:/Users/yosuke/miniforge3/envs/ros_env CONDA_PROMPT_MODIFIER=(ros_env) SHLVL=2 _=/Users/yosuke/miniforge3/envs/ros_env/bin/env /Users/yosuke/miniforge3/envs/ros_env/bin/cmake --install /Users/yosuke/gits/cxd5602pwbimu_ros2_driver/ros2_ws/build/imu_complementary_filter[0m
[20.923s] [34mcolcon.colcon_core.environment[0m [1;30mLevel 1[0m checking '/Users/yosuke/gits/cxd5602pwbimu_ros2_driver/ros2_ws/install/imu_complementary_filter' for CMake config files
[20.924s] [34mcolcon.colcon_core.shell[0m [1;30mLevel 1[0m create_environment_hook('imu_complementary_filter', 'cmake_prefix_path')
[20.924s] [34mcolcon.colcon_core.shell[0m [1;30mINFO[0m Creating environment hook '/Users/yosuke/gits/cxd5602pwbimu_ros2_driver/ros2_ws/install/imu_complementary_filter/share/imu_complementary_filter/hook/cmake_prefix_path.ps1'
[20.925s] [34mcolcon.colcon_core.shell[0m [1;30mINFO[0m Creating environment descriptor '/Users/yosuke/gits/cxd5602pwbimu_ros2_driver/ros2_ws/install/imu_complementary_filter/share/imu_complementary_filter/hook/cmake_prefix_path.dsv'
[20.925s] [34mcolcon.colcon_core.shell[0m [1;30mINFO[0m Creating environment hook '/Users/yosuke/gits/cxd5602pwbimu_ros2_driver/ros2_ws/install/imu_complementary_filter/share/imu_complementary_filter/hook/cmake_prefix_path.sh'
[20.926s] [34mcolcon.colcon_core.environment[0m [1;30mLevel 1[0m checking '/Users/yosuke/gits/cxd5602pwbimu_ros2_driver/ros2_ws/install/imu_complementary_filter/lib'
[20.926s] [34mcolcon.colcon_core.shell[0m [1;30mLevel 1[0m create_environment_hook('imu_complementary_filter', 'dyld_library_path')
[20.926s] [34mcolcon.colcon_core.shell[0m [1;30mINFO[0m Creating environment hook '/Users/yosuke/gits/cxd5602pwbimu_ros2_driver/ros2_ws/install/imu_complementary_filter/share/imu_complementary_filter/hook/dyld_library_path.ps1'
[20.927s] [34mcolcon.colcon_core.shell[0m [1;30mINFO[0m Creating environment descriptor '/Users/yosuke/gits/cxd5602pwbimu_ros2_driver/ros2_ws/install/imu_complementary_filter/share/imu_complementary_filter/hook/dyld_library_path.dsv'
[20.927s] [34mcolcon.colcon_core.shell[0m [1;30mINFO[0m Creating environment hook '/Users/yosuke/gits/cxd5602pwbimu_ros2_driver/ros2_ws/install/imu_complementary_filter/share/imu_complementary_filter/hook/dyld_library_path.sh'
[20.928s] [34mcolcon.colcon_core.environment[0m [1;30mLevel 1[0m checking '/Users/yosuke/gits/cxd5602pwbimu_ros2_driver/ros2_ws/install/imu_complementary_filter/bin'
[20.928s] [34mcolcon.colcon_core.environment[0m [1;30mLevel 1[0m checking '/Users/yosuke/gits/cxd5602pwbimu_ros2_driver/ros2_ws/install/imu_complementary_filter/lib/pkgconfig/imu_complementary_filter.pc'
[20.928s] [34mcolcon.colcon_core.environment[0m [1;30mLevel 1[0m checking '/Users/yosuke/gits/cxd5602pwbimu_ros2_driver/ros2_ws/install/imu_complementary_filter/lib/python3.11/site-packages'
[20.928s] [34mcolcon.colcon_core.environment[0m [1;30mLevel 1[0m checking '/Users/yosuke/gits/cxd5602pwbimu_ros2_driver/ros2_ws/install/imu_complementary_filter/bin'
[20.929s] [34mcolcon.colcon_core.shell[0m [1;30mINFO[0m Creating package script '/Users/yosuke/gits/cxd5602pwbimu_ros2_driver/ros2_ws/install/imu_complementary_filter/share/imu_complementary_filter/package.ps1'
[20.929s] [34mcolcon.colcon_core.shell[0m [1;30mINFO[0m Creating package descriptor '/Users/yosuke/gits/cxd5602pwbimu_ros2_driver/ros2_ws/install/imu_complementary_filter/share/imu_complementary_filter/package.dsv'
[20.930s] [34mcolcon.colcon_core.shell[0m [1;30mINFO[0m Creating package script '/Users/yosuke/gits/cxd5602pwbimu_ros2_driver/ros2_ws/install/imu_complementary_filter/share/imu_complementary_filter/package.sh'
[20.930s] [34mcolcon.colcon_core.shell[0m [1;30mINFO[0m Creating package script '/Users/yosuke/gits/cxd5602pwbimu_ros2_driver/ros2_ws/install/imu_complementary_filter/share/imu_complementary_filter/package.bash'
[20.931s] [34mcolcon.colcon_core.shell[0m [1;30mINFO[0m Creating package script '/Users/yosuke/gits/cxd5602pwbimu_ros2_driver/ros2_ws/install/imu_complementary_filter/share/imu_complementary_filter/package.zsh'
[20.931s] [34mcolcon.colcon_core.environment[0m [1;30mLevel 1[0m create_file_with_runtime_dependencies(/Users/yosuke/gits/cxd5602pwbimu_ros2_driver/ros2_ws/install/imu_complementary_filter/share/colcon-core/packages/imu_complementary_filter)
[21.301s] [34mcolcon.colcon_core.event_handler.log_command[0m [1;30mDEBUG[0m [32mInvoked command in '/Users/yosuke/gits/cxd5602pwbimu_ros2_driver/ros2_ws/build/cxd5602pwbimu_driver_node' returned '0': CMAKE_PREFIX_PATH=/Users/yosuke/gits/cxd5602pwbimu_ros2_driver/ros2_ws/install/h6x_serial_interface:/Users/yosuke/gits/cxd5602pwbimu_ros2_driver/ros2_ws/install/imu_tools:/Users/yosuke/gits/cxd5602pwbimu_ros2_driver/ros2_ws/install/rviz_imu_plugin:/Users/yosuke/gits/cxd5602pwbimu_ros2_driver/ros2_ws/install/imu_filter_madgwick:/Users/yosuke/gits/cxd5602pwbimu_ros2_driver/ros2_ws/install/imu_complementary_filter:/Users/yosuke/gits/cxd5602pwbimu_ros2_driver/ros2_ws/install/h6x_serial_interface_example:/Users/yosuke/gits/cxd5602pwbimu_ros2_driver/ros2_ws/install/cxd5602pwbimu_driver:/Users/yosuke/gits/cxd5602pwbimu_ros2_driver/ros2_ws/install/cxd5602pwbimu_driver_node:/Users/yosuke/gits/cxd5602pwbimu_ros2_driver/ros2_ws/install/h6x_packet_handler:/opt/homebrew/opt/qt@5:/Users/yosuke/gits/cxd5602pwbimu_ros2_driver/ros2_ws/install/cxd5602pwbimu_driver_bringup:/Users/yosuke/miniforge3/envs/ros_env CONDA_PROMPT_MODIFIER=(ros_env) DYLD_LIBRARY_PATH=/Users/yosuke/gits/cxd5602pwbimu_ros2_driver/ros2_ws/install/h6x_serial_interface/lib:/Users/yosuke/gits/cxd5602pwbimu_ros2_driver/ros2_ws/install/rviz_imu_plugin/lib:/Users/yosuke/gits/cxd5602pwbimu_ros2_driver/ros2_ws/install/imu_filter_madgwick/lib:/Users/yosuke/gits/cxd5602pwbimu_ros2_driver/ros2_ws/install/imu_complementary_filter/lib:/Users/yosuke/gits/cxd5602pwbimu_ros2_driver/ros2_ws/install/h6x_serial_interface_example/lib:/Users/yosuke/gits/cxd5602pwbimu_ros2_driver/ros2_ws/install/cxd5602pwbimu_driver_node/lib:/Users/yosuke/gits/cxd5602pwbimu_ros2_driver/ros2_ws/install/h6x_packet_handler/lib:/Users/yosuke/miniforge3/envs/ros_env/opt/rviz_ogre_vendor/lib SHLVL=2 _=/Users/yosuke/miniforge3/envs/ros_env/bin/env /Users/yosuke/miniforge3/envs/ros_env/bin/cmake --build /Users/yosuke/gits/cxd5602pwbimu_ros2_driver/ros2_ws/build/cxd5602pwbimu_driver_node -- -j10 -l10[0m
[21.312s] [34mcolcon.colcon_core.environment[0m [1;30mLevel 1[0m create_environment_scripts_only(imu_complementary_filter)
[21.313s] [34mcolcon.colcon_core.environment[0m [1;30mLevel 1[0m checking '/Users/yosuke/gits/cxd5602pwbimu_ros2_driver/ros2_ws/install/imu_complementary_filter' for CMake module files
[21.313s] [34mcolcon.colcon_core.environment[0m [1;30mLevel 1[0m checking '/Users/yosuke/gits/cxd5602pwbimu_ros2_driver/ros2_ws/install/imu_complementary_filter' for CMake config files
[21.314s] [34mcolcon.colcon_core.shell[0m [1;30mLevel 1[0m create_environment_hook('imu_complementary_filter', 'cmake_prefix_path')
[21.315s] [34mcolcon.colcon_core.shell[0m [1;30mINFO[0m Creating environment hook '/Users/yosuke/gits/cxd5602pwbimu_ros2_driver/ros2_ws/install/imu_complementary_filter/share/imu_complementary_filter/hook/cmake_prefix_path.ps1'
[21.315s] [34mcolcon.colcon_core.shell[0m [1;30mINFO[0m Creating environment descriptor '/Users/yosuke/gits/cxd5602pwbimu_ros2_driver/ros2_ws/install/imu_complementary_filter/share/imu_complementary_filter/hook/cmake_prefix_path.dsv'
[21.316s] [34mcolcon.colcon_core.shell[0m [1;30mINFO[0m Creating environment hook '/Users/yosuke/gits/cxd5602pwbimu_ros2_driver/ros2_ws/install/imu_complementary_filter/share/imu_complementary_filter/hook/cmake_prefix_path.sh'
[21.316s] [34mcolcon.colcon_core.environment[0m [1;30mLevel 1[0m checking '/Users/yosuke/gits/cxd5602pwbimu_ros2_driver/ros2_ws/install/imu_complementary_filter/lib'
[21.316s] [34mcolcon.colcon_core.shell[0m [1;30mLevel 1[0m create_environment_hook('imu_complementary_filter', 'dyld_library_path')
[21.317s] [34mcolcon.colcon_core.shell[0m [1;30mINFO[0m Creating environment hook '/Users/yosuke/gits/cxd5602pwbimu_ros2_driver/ros2_ws/install/imu_complementary_filter/share/imu_complementary_filter/hook/dyld_library_path.ps1'
[21.317s] [34mcolcon.colcon_core.shell[0m [1;30mINFO[0m Creating environment descriptor '/Users/yosuke/gits/cxd5602pwbimu_ros2_driver/ros2_ws/install/imu_complementary_filter/share/imu_complementary_filter/hook/dyld_library_path.dsv'
[21.317s] [34mcolcon.colcon_core.shell[0m [1;30mINFO[0m Creating environment hook '/Users/yosuke/gits/cxd5602pwbimu_ros2_driver/ros2_ws/install/imu_complementary_filter/share/imu_complementary_filter/hook/dyld_library_path.sh'
[21.318s] [34mcolcon.colcon_core.environment[0m [1;30mLevel 1[0m checking '/Users/yosuke/gits/cxd5602pwbimu_ros2_driver/ros2_ws/install/imu_complementary_filter/bin'
[21.318s] [34mcolcon.colcon_core.environment[0m [1;30mLevel 1[0m checking '/Users/yosuke/gits/cxd5602pwbimu_ros2_driver/ros2_ws/install/imu_complementary_filter/lib/pkgconfig/imu_complementary_filter.pc'
[21.318s] [34mcolcon.colcon_core.environment[0m [1;30mLevel 1[0m checking '/Users/yosuke/gits/cxd5602pwbimu_ros2_driver/ros2_ws/install/imu_complementary_filter/lib/python3.11/site-packages'
[21.318s] [34mcolcon.colcon_core.environment[0m [1;30mLevel 1[0m checking '/Users/yosuke/gits/cxd5602pwbimu_ros2_driver/ros2_ws/install/imu_complementary_filter/bin'
[21.318s] [34mcolcon.colcon_core.shell[0m [1;30mINFO[0m Creating package script '/Users/yosuke/gits/cxd5602pwbimu_ros2_driver/ros2_ws/install/imu_complementary_filter/share/imu_complementary_filter/package.ps1'
[21.318s] [34mcolcon.colcon_core.shell[0m [1;30mINFO[0m Creating package descriptor '/Users/yosuke/gits/cxd5602pwbimu_ros2_driver/ros2_ws/install/imu_complementary_filter/share/imu_complementary_filter/package.dsv'
[21.319s] [34mcolcon.colcon_core.shell[0m [1;30mINFO[0m Creating package script '/Users/yosuke/gits/cxd5602pwbimu_ros2_driver/ros2_ws/install/imu_complementary_filter/share/imu_complementary_filter/package.sh'
[21.319s] [34mcolcon.colcon_core.shell[0m [1;30mINFO[0m Creating package script '/Users/yosuke/gits/cxd5602pwbimu_ros2_driver/ros2_ws/install/imu_complementary_filter/share/imu_complementary_filter/package.bash'
[21.319s] [34mcolcon.colcon_core.shell[0m [1;30mINFO[0m Creating package script '/Users/yosuke/gits/cxd5602pwbimu_ros2_driver/ros2_ws/install/imu_complementary_filter/share/imu_complementary_filter/package.zsh'
[21.319s] [34mcolcon.colcon_core.environment[0m [1;30mLevel 1[0m create_file_with_runtime_dependencies(/Users/yosuke/gits/cxd5602pwbimu_ros2_driver/ros2_ws/install/imu_complementary_filter/share/colcon-core/packages/imu_complementary_filter)
[21.714s] [34mcolcon.colcon_core.event_handler.log_command[0m [1;30mDEBUG[0m [32mInvoking command in '/Users/yosuke/gits/cxd5602pwbimu_ros2_driver/ros2_ws/build/cxd5602pwbimu_driver_node': CMAKE_PREFIX_PATH=/Users/yosuke/gits/cxd5602pwbimu_ros2_driver/ros2_ws/install/h6x_serial_interface:/Users/yosuke/gits/cxd5602pwbimu_ros2_driver/ros2_ws/install/imu_tools:/Users/yosuke/gits/cxd5602pwbimu_ros2_driver/ros2_ws/install/rviz_imu_plugin:/Users/yosuke/gits/cxd5602pwbimu_ros2_driver/ros2_ws/install/imu_filter_madgwick:/Users/yosuke/gits/cxd5602pwbimu_ros2_driver/ros2_ws/install/imu_complementary_filter:/Users/yosuke/gits/cxd5602pwbimu_ros2_driver/ros2_ws/install/h6x_serial_interface_example:/Users/yosuke/gits/cxd5602pwbimu_ros2_driver/ros2_ws/install/cxd5602pwbimu_driver:/Users/yosuke/gits/cxd5602pwbimu_ros2_driver/ros2_ws/install/cxd5602pwbimu_driver_node:/Users/yosuke/gits/cxd5602pwbimu_ros2_driver/ros2_ws/install/h6x_packet_handler:/opt/homebrew/opt/qt@5:/Users/yosuke/gits/cxd5602pwbimu_ros2_driver/ros2_ws/install/cxd5602pwbimu_driver_bringup:/Users/yosuke/miniforge3/envs/ros_env CONDA_PROMPT_MODIFIER=(ros_env) DYLD_LIBRARY_PATH=/Users/yosuke/gits/cxd5602pwbimu_ros2_driver/ros2_ws/install/h6x_serial_interface/lib:/Users/yosuke/gits/cxd5602pwbimu_ros2_driver/ros2_ws/install/rviz_imu_plugin/lib:/Users/yosuke/gits/cxd5602pwbimu_ros2_driver/ros2_ws/install/imu_filter_madgwick/lib:/Users/yosuke/gits/cxd5602pwbimu_ros2_driver/ros2_ws/install/imu_complementary_filter/lib:/Users/yosuke/gits/cxd5602pwbimu_ros2_driver/ros2_ws/install/h6x_serial_interface_example/lib:/Users/yosuke/gits/cxd5602pwbimu_ros2_driver/ros2_ws/install/cxd5602pwbimu_driver_node/lib:/Users/yosuke/gits/cxd5602pwbimu_ros2_driver/ros2_ws/install/h6x_packet_handler/lib:/Users/yosuke/miniforge3/envs/ros_env/opt/rviz_ogre_vendor/lib SHLVL=2 _=/Users/yosuke/miniforge3/envs/ros_env/bin/env /Users/yosuke/miniforge3/envs/ros_env/bin/cmake --install /Users/yosuke/gits/cxd5602pwbimu_ros2_driver/ros2_ws/build/cxd5602pwbimu_driver_node[0m
[21.722s] [34mcolcon.colcon_core.event_handler.log_command[0m [1;30mDEBUG[0m [32mInvoked command in '/Users/yosuke/gits/cxd5602pwbimu_ros2_driver/ros2_ws/build/rviz_imu_plugin' returned '0': CMAKE_PREFIX_PATH=${CMAKE_PREFIX_PATH}:/Users/yosuke/gits/cxd5602pwbimu_ros2_driver/ros2_ws/install/cxd5602pwbimu_driver_bringup:/Users/yosuke/miniforge3/envs/ros_env CONDA_PROMPT_MODIFIER=(ros_env) SHLVL=2 _=/Users/yosuke/miniforge3/envs/ros_env/bin/env /Users/yosuke/miniforge3/envs/ros_env/bin/cmake --build /Users/yosuke/gits/cxd5602pwbimu_ros2_driver/ros2_ws/build/rviz_imu_plugin -- -j10 -l10[0m
[21.779s] [34mcolcon.colcon_core.environment[0m [1;30mLevel 1[0m create_environment_scripts_only(cxd5602pwbimu_driver_node)
[21.780s] [34mcolcon.colcon_core.environment[0m [1;30mLevel 1[0m checking '/Users/yosuke/gits/cxd5602pwbimu_ros2_driver/ros2_ws/install/cxd5602pwbimu_driver_node' for CMake module files
[21.780s] [34mcolcon.colcon_core.event_handler.log_command[0m [1;30mDEBUG[0m [32mInvoked command in '/Users/yosuke/gits/cxd5602pwbimu_ros2_driver/ros2_ws/build/cxd5602pwbimu_driver_node' returned '0': CMAKE_PREFIX_PATH=/Users/yosuke/gits/cxd5602pwbimu_ros2_driver/ros2_ws/install/h6x_serial_interface:/Users/yosuke/gits/cxd5602pwbimu_ros2_driver/ros2_ws/install/imu_tools:/Users/yosuke/gits/cxd5602pwbimu_ros2_driver/ros2_ws/install/rviz_imu_plugin:/Users/yosuke/gits/cxd5602pwbimu_ros2_driver/ros2_ws/install/imu_filter_madgwick:/Users/yosuke/gits/cxd5602pwbimu_ros2_driver/ros2_ws/install/imu_complementary_filter:/Users/yosuke/gits/cxd5602pwbimu_ros2_driver/ros2_ws/install/h6x_serial_interface_example:/Users/yosuke/gits/cxd5602pwbimu_ros2_driver/ros2_ws/install/cxd5602pwbimu_driver:/Users/yosuke/gits/cxd5602pwbimu_ros2_driver/ros2_ws/install/cxd5602pwbimu_driver_node:/Users/yosuke/gits/cxd5602pwbimu_ros2_driver/ros2_ws/install/h6x_packet_handler:/opt/homebrew/opt/qt@5:/Users/yosuke/gits/cxd5602pwbimu_ros2_driver/ros2_ws/install/cxd5602pwbimu_driver_bringup:/Users/yosuke/miniforge3/envs/ros_env CONDA_PROMPT_MODIFIER=(ros_env) DYLD_LIBRARY_PATH=/Users/yosuke/gits/cxd5602pwbimu_ros2_driver/ros2_ws/install/h6x_serial_interface/lib:/Users/yosuke/gits/cxd5602pwbimu_ros2_driver/ros2_ws/install/rviz_imu_plugin/lib:/Users/yosuke/gits/cxd5602pwbimu_ros2_driver/ros2_ws/install/imu_filter_madgwick/lib:/Users/yosuke/gits/cxd5602pwbimu_ros2_driver/ros2_ws/install/imu_complementary_filter/lib:/Users/yosuke/gits/cxd5602pwbimu_ros2_driver/ros2_ws/install/h6x_serial_interface_example/lib:/Users/yosuke/gits/cxd5602pwbimu_ros2_driver/ros2_ws/install/cxd5602pwbimu_driver_node/lib:/Users/yosuke/gits/cxd5602pwbimu_ros2_driver/ros2_ws/install/h6x_packet_handler/lib:/Users/yosuke/miniforge3/envs/ros_env/opt/rviz_ogre_vendor/lib SHLVL=2 _=/Users/yosuke/miniforge3/envs/ros_env/bin/env /Users/yosuke/miniforge3/envs/ros_env/bin/cmake --install /Users/yosuke/gits/cxd5602pwbimu_ros2_driver/ros2_ws/build/cxd5602pwbimu_driver_node[0m
[21.781s] [34mcolcon.colcon_core.environment[0m [1;30mLevel 1[0m checking '/Users/yosuke/gits/cxd5602pwbimu_ros2_driver/ros2_ws/install/cxd5602pwbimu_driver_node' for CMake config files
[21.781s] [34mcolcon.colcon_core.shell[0m [1;30mLevel 1[0m create_environment_hook('cxd5602pwbimu_driver_node', 'cmake_prefix_path')
[21.782s] [34mcolcon.colcon_core.shell[0m [1;30mINFO[0m Creating environment hook '/Users/yosuke/gits/cxd5602pwbimu_ros2_driver/ros2_ws/install/cxd5602pwbimu_driver_node/share/cxd5602pwbimu_driver_node/hook/cmake_prefix_path.ps1'
[21.782s] [34mcolcon.colcon_core.shell[0m [1;30mINFO[0m Creating environment descriptor '/Users/yosuke/gits/cxd5602pwbimu_ros2_driver/ros2_ws/install/cxd5602pwbimu_driver_node/share/cxd5602pwbimu_driver_node/hook/cmake_prefix_path.dsv'
[21.783s] [34mcolcon.colcon_core.shell[0m [1;30mINFO[0m Creating environment hook '/Users/yosuke/gits/cxd5602pwbimu_ros2_driver/ros2_ws/install/cxd5602pwbimu_driver_node/share/cxd5602pwbimu_driver_node/hook/cmake_prefix_path.sh'
[21.783s] [34mcolcon.colcon_core.environment[0m [1;30mLevel 1[0m checking '/Users/yosuke/gits/cxd5602pwbimu_ros2_driver/ros2_ws/install/cxd5602pwbimu_driver_node/lib'
[21.783s] [34mcolcon.colcon_core.shell[0m [1;30mLevel 1[0m create_environment_hook('cxd5602pwbimu_driver_node', 'dyld_library_path')
[21.784s] [34mcolcon.colcon_core.shell[0m [1;30mINFO[0m Creating environment hook '/Users/yosuke/gits/cxd5602pwbimu_ros2_driver/ros2_ws/install/cxd5602pwbimu_driver_node/share/cxd5602pwbimu_driver_node/hook/dyld_library_path.ps1'
[21.784s] [34mcolcon.colcon_core.shell[0m [1;30mINFO[0m Creating environment descriptor '/Users/yosuke/gits/cxd5602pwbimu_ros2_driver/ros2_ws/install/cxd5602pwbimu_driver_node/share/cxd5602pwbimu_driver_node/hook/dyld_library_path.dsv'
[21.784s] [34mcolcon.colcon_core.shell[0m [1;30mINFO[0m Creating environment hook '/Users/yosuke/gits/cxd5602pwbimu_ros2_driver/ros2_ws/install/cxd5602pwbimu_driver_node/share/cxd5602pwbimu_driver_node/hook/dyld_library_path.sh'
[21.785s] [34mcolcon.colcon_core.environment[0m [1;30mLevel 1[0m checking '/Users/yosuke/gits/cxd5602pwbimu_ros2_driver/ros2_ws/install/cxd5602pwbimu_driver_node/bin'
[21.785s] [34mcolcon.colcon_core.environment[0m [1;30mLevel 1[0m checking '/Users/yosuke/gits/cxd5602pwbimu_ros2_driver/ros2_ws/install/cxd5602pwbimu_driver_node/lib/pkgconfig/cxd5602pwbimu_driver_node.pc'
[21.785s] [34mcolcon.colcon_core.environment[0m [1;30mLevel 1[0m checking '/Users/yosuke/gits/cxd5602pwbimu_ros2_driver/ros2_ws/install/cxd5602pwbimu_driver_node/lib/python3.11/site-packages'
[21.786s] [34mcolcon.colcon_core.environment[0m [1;30mLevel 1[0m checking '/Users/yosuke/gits/cxd5602pwbimu_ros2_driver/ros2_ws/install/cxd5602pwbimu_driver_node/bin'
[21.786s] [34mcolcon.colcon_core.shell[0m [1;30mINFO[0m Creating package script '/Users/yosuke/gits/cxd5602pwbimu_ros2_driver/ros2_ws/install/cxd5602pwbimu_driver_node/share/cxd5602pwbimu_driver_node/package.ps1'
[21.787s] [34mcolcon.colcon_core.shell[0m [1;30mINFO[0m Creating package descriptor '/Users/yosuke/gits/cxd5602pwbimu_ros2_driver/ros2_ws/install/cxd5602pwbimu_driver_node/share/cxd5602pwbimu_driver_node/package.dsv'
[21.787s] [34mcolcon.colcon_core.shell[0m [1;30mINFO[0m Creating package script '/Users/yosuke/gits/cxd5602pwbimu_ros2_driver/ros2_ws/install/cxd5602pwbimu_driver_node/share/cxd5602pwbimu_driver_node/package.sh'
[21.787s] [34mcolcon.colcon_core.shell[0m [1;30mINFO[0m Creating package script '/Users/yosuke/gits/cxd5602pwbimu_ros2_driver/ros2_ws/install/cxd5602pwbimu_driver_node/share/cxd5602pwbimu_driver_node/package.bash'
[21.788s] [34mcolcon.colcon_core.shell[0m [1;30mINFO[0m Creating package script '/Users/yosuke/gits/cxd5602pwbimu_ros2_driver/ros2_ws/install/cxd5602pwbimu_driver_node/share/cxd5602pwbimu_driver_node/package.zsh'
[21.788s] [34mcolcon.colcon_core.environment[0m [1;30mLevel 1[0m create_file_with_runtime_dependencies(/Users/yosuke/gits/cxd5602pwbimu_ros2_driver/ros2_ws/install/cxd5602pwbimu_driver_node/share/colcon-core/packages/cxd5602pwbimu_driver_node)
[22.149s] [34mcolcon.colcon_core.environment[0m [1;30mLevel 1[0m create_environment_scripts_only(cxd5602pwbimu_driver_node)
[22.149s] [34mcolcon.colcon_core.environment[0m [1;30mLevel 1[0m checking '/Users/yosuke/gits/cxd5602pwbimu_ros2_driver/ros2_ws/install/cxd5602pwbimu_driver_node' for CMake module files
[22.149s] [34mcolcon.colcon_core.environment[0m [1;30mLevel 1[0m checking '/Users/yosuke/gits/cxd5602pwbimu_ros2_driver/ros2_ws/install/cxd5602pwbimu_driver_node' for CMake config files
[22.149s] [34mcolcon.colcon_core.shell[0m [1;30mLevel 1[0m create_environment_hook('cxd5602pwbimu_driver_node', 'cmake_prefix_path')
[22.149s] [34mcolcon.colcon_core.shell[0m [1;30mINFO[0m Creating environment hook '/Users/yosuke/gits/cxd5602pwbimu_ros2_driver/ros2_ws/install/cxd5602pwbimu_driver_node/share/cxd5602pwbimu_driver_node/hook/cmake_prefix_path.ps1'
[22.150s] [34mcolcon.colcon_core.shell[0m [1;30mINFO[0m Creating environment descriptor '/Users/yosuke/gits/cxd5602pwbimu_ros2_driver/ros2_ws/install/cxd5602pwbimu_driver_node/share/cxd5602pwbimu_driver_node/hook/cmake_prefix_path.dsv'
[22.150s] [34mcolcon.colcon_core.shell[0m [1;30mINFO[0m Creating environment hook '/Users/yosuke/gits/cxd5602pwbimu_ros2_driver/ros2_ws/install/cxd5602pwbimu_driver_node/share/cxd5602pwbimu_driver_node/hook/cmake_prefix_path.sh'
[22.150s] [34mcolcon.colcon_core.environment[0m [1;30mLevel 1[0m checking '/Users/yosuke/gits/cxd5602pwbimu_ros2_driver/ros2_ws/install/cxd5602pwbimu_driver_node/lib'
[22.150s] [34mcolcon.colcon_core.shell[0m [1;30mLevel 1[0m create_environment_hook('cxd5602pwbimu_driver_node', 'dyld_library_path')
[22.150s] [34mcolcon.colcon_core.shell[0m [1;30mINFO[0m Creating environment hook '/Users/yosuke/gits/cxd5602pwbimu_ros2_driver/ros2_ws/install/cxd5602pwbimu_driver_node/share/cxd5602pwbimu_driver_node/hook/dyld_library_path.ps1'
[22.151s] [34mcolcon.colcon_core.shell[0m [1;30mINFO[0m Creating environment descriptor '/Users/yosuke/gits/cxd5602pwbimu_ros2_driver/ros2_ws/install/cxd5602pwbimu_driver_node/share/cxd5602pwbimu_driver_node/hook/dyld_library_path.dsv'
[22.151s] [34mcolcon.colcon_core.shell[0m [1;30mINFO[0m Creating environment hook '/Users/yosuke/gits/cxd5602pwbimu_ros2_driver/ros2_ws/install/cxd5602pwbimu_driver_node/share/cxd5602pwbimu_driver_node/hook/dyld_library_path.sh'
[22.151s] [34mcolcon.colcon_core.environment[0m [1;30mLevel 1[0m checking '/Users/yosuke/gits/cxd5602pwbimu_ros2_driver/ros2_ws/install/cxd5602pwbimu_driver_node/bin'
[22.151s] [34mcolcon.colcon_core.environment[0m [1;30mLevel 1[0m checking '/Users/yosuke/gits/cxd5602pwbimu_ros2_driver/ros2_ws/install/cxd5602pwbimu_driver_node/lib/pkgconfig/cxd5602pwbimu_driver_node.pc'
[22.151s] [34mcolcon.colcon_core.environment[0m [1;30mLevel 1[0m checking '/Users/yosuke/gits/cxd5602pwbimu_ros2_driver/ros2_ws/install/cxd5602pwbimu_driver_node/lib/python3.11/site-packages'
[22.151s] [34mcolcon.colcon_core.environment[0m [1;30mLevel 1[0m checking '/Users/yosuke/gits/cxd5602pwbimu_ros2_driver/ros2_ws/install/cxd5602pwbimu_driver_node/bin'
[22.151s] [34mcolcon.colcon_core.shell[0m [1;30mINFO[0m Creating package script '/Users/yosuke/gits/cxd5602pwbimu_ros2_driver/ros2_ws/install/cxd5602pwbimu_driver_node/share/cxd5602pwbimu_driver_node/package.ps1'
[22.152s] [34mcolcon.colcon_core.shell[0m [1;30mINFO[0m Creating package descriptor '/Users/yosuke/gits/cxd5602pwbimu_ros2_driver/ros2_ws/install/cxd5602pwbimu_driver_node/share/cxd5602pwbimu_driver_node/package.dsv'
[22.152s] [34mcolcon.colcon_core.shell[0m [1;30mINFO[0m Creating package script '/Users/yosuke/gits/cxd5602pwbimu_ros2_driver/ros2_ws/install/cxd5602pwbimu_driver_node/share/cxd5602pwbimu_driver_node/package.sh'
[22.152s] [34mcolcon.colcon_core.shell[0m [1;30mINFO[0m Creating package script '/Users/yosuke/gits/cxd5602pwbimu_ros2_driver/ros2_ws/install/cxd5602pwbimu_driver_node/share/cxd5602pwbimu_driver_node/package.bash'
[22.152s] [34mcolcon.colcon_core.shell[0m [1;30mINFO[0m Creating package script '/Users/yosuke/gits/cxd5602pwbimu_ros2_driver/ros2_ws/install/cxd5602pwbimu_driver_node/share/cxd5602pwbimu_driver_node/package.zsh'
[22.152s] [34mcolcon.colcon_core.environment[0m [1;30mLevel 1[0m create_file_with_runtime_dependencies(/Users/yosuke/gits/cxd5602pwbimu_ros2_driver/ros2_ws/install/cxd5602pwbimu_driver_node/share/colcon-core/packages/cxd5602pwbimu_driver_node)
[22.198s] [34mcolcon.colcon_core.event_handler.log_command[0m [1;30mDEBUG[0m [32mInvoking command in '/Users/yosuke/gits/cxd5602pwbimu_ros2_driver/ros2_ws/build/rviz_imu_plugin': CMAKE_PREFIX_PATH=${CMAKE_PREFIX_PATH}:/Users/yosuke/gits/cxd5602pwbimu_ros2_driver/ros2_ws/install/cxd5602pwbimu_driver_bringup:/Users/yosuke/miniforge3/envs/ros_env CONDA_PROMPT_MODIFIER=(ros_env) SHLVL=2 _=/Users/yosuke/miniforge3/envs/ros_env/bin/env /Users/yosuke/miniforge3/envs/ros_env/bin/cmake --install /Users/yosuke/gits/cxd5602pwbimu_ros2_driver/ros2_ws/build/rviz_imu_plugin[0m
[22.244s] [34mcolcon.colcon_core.environment[0m [1;30mLevel 1[0m create_environment_scripts_only(rviz_imu_plugin)
[22.244s] [34mcolcon.colcon_core.environment[0m [1;30mLevel 1[0m checking '/Users/yosuke/gits/cxd5602pwbimu_ros2_driver/ros2_ws/install/rviz_imu_plugin' for CMake module files
[22.245s] [34mcolcon.colcon_core.event_handler.log_command[0m [1;30mDEBUG[0m [32mInvoked command in '/Users/yosuke/gits/cxd5602pwbimu_ros2_driver/ros2_ws/build/rviz_imu_plugin' returned '0': CMAKE_PREFIX_PATH=${CMAKE_PREFIX_PATH}:/Users/yosuke/gits/cxd5602pwbimu_ros2_driver/ros2_ws/install/cxd5602pwbimu_driver_bringup:/Users/yosuke/miniforge3/envs/ros_env CONDA_PROMPT_MODIFIER=(ros_env) SHLVL=2 _=/Users/yosuke/miniforge3/envs/ros_env/bin/env /Users/yosuke/miniforge3/envs/ros_env/bin/cmake --install /Users/yosuke/gits/cxd5602pwbimu_ros2_driver/ros2_ws/build/rviz_imu_plugin[0m
[22.245s] [34mcolcon.colcon_core.environment[0m [1;30mLevel 1[0m checking '/Users/yosuke/gits/cxd5602pwbimu_ros2_driver/ros2_ws/install/rviz_imu_plugin' for CMake config files
[22.245s] [34mcolcon.colcon_core.shell[0m [1;30mLevel 1[0m create_environment_hook('rviz_imu_plugin', 'cmake_prefix_path')
[22.245s] [34mcolcon.colcon_core.shell[0m [1;30mINFO[0m Creating environment hook '/Users/yosuke/gits/cxd5602pwbimu_ros2_driver/ros2_ws/install/rviz_imu_plugin/share/rviz_imu_plugin/hook/cmake_prefix_path.ps1'
[22.245s] [34mcolcon.colcon_core.shell[0m [1;30mINFO[0m Creating environment descriptor '/Users/yosuke/gits/cxd5602pwbimu_ros2_driver/ros2_ws/install/rviz_imu_plugin/share/rviz_imu_plugin/hook/cmake_prefix_path.dsv'
[22.245s] [34mcolcon.colcon_core.shell[0m [1;30mINFO[0m Creating environment hook '/Users/yosuke/gits/cxd5602pwbimu_ros2_driver/ros2_ws/install/rviz_imu_plugin/share/rviz_imu_plugin/hook/cmake_prefix_path.sh'
[22.246s] [34mcolcon.colcon_core.environment[0m [1;30mLevel 1[0m checking '/Users/yosuke/gits/cxd5602pwbimu_ros2_driver/ros2_ws/install/rviz_imu_plugin/lib'
[22.246s] [34mcolcon.colcon_core.shell[0m [1;30mLevel 1[0m create_environment_hook('rviz_imu_plugin', 'dyld_library_path')
[22.246s] [34mcolcon.colcon_core.shell[0m [1;30mINFO[0m Creating environment hook '/Users/yosuke/gits/cxd5602pwbimu_ros2_driver/ros2_ws/install/rviz_imu_plugin/share/rviz_imu_plugin/hook/dyld_library_path.ps1'
[22.246s] [34mcolcon.colcon_core.shell[0m [1;30mINFO[0m Creating environment descriptor '/Users/yosuke/gits/cxd5602pwbimu_ros2_driver/ros2_ws/install/rviz_imu_plugin/share/rviz_imu_plugin/hook/dyld_library_path.dsv'
[22.246s] [34mcolcon.colcon_core.shell[0m [1;30mINFO[0m Creating environment hook '/Users/yosuke/gits/cxd5602pwbimu_ros2_driver/ros2_ws/install/rviz_imu_plugin/share/rviz_imu_plugin/hook/dyld_library_path.sh'
[22.246s] [34mcolcon.colcon_core.environment[0m [1;30mLevel 1[0m checking '/Users/yosuke/gits/cxd5602pwbimu_ros2_driver/ros2_ws/install/rviz_imu_plugin/bin'
[22.246s] [34mcolcon.colcon_core.environment[0m [1;30mLevel 1[0m checking '/Users/yosuke/gits/cxd5602pwbimu_ros2_driver/ros2_ws/install/rviz_imu_plugin/lib/pkgconfig/rviz_imu_plugin.pc'
[22.246s] [34mcolcon.colcon_core.environment[0m [1;30mLevel 1[0m checking '/Users/yosuke/gits/cxd5602pwbimu_ros2_driver/ros2_ws/install/rviz_imu_plugin/lib/python3.11/site-packages'
[22.247s] [34mcolcon.colcon_core.environment[0m [1;30mLevel 1[0m checking '/Users/yosuke/gits/cxd5602pwbimu_ros2_driver/ros2_ws/install/rviz_imu_plugin/bin'
[22.247s] [34mcolcon.colcon_core.shell[0m [1;30mINFO[0m Creating package script '/Users/yosuke/gits/cxd5602pwbimu_ros2_driver/ros2_ws/install/rviz_imu_plugin/share/rviz_imu_plugin/package.ps1'
[22.247s] [34mcolcon.colcon_core.shell[0m [1;30mINFO[0m Creating package descriptor '/Users/yosuke/gits/cxd5602pwbimu_ros2_driver/ros2_ws/install/rviz_imu_plugin/share/rviz_imu_plugin/package.dsv'
[22.247s] [34mcolcon.colcon_core.shell[0m [1;30mINFO[0m Creating package script '/Users/yosuke/gits/cxd5602pwbimu_ros2_driver/ros2_ws/install/rviz_imu_plugin/share/rviz_imu_plugin/package.sh'
[22.247s] [34mcolcon.colcon_core.shell[0m [1;30mINFO[0m Creating package script '/Users/yosuke/gits/cxd5602pwbimu_ros2_driver/ros2_ws/install/rviz_imu_plugin/share/rviz_imu_plugin/package.bash'
[22.247s] [34mcolcon.colcon_core.shell[0m [1;30mINFO[0m Creating package script '/Users/yosuke/gits/cxd5602pwbimu_ros2_driver/ros2_ws/install/rviz_imu_plugin/share/rviz_imu_plugin/package.zsh'
[22.248s] [34mcolcon.colcon_core.environment[0m [1;30mLevel 1[0m create_file_with_runtime_dependencies(/Users/yosuke/gits/cxd5602pwbimu_ros2_driver/ros2_ws/install/rviz_imu_plugin/share/colcon-core/packages/rviz_imu_plugin)
[22.553s] [34mcolcon.colcon_core.event_handler.log_command[0m [1;30mDEBUG[0m [32mInvoked command in '/Users/yosuke/gits/cxd5602pwbimu_ros2_driver/ros2_ws/build/imu_filter_madgwick' returned '0': CMAKE_PREFIX_PATH=${CMAKE_PREFIX_PATH}:/Users/yosuke/gits/cxd5602pwbimu_ros2_driver/ros2_ws/install/cxd5602pwbimu_driver_bringup:/Users/yosuke/miniforge3/envs/ros_env CONDA_PROMPT_MODIFIER=(ros_env) SHLVL=2 _=/Users/yosuke/miniforge3/envs/ros_env/bin/env /Users/yosuke/miniforge3/envs/ros_env/bin/cmake --build /Users/yosuke/gits/cxd5602pwbimu_ros2_driver/ros2_ws/build/imu_filter_madgwick -- -j10 -l10[0m
[22.557s] [34mcolcon.colcon_core.environment[0m [1;30mLevel 1[0m create_environment_scripts_only(rviz_imu_plugin)
[22.557s] [34mcolcon.colcon_core.environment[0m [1;30mLevel 1[0m checking '/Users/yosuke/gits/cxd5602pwbimu_ros2_driver/ros2_ws/install/rviz_imu_plugin' for CMake module files
[22.558s] [34mcolcon.colcon_core.environment[0m [1;30mLevel 1[0m checking '/Users/yosuke/gits/cxd5602pwbimu_ros2_driver/ros2_ws/install/rviz_imu_plugin' for CMake config files
[22.558s] [34mcolcon.colcon_core.shell[0m [1;30mLevel 1[0m create_environment_hook('rviz_imu_plugin', 'cmake_prefix_path')
[22.558s] [34mcolcon.colcon_core.shell[0m [1;30mINFO[0m Creating environment hook '/Users/yosuke/gits/cxd5602pwbimu_ros2_driver/ros2_ws/install/rviz_imu_plugin/share/rviz_imu_plugin/hook/cmake_prefix_path.ps1'
[22.558s] [34mcolcon.colcon_core.shell[0m [1;30mINFO[0m Creating environment descriptor '/Users/yosuke/gits/cxd5602pwbimu_ros2_driver/ros2_ws/install/rviz_imu_plugin/share/rviz_imu_plugin/hook/cmake_prefix_path.dsv'
[22.558s] [34mcolcon.colcon_core.shell[0m [1;30mINFO[0m Creating environment hook '/Users/yosuke/gits/cxd5602pwbimu_ros2_driver/ros2_ws/install/rviz_imu_plugin/share/rviz_imu_plugin/hook/cmake_prefix_path.sh'
[22.559s] [34mcolcon.colcon_core.environment[0m [1;30mLevel 1[0m checking '/Users/yosuke/gits/cxd5602pwbimu_ros2_driver/ros2_ws/install/rviz_imu_plugin/lib'
[22.559s] [34mcolcon.colcon_core.shell[0m [1;30mLevel 1[0m create_environment_hook('rviz_imu_plugin', 'dyld_library_path')
[22.559s] [34mcolcon.colcon_core.shell[0m [1;30mINFO[0m Creating environment hook '/Users/yosuke/gits/cxd5602pwbimu_ros2_driver/ros2_ws/install/rviz_imu_plugin/share/rviz_imu_plugin/hook/dyld_library_path.ps1'
[22.559s] [34mcolcon.colcon_core.shell[0m [1;30mINFO[0m Creating environment descriptor '/Users/yosuke/gits/cxd5602pwbimu_ros2_driver/ros2_ws/install/rviz_imu_plugin/share/rviz_imu_plugin/hook/dyld_library_path.dsv'
[22.559s] [34mcolcon.colcon_core.shell[0m [1;30mINFO[0m Creating environment hook '/Users/yosuke/gits/cxd5602pwbimu_ros2_driver/ros2_ws/install/rviz_imu_plugin/share/rviz_imu_plugin/hook/dyld_library_path.sh'
[22.559s] [34mcolcon.colcon_core.environment[0m [1;30mLevel 1[0m checking '/Users/yosuke/gits/cxd5602pwbimu_ros2_driver/ros2_ws/install/rviz_imu_plugin/bin'
[22.559s] [34mcolcon.colcon_core.environment[0m [1;30mLevel 1[0m checking '/Users/yosuke/gits/cxd5602pwbimu_ros2_driver/ros2_ws/install/rviz_imu_plugin/lib/pkgconfig/rviz_imu_plugin.pc'
[22.559s] [34mcolcon.colcon_core.environment[0m [1;30mLevel 1[0m checking '/Users/yosuke/gits/cxd5602pwbimu_ros2_driver/ros2_ws/install/rviz_imu_plugin/lib/python3.11/site-packages'
[22.559s] [34mcolcon.colcon_core.environment[0m [1;30mLevel 1[0m checking '/Users/yosuke/gits/cxd5602pwbimu_ros2_driver/ros2_ws/install/rviz_imu_plugin/bin'
[22.560s] [34mcolcon.colcon_core.shell[0m [1;30mINFO[0m Creating package script '/Users/yosuke/gits/cxd5602pwbimu_ros2_driver/ros2_ws/install/rviz_imu_plugin/share/rviz_imu_plugin/package.ps1'
[22.560s] [34mcolcon.colcon_core.shell[0m [1;30mINFO[0m Creating package descriptor '/Users/yosuke/gits/cxd5602pwbimu_ros2_driver/ros2_ws/install/rviz_imu_plugin/share/rviz_imu_plugin/package.dsv'
[22.560s] [34mcolcon.colcon_core.shell[0m [1;30mINFO[0m Creating package script '/Users/yosuke/gits/cxd5602pwbimu_ros2_driver/ros2_ws/install/rviz_imu_plugin/share/rviz_imu_plugin/package.sh'
[22.560s] [34mcolcon.colcon_core.shell[0m [1;30mINFO[0m Creating package script '/Users/yosuke/gits/cxd5602pwbimu_ros2_driver/ros2_ws/install/rviz_imu_plugin/share/rviz_imu_plugin/package.bash'
[22.560s] [34mcolcon.colcon_core.shell[0m [1;30mINFO[0m Creating package script '/Users/yosuke/gits/cxd5602pwbimu_ros2_driver/ros2_ws/install/rviz_imu_plugin/share/rviz_imu_plugin/package.zsh'
[22.560s] [34mcolcon.colcon_core.environment[0m [1;30mLevel 1[0m create_file_with_runtime_dependencies(/Users/yosuke/gits/cxd5602pwbimu_ros2_driver/ros2_ws/install/rviz_imu_plugin/share/colcon-core/packages/rviz_imu_plugin)
[22.788s] [34mcolcon.colcon_core.event_handler.log_command[0m [1;30mDEBUG[0m [32mInvoking command in '/Users/yosuke/gits/cxd5602pwbimu_ros2_driver/ros2_ws/build/imu_filter_madgwick': CMAKE_PREFIX_PATH=${CMAKE_PREFIX_PATH}:/Users/yosuke/gits/cxd5602pwbimu_ros2_driver/ros2_ws/install/cxd5602pwbimu_driver_bringup:/Users/yosuke/miniforge3/envs/ros_env CONDA_PROMPT_MODIFIER=(ros_env) SHLVL=2 _=/Users/yosuke/miniforge3/envs/ros_env/bin/env /Users/yosuke/miniforge3/envs/ros_env/bin/cmake --install /Users/yosuke/gits/cxd5602pwbimu_ros2_driver/ros2_ws/build/imu_filter_madgwick[0m
[22.829s] [34mcolcon.colcon_core.environment[0m [1;30mLevel 1[0m create_environment_scripts_only(imu_filter_madgwick)
[22.829s] [34mcolcon.colcon_core.environment[0m [1;30mLevel 1[0m checking '/Users/yosuke/gits/cxd5602pwbimu_ros2_driver/ros2_ws/install/imu_filter_madgwick' for CMake module files
[22.829s] [34mcolcon.colcon_core.event_handler.log_command[0m [1;30mDEBUG[0m [32mInvoked command in '/Users/yosuke/gits/cxd5602pwbimu_ros2_driver/ros2_ws/build/imu_filter_madgwick' returned '0': CMAKE_PREFIX_PATH=${CMAKE_PREFIX_PATH}:/Users/yosuke/gits/cxd5602pwbimu_ros2_driver/ros2_ws/install/cxd5602pwbimu_driver_bringup:/Users/yosuke/miniforge3/envs/ros_env CONDA_PROMPT_MODIFIER=(ros_env) SHLVL=2 _=/Users/yosuke/miniforge3/envs/ros_env/bin/env /Users/yosuke/miniforge3/envs/ros_env/bin/cmake --install /Users/yosuke/gits/cxd5602pwbimu_ros2_driver/ros2_ws/build/imu_filter_madgwick[0m
[22.829s] [34mcolcon.colcon_core.environment[0m [1;30mLevel 1[0m checking '/Users/yosuke/gits/cxd5602pwbimu_ros2_driver/ros2_ws/install/imu_filter_madgwick' for CMake config files
[22.830s] [34mcolcon.colcon_core.shell[0m [1;30mLevel 1[0m create_environment_hook('imu_filter_madgwick', 'cmake_prefix_path')
[22.830s] [34mcolcon.colcon_core.shell[0m [1;30mINFO[0m Creating environment hook '/Users/yosuke/gits/cxd5602pwbimu_ros2_driver/ros2_ws/install/imu_filter_madgwick/share/imu_filter_madgwick/hook/cmake_prefix_path.ps1'
[22.830s] [34mcolcon.colcon_core.shell[0m [1;30mINFO[0m Creating environment descriptor '/Users/yosuke/gits/cxd5602pwbimu_ros2_driver/ros2_ws/install/imu_filter_madgwick/share/imu_filter_madgwick/hook/cmake_prefix_path.dsv'
[22.830s] [34mcolcon.colcon_core.shell[0m [1;30mINFO[0m Creating environment hook '/Users/yosuke/gits/cxd5602pwbimu_ros2_driver/ros2_ws/install/imu_filter_madgwick/share/imu_filter_madgwick/hook/cmake_prefix_path.sh'
[22.830s] [34mcolcon.colcon_core.environment[0m [1;30mLevel 1[0m checking '/Users/yosuke/gits/cxd5602pwbimu_ros2_driver/ros2_ws/install/imu_filter_madgwick/lib'
[22.830s] [34mcolcon.colcon_core.shell[0m [1;30mLevel 1[0m create_environment_hook('imu_filter_madgwick', 'dyld_library_path')
[22.830s] [34mcolcon.colcon_core.shell[0m [1;30mINFO[0m Creating environment hook '/Users/yosuke/gits/cxd5602pwbimu_ros2_driver/ros2_ws/install/imu_filter_madgwick/share/imu_filter_madgwick/hook/dyld_library_path.ps1'
[22.831s] [34mcolcon.colcon_core.shell[0m [1;30mINFO[0m Creating environment descriptor '/Users/yosuke/gits/cxd5602pwbimu_ros2_driver/ros2_ws/install/imu_filter_madgwick/share/imu_filter_madgwick/hook/dyld_library_path.dsv'
[22.831s] [34mcolcon.colcon_core.shell[0m [1;30mINFO[0m Creating environment hook '/Users/yosuke/gits/cxd5602pwbimu_ros2_driver/ros2_ws/install/imu_filter_madgwick/share/imu_filter_madgwick/hook/dyld_library_path.sh'
[22.831s] [34mcolcon.colcon_core.environment[0m [1;30mLevel 1[0m checking '/Users/yosuke/gits/cxd5602pwbimu_ros2_driver/ros2_ws/install/imu_filter_madgwick/bin'
[22.831s] [34mcolcon.colcon_core.environment[0m [1;30mLevel 1[0m checking '/Users/yosuke/gits/cxd5602pwbimu_ros2_driver/ros2_ws/install/imu_filter_madgwick/lib/pkgconfig/imu_filter_madgwick.pc'
[22.831s] [34mcolcon.colcon_core.environment[0m [1;30mLevel 1[0m checking '/Users/yosuke/gits/cxd5602pwbimu_ros2_driver/ros2_ws/install/imu_filter_madgwick/lib/python3.11/site-packages'
[22.831s] [34mcolcon.colcon_core.environment[0m [1;30mLevel 1[0m checking '/Users/yosuke/gits/cxd5602pwbimu_ros2_driver/ros2_ws/install/imu_filter_madgwick/bin'
[22.831s] [34mcolcon.colcon_core.shell[0m [1;30mINFO[0m Creating package script '/Users/yosuke/gits/cxd5602pwbimu_ros2_driver/ros2_ws/install/imu_filter_madgwick/share/imu_filter_madgwick/package.ps1'
[22.831s] [34mcolcon.colcon_core.shell[0m [1;30mINFO[0m Creating package descriptor '/Users/yosuke/gits/cxd5602pwbimu_ros2_driver/ros2_ws/install/imu_filter_madgwick/share/imu_filter_madgwick/package.dsv'
[22.832s] [34mcolcon.colcon_core.shell[0m [1;30mINFO[0m Creating package script '/Users/yosuke/gits/cxd5602pwbimu_ros2_driver/ros2_ws/install/imu_filter_madgwick/share/imu_filter_madgwick/package.sh'
[22.832s] [34mcolcon.colcon_core.shell[0m [1;30mINFO[0m Creating package script '/Users/yosuke/gits/cxd5602pwbimu_ros2_driver/ros2_ws/install/imu_filter_madgwick/share/imu_filter_madgwick/package.bash'
[22.832s] [34mcolcon.colcon_core.shell[0m [1;30mINFO[0m Creating package script '/Users/yosuke/gits/cxd5602pwbimu_ros2_driver/ros2_ws/install/imu_filter_madgwick/share/imu_filter_madgwick/package.zsh'
[22.832s] [34mcolcon.colcon_core.environment[0m [1;30mLevel 1[0m create_file_with_runtime_dependencies(/Users/yosuke/gits/cxd5602pwbimu_ros2_driver/ros2_ws/install/imu_filter_madgwick/share/colcon-core/packages/imu_filter_madgwick)
[23.069s] [34mcolcon.colcon_core.environment[0m [1;30mLevel 1[0m create_environment_scripts_only(imu_filter_madgwick)
[23.069s] [34mcolcon.colcon_core.environment[0m [1;30mLevel 1[0m checking '/Users/yosuke/gits/cxd5602pwbimu_ros2_driver/ros2_ws/install/imu_filter_madgwick' for CMake module files
[23.069s] [34mcolcon.colcon_core.environment[0m [1;30mLevel 1[0m checking '/Users/yosuke/gits/cxd5602pwbimu_ros2_driver/ros2_ws/install/imu_filter_madgwick' for CMake config files
[23.070s] [34mcolcon.colcon_core.shell[0m [1;30mLevel 1[0m create_environment_hook('imu_filter_madgwick', 'cmake_prefix_path')
[23.070s] [34mcolcon.colcon_core.shell[0m [1;30mINFO[0m Creating environment hook '/Users/yosuke/gits/cxd5602pwbimu_ros2_driver/ros2_ws/install/imu_filter_madgwick/share/imu_filter_madgwick/hook/cmake_prefix_path.ps1'
[23.070s] [34mcolcon.colcon_core.shell[0m [1;30mINFO[0m Creating environment descriptor '/Users/yosuke/gits/cxd5602pwbimu_ros2_driver/ros2_ws/install/imu_filter_madgwick/share/imu_filter_madgwick/hook/cmake_prefix_path.dsv'
[23.070s] [34mcolcon.colcon_core.shell[0m [1;30mINFO[0m Creating environment hook '/Users/yosuke/gits/cxd5602pwbimu_ros2_driver/ros2_ws/install/imu_filter_madgwick/share/imu_filter_madgwick/hook/cmake_prefix_path.sh'
[23.070s] [34mcolcon.colcon_core.environment[0m [1;30mLevel 1[0m checking '/Users/yosuke/gits/cxd5602pwbimu_ros2_driver/ros2_ws/install/imu_filter_madgwick/lib'
[23.070s] [34mcolcon.colcon_core.shell[0m [1;30mLevel 1[0m create_environment_hook('imu_filter_madgwick', 'dyld_library_path')
[23.070s] [34mcolcon.colcon_core.shell[0m [1;30mINFO[0m Creating environment hook '/Users/yosuke/gits/cxd5602pwbimu_ros2_driver/ros2_ws/install/imu_filter_madgwick/share/imu_filter_madgwick/hook/dyld_library_path.ps1'
[23.071s] [34mcolcon.colcon_core.shell[0m [1;30mINFO[0m Creating environment descriptor '/Users/yosuke/gits/cxd5602pwbimu_ros2_driver/ros2_ws/install/imu_filter_madgwick/share/imu_filter_madgwick/hook/dyld_library_path.dsv'
[23.071s] [34mcolcon.colcon_core.shell[0m [1;30mINFO[0m Creating environment hook '/Users/yosuke/gits/cxd5602pwbimu_ros2_driver/ros2_ws/install/imu_filter_madgwick/share/imu_filter_madgwick/hook/dyld_library_path.sh'
[23.071s] [34mcolcon.colcon_core.environment[0m [1;30mLevel 1[0m checking '/Users/yosuke/gits/cxd5602pwbimu_ros2_driver/ros2_ws/install/imu_filter_madgwick/bin'
[23.071s] [34mcolcon.colcon_core.environment[0m [1;30mLevel 1[0m checking '/Users/yosuke/gits/cxd5602pwbimu_ros2_driver/ros2_ws/install/imu_filter_madgwick/lib/pkgconfig/imu_filter_madgwick.pc'
[23.071s] [34mcolcon.colcon_core.environment[0m [1;30mLevel 1[0m checking '/Users/yosuke/gits/cxd5602pwbimu_ros2_driver/ros2_ws/install/imu_filter_madgwick/lib/python3.11/site-packages'
[23.071s] [34mcolcon.colcon_core.environment[0m [1;30mLevel 1[0m checking '/Users/yosuke/gits/cxd5602pwbimu_ros2_driver/ros2_ws/install/imu_filter_madgwick/bin'
[23.071s] [34mcolcon.colcon_core.shell[0m [1;30mINFO[0m Creating package script '/Users/yosuke/gits/cxd5602pwbimu_ros2_driver/ros2_ws/install/imu_filter_madgwick/share/imu_filter_madgwick/package.ps1'
[23.071s] [34mcolcon.colcon_core.shell[0m [1;30mINFO[0m Creating package descriptor '/Users/yosuke/gits/cxd5602pwbimu_ros2_driver/ros2_ws/install/imu_filter_madgwick/share/imu_filter_madgwick/package.dsv'
[23.072s] [34mcolcon.colcon_core.shell[0m [1;30mINFO[0m Creating package script '/Users/yosuke/gits/cxd5602pwbimu_ros2_driver/ros2_ws/install/imu_filter_madgwick/share/imu_filter_madgwick/package.sh'
[23.072s] [34mcolcon.colcon_core.shell[0m [1;30mINFO[0m Creating package script '/Users/yosuke/gits/cxd5602pwbimu_ros2_driver/ros2_ws/install/imu_filter_madgwick/share/imu_filter_madgwick/package.bash'
[23.072s] [34mcolcon.colcon_core.shell[0m [1;30mINFO[0m Creating package script '/Users/yosuke/gits/cxd5602pwbimu_ros2_driver/ros2_ws/install/imu_filter_madgwick/share/imu_filter_madgwick/package.zsh'
[23.072s] [34mcolcon.colcon_core.environment[0m [1;30mLevel 1[0m create_file_with_runtime_dependencies(/Users/yosuke/gits/cxd5602pwbimu_ros2_driver/ros2_ws/install/imu_filter_madgwick/share/colcon-core/packages/imu_filter_madgwick)
[23.072s] [34mcolcon.colcon_ros.task.ament_python.build[0m [1;30mINFO[0m Building ROS package in '/Users/yosuke/gits/cxd5602pwbimu_ros2_driver/ros2_ws/src/cxd5602pwbimu_driver_bringup' with build type 'ament_python'
[23.072s] [34mcolcon.colcon_core.shell[0m [1;30mLevel 1[0m create_environment_hook('cxd5602pwbimu_driver_bringup', 'ament_prefix_path')
[23.072s] [34mcolcon.colcon_core.shell[0m [1;30mINFO[0m Creating environment hook '/Users/yosuke/gits/cxd5602pwbimu_ros2_driver/ros2_ws/install/cxd5602pwbimu_driver_bringup/share/cxd5602pwbimu_driver_bringup/hook/ament_prefix_path.ps1'
[23.073s] [34mcolcon.colcon_core.shell[0m [1;30mINFO[0m Creating environment descriptor '/Users/yosuke/gits/cxd5602pwbimu_ros2_driver/ros2_ws/install/cxd5602pwbimu_driver_bringup/share/cxd5602pwbimu_driver_bringup/hook/ament_prefix_path.dsv'
[23.073s] [34mcolcon.colcon_core.shell[0m [1;30mINFO[0m Creating environment hook '/Users/yosuke/gits/cxd5602pwbimu_ros2_driver/ros2_ws/install/cxd5602pwbimu_driver_bringup/share/cxd5602pwbimu_driver_bringup/hook/ament_prefix_path.sh'
[23.073s] [34mcolcon.colcon_core.shell[0m [1;30mINFO[0m Skip shell extension 'powershell' for command environment: Not usable outside of PowerShell
[23.073s] [34mcolcon.colcon_core.shell[0m [1;30mDEBUG[0m [32mSkip shell extension 'dsv' for command environment[0m
[23.076s] [34mcolcon.colcon_ros.task.ament_cmake.build[0m [1;30mINFO[0m Building ROS package in '/Users/yosuke/gits/cxd5602pwbimu_ros2_driver/ros2_ws/src/imu_tools/imu_tools' with build type 'ament_cmake'
[23.077s] [34mcolcon.colcon_cmake.task.cmake.build[0m [1;30mINFO[0m Building CMake package in '/Users/yosuke/gits/cxd5602pwbimu_ros2_driver/ros2_ws/src/imu_tools/imu_tools'
[23.077s] [34mcolcon.colcon_core.shell[0m [1;30mINFO[0m Skip shell extension 'powershell' for command environment: Not usable outside of PowerShell
[23.077s] [34mcolcon.colcon_core.shell[0m [1;30mDEBUG[0m [32mSkip shell extension 'dsv' for command environment[0m
[23.227s] [34mcolcon.colcon_core.task.python.build[0m [1;30mINFO[0m Building Python package in '/Users/yosuke/gits/cxd5602pwbimu_ros2_driver/ros2_ws/src/cxd5602pwbimu_driver_bringup'
[23.227s] [34mcolcon.colcon_core.shell[0m [1;30mINFO[0m Skip shell extension 'powershell' for command environment: Not usable outside of PowerShell
[23.227s] [34mcolcon.colcon_core.shell[0m [1;30mDEBUG[0m [32mSkip shell extension 'dsv' for command environment[0m
[23.233s] [34mcolcon.colcon_core.event_handler.log_command[0m [1;30mDEBUG[0m [32mInvoking command in '/Users/yosuke/gits/cxd5602pwbimu_ros2_driver/ros2_ws/build/imu_tools': CMAKE_PREFIX_PATH=/Users/yosuke/gits/cxd5602pwbimu_ros2_driver/ros2_ws/install/rviz_imu_plugin:/Users/yosuke/gits/cxd5602pwbimu_ros2_driver/ros2_ws/install/imu_filter_madgwick:/Users/yosuke/gits/cxd5602pwbimu_ros2_driver/ros2_ws/install/imu_complementary_filter:/Users/yosuke/gits/cxd5602pwbimu_ros2_driver/ros2_ws/install/imu_tools:/Users/yosuke/gits/cxd5602pwbimu_ros2_driver/ros2_ws/install/h6x_serial_interface_example:/Users/yosuke/gits/cxd5602pwbimu_ros2_driver/ros2_ws/install/cxd5602pwbimu_driver:/Users/yosuke/gits/cxd5602pwbimu_ros2_driver/ros2_ws/install/cxd5602pwbimu_driver_node:/Users/yosuke/gits/cxd5602pwbimu_ros2_driver/ros2_ws/install/h6x_serial_interface:/Users/yosuke/gits/cxd5602pwbimu_ros2_driver/ros2_ws/install/h6x_packet_handler:/opt/homebrew/opt/qt@5:/Users/yosuke/gits/cxd5602pwbimu_ros2_driver/ros2_ws/install/cxd5602pwbimu_driver_bringup:/Users/yosuke/miniforge3/envs/ros_env CONDA_PROMPT_MODIFIER=(ros_env) SHLVL=2 _=/Users/yosuke/miniforge3/envs/ros_env/bin/env /Users/yosuke/miniforge3/envs/ros_env/bin/cmake /Users/yosuke/gits/cxd5602pwbimu_ros2_driver/ros2_ws/src/imu_tools/imu_tools -DCMAKE_INSTALL_PREFIX=/Users/yosuke/gits/cxd5602pwbimu_ros2_driver/ros2_ws/install/imu_tools[0m
[23.436s] [34mcolcon.colcon_core.event_handler.log_command[0m [1;30mDEBUG[0m [32mInvoking command in '/Users/yosuke/gits/cxd5602pwbimu_ros2_driver/ros2_ws/src/cxd5602pwbimu_driver_bringup': CMAKE_PREFIX_PATH=/Users/yosuke/gits/cxd5602pwbimu_ros2_driver/ros2_ws/install/cxd5602pwbimu_driver_node:/Users/yosuke/gits/cxd5602pwbimu_ros2_driver/ros2_ws/install/imu_filter_madgwick:/Users/yosuke/gits/cxd5602pwbimu_ros2_driver/ros2_ws/install/h6x_serial_interface:/Users/yosuke/gits/cxd5602pwbimu_ros2_driver/ros2_ws/install/imu_tools:/Users/yosuke/gits/cxd5602pwbimu_ros2_driver/ros2_ws/install/rviz_imu_plugin:/Users/yosuke/gits/cxd5602pwbimu_ros2_driver/ros2_ws/install/imu_complementary_filter:/Users/yosuke/gits/cxd5602pwbimu_ros2_driver/ros2_ws/install/h6x_serial_interface_example:/Users/yosuke/gits/cxd5602pwbimu_ros2_driver/ros2_ws/install/cxd5602pwbimu_driver:/Users/yosuke/gits/cxd5602pwbimu_ros2_driver/ros2_ws/install/h6x_packet_handler:/opt/homebrew/opt/qt@5 CONDA_PROMPT_MODIFIER=(ros_env) DYLD_LIBRARY_PATH=/Users/yosuke/gits/cxd5602pwbimu_ros2_driver/ros2_ws/install/cxd5602pwbimu_driver_node/lib:/Users/yosuke/gits/cxd5602pwbimu_ros2_driver/ros2_ws/install/imu_filter_madgwick/lib:/Users/yosuke/gits/cxd5602pwbimu_ros2_driver/ros2_ws/install/h6x_serial_interface/lib:/Users/yosuke/gits/cxd5602pwbimu_ros2_driver/ros2_ws/install/rviz_imu_plugin/lib:/Users/yosuke/gits/cxd5602pwbimu_ros2_driver/ros2_ws/install/imu_complementary_filter/lib:/Users/yosuke/gits/cxd5602pwbimu_ros2_driver/ros2_ws/install/h6x_serial_interface_example/lib:/Users/yosuke/gits/cxd5602pwbimu_ros2_driver/ros2_ws/install/h6x_packet_handler/lib:/Users/yosuke/miniforge3/envs/ros_env/opt/rviz_ogre_vendor/lib PYTHONPATH=/Users/yosuke/gits/cxd5602pwbimu_ros2_driver/ros2_ws/build/cxd5602pwbimu_driver_bringup/prefix_override:/Users/yosuke/miniforge3/envs/ros_env/lib/python3.11/site-packages/colcon_core/task/python/colcon_distutils_commands:/Users/yosuke/gits/cxd5602pwbimu_ros2_driver/ros2_ws/install/cxd5602pwbimu_driver_bringup/lib/python3.11/site-packages:${PYTHONPATH} SHLVL=2 _=/Users/yosuke/miniforge3/envs/ros_env/bin/env /Users/yosuke/miniforge3/envs/ros_env/bin/python3.11 -W ignore:setup.py install is deprecated -W ignore:easy_install command is deprecated setup.py egg_info --egg-base ../../build/cxd5602pwbimu_driver_bringup build --build-base /Users/yosuke/gits/cxd5602pwbimu_ros2_driver/ros2_ws/build/cxd5602pwbimu_driver_bringup/build install --record /Users/yosuke/gits/cxd5602pwbimu_ros2_driver/ros2_ws/build/cxd5602pwbimu_driver_bringup/install.log --single-version-externally-managed install_data[0m
[23.618s] [34mcolcon.colcon_core.environment[0m [1;30mLevel 1[0m checking '/Users/yosuke/gits/cxd5602pwbimu_ros2_driver/ros2_ws/install/cxd5602pwbimu_driver_bringup' for CMake module files
[23.619s] [34mcolcon.colcon_core.event_handler.log_command[0m [1;30mDEBUG[0m [32mInvoked command in '/Users/yosuke/gits/cxd5602pwbimu_ros2_driver/ros2_ws/src/cxd5602pwbimu_driver_bringup' returned '0': CMAKE_PREFIX_PATH=/Users/yosuke/gits/cxd5602pwbimu_ros2_driver/ros2_ws/install/cxd5602pwbimu_driver_node:/Users/yosuke/gits/cxd5602pwbimu_ros2_driver/ros2_ws/install/imu_filter_madgwick:/Users/yosuke/gits/cxd5602pwbimu_ros2_driver/ros2_ws/install/h6x_serial_interface:/Users/yosuke/gits/cxd5602pwbimu_ros2_driver/ros2_ws/install/imu_tools:/Users/yosuke/gits/cxd5602pwbimu_ros2_driver/ros2_ws/install/rviz_imu_plugin:/Users/yosuke/gits/cxd5602pwbimu_ros2_driver/ros2_ws/install/imu_complementary_filter:/Users/yosuke/gits/cxd5602pwbimu_ros2_driver/ros2_ws/install/h6x_serial_interface_example:/Users/yosuke/gits/cxd5602pwbimu_ros2_driver/ros2_ws/install/cxd5602pwbimu_driver:/Users/yosuke/gits/cxd5602pwbimu_ros2_driver/ros2_ws/install/h6x_packet_handler:/opt/homebrew/opt/qt@5 CONDA_PROMPT_MODIFIER=(ros_env) DYLD_LIBRARY_PATH=/Users/yosuke/gits/cxd5602pwbimu_ros2_driver/ros2_ws/install/cxd5602pwbimu_driver_node/lib:/Users/yosuke/gits/cxd5602pwbimu_ros2_driver/ros2_ws/install/imu_filter_madgwick/lib:/Users/yosuke/gits/cxd5602pwbimu_ros2_driver/ros2_ws/install/h6x_serial_interface/lib:/Users/yosuke/gits/cxd5602pwbimu_ros2_driver/ros2_ws/install/rviz_imu_plugin/lib:/Users/yosuke/gits/cxd5602pwbimu_ros2_driver/ros2_ws/install/imu_complementary_filter/lib:/Users/yosuke/gits/cxd5602pwbimu_ros2_driver/ros2_ws/install/h6x_serial_interface_example/lib:/Users/yosuke/gits/cxd5602pwbimu_ros2_driver/ros2_ws/install/h6x_packet_handler/lib:/Users/yosuke/miniforge3/envs/ros_env/opt/rviz_ogre_vendor/lib PYTHONPATH=/Users/yosuke/gits/cxd5602pwbimu_ros2_driver/ros2_ws/build/cxd5602pwbimu_driver_bringup/prefix_override:/Users/yosuke/miniforge3/envs/ros_env/lib/python3.11/site-packages/colcon_core/task/python/colcon_distutils_commands:/Users/yosuke/gits/cxd5602pwbimu_ros2_driver/ros2_ws/install/cxd5602pwbimu_driver_bringup/lib/python3.11/site-packages:${PYTHONPATH} SHLVL=2 _=/Users/yosuke/miniforge3/envs/ros_env/bin/env /Users/yosuke/miniforge3/envs/ros_env/bin/python3.11 -W ignore:setup.py install is deprecated -W ignore:easy_install command is deprecated setup.py egg_info --egg-base ../../build/cxd5602pwbimu_driver_bringup build --build-base /Users/yosuke/gits/cxd5602pwbimu_ros2_driver/ros2_ws/build/cxd5602pwbimu_driver_bringup/build install --record /Users/yosuke/gits/cxd5602pwbimu_ros2_driver/ros2_ws/build/cxd5602pwbimu_driver_bringup/install.log --single-version-externally-managed install_data[0m
[23.619s] [34mcolcon.colcon_core.environment[0m [1;30mLevel 1[0m checking '/Users/yosuke/gits/cxd5602pwbimu_ros2_driver/ros2_ws/install/cxd5602pwbimu_driver_bringup' for CMake config files
[23.619s] [34mcolcon.colcon_core.environment[0m [1;30mLevel 1[0m checking '/Users/yosuke/gits/cxd5602pwbimu_ros2_driver/ros2_ws/install/cxd5602pwbimu_driver_bringup/lib'
[23.619s] [34mcolcon.colcon_core.environment[0m [1;30mLevel 1[0m checking '/Users/yosuke/gits/cxd5602pwbimu_ros2_driver/ros2_ws/install/cxd5602pwbimu_driver_bringup/bin'
[23.619s] [34mcolcon.colcon_core.environment[0m [1;30mLevel 1[0m checking '/Users/yosuke/gits/cxd5602pwbimu_ros2_driver/ros2_ws/install/cxd5602pwbimu_driver_bringup/lib/pkgconfig/cxd5602pwbimu_driver_bringup.pc'
[23.619s] [34mcolcon.colcon_core.environment[0m [1;30mLevel 1[0m checking '/Users/yosuke/gits/cxd5602pwbimu_ros2_driver/ros2_ws/install/cxd5602pwbimu_driver_bringup/lib/python3.11/site-packages'
[23.619s] [34mcolcon.colcon_core.shell[0m [1;30mLevel 1[0m create_environment_hook('cxd5602pwbimu_driver_bringup', 'pythonpath')
[23.619s] [34mcolcon.colcon_core.shell[0m [1;30mINFO[0m Creating environment hook '/Users/yosuke/gits/cxd5602pwbimu_ros2_driver/ros2_ws/install/cxd5602pwbimu_driver_bringup/share/cxd5602pwbimu_driver_bringup/hook/pythonpath.ps1'
[23.620s] [34mcolcon.colcon_core.shell[0m [1;30mINFO[0m Creating environment descriptor '/Users/yosuke/gits/cxd5602pwbimu_ros2_driver/ros2_ws/install/cxd5602pwbimu_driver_bringup/share/cxd5602pwbimu_driver_bringup/hook/pythonpath.dsv'
[23.620s] [34mcolcon.colcon_core.shell[0m [1;30mINFO[0m Creating environment hook '/Users/yosuke/gits/cxd5602pwbimu_ros2_driver/ros2_ws/install/cxd5602pwbimu_driver_bringup/share/cxd5602pwbimu_driver_bringup/hook/pythonpath.sh'
[23.620s] [34mcolcon.colcon_core.environment[0m [1;30mLevel 1[0m checking '/Users/yosuke/gits/cxd5602pwbimu_ros2_driver/ros2_ws/install/cxd5602pwbimu_driver_bringup/bin'
[23.620s] [34mcolcon.colcon_core.environment[0m [1;30mLevel 1[0m create_environment_scripts_only(cxd5602pwbimu_driver_bringup)
[23.620s] [34mcolcon.colcon_core.shell[0m [1;30mINFO[0m Creating package script '/Users/yosuke/gits/cxd5602pwbimu_ros2_driver/ros2_ws/install/cxd5602pwbimu_driver_bringup/share/cxd5602pwbimu_driver_bringup/package.ps1'
[23.620s] [34mcolcon.colcon_core.shell[0m [1;30mINFO[0m Creating package descriptor '/Users/yosuke/gits/cxd5602pwbimu_ros2_driver/ros2_ws/install/cxd5602pwbimu_driver_bringup/share/cxd5602pwbimu_driver_bringup/package.dsv'
[23.621s] [34mcolcon.colcon_core.shell[0m [1;30mINFO[0m Creating package script '/Users/yosuke/gits/cxd5602pwbimu_ros2_driver/ros2_ws/install/cxd5602pwbimu_driver_bringup/share/cxd5602pwbimu_driver_bringup/package.sh'
[23.621s] [34mcolcon.colcon_core.shell[0m [1;30mINFO[0m Creating package script '/Users/yosuke/gits/cxd5602pwbimu_ros2_driver/ros2_ws/install/cxd5602pwbimu_driver_bringup/share/cxd5602pwbimu_driver_bringup/package.bash'
[23.621s] [34mcolcon.colcon_core.shell[0m [1;30mINFO[0m Creating package script '/Users/yosuke/gits/cxd5602pwbimu_ros2_driver/ros2_ws/install/cxd5602pwbimu_driver_bringup/share/cxd5602pwbimu_driver_bringup/package.zsh'
[23.621s] [34mcolcon.colcon_core.environment[0m [1;30mLevel 1[0m create_file_with_runtime_dependencies(/Users/yosuke/gits/cxd5602pwbimu_ros2_driver/ros2_ws/install/cxd5602pwbimu_driver_bringup/share/colcon-core/packages/cxd5602pwbimu_driver_bringup)
[23.622s] [34mcolcon.colcon_ros.task.ament_cmake.build[0m [1;30mINFO[0m Building ROS package in '/Users/yosuke/gits/cxd5602pwbimu_ros2_driver/ros2_ws/src/cxd5602pwbimu_driver' with build type 'ament_cmake'
[23.622s] [34mcolcon.colcon_cmake.task.cmake.build[0m [1;30mINFO[0m Building CMake package in '/Users/yosuke/gits/cxd5602pwbimu_ros2_driver/ros2_ws/src/cxd5602pwbimu_driver'
[23.622s] [34mcolcon.colcon_core.shell[0m [1;30mINFO[0m Skip shell extension 'powershell' for command environment: Not usable outside of PowerShell
[23.622s] [34mcolcon.colcon_core.shell[0m [1;30mDEBUG[0m [32mSkip shell extension 'dsv' for command environment[0m
[23.651s] [34mcolcon.colcon_core.event_handler.log_command[0m [1;30mDEBUG[0m [32mInvoking command in '/Users/yosuke/gits/cxd5602pwbimu_ros2_driver/ros2_ws/build/cxd5602pwbimu_driver': AMENT_PREFIX_PATH=/Users/yosuke/gits/cxd5602pwbimu_ros2_driver/ros2_ws/install/cxd5602pwbimu_driver_bringup:/Users/yosuke/gits/cxd5602pwbimu_ros2_driver/ros2_ws/install/imu_tools:/Users/yosuke/gits/cxd5602pwbimu_ros2_driver/ros2_ws/install/rviz_imu_plugin:/Users/yosuke/gits/cxd5602pwbimu_ros2_driver/ros2_ws/install/imu_filter_madgwick:/Users/yosuke/gits/cxd5602pwbimu_ros2_driver/ros2_ws/install/imu_complementary_filter:/Users/yosuke/gits/cxd5602pwbimu_ros2_driver/ros2_ws/install/h6x_serial_interface_example:/Users/yosuke/gits/cxd5602pwbimu_ros2_driver/ros2_ws/install/cxd5602pwbimu_driver:/Users/yosuke/gits/cxd5602pwbimu_ros2_driver/ros2_ws/install/cxd5602pwbimu_driver_node:/Users/yosuke/gits/cxd5602pwbimu_ros2_driver/ros2_ws/install/h6x_serial_interface:/Users/yosuke/gits/cxd5602pwbimu_ros2_driver/ros2_ws/install/h6x_packet_handler:/Users/yosuke/miniforge3/envs/ros_env CMAKE_PREFIX_PATH=/Users/yosuke/gits/cxd5602pwbimu_ros2_driver/ros2_ws/install/cxd5602pwbimu_driver_node:/Users/yosuke/gits/cxd5602pwbimu_ros2_driver/ros2_ws/install/imu_filter_madgwick:/Users/yosuke/gits/cxd5602pwbimu_ros2_driver/ros2_ws/install/h6x_serial_interface:/Users/yosuke/gits/cxd5602pwbimu_ros2_driver/ros2_ws/install/imu_tools:/Users/yosuke/gits/cxd5602pwbimu_ros2_driver/ros2_ws/install/rviz_imu_plugin:/Users/yosuke/gits/cxd5602pwbimu_ros2_driver/ros2_ws/install/imu_complementary_filter:/Users/yosuke/gits/cxd5602pwbimu_ros2_driver/ros2_ws/install/h6x_serial_interface_example:/Users/yosuke/gits/cxd5602pwbimu_ros2_driver/ros2_ws/install/cxd5602pwbimu_driver:/Users/yosuke/gits/cxd5602pwbimu_ros2_driver/ros2_ws/install/h6x_packet_handler:/opt/homebrew/opt/qt@5:/Users/yosuke/gits/cxd5602pwbimu_ros2_driver/ros2_ws/install/cxd5602pwbimu_driver_bringup:/Users/yosuke/miniforge3/envs/ros_env CONDA_PROMPT_MODIFIER=(ros_env) DYLD_LIBRARY_PATH=/Users/yosuke/gits/cxd5602pwbimu_ros2_driver/ros2_ws/install/cxd5602pwbimu_driver_node/lib:/Users/yosuke/gits/cxd5602pwbimu_ros2_driver/ros2_ws/install/imu_filter_madgwick/lib:/Users/yosuke/gits/cxd5602pwbimu_ros2_driver/ros2_ws/install/h6x_serial_interface/lib:/Users/yosuke/gits/cxd5602pwbimu_ros2_driver/ros2_ws/install/rviz_imu_plugin/lib:/Users/yosuke/gits/cxd5602pwbimu_ros2_driver/ros2_ws/install/imu_complementary_filter/lib:/Users/yosuke/gits/cxd5602pwbimu_ros2_driver/ros2_ws/install/h6x_serial_interface_example/lib:/Users/yosuke/gits/cxd5602pwbimu_ros2_driver/ros2_ws/install/h6x_packet_handler/lib:/Users/yosuke/miniforge3/envs/ros_env/opt/rviz_ogre_vendor/lib SHLVL=2 _=/Users/yosuke/miniforge3/envs/ros_env/bin/env /Users/yosuke/miniforge3/envs/ros_env/bin/cmake /Users/yosuke/gits/cxd5602pwbimu_ros2_driver/ros2_ws/src/cxd5602pwbimu_driver -DCMAKE_INSTALL_PREFIX=/Users/yosuke/gits/cxd5602pwbimu_ros2_driver/ros2_ws/install/cxd5602pwbimu_driver[0m
[23.657s] [34mcolcon.colcon_core.event_handler.log_command[0m [1;30mDEBUG[0m [32mInvoked command in '/Users/yosuke/gits/cxd5602pwbimu_ros2_driver/ros2_ws/build/h6x_serial_interface_example' returned '0': CMAKE_PREFIX_PATH=/Users/yosuke/gits/cxd5602pwbimu_ros2_driver/ros2_ws/install/h6x_serial_interface:/Users/yosuke/gits/cxd5602pwbimu_ros2_driver/ros2_ws/install/imu_tools:/Users/yosuke/gits/cxd5602pwbimu_ros2_driver/ros2_ws/install/rviz_imu_plugin:/Users/yosuke/gits/cxd5602pwbimu_ros2_driver/ros2_ws/install/imu_filter_madgwick:/Users/yosuke/gits/cxd5602pwbimu_ros2_driver/ros2_ws/install/imu_complementary_filter:/Users/yosuke/gits/cxd5602pwbimu_ros2_driver/ros2_ws/install/h6x_serial_interface_example:/Users/yosuke/gits/cxd5602pwbimu_ros2_driver/ros2_ws/install/cxd5602pwbimu_driver:/Users/yosuke/gits/cxd5602pwbimu_ros2_driver/ros2_ws/install/cxd5602pwbimu_driver_node:/Users/yosuke/gits/cxd5602pwbimu_ros2_driver/ros2_ws/install/h6x_packet_handler:/opt/homebrew/opt/qt@5:/Users/yosuke/gits/cxd5602pwbimu_ros2_driver/ros2_ws/install/cxd5602pwbimu_driver_bringup:/Users/yosuke/miniforge3/envs/ros_env CONDA_PROMPT_MODIFIER=(ros_env) DYLD_LIBRARY_PATH=/Users/yosuke/gits/cxd5602pwbimu_ros2_driver/ros2_ws/install/h6x_serial_interface/lib:/Users/yosuke/gits/cxd5602pwbimu_ros2_driver/ros2_ws/install/rviz_imu_plugin/lib:/Users/yosuke/gits/cxd5602pwbimu_ros2_driver/ros2_ws/install/imu_filter_madgwick/lib:/Users/yosuke/gits/cxd5602pwbimu_ros2_driver/ros2_ws/install/imu_complementary_filter/lib:/Users/yosuke/gits/cxd5602pwbimu_ros2_driver/ros2_ws/install/h6x_serial_interface_example/lib:/Users/yosuke/gits/cxd5602pwbimu_ros2_driver/ros2_ws/install/cxd5602pwbimu_driver_node/lib:/Users/yosuke/gits/cxd5602pwbimu_ros2_driver/ros2_ws/install/h6x_packet_handler/lib:/Users/yosuke/miniforge3/envs/ros_env/opt/rviz_ogre_vendor/lib SHLVL=2 _=/Users/yosuke/miniforge3/envs/ros_env/bin/env /Users/yosuke/miniforge3/envs/ros_env/bin/cmake --build /Users/yosuke/gits/cxd5602pwbimu_ros2_driver/ros2_ws/build/h6x_serial_interface_example -- -j10 -l10[0m
[23.960s] [34mcolcon.colcon_core.event_handler.log_command[0m [1;30mDEBUG[0m [32mInvoking command in '/Users/yosuke/gits/cxd5602pwbimu_ros2_driver/ros2_ws/build/h6x_serial_interface_example': CMAKE_PREFIX_PATH=/Users/yosuke/gits/cxd5602pwbimu_ros2_driver/ros2_ws/install/h6x_serial_interface:/Users/yosuke/gits/cxd5602pwbimu_ros2_driver/ros2_ws/install/imu_tools:/Users/yosuke/gits/cxd5602pwbimu_ros2_driver/ros2_ws/install/rviz_imu_plugin:/Users/yosuke/gits/cxd5602pwbimu_ros2_driver/ros2_ws/install/imu_filter_madgwick:/Users/yosuke/gits/cxd5602pwbimu_ros2_driver/ros2_ws/install/imu_complementary_filter:/Users/yosuke/gits/cxd5602pwbimu_ros2_driver/ros2_ws/install/h6x_serial_interface_example:/Users/yosuke/gits/cxd5602pwbimu_ros2_driver/ros2_ws/install/cxd5602pwbimu_driver:/Users/yosuke/gits/cxd5602pwbimu_ros2_driver/ros2_ws/install/cxd5602pwbimu_driver_node:/Users/yosuke/gits/cxd5602pwbimu_ros2_driver/ros2_ws/install/h6x_packet_handler:/opt/homebrew/opt/qt@5:/Users/yosuke/gits/cxd5602pwbimu_ros2_driver/ros2_ws/install/cxd5602pwbimu_driver_bringup:/Users/yosuke/miniforge3/envs/ros_env CONDA_PROMPT_MODIFIER=(ros_env) DYLD_LIBRARY_PATH=/Users/yosuke/gits/cxd5602pwbimu_ros2_driver/ros2_ws/install/h6x_serial_interface/lib:/Users/yosuke/gits/cxd5602pwbimu_ros2_driver/ros2_ws/install/rviz_imu_plugin/lib:/Users/yosuke/gits/cxd5602pwbimu_ros2_driver/ros2_ws/install/imu_filter_madgwick/lib:/Users/yosuke/gits/cxd5602pwbimu_ros2_driver/ros2_ws/install/imu_complementary_filter/lib:/Users/yosuke/gits/cxd5602pwbimu_ros2_driver/ros2_ws/install/h6x_serial_interface_example/lib:/Users/yosuke/gits/cxd5602pwbimu_ros2_driver/ros2_ws/install/cxd5602pwbimu_driver_node/lib:/Users/yosuke/gits/cxd5602pwbimu_ros2_driver/ros2_ws/install/h6x_packet_handler/lib:/Users/yosuke/miniforge3/envs/ros_env/opt/rviz_ogre_vendor/lib SHLVL=2 _=/Users/yosuke/miniforge3/envs/ros_env/bin/env /Users/yosuke/miniforge3/envs/ros_env/bin/cmake --install /Users/yosuke/gits/cxd5602pwbimu_ros2_driver/ros2_ws/build/h6x_serial_interface_example[0m
[24.050s] [34mcolcon.colcon_core.environment[0m [1;30mLevel 1[0m create_environment_scripts_only(h6x_serial_interface_example)
[24.051s] [34mcolcon.colcon_core.environment[0m [1;30mLevel 1[0m checking '/Users/yosuke/gits/cxd5602pwbimu_ros2_driver/ros2_ws/install/h6x_serial_interface_example' for CMake module files
[24.051s] [34mcolcon.colcon_core.event_handler.log_command[0m [1;30mDEBUG[0m [32mInvoked command in '/Users/yosuke/gits/cxd5602pwbimu_ros2_driver/ros2_ws/build/h6x_serial_interface_example' returned '0': CMAKE_PREFIX_PATH=/Users/yosuke/gits/cxd5602pwbimu_ros2_driver/ros2_ws/install/h6x_serial_interface:/Users/yosuke/gits/cxd5602pwbimu_ros2_driver/ros2_ws/install/imu_tools:/Users/yosuke/gits/cxd5602pwbimu_ros2_driver/ros2_ws/install/rviz_imu_plugin:/Users/yosuke/gits/cxd5602pwbimu_ros2_driver/ros2_ws/install/imu_filter_madgwick:/Users/yosuke/gits/cxd5602pwbimu_ros2_driver/ros2_ws/install/imu_complementary_filter:/Users/yosuke/gits/cxd5602pwbimu_ros2_driver/ros2_ws/install/h6x_serial_interface_example:/Users/yosuke/gits/cxd5602pwbimu_ros2_driver/ros2_ws/install/cxd5602pwbimu_driver:/Users/yosuke/gits/cxd5602pwbimu_ros2_driver/ros2_ws/install/cxd5602pwbimu_driver_node:/Users/yosuke/gits/cxd5602pwbimu_ros2_driver/ros2_ws/install/h6x_packet_handler:/opt/homebrew/opt/qt@5:/Users/yosuke/gits/cxd5602pwbimu_ros2_driver/ros2_ws/install/cxd5602pwbimu_driver_bringup:/Users/yosuke/miniforge3/envs/ros_env CONDA_PROMPT_MODIFIER=(ros_env) DYLD_LIBRARY_PATH=/Users/yosuke/gits/cxd5602pwbimu_ros2_driver/ros2_ws/install/h6x_serial_interface/lib:/Users/yosuke/gits/cxd5602pwbimu_ros2_driver/ros2_ws/install/rviz_imu_plugin/lib:/Users/yosuke/gits/cxd5602pwbimu_ros2_driver/ros2_ws/install/imu_filter_madgwick/lib:/Users/yosuke/gits/cxd5602pwbimu_ros2_driver/ros2_ws/install/imu_complementary_filter/lib:/Users/yosuke/gits/cxd5602pwbimu_ros2_driver/ros2_ws/install/h6x_serial_interface_example/lib:/Users/yosuke/gits/cxd5602pwbimu_ros2_driver/ros2_ws/install/cxd5602pwbimu_driver_node/lib:/Users/yosuke/gits/cxd5602pwbimu_ros2_driver/ros2_ws/install/h6x_packet_handler/lib:/Users/yosuke/miniforge3/envs/ros_env/opt/rviz_ogre_vendor/lib SHLVL=2 _=/Users/yosuke/miniforge3/envs/ros_env/bin/env /Users/yosuke/miniforge3/envs/ros_env/bin/cmake --install /Users/yosuke/gits/cxd5602pwbimu_ros2_driver/ros2_ws/build/h6x_serial_interface_example[0m
[24.051s] [34mcolcon.colcon_core.environment[0m [1;30mLevel 1[0m checking '/Users/yosuke/gits/cxd5602pwbimu_ros2_driver/ros2_ws/install/h6x_serial_interface_example' for CMake config files
[24.051s] [34mcolcon.colcon_core.shell[0m [1;30mLevel 1[0m create_environment_hook('h6x_serial_interface_example', 'cmake_prefix_path')
[24.051s] [34mcolcon.colcon_core.shell[0m [1;30mINFO[0m Creating environment hook '/Users/yosuke/gits/cxd5602pwbimu_ros2_driver/ros2_ws/install/h6x_serial_interface_example/share/h6x_serial_interface_example/hook/cmake_prefix_path.ps1'
[24.052s] [34mcolcon.colcon_core.shell[0m [1;30mINFO[0m Creating environment descriptor '/Users/yosuke/gits/cxd5602pwbimu_ros2_driver/ros2_ws/install/h6x_serial_interface_example/share/h6x_serial_interface_example/hook/cmake_prefix_path.dsv'
[24.052s] [34mcolcon.colcon_core.shell[0m [1;30mINFO[0m Creating environment hook '/Users/yosuke/gits/cxd5602pwbimu_ros2_driver/ros2_ws/install/h6x_serial_interface_example/share/h6x_serial_interface_example/hook/cmake_prefix_path.sh'
[24.052s] [34mcolcon.colcon_core.environment[0m [1;30mLevel 1[0m checking '/Users/yosuke/gits/cxd5602pwbimu_ros2_driver/ros2_ws/install/h6x_serial_interface_example/lib'
[24.052s] [34mcolcon.colcon_core.shell[0m [1;30mLevel 1[0m create_environment_hook('h6x_serial_interface_example', 'dyld_library_path')
[24.052s] [34mcolcon.colcon_core.shell[0m [1;30mINFO[0m Creating environment hook '/Users/yosuke/gits/cxd5602pwbimu_ros2_driver/ros2_ws/install/h6x_serial_interface_example/share/h6x_serial_interface_example/hook/dyld_library_path.ps1'
[24.053s] [34mcolcon.colcon_core.shell[0m [1;30mINFO[0m Creating environment descriptor '/Users/yosuke/gits/cxd5602pwbimu_ros2_driver/ros2_ws/install/h6x_serial_interface_example/share/h6x_serial_interface_example/hook/dyld_library_path.dsv'
[24.053s] [34mcolcon.colcon_core.shell[0m [1;30mINFO[0m Creating environment hook '/Users/yosuke/gits/cxd5602pwbimu_ros2_driver/ros2_ws/install/h6x_serial_interface_example/share/h6x_serial_interface_example/hook/dyld_library_path.sh'
[24.053s] [34mcolcon.colcon_core.environment[0m [1;30mLevel 1[0m checking '/Users/yosuke/gits/cxd5602pwbimu_ros2_driver/ros2_ws/install/h6x_serial_interface_example/bin'
[24.053s] [34mcolcon.colcon_core.environment[0m [1;30mLevel 1[0m checking '/Users/yosuke/gits/cxd5602pwbimu_ros2_driver/ros2_ws/install/h6x_serial_interface_example/lib/pkgconfig/h6x_serial_interface_example.pc'
[24.053s] [34mcolcon.colcon_core.environment[0m [1;30mLevel 1[0m checking '/Users/yosuke/gits/cxd5602pwbimu_ros2_driver/ros2_ws/install/h6x_serial_interface_example/lib/python3.11/site-packages'
[24.053s] [34mcolcon.colcon_core.environment[0m [1;30mLevel 1[0m checking '/Users/yosuke/gits/cxd5602pwbimu_ros2_driver/ros2_ws/install/h6x_serial_interface_example/bin'
[24.053s] [34mcolcon.colcon_core.shell[0m [1;30mINFO[0m Creating package script '/Users/yosuke/gits/cxd5602pwbimu_ros2_driver/ros2_ws/install/h6x_serial_interface_example/share/h6x_serial_interface_example/package.ps1'
[24.053s] [34mcolcon.colcon_core.shell[0m [1;30mINFO[0m Creating package descriptor '/Users/yosuke/gits/cxd5602pwbimu_ros2_driver/ros2_ws/install/h6x_serial_interface_example/share/h6x_serial_interface_example/package.dsv'
[24.054s] [34mcolcon.colcon_core.shell[0m [1;30mINFO[0m Creating package script '/Users/yosuke/gits/cxd5602pwbimu_ros2_driver/ros2_ws/install/h6x_serial_interface_example/share/h6x_serial_interface_example/package.sh'
[24.054s] [34mcolcon.colcon_core.shell[0m [1;30mINFO[0m Creating package script '/Users/yosuke/gits/cxd5602pwbimu_ros2_driver/ros2_ws/install/h6x_serial_interface_example/share/h6x_serial_interface_example/package.bash'
[24.054s] [34mcolcon.colcon_core.shell[0m [1;30mINFO[0m Creating package script '/Users/yosuke/gits/cxd5602pwbimu_ros2_driver/ros2_ws/install/h6x_serial_interface_example/share/h6x_serial_interface_example/package.zsh'
[24.054s] [34mcolcon.colcon_core.environment[0m [1;30mLevel 1[0m create_file_with_runtime_dependencies(/Users/yosuke/gits/cxd5602pwbimu_ros2_driver/ros2_ws/install/h6x_serial_interface_example/share/colcon-core/packages/h6x_serial_interface_example)
[24.321s] [34mcolcon.colcon_core.event_handler.log_command[0m [1;30mDEBUG[0m [32mInvoked command in '/Users/yosuke/gits/cxd5602pwbimu_ros2_driver/ros2_ws/build/imu_tools' returned '0': CMAKE_PREFIX_PATH=/Users/yosuke/gits/cxd5602pwbimu_ros2_driver/ros2_ws/install/rviz_imu_plugin:/Users/yosuke/gits/cxd5602pwbimu_ros2_driver/ros2_ws/install/imu_filter_madgwick:/Users/yosuke/gits/cxd5602pwbimu_ros2_driver/ros2_ws/install/imu_complementary_filter:/Users/yosuke/gits/cxd5602pwbimu_ros2_driver/ros2_ws/install/imu_tools:/Users/yosuke/gits/cxd5602pwbimu_ros2_driver/ros2_ws/install/h6x_serial_interface_example:/Users/yosuke/gits/cxd5602pwbimu_ros2_driver/ros2_ws/install/cxd5602pwbimu_driver:/Users/yosuke/gits/cxd5602pwbimu_ros2_driver/ros2_ws/install/cxd5602pwbimu_driver_node:/Users/yosuke/gits/cxd5602pwbimu_ros2_driver/ros2_ws/install/h6x_serial_interface:/Users/yosuke/gits/cxd5602pwbimu_ros2_driver/ros2_ws/install/h6x_packet_handler:/opt/homebrew/opt/qt@5:/Users/yosuke/gits/cxd5602pwbimu_ros2_driver/ros2_ws/install/cxd5602pwbimu_driver_bringup:/Users/yosuke/miniforge3/envs/ros_env CONDA_PROMPT_MODIFIER=(ros_env) SHLVL=2 _=/Users/yosuke/miniforge3/envs/ros_env/bin/env /Users/yosuke/miniforge3/envs/ros_env/bin/cmake /Users/yosuke/gits/cxd5602pwbimu_ros2_driver/ros2_ws/src/imu_tools/imu_tools -DCMAKE_INSTALL_PREFIX=/Users/yosuke/gits/cxd5602pwbimu_ros2_driver/ros2_ws/install/imu_tools[0m
[24.323s] [34mcolcon.colcon_core.event_handler.log_command[0m [1;30mDEBUG[0m [32mInvoking command in '/Users/yosuke/gits/cxd5602pwbimu_ros2_driver/ros2_ws/build/imu_tools': CMAKE_PREFIX_PATH=/Users/yosuke/gits/cxd5602pwbimu_ros2_driver/ros2_ws/install/rviz_imu_plugin:/Users/yosuke/gits/cxd5602pwbimu_ros2_driver/ros2_ws/install/imu_filter_madgwick:/Users/yosuke/gits/cxd5602pwbimu_ros2_driver/ros2_ws/install/imu_complementary_filter:/Users/yosuke/gits/cxd5602pwbimu_ros2_driver/ros2_ws/install/imu_tools:/Users/yosuke/gits/cxd5602pwbimu_ros2_driver/ros2_ws/install/h6x_serial_interface_example:/Users/yosuke/gits/cxd5602pwbimu_ros2_driver/ros2_ws/install/cxd5602pwbimu_driver:/Users/yosuke/gits/cxd5602pwbimu_ros2_driver/ros2_ws/install/cxd5602pwbimu_driver_node:/Users/yosuke/gits/cxd5602pwbimu_ros2_driver/ros2_ws/install/h6x_serial_interface:/Users/yosuke/gits/cxd5602pwbimu_ros2_driver/ros2_ws/install/h6x_packet_handler:/opt/homebrew/opt/qt@5:/Users/yosuke/gits/cxd5602pwbimu_ros2_driver/ros2_ws/install/cxd5602pwbimu_driver_bringup:/Users/yosuke/miniforge3/envs/ros_env CONDA_PROMPT_MODIFIER=(ros_env) SHLVL=2 _=/Users/yosuke/miniforge3/envs/ros_env/bin/env /Users/yosuke/miniforge3/envs/ros_env/bin/cmake --build /Users/yosuke/gits/cxd5602pwbimu_ros2_driver/ros2_ws/build/imu_tools -- -j10 -l10[0m
[24.368s] [34mcolcon.colcon_core.environment[0m [1;30mLevel 1[0m create_environment_scripts_only(h6x_serial_interface_example)
[24.368s] [34mcolcon.colcon_core.environment[0m [1;30mLevel 1[0m checking '/Users/yosuke/gits/cxd5602pwbimu_ros2_driver/ros2_ws/install/h6x_serial_interface_example' for CMake module files
[24.368s] [34mcolcon.colcon_core.environment[0m [1;30mLevel 1[0m checking '/Users/yosuke/gits/cxd5602pwbimu_ros2_driver/ros2_ws/install/h6x_serial_interface_example' for CMake config files
[24.369s] [34mcolcon.colcon_core.shell[0m [1;30mLevel 1[0m create_environment_hook('h6x_serial_interface_example', 'cmake_prefix_path')
[24.369s] [34mcolcon.colcon_core.shell[0m [1;30mINFO[0m Creating environment hook '/Users/yosuke/gits/cxd5602pwbimu_ros2_driver/ros2_ws/install/h6x_serial_interface_example/share/h6x_serial_interface_example/hook/cmake_prefix_path.ps1'
[24.369s] [34mcolcon.colcon_core.shell[0m [1;30mINFO[0m Creating environment descriptor '/Users/yosuke/gits/cxd5602pwbimu_ros2_driver/ros2_ws/install/h6x_serial_interface_example/share/h6x_serial_interface_example/hook/cmake_prefix_path.dsv'
[24.369s] [34mcolcon.colcon_core.shell[0m [1;30mINFO[0m Creating environment hook '/Users/yosuke/gits/cxd5602pwbimu_ros2_driver/ros2_ws/install/h6x_serial_interface_example/share/h6x_serial_interface_example/hook/cmake_prefix_path.sh'
[24.369s] [34mcolcon.colcon_core.environment[0m [1;30mLevel 1[0m checking '/Users/yosuke/gits/cxd5602pwbimu_ros2_driver/ros2_ws/install/h6x_serial_interface_example/lib'
[24.370s] [34mcolcon.colcon_core.shell[0m [1;30mLevel 1[0m create_environment_hook('h6x_serial_interface_example', 'dyld_library_path')
[24.370s] [34mcolcon.colcon_core.shell[0m [1;30mINFO[0m Creating environment hook '/Users/yosuke/gits/cxd5602pwbimu_ros2_driver/ros2_ws/install/h6x_serial_interface_example/share/h6x_serial_interface_example/hook/dyld_library_path.ps1'
[24.370s] [34mcolcon.colcon_core.shell[0m [1;30mINFO[0m Creating environment descriptor '/Users/yosuke/gits/cxd5602pwbimu_ros2_driver/ros2_ws/install/h6x_serial_interface_example/share/h6x_serial_interface_example/hook/dyld_library_path.dsv'
[24.370s] [34mcolcon.colcon_core.shell[0m [1;30mINFO[0m Creating environment hook '/Users/yosuke/gits/cxd5602pwbimu_ros2_driver/ros2_ws/install/h6x_serial_interface_example/share/h6x_serial_interface_example/hook/dyld_library_path.sh'
[24.370s] [34mcolcon.colcon_core.environment[0m [1;30mLevel 1[0m checking '/Users/yosuke/gits/cxd5602pwbimu_ros2_driver/ros2_ws/install/h6x_serial_interface_example/bin'
[24.370s] [34mcolcon.colcon_core.environment[0m [1;30mLevel 1[0m checking '/Users/yosuke/gits/cxd5602pwbimu_ros2_driver/ros2_ws/install/h6x_serial_interface_example/lib/pkgconfig/h6x_serial_interface_example.pc'
[24.370s] [34mcolcon.colcon_core.environment[0m [1;30mLevel 1[0m checking '/Users/yosuke/gits/cxd5602pwbimu_ros2_driver/ros2_ws/install/h6x_serial_interface_example/lib/python3.11/site-packages'
[24.371s] [34mcolcon.colcon_core.environment[0m [1;30mLevel 1[0m checking '/Users/yosuke/gits/cxd5602pwbimu_ros2_driver/ros2_ws/install/h6x_serial_interface_example/bin'
[24.371s] [34mcolcon.colcon_core.shell[0m [1;30mINFO[0m Creating package script '/Users/yosuke/gits/cxd5602pwbimu_ros2_driver/ros2_ws/install/h6x_serial_interface_example/share/h6x_serial_interface_example/package.ps1'
[24.371s] [34mcolcon.colcon_core.shell[0m [1;30mINFO[0m Creating package descriptor '/Users/yosuke/gits/cxd5602pwbimu_ros2_driver/ros2_ws/install/h6x_serial_interface_example/share/h6x_serial_interface_example/package.dsv'
[24.371s] [34mcolcon.colcon_core.shell[0m [1;30mINFO[0m Creating package script '/Users/yosuke/gits/cxd5602pwbimu_ros2_driver/ros2_ws/install/h6x_serial_interface_example/share/h6x_serial_interface_example/package.sh'
[24.371s] [34mcolcon.colcon_core.shell[0m [1;30mINFO[0m Creating package script '/Users/yosuke/gits/cxd5602pwbimu_ros2_driver/ros2_ws/install/h6x_serial_interface_example/share/h6x_serial_interface_example/package.bash'
[24.372s] [34mcolcon.colcon_core.shell[0m [1;30mINFO[0m Creating package script '/Users/yosuke/gits/cxd5602pwbimu_ros2_driver/ros2_ws/install/h6x_serial_interface_example/share/h6x_serial_interface_example/package.zsh'
[24.372s] [34mcolcon.colcon_core.environment[0m [1;30mLevel 1[0m create_file_with_runtime_dependencies(/Users/yosuke/gits/cxd5602pwbimu_ros2_driver/ros2_ws/install/h6x_serial_interface_example/share/colcon-core/packages/h6x_serial_interface_example)
[24.401s] [34mcolcon.colcon_core.event_handler.log_command[0m [1;30mDEBUG[0m [32mInvoked command in '/Users/yosuke/gits/cxd5602pwbimu_ros2_driver/ros2_ws/build/imu_tools' returned '0': CMAKE_PREFIX_PATH=/Users/yosuke/gits/cxd5602pwbimu_ros2_driver/ros2_ws/install/rviz_imu_plugin:/Users/yosuke/gits/cxd5602pwbimu_ros2_driver/ros2_ws/install/imu_filter_madgwick:/Users/yosuke/gits/cxd5602pwbimu_ros2_driver/ros2_ws/install/imu_complementary_filter:/Users/yosuke/gits/cxd5602pwbimu_ros2_driver/ros2_ws/install/imu_tools:/Users/yosuke/gits/cxd5602pwbimu_ros2_driver/ros2_ws/install/h6x_serial_interface_example:/Users/yosuke/gits/cxd5602pwbimu_ros2_driver/ros2_ws/install/cxd5602pwbimu_driver:/Users/yosuke/gits/cxd5602pwbimu_ros2_driver/ros2_ws/install/cxd5602pwbimu_driver_node:/Users/yosuke/gits/cxd5602pwbimu_ros2_driver/ros2_ws/install/h6x_serial_interface:/Users/yosuke/gits/cxd5602pwbimu_ros2_driver/ros2_ws/install/h6x_packet_handler:/opt/homebrew/opt/qt@5:/Users/yosuke/gits/cxd5602pwbimu_ros2_driver/ros2_ws/install/cxd5602pwbimu_driver_bringup:/Users/yosuke/miniforge3/envs/ros_env CONDA_PROMPT_MODIFIER=(ros_env) SHLVL=2 _=/Users/yosuke/miniforge3/envs/ros_env/bin/env /Users/yosuke/miniforge3/envs/ros_env/bin/cmake --build /Users/yosuke/gits/cxd5602pwbimu_ros2_driver/ros2_ws/build/imu_tools -- -j10 -l10[0m
[24.516s] [34mcolcon.colcon_core.event_handler.log_command[0m [1;30mDEBUG[0m [32mInvoking command in '/Users/yosuke/gits/cxd5602pwbimu_ros2_driver/ros2_ws/build/imu_tools': CMAKE_PREFIX_PATH=/Users/yosuke/gits/cxd5602pwbimu_ros2_driver/ros2_ws/install/rviz_imu_plugin:/Users/yosuke/gits/cxd5602pwbimu_ros2_driver/ros2_ws/install/imu_filter_madgwick:/Users/yosuke/gits/cxd5602pwbimu_ros2_driver/ros2_ws/install/imu_complementary_filter:/Users/yosuke/gits/cxd5602pwbimu_ros2_driver/ros2_ws/install/imu_tools:/Users/yosuke/gits/cxd5602pwbimu_ros2_driver/ros2_ws/install/h6x_serial_interface_example:/Users/yosuke/gits/cxd5602pwbimu_ros2_driver/ros2_ws/install/cxd5602pwbimu_driver:/Users/yosuke/gits/cxd5602pwbimu_ros2_driver/ros2_ws/install/cxd5602pwbimu_driver_node:/Users/yosuke/gits/cxd5602pwbimu_ros2_driver/ros2_ws/install/h6x_serial_interface:/Users/yosuke/gits/cxd5602pwbimu_ros2_driver/ros2_ws/install/h6x_packet_handler:/opt/homebrew/opt/qt@5:/Users/yosuke/gits/cxd5602pwbimu_ros2_driver/ros2_ws/install/cxd5602pwbimu_driver_bringup:/Users/yosuke/miniforge3/envs/ros_env CONDA_PROMPT_MODIFIER=(ros_env) SHLVL=2 _=/Users/yosuke/miniforge3/envs/ros_env/bin/env /Users/yosuke/miniforge3/envs/ros_env/bin/cmake --install /Users/yosuke/gits/cxd5602pwbimu_ros2_driver/ros2_ws/build/imu_tools[0m
[24.531s] [34mcolcon.colcon_core.environment[0m [1;30mLevel 1[0m create_environment_scripts_only(imu_tools)
[24.531s] [34mcolcon.colcon_core.event_handler.log_command[0m [1;30mDEBUG[0m [32mInvoked command in '/Users/yosuke/gits/cxd5602pwbimu_ros2_driver/ros2_ws/build/imu_tools' returned '0': CMAKE_PREFIX_PATH=/Users/yosuke/gits/cxd5602pwbimu_ros2_driver/ros2_ws/install/rviz_imu_plugin:/Users/yosuke/gits/cxd5602pwbimu_ros2_driver/ros2_ws/install/imu_filter_madgwick:/Users/yosuke/gits/cxd5602pwbimu_ros2_driver/ros2_ws/install/imu_complementary_filter:/Users/yosuke/gits/cxd5602pwbimu_ros2_driver/ros2_ws/install/imu_tools:/Users/yosuke/gits/cxd5602pwbimu_ros2_driver/ros2_ws/install/h6x_serial_interface_example:/Users/yosuke/gits/cxd5602pwbimu_ros2_driver/ros2_ws/install/cxd5602pwbimu_driver:/Users/yosuke/gits/cxd5602pwbimu_ros2_driver/ros2_ws/install/cxd5602pwbimu_driver_node:/Users/yosuke/gits/cxd5602pwbimu_ros2_driver/ros2_ws/install/h6x_serial_interface:/Users/yosuke/gits/cxd5602pwbimu_ros2_driver/ros2_ws/install/h6x_packet_handler:/opt/homebrew/opt/qt@5:/Users/yosuke/gits/cxd5602pwbimu_ros2_driver/ros2_ws/install/cxd5602pwbimu_driver_bringup:/Users/yosuke/miniforge3/envs/ros_env CONDA_PROMPT_MODIFIER=(ros_env) SHLVL=2 _=/Users/yosuke/miniforge3/envs/ros_env/bin/env /Users/yosuke/miniforge3/envs/ros_env/bin/cmake --install /Users/yosuke/gits/cxd5602pwbimu_ros2_driver/ros2_ws/build/imu_tools[0m
[24.532s] [34mcolcon.colcon_core.environment[0m [1;30mLevel 1[0m checking '/Users/yosuke/gits/cxd5602pwbimu_ros2_driver/ros2_ws/install/imu_tools' for CMake module files
[24.532s] [34mcolcon.colcon_core.environment[0m [1;30mLevel 1[0m checking '/Users/yosuke/gits/cxd5602pwbimu_ros2_driver/ros2_ws/install/imu_tools' for CMake config files
[24.532s] [34mcolcon.colcon_core.shell[0m [1;30mLevel 1[0m create_environment_hook('imu_tools', 'cmake_prefix_path')
[24.532s] [34mcolcon.colcon_core.shell[0m [1;30mINFO[0m Creating environment hook '/Users/yosuke/gits/cxd5602pwbimu_ros2_driver/ros2_ws/install/imu_tools/share/imu_tools/hook/cmake_prefix_path.ps1'
[24.532s] [34mcolcon.colcon_core.shell[0m [1;30mINFO[0m Creating environment descriptor '/Users/yosuke/gits/cxd5602pwbimu_ros2_driver/ros2_ws/install/imu_tools/share/imu_tools/hook/cmake_prefix_path.dsv'
[24.532s] [34mcolcon.colcon_core.shell[0m [1;30mINFO[0m Creating environment hook '/Users/yosuke/gits/cxd5602pwbimu_ros2_driver/ros2_ws/install/imu_tools/share/imu_tools/hook/cmake_prefix_path.sh'
[24.533s] [34mcolcon.colcon_core.environment[0m [1;30mLevel 1[0m checking '/Users/yosuke/gits/cxd5602pwbimu_ros2_driver/ros2_ws/install/imu_tools/lib'
[24.533s] [34mcolcon.colcon_core.environment[0m [1;30mLevel 1[0m checking '/Users/yosuke/gits/cxd5602pwbimu_ros2_driver/ros2_ws/install/imu_tools/bin'
[24.533s] [34mcolcon.colcon_core.environment[0m [1;30mLevel 1[0m checking '/Users/yosuke/gits/cxd5602pwbimu_ros2_driver/ros2_ws/install/imu_tools/lib/pkgconfig/imu_tools.pc'
[24.533s] [34mcolcon.colcon_core.environment[0m [1;30mLevel 1[0m checking '/Users/yosuke/gits/cxd5602pwbimu_ros2_driver/ros2_ws/install/imu_tools/lib/python3.11/site-packages'
[24.533s] [34mcolcon.colcon_core.environment[0m [1;30mLevel 1[0m checking '/Users/yosuke/gits/cxd5602pwbimu_ros2_driver/ros2_ws/install/imu_tools/bin'
[24.533s] [34mcolcon.colcon_core.shell[0m [1;30mINFO[0m Creating package script '/Users/yosuke/gits/cxd5602pwbimu_ros2_driver/ros2_ws/install/imu_tools/share/imu_tools/package.ps1'
[24.533s] [34mcolcon.colcon_core.shell[0m [1;30mINFO[0m Creating package descriptor '/Users/yosuke/gits/cxd5602pwbimu_ros2_driver/ros2_ws/install/imu_tools/share/imu_tools/package.dsv'
[24.533s] [34mcolcon.colcon_core.shell[0m [1;30mINFO[0m Creating package script '/Users/yosuke/gits/cxd5602pwbimu_ros2_driver/ros2_ws/install/imu_tools/share/imu_tools/package.sh'
[24.534s] [34mcolcon.colcon_core.shell[0m [1;30mINFO[0m Creating package script '/Users/yosuke/gits/cxd5602pwbimu_ros2_driver/ros2_ws/install/imu_tools/share/imu_tools/package.bash'
[24.534s] [34mcolcon.colcon_core.shell[0m [1;30mINFO[0m Creating package script '/Users/yosuke/gits/cxd5602pwbimu_ros2_driver/ros2_ws/install/imu_tools/share/imu_tools/package.zsh'
[24.534s] [34mcolcon.colcon_core.environment[0m [1;30mLevel 1[0m create_file_with_runtime_dependencies(/Users/yosuke/gits/cxd5602pwbimu_ros2_driver/ros2_ws/install/imu_tools/share/colcon-core/packages/imu_tools)
[24.641s] [34mcolcon.colcon_core.environment[0m [1;30mLevel 1[0m create_environment_scripts_only(imu_tools)
[24.641s] [34mcolcon.colcon_core.environment[0m [1;30mLevel 1[0m checking '/Users/yosuke/gits/cxd5602pwbimu_ros2_driver/ros2_ws/install/imu_tools' for CMake module files
[24.641s] [34mcolcon.colcon_core.environment[0m [1;30mLevel 1[0m checking '/Users/yosuke/gits/cxd5602pwbimu_ros2_driver/ros2_ws/install/imu_tools' for CMake config files
[24.641s] [34mcolcon.colcon_core.shell[0m [1;30mLevel 1[0m create_environment_hook('imu_tools', 'cmake_prefix_path')
[24.641s] [34mcolcon.colcon_core.shell[0m [1;30mINFO[0m Creating environment hook '/Users/yosuke/gits/cxd5602pwbimu_ros2_driver/ros2_ws/install/imu_tools/share/imu_tools/hook/cmake_prefix_path.ps1'
[24.642s] [34mcolcon.colcon_core.shell[0m [1;30mINFO[0m Creating environment descriptor '/Users/yosuke/gits/cxd5602pwbimu_ros2_driver/ros2_ws/install/imu_tools/share/imu_tools/hook/cmake_prefix_path.dsv'
[24.642s] [34mcolcon.colcon_core.shell[0m [1;30mINFO[0m Creating environment hook '/Users/yosuke/gits/cxd5602pwbimu_ros2_driver/ros2_ws/install/imu_tools/share/imu_tools/hook/cmake_prefix_path.sh'
[24.642s] [34mcolcon.colcon_core.environment[0m [1;30mLevel 1[0m checking '/Users/yosuke/gits/cxd5602pwbimu_ros2_driver/ros2_ws/install/imu_tools/lib'
[24.642s] [34mcolcon.colcon_core.environment[0m [1;30mLevel 1[0m checking '/Users/yosuke/gits/cxd5602pwbimu_ros2_driver/ros2_ws/install/imu_tools/bin'
[24.642s] [34mcolcon.colcon_core.environment[0m [1;30mLevel 1[0m checking '/Users/yosuke/gits/cxd5602pwbimu_ros2_driver/ros2_ws/install/imu_tools/lib/pkgconfig/imu_tools.pc'
[24.642s] [34mcolcon.colcon_core.environment[0m [1;30mLevel 1[0m checking '/Users/yosuke/gits/cxd5602pwbimu_ros2_driver/ros2_ws/install/imu_tools/lib/python3.11/site-packages'
[24.642s] [34mcolcon.colcon_core.environment[0m [1;30mLevel 1[0m checking '/Users/yosuke/gits/cxd5602pwbimu_ros2_driver/ros2_ws/install/imu_tools/bin'
[24.642s] [34mcolcon.colcon_core.shell[0m [1;30mINFO[0m Creating package script '/Users/yosuke/gits/cxd5602pwbimu_ros2_driver/ros2_ws/install/imu_tools/share/imu_tools/package.ps1'
[24.643s] [34mcolcon.colcon_core.shell[0m [1;30mINFO[0m Creating package descriptor '/Users/yosuke/gits/cxd5602pwbimu_ros2_driver/ros2_ws/install/imu_tools/share/imu_tools/package.dsv'
[24.643s] [34mcolcon.colcon_core.shell[0m [1;30mINFO[0m Creating package script '/Users/yosuke/gits/cxd5602pwbimu_ros2_driver/ros2_ws/install/imu_tools/share/imu_tools/package.sh'
[24.643s] [34mcolcon.colcon_core.shell[0m [1;30mINFO[0m Creating package script '/Users/yosuke/gits/cxd5602pwbimu_ros2_driver/ros2_ws/install/imu_tools/share/imu_tools/package.bash'
[24.643s] [34mcolcon.colcon_core.shell[0m [1;30mINFO[0m Creating package script '/Users/yosuke/gits/cxd5602pwbimu_ros2_driver/ros2_ws/install/imu_tools/share/imu_tools/package.zsh'
[24.643s] [34mcolcon.colcon_core.environment[0m [1;30mLevel 1[0m create_file_with_runtime_dependencies(/Users/yosuke/gits/cxd5602pwbimu_ros2_driver/ros2_ws/install/imu_tools/share/colcon-core/packages/imu_tools)
[24.805s] [34mcolcon.colcon_core.event_handler.log_command[0m [1;30mDEBUG[0m [32mInvoked command in '/Users/yosuke/gits/cxd5602pwbimu_ros2_driver/ros2_ws/build/cxd5602pwbimu_driver' returned '0': AMENT_PREFIX_PATH=/Users/yosuke/gits/cxd5602pwbimu_ros2_driver/ros2_ws/install/cxd5602pwbimu_driver_bringup:/Users/yosuke/gits/cxd5602pwbimu_ros2_driver/ros2_ws/install/imu_tools:/Users/yosuke/gits/cxd5602pwbimu_ros2_driver/ros2_ws/install/rviz_imu_plugin:/Users/yosuke/gits/cxd5602pwbimu_ros2_driver/ros2_ws/install/imu_filter_madgwick:/Users/yosuke/gits/cxd5602pwbimu_ros2_driver/ros2_ws/install/imu_complementary_filter:/Users/yosuke/gits/cxd5602pwbimu_ros2_driver/ros2_ws/install/h6x_serial_interface_example:/Users/yosuke/gits/cxd5602pwbimu_ros2_driver/ros2_ws/install/cxd5602pwbimu_driver:/Users/yosuke/gits/cxd5602pwbimu_ros2_driver/ros2_ws/install/cxd5602pwbimu_driver_node:/Users/yosuke/gits/cxd5602pwbimu_ros2_driver/ros2_ws/install/h6x_serial_interface:/Users/yosuke/gits/cxd5602pwbimu_ros2_driver/ros2_ws/install/h6x_packet_handler:/Users/yosuke/miniforge3/envs/ros_env CMAKE_PREFIX_PATH=/Users/yosuke/gits/cxd5602pwbimu_ros2_driver/ros2_ws/install/cxd5602pwbimu_driver_node:/Users/yosuke/gits/cxd5602pwbimu_ros2_driver/ros2_ws/install/imu_filter_madgwick:/Users/yosuke/gits/cxd5602pwbimu_ros2_driver/ros2_ws/install/h6x_serial_interface:/Users/yosuke/gits/cxd5602pwbimu_ros2_driver/ros2_ws/install/imu_tools:/Users/yosuke/gits/cxd5602pwbimu_ros2_driver/ros2_ws/install/rviz_imu_plugin:/Users/yosuke/gits/cxd5602pwbimu_ros2_driver/ros2_ws/install/imu_complementary_filter:/Users/yosuke/gits/cxd5602pwbimu_ros2_driver/ros2_ws/install/h6x_serial_interface_example:/Users/yosuke/gits/cxd5602pwbimu_ros2_driver/ros2_ws/install/cxd5602pwbimu_driver:/Users/yosuke/gits/cxd5602pwbimu_ros2_driver/ros2_ws/install/h6x_packet_handler:/opt/homebrew/opt/qt@5:/Users/yosuke/gits/cxd5602pwbimu_ros2_driver/ros2_ws/install/cxd5602pwbimu_driver_bringup:/Users/yosuke/miniforge3/envs/ros_env CONDA_PROMPT_MODIFIER=(ros_env) DYLD_LIBRARY_PATH=/Users/yosuke/gits/cxd5602pwbimu_ros2_driver/ros2_ws/install/cxd5602pwbimu_driver_node/lib:/Users/yosuke/gits/cxd5602pwbimu_ros2_driver/ros2_ws/install/imu_filter_madgwick/lib:/Users/yosuke/gits/cxd5602pwbimu_ros2_driver/ros2_ws/install/h6x_serial_interface/lib:/Users/yosuke/gits/cxd5602pwbimu_ros2_driver/ros2_ws/install/rviz_imu_plugin/lib:/Users/yosuke/gits/cxd5602pwbimu_ros2_driver/ros2_ws/install/imu_complementary_filter/lib:/Users/yosuke/gits/cxd5602pwbimu_ros2_driver/ros2_ws/install/h6x_serial_interface_example/lib:/Users/yosuke/gits/cxd5602pwbimu_ros2_driver/ros2_ws/install/h6x_packet_handler/lib:/Users/yosuke/miniforge3/envs/ros_env/opt/rviz_ogre_vendor/lib SHLVL=2 _=/Users/yosuke/miniforge3/envs/ros_env/bin/env /Users/yosuke/miniforge3/envs/ros_env/bin/cmake /Users/yosuke/gits/cxd5602pwbimu_ros2_driver/ros2_ws/src/cxd5602pwbimu_driver -DCMAKE_INSTALL_PREFIX=/Users/yosuke/gits/cxd5602pwbimu_ros2_driver/ros2_ws/install/cxd5602pwbimu_driver[0m
[24.807s] [34mcolcon.colcon_core.event_handler.log_command[0m [1;30mDEBUG[0m [32mInvoking command in '/Users/yosuke/gits/cxd5602pwbimu_ros2_driver/ros2_ws/build/cxd5602pwbimu_driver': AMENT_PREFIX_PATH=/Users/yosuke/gits/cxd5602pwbimu_ros2_driver/ros2_ws/install/cxd5602pwbimu_driver_bringup:/Users/yosuke/gits/cxd5602pwbimu_ros2_driver/ros2_ws/install/imu_tools:/Users/yosuke/gits/cxd5602pwbimu_ros2_driver/ros2_ws/install/rviz_imu_plugin:/Users/yosuke/gits/cxd5602pwbimu_ros2_driver/ros2_ws/install/imu_filter_madgwick:/Users/yosuke/gits/cxd5602pwbimu_ros2_driver/ros2_ws/install/imu_complementary_filter:/Users/yosuke/gits/cxd5602pwbimu_ros2_driver/ros2_ws/install/h6x_serial_interface_example:/Users/yosuke/gits/cxd5602pwbimu_ros2_driver/ros2_ws/install/cxd5602pwbimu_driver:/Users/yosuke/gits/cxd5602pwbimu_ros2_driver/ros2_ws/install/cxd5602pwbimu_driver_node:/Users/yosuke/gits/cxd5602pwbimu_ros2_driver/ros2_ws/install/h6x_serial_interface:/Users/yosuke/gits/cxd5602pwbimu_ros2_driver/ros2_ws/install/h6x_packet_handler:/Users/yosuke/miniforge3/envs/ros_env CMAKE_PREFIX_PATH=/Users/yosuke/gits/cxd5602pwbimu_ros2_driver/ros2_ws/install/cxd5602pwbimu_driver_node:/Users/yosuke/gits/cxd5602pwbimu_ros2_driver/ros2_ws/install/imu_filter_madgwick:/Users/yosuke/gits/cxd5602pwbimu_ros2_driver/ros2_ws/install/h6x_serial_interface:/Users/yosuke/gits/cxd5602pwbimu_ros2_driver/ros2_ws/install/imu_tools:/Users/yosuke/gits/cxd5602pwbimu_ros2_driver/ros2_ws/install/rviz_imu_plugin:/Users/yosuke/gits/cxd5602pwbimu_ros2_driver/ros2_ws/install/imu_complementary_filter:/Users/yosuke/gits/cxd5602pwbimu_ros2_driver/ros2_ws/install/h6x_serial_interface_example:/Users/yosuke/gits/cxd5602pwbimu_ros2_driver/ros2_ws/install/cxd5602pwbimu_driver:/Users/yosuke/gits/cxd5602pwbimu_ros2_driver/ros2_ws/install/h6x_packet_handler:/opt/homebrew/opt/qt@5:/Users/yosuke/gits/cxd5602pwbimu_ros2_driver/ros2_ws/install/cxd5602pwbimu_driver_bringup:/Users/yosuke/miniforge3/envs/ros_env CONDA_PROMPT_MODIFIER=(ros_env) DYLD_LIBRARY_PATH=/Users/yosuke/gits/cxd5602pwbimu_ros2_driver/ros2_ws/install/cxd5602pwbimu_driver_node/lib:/Users/yosuke/gits/cxd5602pwbimu_ros2_driver/ros2_ws/install/imu_filter_madgwick/lib:/Users/yosuke/gits/cxd5602pwbimu_ros2_driver/ros2_ws/install/h6x_serial_interface/lib:/Users/yosuke/gits/cxd5602pwbimu_ros2_driver/ros2_ws/install/rviz_imu_plugin/lib:/Users/yosuke/gits/cxd5602pwbimu_ros2_driver/ros2_ws/install/imu_complementary_filter/lib:/Users/yosuke/gits/cxd5602pwbimu_ros2_driver/ros2_ws/install/h6x_serial_interface_example/lib:/Users/yosuke/gits/cxd5602pwbimu_ros2_driver/ros2_ws/install/h6x_packet_handler/lib:/Users/yosuke/miniforge3/envs/ros_env/opt/rviz_ogre_vendor/lib SHLVL=2 _=/Users/yosuke/miniforge3/envs/ros_env/bin/env /Users/yosuke/miniforge3/envs/ros_env/bin/cmake --build /Users/yosuke/gits/cxd5602pwbimu_ros2_driver/ros2_ws/build/cxd5602pwbimu_driver -- -j10 -l10[0m
[24.865s] [34mcolcon.colcon_core.event_handler.log_command[0m [1;30mDEBUG[0m [32mInvoked command in '/Users/yosuke/gits/cxd5602pwbimu_ros2_driver/ros2_ws/build/cxd5602pwbimu_driver' returned '0': AMENT_PREFIX_PATH=/Users/yosuke/gits/cxd5602pwbimu_ros2_driver/ros2_ws/install/cxd5602pwbimu_driver_bringup:/Users/yosuke/gits/cxd5602pwbimu_ros2_driver/ros2_ws/install/imu_tools:/Users/yosuke/gits/cxd5602pwbimu_ros2_driver/ros2_ws/install/rviz_imu_plugin:/Users/yosuke/gits/cxd5602pwbimu_ros2_driver/ros2_ws/install/imu_filter_madgwick:/Users/yosuke/gits/cxd5602pwbimu_ros2_driver/ros2_ws/install/imu_complementary_filter:/Users/yosuke/gits/cxd5602pwbimu_ros2_driver/ros2_ws/install/h6x_serial_interface_example:/Users/yosuke/gits/cxd5602pwbimu_ros2_driver/ros2_ws/install/cxd5602pwbimu_driver:/Users/yosuke/gits/cxd5602pwbimu_ros2_driver/ros2_ws/install/cxd5602pwbimu_driver_node:/Users/yosuke/gits/cxd5602pwbimu_ros2_driver/ros2_ws/install/h6x_serial_interface:/Users/yosuke/gits/cxd5602pwbimu_ros2_driver/ros2_ws/install/h6x_packet_handler:/Users/yosuke/miniforge3/envs/ros_env CMAKE_PREFIX_PATH=/Users/yosuke/gits/cxd5602pwbimu_ros2_driver/ros2_ws/install/cxd5602pwbimu_driver_node:/Users/yosuke/gits/cxd5602pwbimu_ros2_driver/ros2_ws/install/imu_filter_madgwick:/Users/yosuke/gits/cxd5602pwbimu_ros2_driver/ros2_ws/install/h6x_serial_interface:/Users/yosuke/gits/cxd5602pwbimu_ros2_driver/ros2_ws/install/imu_tools:/Users/yosuke/gits/cxd5602pwbimu_ros2_driver/ros2_ws/install/rviz_imu_plugin:/Users/yosuke/gits/cxd5602pwbimu_ros2_driver/ros2_ws/install/imu_complementary_filter:/Users/yosuke/gits/cxd5602pwbimu_ros2_driver/ros2_ws/install/h6x_serial_interface_example:/Users/yosuke/gits/cxd5602pwbimu_ros2_driver/ros2_ws/install/cxd5602pwbimu_driver:/Users/yosuke/gits/cxd5602pwbimu_ros2_driver/ros2_ws/install/h6x_packet_handler:/opt/homebrew/opt/qt@5:/Users/yosuke/gits/cxd5602pwbimu_ros2_driver/ros2_ws/install/cxd5602pwbimu_driver_bringup:/Users/yosuke/miniforge3/envs/ros_env CONDA_PROMPT_MODIFIER=(ros_env) DYLD_LIBRARY_PATH=/Users/yosuke/gits/cxd5602pwbimu_ros2_driver/ros2_ws/install/cxd5602pwbimu_driver_node/lib:/Users/yosuke/gits/cxd5602pwbimu_ros2_driver/ros2_ws/install/imu_filter_madgwick/lib:/Users/yosuke/gits/cxd5602pwbimu_ros2_driver/ros2_ws/install/h6x_serial_interface/lib:/Users/yosuke/gits/cxd5602pwbimu_ros2_driver/ros2_ws/install/rviz_imu_plugin/lib:/Users/yosuke/gits/cxd5602pwbimu_ros2_driver/ros2_ws/install/imu_complementary_filter/lib:/Users/yosuke/gits/cxd5602pwbimu_ros2_driver/ros2_ws/install/h6x_serial_interface_example/lib:/Users/yosuke/gits/cxd5602pwbimu_ros2_driver/ros2_ws/install/h6x_packet_handler/lib:/Users/yosuke/miniforge3/envs/ros_env/opt/rviz_ogre_vendor/lib SHLVL=2 _=/Users/yosuke/miniforge3/envs/ros_env/bin/env /Users/yosuke/miniforge3/envs/ros_env/bin/cmake --build /Users/yosuke/gits/cxd5602pwbimu_ros2_driver/ros2_ws/build/cxd5602pwbimu_driver -- -j10 -l10[0m
[24.969s] [34mcolcon.colcon_core.event_handler.log_command[0m [1;30mDEBUG[0m [32mInvoking command in '/Users/yosuke/gits/cxd5602pwbimu_ros2_driver/ros2_ws/build/cxd5602pwbimu_driver': AMENT_PREFIX_PATH=/Users/yosuke/gits/cxd5602pwbimu_ros2_driver/ros2_ws/install/cxd5602pwbimu_driver_bringup:/Users/yosuke/gits/cxd5602pwbimu_ros2_driver/ros2_ws/install/imu_tools:/Users/yosuke/gits/cxd5602pwbimu_ros2_driver/ros2_ws/install/rviz_imu_plugin:/Users/yosuke/gits/cxd5602pwbimu_ros2_driver/ros2_ws/install/imu_filter_madgwick:/Users/yosuke/gits/cxd5602pwbimu_ros2_driver/ros2_ws/install/imu_complementary_filter:/Users/yosuke/gits/cxd5602pwbimu_ros2_driver/ros2_ws/install/h6x_serial_interface_example:/Users/yosuke/gits/cxd5602pwbimu_ros2_driver/ros2_ws/install/cxd5602pwbimu_driver:/Users/yosuke/gits/cxd5602pwbimu_ros2_driver/ros2_ws/install/cxd5602pwbimu_driver_node:/Users/yosuke/gits/cxd5602pwbimu_ros2_driver/ros2_ws/install/h6x_serial_interface:/Users/yosuke/gits/cxd5602pwbimu_ros2_driver/ros2_ws/install/h6x_packet_handler:/Users/yosuke/miniforge3/envs/ros_env CMAKE_PREFIX_PATH=/Users/yosuke/gits/cxd5602pwbimu_ros2_driver/ros2_ws/install/cxd5602pwbimu_driver_node:/Users/yosuke/gits/cxd5602pwbimu_ros2_driver/ros2_ws/install/imu_filter_madgwick:/Users/yosuke/gits/cxd5602pwbimu_ros2_driver/ros2_ws/install/h6x_serial_interface:/Users/yosuke/gits/cxd5602pwbimu_ros2_driver/ros2_ws/install/imu_tools:/Users/yosuke/gits/cxd5602pwbimu_ros2_driver/ros2_ws/install/rviz_imu_plugin:/Users/yosuke/gits/cxd5602pwbimu_ros2_driver/ros2_ws/install/imu_complementary_filter:/Users/yosuke/gits/cxd5602pwbimu_ros2_driver/ros2_ws/install/h6x_serial_interface_example:/Users/yosuke/gits/cxd5602pwbimu_ros2_driver/ros2_ws/install/cxd5602pwbimu_driver:/Users/yosuke/gits/cxd5602pwbimu_ros2_driver/ros2_ws/install/h6x_packet_handler:/opt/homebrew/opt/qt@5:/Users/yosuke/gits/cxd5602pwbimu_ros2_driver/ros2_ws/install/cxd5602pwbimu_driver_bringup:/Users/yosuke/miniforge3/envs/ros_env CONDA_PROMPT_MODIFIER=(ros_env) DYLD_LIBRARY_PATH=/Users/yosuke/gits/cxd5602pwbimu_ros2_driver/ros2_ws/install/cxd5602pwbimu_driver_node/lib:/Users/yosuke/gits/cxd5602pwbimu_ros2_driver/ros2_ws/install/imu_filter_madgwick/lib:/Users/yosuke/gits/cxd5602pwbimu_ros2_driver/ros2_ws/install/h6x_serial_interface/lib:/Users/yosuke/gits/cxd5602pwbimu_ros2_driver/ros2_ws/install/rviz_imu_plugin/lib:/Users/yosuke/gits/cxd5602pwbimu_ros2_driver/ros2_ws/install/imu_complementary_filter/lib:/Users/yosuke/gits/cxd5602pwbimu_ros2_driver/ros2_ws/install/h6x_serial_interface_example/lib:/Users/yosuke/gits/cxd5602pwbimu_ros2_driver/ros2_ws/install/h6x_packet_handler/lib:/Users/yosuke/miniforge3/envs/ros_env/opt/rviz_ogre_vendor/lib SHLVL=2 _=/Users/yosuke/miniforge3/envs/ros_env/bin/env /Users/yosuke/miniforge3/envs/ros_env/bin/cmake --install /Users/yosuke/gits/cxd5602pwbimu_ros2_driver/ros2_ws/build/cxd5602pwbimu_driver[0m
[24.983s] [34mcolcon.colcon_core.environment[0m [1;30mLevel 1[0m create_environment_scripts_only(cxd5602pwbimu_driver)
[24.983s] [34mcolcon.colcon_core.environment[0m [1;30mLevel 1[0m checking '/Users/yosuke/gits/cxd5602pwbimu_ros2_driver/ros2_ws/install/cxd5602pwbimu_driver' for CMake module files
[24.984s] [34mcolcon.colcon_core.event_handler.log_command[0m [1;30mDEBUG[0m [32mInvoked command in '/Users/yosuke/gits/cxd5602pwbimu_ros2_driver/ros2_ws/build/cxd5602pwbimu_driver' returned '0': AMENT_PREFIX_PATH=/Users/yosuke/gits/cxd5602pwbimu_ros2_driver/ros2_ws/install/cxd5602pwbimu_driver_bringup:/Users/yosuke/gits/cxd5602pwbimu_ros2_driver/ros2_ws/install/imu_tools:/Users/yosuke/gits/cxd5602pwbimu_ros2_driver/ros2_ws/install/rviz_imu_plugin:/Users/yosuke/gits/cxd5602pwbimu_ros2_driver/ros2_ws/install/imu_filter_madgwick:/Users/yosuke/gits/cxd5602pwbimu_ros2_driver/ros2_ws/install/imu_complementary_filter:/Users/yosuke/gits/cxd5602pwbimu_ros2_driver/ros2_ws/install/h6x_serial_interface_example:/Users/yosuke/gits/cxd5602pwbimu_ros2_driver/ros2_ws/install/cxd5602pwbimu_driver:/Users/yosuke/gits/cxd5602pwbimu_ros2_driver/ros2_ws/install/cxd5602pwbimu_driver_node:/Users/yosuke/gits/cxd5602pwbimu_ros2_driver/ros2_ws/install/h6x_serial_interface:/Users/yosuke/gits/cxd5602pwbimu_ros2_driver/ros2_ws/install/h6x_packet_handler:/Users/yosuke/miniforge3/envs/ros_env CMAKE_PREFIX_PATH=/Users/yosuke/gits/cxd5602pwbimu_ros2_driver/ros2_ws/install/cxd5602pwbimu_driver_node:/Users/yosuke/gits/cxd5602pwbimu_ros2_driver/ros2_ws/install/imu_filter_madgwick:/Users/yosuke/gits/cxd5602pwbimu_ros2_driver/ros2_ws/install/h6x_serial_interface:/Users/yosuke/gits/cxd5602pwbimu_ros2_driver/ros2_ws/install/imu_tools:/Users/yosuke/gits/cxd5602pwbimu_ros2_driver/ros2_ws/install/rviz_imu_plugin:/Users/yosuke/gits/cxd5602pwbimu_ros2_driver/ros2_ws/install/imu_complementary_filter:/Users/yosuke/gits/cxd5602pwbimu_ros2_driver/ros2_ws/install/h6x_serial_interface_example:/Users/yosuke/gits/cxd5602pwbimu_ros2_driver/ros2_ws/install/cxd5602pwbimu_driver:/Users/yosuke/gits/cxd5602pwbimu_ros2_driver/ros2_ws/install/h6x_packet_handler:/opt/homebrew/opt/qt@5:/Users/yosuke/gits/cxd5602pwbimu_ros2_driver/ros2_ws/install/cxd5602pwbimu_driver_bringup:/Users/yosuke/miniforge3/envs/ros_env CONDA_PROMPT_MODIFIER=(ros_env) DYLD_LIBRARY_PATH=/Users/yosuke/gits/cxd5602pwbimu_ros2_driver/ros2_ws/install/cxd5602pwbimu_driver_node/lib:/Users/yosuke/gits/cxd5602pwbimu_ros2_driver/ros2_ws/install/imu_filter_madgwick/lib:/Users/yosuke/gits/cxd5602pwbimu_ros2_driver/ros2_ws/install/h6x_serial_interface/lib:/Users/yosuke/gits/cxd5602pwbimu_ros2_driver/ros2_ws/install/rviz_imu_plugin/lib:/Users/yosuke/gits/cxd5602pwbimu_ros2_driver/ros2_ws/install/imu_complementary_filter/lib:/Users/yosuke/gits/cxd5602pwbimu_ros2_driver/ros2_ws/install/h6x_serial_interface_example/lib:/Users/yosuke/gits/cxd5602pwbimu_ros2_driver/ros2_ws/install/h6x_packet_handler/lib:/Users/yosuke/miniforge3/envs/ros_env/opt/rviz_ogre_vendor/lib SHLVL=2 _=/Users/yosuke/miniforge3/envs/ros_env/bin/env /Users/yosuke/miniforge3/envs/ros_env/bin/cmake --install /Users/yosuke/gits/cxd5602pwbimu_ros2_driver/ros2_ws/build/cxd5602pwbimu_driver[0m
[24.984s] [34mcolcon.colcon_core.environment[0m [1;30mLevel 1[0m checking '/Users/yosuke/gits/cxd5602pwbimu_ros2_driver/ros2_ws/install/cxd5602pwbimu_driver' for CMake config files
[24.984s] [34mcolcon.colcon_core.shell[0m [1;30mLevel 1[0m create_environment_hook('cxd5602pwbimu_driver', 'cmake_prefix_path')
[24.984s] [34mcolcon.colcon_core.shell[0m [1;30mINFO[0m Creating environment hook '/Users/yosuke/gits/cxd5602pwbimu_ros2_driver/ros2_ws/install/cxd5602pwbimu_driver/share/cxd5602pwbimu_driver/hook/cmake_prefix_path.ps1'
[24.984s] [34mcolcon.colcon_core.shell[0m [1;30mINFO[0m Creating environment descriptor '/Users/yosuke/gits/cxd5602pwbimu_ros2_driver/ros2_ws/install/cxd5602pwbimu_driver/share/cxd5602pwbimu_driver/hook/cmake_prefix_path.dsv'
[24.985s] [34mcolcon.colcon_core.shell[0m [1;30mINFO[0m Creating environment hook '/Users/yosuke/gits/cxd5602pwbimu_ros2_driver/ros2_ws/install/cxd5602pwbimu_driver/share/cxd5602pwbimu_driver/hook/cmake_prefix_path.sh'
[24.985s] [34mcolcon.colcon_core.environment[0m [1;30mLevel 1[0m checking '/Users/yosuke/gits/cxd5602pwbimu_ros2_driver/ros2_ws/install/cxd5602pwbimu_driver/lib'
[24.985s] [34mcolcon.colcon_core.environment[0m [1;30mLevel 1[0m checking '/Users/yosuke/gits/cxd5602pwbimu_ros2_driver/ros2_ws/install/cxd5602pwbimu_driver/bin'
[24.985s] [34mcolcon.colcon_core.environment[0m [1;30mLevel 1[0m checking '/Users/yosuke/gits/cxd5602pwbimu_ros2_driver/ros2_ws/install/cxd5602pwbimu_driver/lib/pkgconfig/cxd5602pwbimu_driver.pc'
[24.985s] [34mcolcon.colcon_core.environment[0m [1;30mLevel 1[0m checking '/Users/yosuke/gits/cxd5602pwbimu_ros2_driver/ros2_ws/install/cxd5602pwbimu_driver/lib/python3.11/site-packages'
[24.985s] [34mcolcon.colcon_core.environment[0m [1;30mLevel 1[0m checking '/Users/yosuke/gits/cxd5602pwbimu_ros2_driver/ros2_ws/install/cxd5602pwbimu_driver/bin'
[24.985s] [34mcolcon.colcon_core.shell[0m [1;30mINFO[0m Creating package script '/Users/yosuke/gits/cxd5602pwbimu_ros2_driver/ros2_ws/install/cxd5602pwbimu_driver/share/cxd5602pwbimu_driver/package.ps1'
[24.985s] [34mcolcon.colcon_core.shell[0m [1;30mINFO[0m Creating package descriptor '/Users/yosuke/gits/cxd5602pwbimu_ros2_driver/ros2_ws/install/cxd5602pwbimu_driver/share/cxd5602pwbimu_driver/package.dsv'
[24.986s] [34mcolcon.colcon_core.shell[0m [1;30mINFO[0m Creating package script '/Users/yosuke/gits/cxd5602pwbimu_ros2_driver/ros2_ws/install/cxd5602pwbimu_driver/share/cxd5602pwbimu_driver/package.sh'
[24.986s] [34mcolcon.colcon_core.shell[0m [1;30mINFO[0m Creating package script '/Users/yosuke/gits/cxd5602pwbimu_ros2_driver/ros2_ws/install/cxd5602pwbimu_driver/share/cxd5602pwbimu_driver/package.bash'
[24.986s] [34mcolcon.colcon_core.shell[0m [1;30mINFO[0m Creating package script '/Users/yosuke/gits/cxd5602pwbimu_ros2_driver/ros2_ws/install/cxd5602pwbimu_driver/share/cxd5602pwbimu_driver/package.zsh'
[24.986s] [34mcolcon.colcon_core.environment[0m [1;30mLevel 1[0m create_file_with_runtime_dependencies(/Users/yosuke/gits/cxd5602pwbimu_ros2_driver/ros2_ws/install/cxd5602pwbimu_driver/share/colcon-core/packages/cxd5602pwbimu_driver)
[25.089s] [34mcolcon.colcon_core.environment[0m [1;30mLevel 1[0m create_environment_scripts_only(cxd5602pwbimu_driver)
[25.089s] [34mcolcon.colcon_core.environment[0m [1;30mLevel 1[0m checking '/Users/yosuke/gits/cxd5602pwbimu_ros2_driver/ros2_ws/install/cxd5602pwbimu_driver' for CMake module files
[25.089s] [34mcolcon.colcon_core.environment[0m [1;30mLevel 1[0m checking '/Users/yosuke/gits/cxd5602pwbimu_ros2_driver/ros2_ws/install/cxd5602pwbimu_driver' for CMake config files
[25.090s] [34mcolcon.colcon_core.shell[0m [1;30mLevel 1[0m create_environment_hook('cxd5602pwbimu_driver', 'cmake_prefix_path')
[25.090s] [34mcolcon.colcon_core.shell[0m [1;30mINFO[0m Creating environment hook '/Users/yosuke/gits/cxd5602pwbimu_ros2_driver/ros2_ws/install/cxd5602pwbimu_driver/share/cxd5602pwbimu_driver/hook/cmake_prefix_path.ps1'
[25.090s] [34mcolcon.colcon_core.shell[0m [1;30mINFO[0m Creating environment descriptor '/Users/yosuke/gits/cxd5602pwbimu_ros2_driver/ros2_ws/install/cxd5602pwbimu_driver/share/cxd5602pwbimu_driver/hook/cmake_prefix_path.dsv'
[25.090s] [34mcolcon.colcon_core.shell[0m [1;30mINFO[0m Creating environment hook '/Users/yosuke/gits/cxd5602pwbimu_ros2_driver/ros2_ws/install/cxd5602pwbimu_driver/share/cxd5602pwbimu_driver/hook/cmake_prefix_path.sh'
[25.090s] [34mcolcon.colcon_core.environment[0m [1;30mLevel 1[0m checking '/Users/yosuke/gits/cxd5602pwbimu_ros2_driver/ros2_ws/install/cxd5602pwbimu_driver/lib'
[25.090s] [34mcolcon.colcon_core.environment[0m [1;30mLevel 1[0m checking '/Users/yosuke/gits/cxd5602pwbimu_ros2_driver/ros2_ws/install/cxd5602pwbimu_driver/bin'
[25.090s] [34mcolcon.colcon_core.environment[0m [1;30mLevel 1[0m checking '/Users/yosuke/gits/cxd5602pwbimu_ros2_driver/ros2_ws/install/cxd5602pwbimu_driver/lib/pkgconfig/cxd5602pwbimu_driver.pc'
[25.090s] [34mcolcon.colcon_core.environment[0m [1;30mLevel 1[0m checking '/Users/yosuke/gits/cxd5602pwbimu_ros2_driver/ros2_ws/install/cxd5602pwbimu_driver/lib/python3.11/site-packages'
[25.091s] [34mcolcon.colcon_core.environment[0m [1;30mLevel 1[0m checking '/Users/yosuke/gits/cxd5602pwbimu_ros2_driver/ros2_ws/install/cxd5602pwbimu_driver/bin'
[25.091s] [34mcolcon.colcon_core.shell[0m [1;30mINFO[0m Creating package script '/Users/yosuke/gits/cxd5602pwbimu_ros2_driver/ros2_ws/install/cxd5602pwbimu_driver/share/cxd5602pwbimu_driver/package.ps1'
[25.091s] [34mcolcon.colcon_core.shell[0m [1;30mINFO[0m Creating package descriptor '/Users/yosuke/gits/cxd5602pwbimu_ros2_driver/ros2_ws/install/cxd5602pwbimu_driver/share/cxd5602pwbimu_driver/package.dsv'
[25.091s] [34mcolcon.colcon_core.shell[0m [1;30mINFO[0m Creating package script '/Users/yosuke/gits/cxd5602pwbimu_ros2_driver/ros2_ws/install/cxd5602pwbimu_driver/share/cxd5602pwbimu_driver/package.sh'
[25.091s] [34mcolcon.colcon_core.shell[0m [1;30mINFO[0m Creating package script '/Users/yosuke/gits/cxd5602pwbimu_ros2_driver/ros2_ws/install/cxd5602pwbimu_driver/share/cxd5602pwbimu_driver/package.bash'
[25.091s] [34mcolcon.colcon_core.shell[0m [1;30mINFO[0m Creating package script '/Users/yosuke/gits/cxd5602pwbimu_ros2_driver/ros2_ws/install/cxd5602pwbimu_driver/share/cxd5602pwbimu_driver/package.zsh'
[25.091s] [34mcolcon.colcon_core.environment[0m [1;30mLevel 1[0m create_file_with_runtime_dependencies(/Users/yosuke/gits/cxd5602pwbimu_ros2_driver/ros2_ws/install/cxd5602pwbimu_driver/share/colcon-core/packages/cxd5602pwbimu_driver)
[25.092s] [34mcolcon.colcon_parallel_executor.executor.parallel[0m [1;30mDEBUG[0m [32mclosing loop[0m
[25.092s] [34mcolcon.colcon_parallel_executor.executor.parallel[0m [1;30mDEBUG[0m [32mloop closed[0m
[25.092s] [34mcolcon.colcon_parallel_executor.executor.parallel[0m [1;30mDEBUG[0m [32mrun_until_complete finished with '0'[0m
[25.092s] [34mcolcon.colcon_core.event_reactor[0m [1;30mDEBUG[0m [32mjoining thread[0m
[25.092s] [34mcolcon.colcon_core.event_reactor[0m [1;30mDEBUG[0m [32mjoined thread[0m
[25.092s] [34mcolcon.colcon_core.shell[0m [1;30mINFO[0m Creating prefix script '/Users/yosuke/gits/cxd5602pwbimu_ros2_driver/ros2_ws/install/local_setup.ps1'
[25.093s] [34mcolcon.colcon_core.shell[0m [1;30mINFO[0m Creating prefix util module '/Users/yosuke/gits/cxd5602pwbimu_ros2_driver/ros2_ws/install/_local_setup_util_ps1.py'
[25.093s] [34mcolcon.colcon_core.shell[0m [1;30mINFO[0m Creating prefix chain script '/Users/yosuke/gits/cxd5602pwbimu_ros2_driver/ros2_ws/install/setup.ps1'
[25.094s] [34mcolcon.colcon_core.shell[0m [1;30mINFO[0m Creating prefix script '/Users/yosuke/gits/cxd5602pwbimu_ros2_driver/ros2_ws/install/local_setup.sh'
[25.094s] [34mcolcon.colcon_core.shell[0m [1;30mINFO[0m Creating prefix util module '/Users/yosuke/gits/cxd5602pwbimu_ros2_driver/ros2_ws/install/_local_setup_util_sh.py'
[25.094s] [34mcolcon.colcon_core.shell[0m [1;30mINFO[0m Creating prefix chain script '/Users/yosuke/gits/cxd5602pwbimu_ros2_driver/ros2_ws/install/setup.sh'
[25.095s] [34mcolcon.colcon_core.shell[0m [1;30mINFO[0m Creating prefix script '/Users/yosuke/gits/cxd5602pwbimu_ros2_driver/ros2_ws/install/local_setup.bash'
[25.095s] [34mcolcon.colcon_core.shell[0m [1;30mINFO[0m Creating prefix chain script '/Users/yosuke/gits/cxd5602pwbimu_ros2_driver/ros2_ws/install/setup.bash'
[25.096s] [34mcolcon.colcon_core.shell[0m [1;30mINFO[0m Creating prefix script '/Users/yosuke/gits/cxd5602pwbimu_ros2_driver/ros2_ws/install/local_setup.zsh'
[25.097s] [34mcolcon.colcon_core.shell[0m [1;30mINFO[0m Creating prefix chain script '/Users/yosuke/gits/cxd5602pwbimu_ros2_driver/ros2_ws/install/setup.zsh'
