[0.081s] colcon DEBUG Command line arguments: ['/Users/yosuke/miniforge3/envs/ros_env/bin/colcon', 'build']
[0.081s] colcon DEBUG Parsed command line arguments: Namespace(log_base=None, log_level=None, verb_name='build', build_base='build', install_base='install', merge_install=False, symlink_install=False, test_result_base=None, continue_on_error=False, executor='parallel', parallel_workers=10, event_handlers=None, ignore_user_meta=False, metas=['./colcon.meta'], base_paths=['.'], packages_ignore=None, packages_ignore_regex=None, paths=None, packages_up_to=None, packages_up_to_regex=None, packages_above=None, packages_above_and_dependencies=None, packages_above_depth=None, packages_select_by_dep=None, packages_skip_by_dep=None, packages_skip_up_to=None, packages_select_build_failed=False, packages_skip_build_finished=False, packages_select_test_failures=False, packages_skip_test_passed=False, packages_select=None, packages_skip=None, packages_select_regex=None, packages_skip_regex=None, packages_start=None, packages_end=None, cmake_args=None, cmake_target=None, cmake_target_skip_unavailable=False, cmake_clean_cache=False, cmake_clean_first=False, cmake_force_configure=False, ament_cmake_args=None, catkin_cmake_args=None, catkin_skip_building_tests=False, verb_parser=<colcon_defaults.argument_parser.defaults.DefaultArgumentsDecorator object at 0x10448b790>, verb_extension=<colcon_core.verb.build.BuildVerb object at 0x10448b090>, main=<bound method BuildVerb.main of <colcon_core.verb.build.BuildVerb object at 0x10448b090>>)
[0.097s] colcon.colcon_core.package_discovery Level 1 discover_packages(colcon_meta) check parameters
[0.097s] colcon.colcon_core.package_discovery Level 1 discover_packages(recursive) check parameters
[0.097s] colcon.colcon_core.package_discovery Level 1 discover_packages(ignore) check parameters
[0.097s] colcon.colcon_core.package_discovery Level 1 discover_packages(path) check parameters
[0.097s] colcon.colcon_core.package_discovery Level 1 discover_packages(colcon_meta) discover
[0.097s] colcon.colcon_core.package_discovery Level 1 discover_packages(recursive) discover
[0.098s] colcon.colcon_core.package_discovery INFO Crawling recursively for packages in '/Users/yosuke/gits/cxd5602pwbimu_ros2_driver/ros2_ws'
[0.098s] colcon.colcon_core.package_identification Level 1 _identify(.) by extensions ['ignore', 'ignore_ament_install']
[0.098s] colcon.colcon_core.package_identification Level 1 _identify(.) by extension 'ignore'
[0.098s] colcon.colcon_core.package_identification Level 1 _identify(.) by extension 'ignore_ament_install'
[0.098s] colcon.colcon_core.package_identification Level 1 _identify(.) by extensions ['colcon_pkg']
[0.098s] colcon.colcon_core.package_identification Level 1 _identify(.) by extension 'colcon_pkg'
[0.098s] colcon.colcon_core.package_identification Level 1 _identify(.) by extensions ['colcon_meta']
[0.098s] colcon.colcon_core.package_identification Level 1 _identify(.) by extension 'colcon_meta'
[0.098s] colcon.colcon_core.package_identification Level 1 _identify(.) by extensions ['ros']
[0.098s] colcon.colcon_core.package_identification Level 1 _identify(.) by extension 'ros'
[0.108s] colcon.colcon_core.package_identification Level 1 _identify(.) by extensions ['cmake', 'python']
[0.108s] colcon.colcon_core.package_identification Level 1 _identify(.) by extension 'cmake'
[0.108s] colcon.colcon_core.package_identification Level 1 _identify(.) by extension 'python'
[0.108s] colcon.colcon_core.package_identification Level 1 _identify(.) by extensions ['python_setup_py']
[0.108s] colcon.colcon_core.package_identification Level 1 _identify(.) by extension 'python_setup_py'
[0.108s] colcon.colcon_core.package_identification Level 1 _identify(build) by extensions ['ignore', 'ignore_ament_install']
[0.108s] colcon.colcon_core.package_identification Level 1 _identify(build) by extension 'ignore'
[0.108s] colcon.colcon_core.package_identification Level 1 _identify(build) ignored
[0.108s] colcon.colcon_core.package_identification Level 1 _identify(install) by extensions ['ignore', 'ignore_ament_install']
[0.108s] colcon.colcon_core.package_identification Level 1 _identify(install) by extension 'ignore'
[0.108s] colcon.colcon_core.package_identification Level 1 _identify(install) ignored
[0.108s] colcon.colcon_core.package_identification Level 1 _identify(log) by extensions ['ignore', 'ignore_ament_install']
[0.108s] colcon.colcon_core.package_identification Level 1 _identify(log) by extension 'ignore'
[0.108s] colcon.colcon_core.package_identification Level 1 _identify(log) ignored
[0.108s] colcon.colcon_core.package_identification Level 1 _identify(src) by extensions ['ignore', 'ignore_ament_install']
[0.109s] colcon.colcon_core.package_identification Level 1 _identify(src) by extension 'ignore'
[0.109s] colcon.colcon_core.package_identification Level 1 _identify(src) by extension 'ignore_ament_install'
[0.109s] colcon.colcon_core.package_identification Level 1 _identify(src) by extensions ['colcon_pkg']
[0.109s] colcon.colcon_core.package_identification Level 1 _identify(src) by extension 'colcon_pkg'
[0.109s] colcon.colcon_core.package_identification Level 1 _identify(src) by extensions ['colcon_meta']
[0.109s] colcon.colcon_core.package_identification Level 1 _identify(src) by extension 'colcon_meta'
[0.109s] colcon.colcon_core.package_identification Level 1 _identify(src) by extensions ['ros']
[0.109s] colcon.colcon_core.package_identification Level 1 _identify(src) by extension 'ros'
[0.109s] colcon.colcon_core.package_identification Level 1 _identify(src) by extensions ['cmake', 'python']
[0.109s] colcon.colcon_core.package_identification Level 1 _identify(src) by extension 'cmake'
[0.109s] colcon.colcon_core.package_identification Level 1 _identify(src) by extension 'python'
[0.109s] colcon.colcon_core.package_identification Level 1 _identify(src) by extensions ['python_setup_py']
[0.109s] colcon.colcon_core.package_identification Level 1 _identify(src) by extension 'python_setup_py'
[0.109s] colcon.colcon_core.package_identification Level 1 _identify(src/cxd5602pwbimu_driver) by extensions ['ignore', 'ignore_ament_install']
[0.109s] colcon.colcon_core.package_identification Level 1 _identify(src/cxd5602pwbimu_driver) by extension 'ignore'
[0.109s] colcon.colcon_core.package_identification Level 1 _identify(src/cxd5602pwbimu_driver) by extension 'ignore_ament_install'
[0.109s] colcon.colcon_core.package_identification Level 1 _identify(src/cxd5602pwbimu_driver) by extensions ['colcon_pkg']
[0.109s] colcon.colcon_core.package_identification Level 1 _identify(src/cxd5602pwbimu_driver) by extension 'colcon_pkg'
[0.109s] colcon.colcon_core.package_identification Level 1 _identify(src/cxd5602pwbimu_driver) by extensions ['colcon_meta']
[0.109s] colcon.colcon_core.package_identification Level 1 _identify(src/cxd5602pwbimu_driver) by extension 'colcon_meta'
[0.109s] colcon.colcon_core.package_identification Level 1 _identify(src/cxd5602pwbimu_driver) by extensions ['ros']
[0.109s] colcon.colcon_core.package_identification Level 1 _identify(src/cxd5602pwbimu_driver) by extension 'ros'
[0.110s] colcon.colcon_core.package_identification DEBUG Package 'src/cxd5602pwbimu_driver' with type 'ros.ament_cmake' and name 'cxd5602pwbimu_driver'
[0.110s] colcon.colcon_core.package_identification Level 1 _identify(src/cxd5602pwbimu_driver_bringup) by extensions ['ignore', 'ignore_ament_install']
[0.110s] colcon.colcon_core.package_identification Level 1 _identify(src/cxd5602pwbimu_driver_bringup) by extension 'ignore'
[0.110s] colcon.colcon_core.package_identification Level 1 _identify(src/cxd5602pwbimu_driver_bringup) by extension 'ignore_ament_install'
[0.110s] colcon.colcon_core.package_identification Level 1 _identify(src/cxd5602pwbimu_driver_bringup) by extensions ['colcon_pkg']
[0.110s] colcon.colcon_core.package_identification Level 1 _identify(src/cxd5602pwbimu_driver_bringup) by extension 'colcon_pkg'
[0.110s] colcon.colcon_core.package_identification Level 1 _identify(src/cxd5602pwbimu_driver_bringup) by extensions ['colcon_meta']
[0.110s] colcon.colcon_core.package_identification Level 1 _identify(src/cxd5602pwbimu_driver_bringup) by extension 'colcon_meta'
[0.110s] colcon.colcon_core.package_identification Level 1 _identify(src/cxd5602pwbimu_driver_bringup) by extensions ['ros']
[0.110s] colcon.colcon_core.package_identification Level 1 _identify(src/cxd5602pwbimu_driver_bringup) by extension 'ros'
[0.110s] colcon.colcon_core.package_identification DEBUG Package 'src/cxd5602pwbimu_driver_bringup' with type 'ros.ament_python' and name 'cxd5602pwbimu_driver_bringup'
[0.110s] colcon.colcon_core.package_identification Level 1 _identify(src/cxd5602pwbimu_driver_node) by extensions ['ignore', 'ignore_ament_install']
[0.110s] colcon.colcon_core.package_identification Level 1 _identify(src/cxd5602pwbimu_driver_node) by extension 'ignore'
[0.110s] colcon.colcon_core.package_identification Level 1 _identify(src/cxd5602pwbimu_driver_node) by extension 'ignore_ament_install'
[0.110s] colcon.colcon_core.package_identification Level 1 _identify(src/cxd5602pwbimu_driver_node) by extensions ['colcon_pkg']
[0.111s] colcon.colcon_core.package_identification Level 1 _identify(src/cxd5602pwbimu_driver_node) by extension 'colcon_pkg'
[0.111s] colcon.colcon_core.package_identification Level 1 _identify(src/cxd5602pwbimu_driver_node) by extensions ['colcon_meta']
[0.111s] colcon.colcon_core.package_identification Level 1 _identify(src/cxd5602pwbimu_driver_node) by extension 'colcon_meta'
[0.111s] colcon.colcon_core.package_identification Level 1 _identify(src/cxd5602pwbimu_driver_node) by extensions ['ros']
[0.111s] colcon.colcon_core.package_identification Level 1 _identify(src/cxd5602pwbimu_driver_node) by extension 'ros'
[0.111s] colcon.colcon_core.package_identification DEBUG Package 'src/cxd5602pwbimu_driver_node' with type 'ros.ament_cmake' and name 'cxd5602pwbimu_driver_node'
[0.111s] colcon.colcon_core.package_identification Level 1 _identify(src/h6x_serial_interface) by extensions ['ignore', 'ignore_ament_install']
[0.111s] colcon.colcon_core.package_identification Level 1 _identify(src/h6x_serial_interface) by extension 'ignore'
[0.111s] colcon.colcon_core.package_identification Level 1 _identify(src/h6x_serial_interface) by extension 'ignore_ament_install'
[0.111s] colcon.colcon_core.package_identification Level 1 _identify(src/h6x_serial_interface) by extensions ['colcon_pkg']
[0.111s] colcon.colcon_core.package_identification Level 1 _identify(src/h6x_serial_interface) by extension 'colcon_pkg'
[0.111s] colcon.colcon_core.package_identification Level 1 _identify(src/h6x_serial_interface) by extensions ['colcon_meta']
[0.111s] colcon.colcon_core.package_identification Level 1 _identify(src/h6x_serial_interface) by extension 'colcon_meta'
[0.111s] colcon.colcon_core.package_identification Level 1 _identify(src/h6x_serial_interface) by extensions ['ros']
[0.111s] colcon.colcon_core.package_identification Level 1 _identify(src/h6x_serial_interface) by extension 'ros'
[0.111s] colcon.colcon_core.package_identification Level 1 _identify(src/h6x_serial_interface) by extensions ['cmake', 'python']
[0.111s] colcon.colcon_core.package_identification Level 1 _identify(src/h6x_serial_interface) by extension 'cmake'
[0.111s] colcon.colcon_core.package_identification Level 1 _identify(src/h6x_serial_interface) by extension 'python'
[0.111s] colcon.colcon_core.package_identification Level 1 _identify(src/h6x_serial_interface) by extensions ['python_setup_py']
[0.111s] colcon.colcon_core.package_identification Level 1 _identify(src/h6x_serial_interface) by extension 'python_setup_py'
[0.111s] colcon.colcon_core.package_identification Level 1 _identify(src/h6x_serial_interface/h6x_packet_handler) by extensions ['ignore', 'ignore_ament_install']
[0.111s] colcon.colcon_core.package_identification Level 1 _identify(src/h6x_serial_interface/h6x_packet_handler) by extension 'ignore'
[0.111s] colcon.colcon_core.package_identification Level 1 _identify(src/h6x_serial_interface/h6x_packet_handler) by extension 'ignore_ament_install'
[0.111s] colcon.colcon_core.package_identification Level 1 _identify(src/h6x_serial_interface/h6x_packet_handler) by extensions ['colcon_pkg']
[0.111s] colcon.colcon_core.package_identification Level 1 _identify(src/h6x_serial_interface/h6x_packet_handler) by extension 'colcon_pkg'
[0.111s] colcon.colcon_core.package_identification Level 1 _identify(src/h6x_serial_interface/h6x_packet_handler) by extensions ['colcon_meta']
[0.111s] colcon.colcon_core.package_identification Level 1 _identify(src/h6x_serial_interface/h6x_packet_handler) by extension 'colcon_meta'
[0.111s] colcon.colcon_core.package_identification Level 1 _identify(src/h6x_serial_interface/h6x_packet_handler) by extensions ['ros']
[0.111s] colcon.colcon_core.package_identification Level 1 _identify(src/h6x_serial_interface/h6x_packet_handler) by extension 'ros'
[0.111s] colcon.colcon_core.package_identification DEBUG Package 'src/h6x_serial_interface/h6x_packet_handler' with type 'ros.ament_cmake' and name 'h6x_packet_handler'
[0.111s] colcon.colcon_core.package_identification Level 1 _identify(src/h6x_serial_interface/h6x_serial_interface) by extensions ['ignore', 'ignore_ament_install']
[0.111s] colcon.colcon_core.package_identification Level 1 _identify(src/h6x_serial_interface/h6x_serial_interface) by extension 'ignore'
[0.111s] colcon.colcon_core.package_identification Level 1 _identify(src/h6x_serial_interface/h6x_serial_interface) by extension 'ignore_ament_install'
[0.112s] colcon.colcon_core.package_identification Level 1 _identify(src/h6x_serial_interface/h6x_serial_interface) by extensions ['colcon_pkg']
[0.112s] colcon.colcon_core.package_identification Level 1 _identify(src/h6x_serial_interface/h6x_serial_interface) by extension 'colcon_pkg'
[0.112s] colcon.colcon_core.package_identification Level 1 _identify(src/h6x_serial_interface/h6x_serial_interface) by extensions ['colcon_meta']
[0.112s] colcon.colcon_core.package_identification Level 1 _identify(src/h6x_serial_interface/h6x_serial_interface) by extension 'colcon_meta'
[0.112s] colcon.colcon_core.package_identification Level 1 _identify(src/h6x_serial_interface/h6x_serial_interface) by extensions ['ros']
[0.112s] colcon.colcon_core.package_identification Level 1 _identify(src/h6x_serial_interface/h6x_serial_interface) by extension 'ros'
[0.112s] colcon.colcon_core.package_identification DEBUG Package 'src/h6x_serial_interface/h6x_serial_interface' with type 'ros.ament_cmake' and name 'h6x_serial_interface'
[0.112s] colcon.colcon_core.package_identification Level 1 _identify(src/h6x_serial_interface/h6x_serial_interface_example) by extensions ['ignore', 'ignore_ament_install']
[0.112s] colcon.colcon_core.package_identification Level 1 _identify(src/h6x_serial_interface/h6x_serial_interface_example) by extension 'ignore'
[0.112s] colcon.colcon_core.package_identification Level 1 _identify(src/h6x_serial_interface/h6x_serial_interface_example) by extension 'ignore_ament_install'
[0.112s] colcon.colcon_core.package_identification Level 1 _identify(src/h6x_serial_interface/h6x_serial_interface_example) by extensions ['colcon_pkg']
[0.112s] colcon.colcon_core.package_identification Level 1 _identify(src/h6x_serial_interface/h6x_serial_interface_example) by extension 'colcon_pkg'
[0.112s] colcon.colcon_core.package_identification Level 1 _identify(src/h6x_serial_interface/h6x_serial_interface_example) by extensions ['colcon_meta']
[0.112s] colcon.colcon_core.package_identification Level 1 _identify(src/h6x_serial_interface/h6x_serial_interface_example) by extension 'colcon_meta'
[0.112s] colcon.colcon_core.package_identification Level 1 _identify(src/h6x_serial_interface/h6x_serial_interface_example) by extensions ['ros']
[0.112s] colcon.colcon_core.package_identification Level 1 _identify(src/h6x_serial_interface/h6x_serial_interface_example) by extension 'ros'
[0.113s] colcon.colcon_core.package_identification DEBUG Package 'src/h6x_serial_interface/h6x_serial_interface_example' with type 'ros.ament_cmake' and name 'h6x_serial_interface_example'
[0.113s] colcon.colcon_core.package_identification Level 1 _identify(src/imu_tools) by extensions ['ignore', 'ignore_ament_install']
[0.113s] colcon.colcon_core.package_identification Level 1 _identify(src/imu_tools) by extension 'ignore'
[0.113s] colcon.colcon_core.package_identification Level 1 _identify(src/imu_tools) by extension 'ignore_ament_install'
[0.113s] colcon.colcon_core.package_identification Level 1 _identify(src/imu_tools) by extensions ['colcon_pkg']
[0.113s] colcon.colcon_core.package_identification Level 1 _identify(src/imu_tools) by extension 'colcon_pkg'
[0.113s] colcon.colcon_core.package_identification Level 1 _identify(src/imu_tools) by extensions ['colcon_meta']
[0.113s] colcon.colcon_core.package_identification Level 1 _identify(src/imu_tools) by extension 'colcon_meta'
[0.113s] colcon.colcon_core.package_identification Level 1 _identify(src/imu_tools) by extensions ['ros']
[0.113s] colcon.colcon_core.package_identification Level 1 _identify(src/imu_tools) by extension 'ros'
[0.113s] colcon.colcon_core.package_identification Level 1 _identify(src/imu_tools) by extensions ['cmake', 'python']
[0.113s] colcon.colcon_core.package_identification Level 1 _identify(src/imu_tools) by extension 'cmake'
[0.113s] colcon.colcon_core.package_identification Level 1 _identify(src/imu_tools) by extension 'python'
[0.113s] colcon.colcon_core.package_identification Level 1 _identify(src/imu_tools) by extensions ['python_setup_py']
[0.113s] colcon.colcon_core.package_identification Level 1 _identify(src/imu_tools) by extension 'python_setup_py'
[0.113s] colcon.colcon_core.package_identification Level 1 _identify(src/imu_tools/imu_complementary_filter) by extensions ['ignore', 'ignore_ament_install']
[0.113s] colcon.colcon_core.package_identification Level 1 _identify(src/imu_tools/imu_complementary_filter) by extension 'ignore'
[0.113s] colcon.colcon_core.package_identification Level 1 _identify(src/imu_tools/imu_complementary_filter) by extension 'ignore_ament_install'
[0.113s] colcon.colcon_core.package_identification Level 1 _identify(src/imu_tools/imu_complementary_filter) by extensions ['colcon_pkg']
[0.113s] colcon.colcon_core.package_identification Level 1 _identify(src/imu_tools/imu_complementary_filter) by extension 'colcon_pkg'
[0.113s] colcon.colcon_core.package_identification Level 1 _identify(src/imu_tools/imu_complementary_filter) by extensions ['colcon_meta']
[0.113s] colcon.colcon_core.package_identification Level 1 _identify(src/imu_tools/imu_complementary_filter) by extension 'colcon_meta'
[0.113s] colcon.colcon_core.package_identification Level 1 _identify(src/imu_tools/imu_complementary_filter) by extensions ['ros']
[0.113s] colcon.colcon_core.package_identification Level 1 _identify(src/imu_tools/imu_complementary_filter) by extension 'ros'
[0.113s] colcon.colcon_core.package_identification DEBUG Package 'src/imu_tools/imu_complementary_filter' with type 'ros.ament_cmake' and name 'imu_complementary_filter'
[0.113s] colcon.colcon_core.package_identification Level 1 _identify(src/imu_tools/imu_filter_madgwick) by extensions ['ignore', 'ignore_ament_install']
[0.113s] colcon.colcon_core.package_identification Level 1 _identify(src/imu_tools/imu_filter_madgwick) by extension 'ignore'
[0.113s] colcon.colcon_core.package_identification Level 1 _identify(src/imu_tools/imu_filter_madgwick) by extension 'ignore_ament_install'
[0.113s] colcon.colcon_core.package_identification Level 1 _identify(src/imu_tools/imu_filter_madgwick) by extensions ['colcon_pkg']
[0.113s] colcon.colcon_core.package_identification Level 1 _identify(src/imu_tools/imu_filter_madgwick) by extension 'colcon_pkg'
[0.113s] colcon.colcon_core.package_identification Level 1 _identify(src/imu_tools/imu_filter_madgwick) by extensions ['colcon_meta']
[0.114s] colcon.colcon_core.package_identification Level 1 _identify(src/imu_tools/imu_filter_madgwick) by extension 'colcon_meta'
[0.114s] colcon.colcon_core.package_identification Level 1 _identify(src/imu_tools/imu_filter_madgwick) by extensions ['ros']
[0.114s] colcon.colcon_core.package_identification Level 1 _identify(src/imu_tools/imu_filter_madgwick) by extension 'ros'
[0.114s] colcon.colcon_core.package_identification DEBUG Package 'src/imu_tools/imu_filter_madgwick' with type 'ros.ament_cmake' and name 'imu_filter_madgwick'
[0.114s] colcon.colcon_core.package_identification Level 1 _identify(src/imu_tools/imu_tools) by extensions ['ignore', 'ignore_ament_install']
[0.114s] colcon.colcon_core.package_identification Level 1 _identify(src/imu_tools/imu_tools) by extension 'ignore'
[0.114s] colcon.colcon_core.package_identification Level 1 _identify(src/imu_tools/imu_tools) by extension 'ignore_ament_install'
[0.114s] colcon.colcon_core.package_identification Level 1 _identify(src/imu_tools/imu_tools) by extensions ['colcon_pkg']
[0.114s] colcon.colcon_core.package_identification Level 1 _identify(src/imu_tools/imu_tools) by extension 'colcon_pkg'
[0.114s] colcon.colcon_core.package_identification Level 1 _identify(src/imu_tools/imu_tools) by extensions ['colcon_meta']
[0.114s] colcon.colcon_core.package_identification Level 1 _identify(src/imu_tools/imu_tools) by extension 'colcon_meta'
[0.114s] colcon.colcon_core.package_identification Level 1 _identify(src/imu_tools/imu_tools) by extensions ['ros']
[0.114s] colcon.colcon_core.package_identification Level 1 _identify(src/imu_tools/imu_tools) by extension 'ros'
[0.114s] colcon.colcon_core.package_identification DEBUG Package 'src/imu_tools/imu_tools' with type 'ros.ament_cmake' and name 'imu_tools'
[0.114s] colcon.colcon_core.package_identification Level 1 _identify(src/imu_tools/rviz_imu_plugin) by extensions ['ignore', 'ignore_ament_install']
[0.114s] colcon.colcon_core.package_identification Level 1 _identify(src/imu_tools/rviz_imu_plugin) by extension 'ignore'
[0.115s] colcon.colcon_core.package_identification Level 1 _identify(src/imu_tools/rviz_imu_plugin) by extension 'ignore_ament_install'
[0.115s] colcon.colcon_core.package_identification Level 1 _identify(src/imu_tools/rviz_imu_plugin) by extensions ['colcon_pkg']
[0.115s] colcon.colcon_core.package_identification Level 1 _identify(src/imu_tools/rviz_imu_plugin) by extension 'colcon_pkg'
[0.115s] colcon.colcon_core.package_identification Level 1 _identify(src/imu_tools/rviz_imu_plugin) by extensions ['colcon_meta']
[0.115s] colcon.colcon_core.package_identification Level 1 _identify(src/imu_tools/rviz_imu_plugin) by extension 'colcon_meta'
[0.115s] colcon.colcon_core.package_identification Level 1 _identify(src/imu_tools/rviz_imu_plugin) by extensions ['ros']
[0.115s] colcon.colcon_core.package_identification Level 1 _identify(src/imu_tools/rviz_imu_plugin) by extension 'ros'
[0.115s] colcon.colcon_core.package_identification DEBUG Package 'src/imu_tools/rviz_imu_plugin' with type 'ros.ament_cmake' and name 'rviz_imu_plugin'
[0.115s] colcon.colcon_core.package_identification Level 1 _identify(src/imu_trajectory_filter) by extensions ['ignore', 'ignore_ament_install']
[0.115s] colcon.colcon_core.package_identification Level 1 _identify(src/imu_trajectory_filter) by extension 'ignore'
[0.115s] colcon.colcon_core.package_identification Level 1 _identify(src/imu_trajectory_filter) by extension 'ignore_ament_install'
[0.115s] colcon.colcon_core.package_identification Level 1 _identify(src/imu_trajectory_filter) by extensions ['colcon_pkg']
[0.115s] colcon.colcon_core.package_identification Level 1 _identify(src/imu_trajectory_filter) by extension 'colcon_pkg'
[0.115s] colcon.colcon_core.package_identification Level 1 _identify(src/imu_trajectory_filter) by extensions ['colcon_meta']
[0.115s] colcon.colcon_core.package_identification Level 1 _identify(src/imu_trajectory_filter) by extension 'colcon_meta'
[0.115s] colcon.colcon_core.package_identification Level 1 _identify(src/imu_trajectory_filter) by extensions ['ros']
[0.115s] colcon.colcon_core.package_identification Level 1 _identify(src/imu_trajectory_filter) by extension 'ros'
[0.116s] colcon.colcon_core.package_identification DEBUG Package 'src/imu_trajectory_filter' with type 'ros.ament_cmake' and name 'imu_trajectory_filter'
[0.116s] colcon.colcon_core.package_discovery Level 1 discover_packages(recursive) using defaults
[0.116s] colcon.colcon_core.package_discovery Level 1 discover_packages(ignore) discover
[0.116s] colcon.colcon_core.package_discovery Level 1 discover_packages(ignore) using defaults
[0.116s] colcon.colcon_core.package_discovery Level 1 discover_packages(path) discover
[0.116s] colcon.colcon_core.package_discovery Level 1 discover_packages(path) using defaults
[0.125s] colcon.colcon_core.verb Level 5 set package 'h6x_packet_handler' build argument 'cmake_args' from command line to 'None'
[0.125s] colcon.colcon_core.verb Level 5 set package 'h6x_packet_handler' build argument 'cmake_target' from command line to 'None'
[0.125s] colcon.colcon_core.verb Level 5 set package 'h6x_packet_handler' build argument 'cmake_target_skip_unavailable' from command line to 'False'
[0.125s] colcon.colcon_core.verb Level 5 set package 'h6x_packet_handler' build argument 'cmake_clean_cache' from command line to 'False'
[0.125s] colcon.colcon_core.verb Level 5 set package 'h6x_packet_handler' build argument 'cmake_clean_first' from command line to 'False'
[0.125s] colcon.colcon_core.verb Level 5 set package 'h6x_packet_handler' build argument 'cmake_force_configure' from command line to 'False'
[0.125s] colcon.colcon_core.verb Level 5 set package 'h6x_packet_handler' build argument 'ament_cmake_args' from command line to 'None'
[0.125s] colcon.colcon_core.verb Level 5 set package 'h6x_packet_handler' build argument 'catkin_cmake_args' from command line to 'None'
[0.125s] colcon.colcon_core.verb Level 5 set package 'h6x_packet_handler' build argument 'catkin_skip_building_tests' from command line to 'False'
[0.125s] colcon.colcon_core.verb DEBUG Building package 'h6x_packet_handler' with the following arguments: {'ament_cmake_args': None, 'build_base': '/Users/yosuke/gits/cxd5602pwbimu_ros2_driver/ros2_ws/build/h6x_packet_handler', 'catkin_cmake_args': None, 'catkin_skip_building_tests': False, 'cmake_args': None, 'cmake_clean_cache': False, 'cmake_clean_first': False, 'cmake_force_configure': False, 'cmake_target': None, 'cmake_target_skip_unavailable': False, 'install_base': '/Users/yosuke/gits/cxd5602pwbimu_ros2_driver/ros2_ws/install/h6x_packet_handler', 'merge_install': False, 'path': '/Users/yosuke/gits/cxd5602pwbimu_ros2_driver/ros2_ws/src/h6x_serial_interface/h6x_packet_handler', 'symlink_install': False, 'test_result_base': None}
[0.125s] colcon.colcon_core.verb Level 5 set package 'h6x_serial_interface' build argument 'cmake_args' from command line to 'None'
[0.125s] colcon.colcon_core.verb Level 5 set package 'h6x_serial_interface' build argument 'cmake_target' from command line to 'None'
[0.125s] colcon.colcon_core.verb Level 5 set package 'h6x_serial_interface' build argument 'cmake_target_skip_unavailable' from command line to 'False'
[0.125s] colcon.colcon_core.verb Level 5 set package 'h6x_serial_interface' build argument 'cmake_clean_cache' from command line to 'False'
[0.125s] colcon.colcon_core.verb Level 5 set package 'h6x_serial_interface' build argument 'cmake_clean_first' from command line to 'False'
[0.125s] colcon.colcon_core.verb Level 5 set package 'h6x_serial_interface' build argument 'cmake_force_configure' from command line to 'False'
[0.125s] colcon.colcon_core.verb Level 5 set package 'h6x_serial_interface' build argument 'ament_cmake_args' from command line to 'None'
[0.125s] colcon.colcon_core.verb Level 5 set package 'h6x_serial_interface' build argument 'catkin_cmake_args' from command line to 'None'
[0.125s] colcon.colcon_core.verb Level 5 set package 'h6x_serial_interface' build argument 'catkin_skip_building_tests' from command line to 'False'
[0.125s] colcon.colcon_core.verb DEBUG Building package 'h6x_serial_interface' with the following arguments: {'ament_cmake_args': None, 'build_base': '/Users/yosuke/gits/cxd5602pwbimu_ros2_driver/ros2_ws/build/h6x_serial_interface', 'catkin_cmake_args': None, 'catkin_skip_building_tests': False, 'cmake_args': None, 'cmake_clean_cache': False, 'cmake_clean_first': False, 'cmake_force_configure': False, 'cmake_target': None, 'cmake_target_skip_unavailable': False, 'install_base': '/Users/yosuke/gits/cxd5602pwbimu_ros2_driver/ros2_ws/install/h6x_serial_interface', 'merge_install': False, 'path': '/Users/yosuke/gits/cxd5602pwbimu_ros2_driver/ros2_ws/src/h6x_serial_interface/h6x_serial_interface', 'symlink_install': False, 'test_result_base': None}
[0.125s] colcon.colcon_core.verb Level 5 set package 'imu_complementary_filter' build argument 'cmake_args' from command line to 'None'
[0.125s] colcon.colcon_core.verb Level 5 set package 'imu_complementary_filter' build argument 'cmake_target' from command line to 'None'
[0.125s] colcon.colcon_core.verb Level 5 set package 'imu_complementary_filter' build argument 'cmake_target_skip_unavailable' from command line to 'False'
[0.125s] colcon.colcon_core.verb Level 5 set package 'imu_complementary_filter' build argument 'cmake_clean_cache' from command line to 'False'
[0.125s] colcon.colcon_core.verb Level 5 set package 'imu_complementary_filter' build argument 'cmake_clean_first' from command line to 'False'
[0.125s] colcon.colcon_core.verb Level 5 set package 'imu_complementary_filter' build argument 'cmake_force_configure' from command line to 'False'
[0.125s] colcon.colcon_core.verb Level 5 set package 'imu_complementary_filter' build argument 'ament_cmake_args' from command line to 'None'
[0.125s] colcon.colcon_core.verb Level 5 set package 'imu_complementary_filter' build argument 'catkin_cmake_args' from command line to 'None'
[0.125s] colcon.colcon_core.verb Level 5 set package 'imu_complementary_filter' build argument 'catkin_skip_building_tests' from command line to 'False'
[0.125s] colcon.colcon_core.verb DEBUG Building package 'imu_complementary_filter' with the following arguments: {'ament_cmake_args': None, 'build_base': '/Users/yosuke/gits/cxd5602pwbimu_ros2_driver/ros2_ws/build/imu_complementary_filter', 'catkin_cmake_args': None, 'catkin_skip_building_tests': False, 'cmake_args': None, 'cmake_clean_cache': False, 'cmake_clean_first': False, 'cmake_force_configure': False, 'cmake_target': None, 'cmake_target_skip_unavailable': False, 'install_base': '/Users/yosuke/gits/cxd5602pwbimu_ros2_driver/ros2_ws/install/imu_complementary_filter', 'merge_install': False, 'path': '/Users/yosuke/gits/cxd5602pwbimu_ros2_driver/ros2_ws/src/imu_tools/imu_complementary_filter', 'symlink_install': False, 'test_result_base': None}
[0.125s] colcon.colcon_core.verb Level 5 set package 'imu_filter_madgwick' build argument 'cmake_args' from command line to 'None'
[0.125s] colcon.colcon_core.verb Level 5 set package 'imu_filter_madgwick' build argument 'cmake_target' from command line to 'None'
[0.125s] colcon.colcon_core.verb Level 5 set package 'imu_filter_madgwick' build argument 'cmake_target_skip_unavailable' from command line to 'False'
[0.125s] colcon.colcon_core.verb Level 5 set package 'imu_filter_madgwick' build argument 'cmake_clean_cache' from command line to 'False'
[0.125s] colcon.colcon_core.verb Level 5 set package 'imu_filter_madgwick' build argument 'cmake_clean_first' from command line to 'False'
[0.125s] colcon.colcon_core.verb Level 5 set package 'imu_filter_madgwick' build argument 'cmake_force_configure' from command line to 'False'
[0.125s] colcon.colcon_core.verb Level 5 set package 'imu_filter_madgwick' build argument 'ament_cmake_args' from command line to 'None'
[0.125s] colcon.colcon_core.verb Level 5 set package 'imu_filter_madgwick' build argument 'catkin_cmake_args' from command line to 'None'
[0.125s] colcon.colcon_core.verb Level 5 set package 'imu_filter_madgwick' build argument 'catkin_skip_building_tests' from command line to 'False'
[0.125s] colcon.colcon_core.verb DEBUG Building package 'imu_filter_madgwick' with the following arguments: {'ament_cmake_args': None, 'build_base': '/Users/yosuke/gits/cxd5602pwbimu_ros2_driver/ros2_ws/build/imu_filter_madgwick', 'catkin_cmake_args': None, 'catkin_skip_building_tests': False, 'cmake_args': None, 'cmake_clean_cache': False, 'cmake_clean_first': False, 'cmake_force_configure': False, 'cmake_target': None, 'cmake_target_skip_unavailable': False, 'install_base': '/Users/yosuke/gits/cxd5602pwbimu_ros2_driver/ros2_ws/install/imu_filter_madgwick', 'merge_install': False, 'path': '/Users/yosuke/gits/cxd5602pwbimu_ros2_driver/ros2_ws/src/imu_tools/imu_filter_madgwick', 'symlink_install': False, 'test_result_base': None}
[0.125s] colcon.colcon_core.verb Level 5 set package 'imu_trajectory_filter' build argument 'cmake_args' from command line to 'None'
[0.125s] colcon.colcon_core.verb Level 5 set package 'imu_trajectory_filter' build argument 'cmake_target' from command line to 'None'
[0.125s] colcon.colcon_core.verb Level 5 set package 'imu_trajectory_filter' build argument 'cmake_target_skip_unavailable' from command line to 'False'
[0.125s] colcon.colcon_core.verb Level 5 set package 'imu_trajectory_filter' build argument 'cmake_clean_cache' from command line to 'False'
[0.125s] colcon.colcon_core.verb Level 5 set package 'imu_trajectory_filter' build argument 'cmake_clean_first' from command line to 'False'
[0.125s] colcon.colcon_core.verb Level 5 set package 'imu_trajectory_filter' build argument 'cmake_force_configure' from command line to 'False'
[0.125s] colcon.colcon_core.verb Level 5 set package 'imu_trajectory_filter' build argument 'ament_cmake_args' from command line to 'None'
[0.125s] colcon.colcon_core.verb Level 5 set package 'imu_trajectory_filter' build argument 'catkin_cmake_args' from command line to 'None'
[0.125s] colcon.colcon_core.verb Level 5 set package 'imu_trajectory_filter' build argument 'catkin_skip_building_tests' from command line to 'False'
[0.125s] colcon.colcon_core.verb DEBUG Building package 'imu_trajectory_filter' with the following arguments: {'ament_cmake_args': None, 'build_base': '/Users/yosuke/gits/cxd5602pwbimu_ros2_driver/ros2_ws/build/imu_trajectory_filter', 'catkin_cmake_args': None, 'catkin_skip_building_tests': False, 'cmake_args': None, 'cmake_clean_cache': False, 'cmake_clean_first': False, 'cmake_force_configure': False, 'cmake_target': None, 'cmake_target_skip_unavailable': False, 'install_base': '/Users/yosuke/gits/cxd5602pwbimu_ros2_driver/ros2_ws/install/imu_trajectory_filter', 'merge_install': False, 'path': '/Users/yosuke/gits/cxd5602pwbimu_ros2_driver/ros2_ws/src/imu_trajectory_filter', 'symlink_install': False, 'test_result_base': None}
[0.125s] colcon.colcon_core.verb Level 5 set package 'rviz_imu_plugin' build argument 'cmake_args' from command line to 'None'
[0.125s] colcon.colcon_core.verb Level 5 set package 'rviz_imu_plugin' build argument 'cmake_target' from command line to 'None'
[0.125s] colcon.colcon_core.verb Level 5 set package 'rviz_imu_plugin' build argument 'cmake_target_skip_unavailable' from command line to 'False'
[0.125s] colcon.colcon_core.verb Level 5 set package 'rviz_imu_plugin' build argument 'cmake_clean_cache' from command line to 'False'
[0.125s] colcon.colcon_core.verb Level 5 set package 'rviz_imu_plugin' build argument 'cmake_clean_first' from command line to 'False'
[0.125s] colcon.colcon_core.verb Level 5 set package 'rviz_imu_plugin' build argument 'cmake_force_configure' from command line to 'False'
[0.125s] colcon.colcon_core.verb Level 5 set package 'rviz_imu_plugin' build argument 'ament_cmake_args' from command line to 'None'
[0.125s] colcon.colcon_core.verb Level 5 set package 'rviz_imu_plugin' build argument 'catkin_cmake_args' from command line to 'None'
[0.125s] colcon.colcon_core.verb Level 5 set package 'rviz_imu_plugin' build argument 'catkin_skip_building_tests' from command line to 'False'
[0.125s] colcon.colcon_core.verb DEBUG Building package 'rviz_imu_plugin' with the following arguments: {'ament_cmake_args': None, 'build_base': '/Users/yosuke/gits/cxd5602pwbimu_ros2_driver/ros2_ws/build/rviz_imu_plugin', 'catkin_cmake_args': None, 'catkin_skip_building_tests': False, 'cmake_args': None, 'cmake_clean_cache': False, 'cmake_clean_first': False, 'cmake_force_configure': False, 'cmake_target': None, 'cmake_target_skip_unavailable': False, 'install_base': '/Users/yosuke/gits/cxd5602pwbimu_ros2_driver/ros2_ws/install/rviz_imu_plugin', 'merge_install': False, 'path': '/Users/yosuke/gits/cxd5602pwbimu_ros2_driver/ros2_ws/src/imu_tools/rviz_imu_plugin', 'symlink_install': False, 'test_result_base': None}
[0.126s] colcon.colcon_core.verb Level 5 set package 'cxd5602pwbimu_driver_node' build argument 'cmake_args' from command line to 'None'
[0.126s] colcon.colcon_core.verb Level 5 set package 'cxd5602pwbimu_driver_node' build argument 'cmake_target' from command line to 'None'
[0.126s] colcon.colcon_core.verb Level 5 set package 'cxd5602pwbimu_driver_node' build argument 'cmake_target_skip_unavailable' from command line to 'False'
[0.126s] colcon.colcon_core.verb Level 5 set package 'cxd5602pwbimu_driver_node' build argument 'cmake_clean_cache' from command line to 'False'
[0.126s] colcon.colcon_core.verb Level 5 set package 'cxd5602pwbimu_driver_node' build argument 'cmake_clean_first' from command line to 'False'
[0.126s] colcon.colcon_core.verb Level 5 set package 'cxd5602pwbimu_driver_node' build argument 'cmake_force_configure' from command line to 'False'
[0.126s] colcon.colcon_core.verb Level 5 set package 'cxd5602pwbimu_driver_node' build argument 'ament_cmake_args' from command line to 'None'
[0.126s] colcon.colcon_core.verb Level 5 set package 'cxd5602pwbimu_driver_node' build argument 'catkin_cmake_args' from command line to 'None'
[0.126s] colcon.colcon_core.verb Level 5 set package 'cxd5602pwbimu_driver_node' build argument 'catkin_skip_building_tests' from command line to 'False'
[0.126s] colcon.colcon_core.verb DEBUG Building package 'cxd5602pwbimu_driver_node' with the following arguments: {'ament_cmake_args': None, 'build_base': '/Users/yosuke/gits/cxd5602pwbimu_ros2_driver/ros2_ws/build/cxd5602pwbimu_driver_node', 'catkin_cmake_args': None, 'catkin_skip_building_tests': False, 'cmake_args': None, 'cmake_clean_cache': False, 'cmake_clean_first': False, 'cmake_force_configure': False, 'cmake_target': None, 'cmake_target_skip_unavailable': False, 'install_base': '/Users/yosuke/gits/cxd5602pwbimu_ros2_driver/ros2_ws/install/cxd5602pwbimu_driver_node', 'merge_install': False, 'path': '/Users/yosuke/gits/cxd5602pwbimu_ros2_driver/ros2_ws/src/cxd5602pwbimu_driver_node', 'symlink_install': False, 'test_result_base': None}
[0.126s] colcon.colcon_core.verb Level 5 set package 'h6x_serial_interface_example' build argument 'cmake_args' from command line to 'None'
[0.126s] colcon.colcon_core.verb Level 5 set package 'h6x_serial_interface_example' build argument 'cmake_target' from command line to 'None'
[0.126s] colcon.colcon_core.verb Level 5 set package 'h6x_serial_interface_example' build argument 'cmake_target_skip_unavailable' from command line to 'False'
[0.126s] colcon.colcon_core.verb Level 5 set package 'h6x_serial_interface_example' build argument 'cmake_clean_cache' from command line to 'False'
[0.126s] colcon.colcon_core.verb Level 5 set package 'h6x_serial_interface_example' build argument 'cmake_clean_first' from command line to 'False'
[0.126s] colcon.colcon_core.verb Level 5 set package 'h6x_serial_interface_example' build argument 'cmake_force_configure' from command line to 'False'
[0.126s] colcon.colcon_core.verb Level 5 set package 'h6x_serial_interface_example' build argument 'ament_cmake_args' from command line to 'None'
[0.126s] colcon.colcon_core.verb Level 5 set package 'h6x_serial_interface_example' build argument 'catkin_cmake_args' from command line to 'None'
[0.126s] colcon.colcon_core.verb Level 5 set package 'h6x_serial_interface_example' build argument 'catkin_skip_building_tests' from command line to 'False'
[0.126s] colcon.colcon_core.verb DEBUG Building package 'h6x_serial_interface_example' with the following arguments: {'ament_cmake_args': None, 'build_base': '/Users/yosuke/gits/cxd5602pwbimu_ros2_driver/ros2_ws/build/h6x_serial_interface_example', 'catkin_cmake_args': None, 'catkin_skip_building_tests': False, 'cmake_args': None, 'cmake_clean_cache': False, 'cmake_clean_first': False, 'cmake_force_configure': False, 'cmake_target': None, 'cmake_target_skip_unavailable': False, 'install_base': '/Users/yosuke/gits/cxd5602pwbimu_ros2_driver/ros2_ws/install/h6x_serial_interface_example', 'merge_install': False, 'path': '/Users/yosuke/gits/cxd5602pwbimu_ros2_driver/ros2_ws/src/h6x_serial_interface/h6x_serial_interface_example', 'symlink_install': False, 'test_result_base': None}
[0.126s] colcon.colcon_core.verb Level 5 set package 'imu_tools' build argument 'cmake_args' from command line to 'None'
[0.126s] colcon.colcon_core.verb Level 5 set package 'imu_tools' build argument 'cmake_target' from command line to 'None'
[0.126s] colcon.colcon_core.verb Level 5 set package 'imu_tools' build argument 'cmake_target_skip_unavailable' from command line to 'False'
[0.126s] colcon.colcon_core.verb Level 5 set package 'imu_tools' build argument 'cmake_clean_cache' from command line to 'False'
[0.126s] colcon.colcon_core.verb Level 5 set package 'imu_tools' build argument 'cmake_clean_first' from command line to 'False'
[0.126s] colcon.colcon_core.verb Level 5 set package 'imu_tools' build argument 'cmake_force_configure' from command line to 'False'
[0.126s] colcon.colcon_core.verb Level 5 set package 'imu_tools' build argument 'ament_cmake_args' from command line to 'None'
[0.126s] colcon.colcon_core.verb Level 5 set package 'imu_tools' build argument 'catkin_cmake_args' from command line to 'None'
[0.126s] colcon.colcon_core.verb Level 5 set package 'imu_tools' build argument 'catkin_skip_building_tests' from command line to 'False'
[0.126s] colcon.colcon_core.verb DEBUG Building package 'imu_tools' with the following arguments: {'ament_cmake_args': None, 'build_base': '/Users/yosuke/gits/cxd5602pwbimu_ros2_driver/ros2_ws/build/imu_tools', 'catkin_cmake_args': None, 'catkin_skip_building_tests': False, 'cmake_args': None, 'cmake_clean_cache': False, 'cmake_clean_first': False, 'cmake_force_configure': False, 'cmake_target': None, 'cmake_target_skip_unavailable': False, 'install_base': '/Users/yosuke/gits/cxd5602pwbimu_ros2_driver/ros2_ws/install/imu_tools', 'merge_install': False, 'path': '/Users/yosuke/gits/cxd5602pwbimu_ros2_driver/ros2_ws/src/imu_tools/imu_tools', 'symlink_install': False, 'test_result_base': None}
[0.126s] colcon.colcon_core.verb Level 5 set package 'cxd5602pwbimu_driver_bringup' build argument 'cmake_args' from command line to 'None'
[0.126s] colcon.colcon_core.verb Level 5 set package 'cxd5602pwbimu_driver_bringup' build argument 'cmake_target' from command line to 'None'
[0.126s] colcon.colcon_core.verb Level 5 set package 'cxd5602pwbimu_driver_bringup' build argument 'cmake_target_skip_unavailable' from command line to 'False'
[0.126s] colcon.colcon_core.verb Level 5 set package 'cxd5602pwbimu_driver_bringup' build argument 'cmake_clean_cache' from command line to 'False'
[0.126s] colcon.colcon_core.verb Level 5 set package 'cxd5602pwbimu_driver_bringup' build argument 'cmake_clean_first' from command line to 'False'
[0.126s] colcon.colcon_core.verb Level 5 set package 'cxd5602pwbimu_driver_bringup' build argument 'cmake_force_configure' from command line to 'False'
[0.126s] colcon.colcon_core.verb Level 5 set package 'cxd5602pwbimu_driver_bringup' build argument 'ament_cmake_args' from command line to 'None'
[0.126s] colcon.colcon_core.verb Level 5 set package 'cxd5602pwbimu_driver_bringup' build argument 'catkin_cmake_args' from command line to 'None'
[0.126s] colcon.colcon_core.verb Level 5 set package 'cxd5602pwbimu_driver_bringup' build argument 'catkin_skip_building_tests' from command line to 'False'
[0.126s] colcon.colcon_core.verb DEBUG Building package 'cxd5602pwbimu_driver_bringup' with the following arguments: {'ament_cmake_args': None, 'build_base': '/Users/yosuke/gits/cxd5602pwbimu_ros2_driver/ros2_ws/build/cxd5602pwbimu_driver_bringup', 'catkin_cmake_args': None, 'catkin_skip_building_tests': False, 'cmake_args': None, 'cmake_clean_cache': False, 'cmake_clean_first': False, 'cmake_force_configure': False, 'cmake_target': None, 'cmake_target_skip_unavailable': False, 'install_base': '/Users/yosuke/gits/cxd5602pwbimu_ros2_driver/ros2_ws/install/cxd5602pwbimu_driver_bringup', 'merge_install': False, 'path': '/Users/yosuke/gits/cxd5602pwbimu_ros2_driver/ros2_ws/src/cxd5602pwbimu_driver_bringup', 'symlink_install': False, 'test_result_base': None}
[0.126s] colcon.colcon_core.verb Level 5 set package 'cxd5602pwbimu_driver' build argument 'cmake_args' from command line to 'None'
[0.126s] colcon.colcon_core.verb Level 5 set package 'cxd5602pwbimu_driver' build argument 'cmake_target' from command line to 'None'
[0.126s] colcon.colcon_core.verb Level 5 set package 'cxd5602pwbimu_driver' build argument 'cmake_target_skip_unavailable' from command line to 'False'
[0.126s] colcon.colcon_core.verb Level 5 set package 'cxd5602pwbimu_driver' build argument 'cmake_clean_cache' from command line to 'False'
[0.126s] colcon.colcon_core.verb Level 5 set package 'cxd5602pwbimu_driver' build argument 'cmake_clean_first' from command line to 'False'
[0.126s] colcon.colcon_core.verb Level 5 set package 'cxd5602pwbimu_driver' build argument 'cmake_force_configure' from command line to 'False'
[0.126s] colcon.colcon_core.verb Level 5 set package 'cxd5602pwbimu_driver' build argument 'ament_cmake_args' from command line to 'None'
[0.126s] colcon.colcon_core.verb Level 5 set package 'cxd5602pwbimu_driver' build argument 'catkin_cmake_args' from command line to 'None'
[0.126s] colcon.colcon_core.verb Level 5 set package 'cxd5602pwbimu_driver' build argument 'catkin_skip_building_tests' from command line to 'False'
[0.126s] colcon.colcon_core.verb DEBUG Building package 'cxd5602pwbimu_driver' with the following arguments: {'ament_cmake_args': None, 'build_base': '/Users/yosuke/gits/cxd5602pwbimu_ros2_driver/ros2_ws/build/cxd5602pwbimu_driver', 'catkin_cmake_args': None, 'catkin_skip_building_tests': False, 'cmake_args': None, 'cmake_clean_cache': False, 'cmake_clean_first': False, 'cmake_force_configure': False, 'cmake_target': None, 'cmake_target_skip_unavailable': False, 'install_base': '/Users/yosuke/gits/cxd5602pwbimu_ros2_driver/ros2_ws/install/cxd5602pwbimu_driver', 'merge_install': False, 'path': '/Users/yosuke/gits/cxd5602pwbimu_ros2_driver/ros2_ws/src/cxd5602pwbimu_driver', 'symlink_install': False, 'test_result_base': None}
[0.126s] colcon.colcon_core.executor INFO Executing jobs using 'parallel' executor
[0.127s] colcon.colcon_parallel_executor.executor.parallel DEBUG run_until_complete
[0.127s] colcon.colcon_ros.task.ament_cmake.build INFO Building ROS package in '/Users/yosuke/gits/cxd5602pwbimu_ros2_driver/ros2_ws/src/h6x_serial_interface/h6x_serial_interface' with build type 'ament_cmake'
[0.127s] colcon.colcon_cmake.task.cmake.build INFO Building CMake package in '/Users/yosuke/gits/cxd5602pwbimu_ros2_driver/ros2_ws/src/h6x_serial_interface/h6x_serial_interface'
[0.128s] colcon.colcon_core.plugin_system INFO Skipping extension 'colcon_core.shell.bat': Not used on non-Windows systems
[0.128s] colcon.colcon_core.shell INFO Skip shell extension 'powershell' for command environment: Not usable outside of PowerShell
[0.128s] colcon.colcon_core.shell DEBUG Skip shell extension 'dsv' for command environment
[0.132s] colcon.colcon_ros.task.ament_cmake.build INFO Building ROS package in '/Users/yosuke/gits/cxd5602pwbimu_ros2_driver/ros2_ws/src/imu_tools/imu_filter_madgwick' with build type 'ament_cmake'
[0.132s] colcon.colcon_cmake.task.cmake.build INFO Building CMake package in '/Users/yosuke/gits/cxd5602pwbimu_ros2_driver/ros2_ws/src/imu_tools/imu_filter_madgwick'
[0.132s] colcon.colcon_core.shell INFO Skip shell extension 'powershell' for command environment: Not usable outside of PowerShell
[0.132s] colcon.colcon_core.shell DEBUG Skip shell extension 'dsv' for command environment
[0.134s] colcon.colcon_ros.task.ament_cmake.build INFO Building ROS package in '/Users/yosuke/gits/cxd5602pwbimu_ros2_driver/ros2_ws/src/imu_tools/imu_complementary_filter' with build type 'ament_cmake'
[0.134s] colcon.colcon_cmake.task.cmake.build INFO Building CMake package in '/Users/yosuke/gits/cxd5602pwbimu_ros2_driver/ros2_ws/src/imu_tools/imu_complementary_filter'
[0.134s] colcon.colcon_core.shell INFO Skip shell extension 'powershell' for command environment: Not usable outside of PowerShell
[0.134s] colcon.colcon_core.shell DEBUG Skip shell extension 'dsv' for command environment
[0.136s] colcon.colcon_ros.task.ament_cmake.build INFO Building ROS package in '/Users/yosuke/gits/cxd5602pwbimu_ros2_driver/ros2_ws/src/imu_tools/rviz_imu_plugin' with build type 'ament_cmake'
[0.136s] colcon.colcon_cmake.task.cmake.build INFO Building CMake package in '/Users/yosuke/gits/cxd5602pwbimu_ros2_driver/ros2_ws/src/imu_tools/rviz_imu_plugin'
[0.136s] colcon.colcon_core.shell INFO Skip shell extension 'powershell' for command environment: Not usable outside of PowerShell
[0.136s] colcon.colcon_core.shell DEBUG Skip shell extension 'dsv' for command environment
[0.139s] colcon.colcon_ros.task.ament_cmake.build INFO Building ROS package in '/Users/yosuke/gits/cxd5602pwbimu_ros2_driver/ros2_ws/src/h6x_serial_interface/h6x_packet_handler' with build type 'ament_cmake'
[0.139s] colcon.colcon_cmake.task.cmake.build INFO Building CMake package in '/Users/yosuke/gits/cxd5602pwbimu_ros2_driver/ros2_ws/src/h6x_serial_interface/h6x_packet_handler'
[0.139s] colcon.colcon_core.shell INFO Skip shell extension 'powershell' for command environment: Not usable outside of PowerShell
[0.139s] colcon.colcon_core.shell DEBUG Skip shell extension 'dsv' for command environment
[0.144s] colcon.colcon_ros.task.ament_cmake.build INFO Building ROS package in '/Users/yosuke/gits/cxd5602pwbimu_ros2_driver/ros2_ws/src/imu_trajectory_filter' with build type 'ament_cmake'
[0.145s] colcon.colcon_cmake.task.cmake.build INFO Building CMake package in '/Users/yosuke/gits/cxd5602pwbimu_ros2_driver/ros2_ws/src/imu_trajectory_filter'
[0.145s] colcon.colcon_core.shell INFO Skip shell extension 'powershell' for command environment: Not usable outside of PowerShell
[0.145s] colcon.colcon_core.shell DEBUG Skip shell extension 'dsv' for command environment
[0.156s] colcon.colcon_core.event_handler.log_command DEBUG Invoking command in '/Users/yosuke/gits/cxd5602pwbimu_ros2_driver/ros2_ws/build/h6x_serial_interface': CMAKE_PREFIX_PATH=${CMAKE_PREFIX_PATH}:/Users/yosuke/miniforge3/envs/ros_env CONDA_PROMPT_MODIFIER=(ros_env) SHLVL=3 _=/Users/yosuke/miniforge3/envs/ros_env/bin/env /Users/yosuke/miniforge3/envs/ros_env/bin/cmake --build /Users/yosuke/gits/cxd5602pwbimu_ros2_driver/ros2_ws/build/h6x_serial_interface -- -j10 -l10
[0.160s] colcon.colcon_core.event_handler.log_command DEBUG Invoking command in '/Users/yosuke/gits/cxd5602pwbimu_ros2_driver/ros2_ws/build/imu_filter_madgwick': CMAKE_PREFIX_PATH=${CMAKE_PREFIX_PATH}:/Users/yosuke/miniforge3/envs/ros_env CONDA_PROMPT_MODIFIER=(ros_env) SHLVL=3 _=/Users/yosuke/miniforge3/envs/ros_env/bin/env /Users/yosuke/miniforge3/envs/ros_env/bin/cmake --build /Users/yosuke/gits/cxd5602pwbimu_ros2_driver/ros2_ws/build/imu_filter_madgwick -- -j10 -l10
[0.168s] colcon.colcon_core.event_handler.log_command DEBUG Invoking command in '/Users/yosuke/gits/cxd5602pwbimu_ros2_driver/ros2_ws/build/imu_complementary_filter': CMAKE_PREFIX_PATH=${CMAKE_PREFIX_PATH}:/Users/yosuke/miniforge3/envs/ros_env CONDA_PROMPT_MODIFIER=(ros_env) SHLVL=3 _=/Users/yosuke/miniforge3/envs/ros_env/bin/env /Users/yosuke/miniforge3/envs/ros_env/bin/cmake --build /Users/yosuke/gits/cxd5602pwbimu_ros2_driver/ros2_ws/build/imu_complementary_filter -- -j10 -l10
[0.172s] colcon.colcon_core.event_handler.log_command DEBUG Invoking command in '/Users/yosuke/gits/cxd5602pwbimu_ros2_driver/ros2_ws/build/rviz_imu_plugin': CMAKE_PREFIX_PATH=${CMAKE_PREFIX_PATH}:/Users/yosuke/miniforge3/envs/ros_env CONDA_PROMPT_MODIFIER=(ros_env) SHLVL=3 _=/Users/yosuke/miniforge3/envs/ros_env/bin/env /Users/yosuke/miniforge3/envs/ros_env/bin/cmake --build /Users/yosuke/gits/cxd5602pwbimu_ros2_driver/ros2_ws/build/rviz_imu_plugin -- -j10 -l10
[0.179s] colcon.colcon_core.event_handler.log_command DEBUG Invoking command in '/Users/yosuke/gits/cxd5602pwbimu_ros2_driver/ros2_ws/build/h6x_packet_handler': CMAKE_PREFIX_PATH=${CMAKE_PREFIX_PATH}:/Users/yosuke/miniforge3/envs/ros_env CONDA_PROMPT_MODIFIER=(ros_env) SHLVL=3 _=/Users/yosuke/miniforge3/envs/ros_env/bin/env /Users/yosuke/miniforge3/envs/ros_env/bin/cmake --build /Users/yosuke/gits/cxd5602pwbimu_ros2_driver/ros2_ws/build/h6x_packet_handler -- -j10 -l10
[0.188s] colcon.colcon_core.event_handler.log_command DEBUG Invoking command in '/Users/yosuke/gits/cxd5602pwbimu_ros2_driver/ros2_ws/build/imu_trajectory_filter': CMAKE_PREFIX_PATH=${CMAKE_PREFIX_PATH}:/Users/yosuke/miniforge3/envs/ros_env CONDA_PROMPT_MODIFIER=(ros_env) SHLVL=3 _=/Users/yosuke/miniforge3/envs/ros_env/bin/env /Users/yosuke/miniforge3/envs/ros_env/bin/cmake --build /Users/yosuke/gits/cxd5602pwbimu_ros2_driver/ros2_ws/build/imu_trajectory_filter -- -j10 -l10
[0.473s] colcon.colcon_core.event_handler.log_command DEBUG Invoked command in '/Users/yosuke/gits/cxd5602pwbimu_ros2_driver/ros2_ws/build/h6x_serial_interface' returned '0': CMAKE_PREFIX_PATH=${CMAKE_PREFIX_PATH}:/Users/yosuke/miniforge3/envs/ros_env CONDA_PROMPT_MODIFIER=(ros_env) SHLVL=3 _=/Users/yosuke/miniforge3/envs/ros_env/bin/env /Users/yosuke/miniforge3/envs/ros_env/bin/cmake --build /Users/yosuke/gits/cxd5602pwbimu_ros2_driver/ros2_ws/build/h6x_serial_interface -- -j10 -l10
[0.672s] colcon.colcon_core.event_handler.log_command DEBUG Invoked command in '/Users/yosuke/gits/cxd5602pwbimu_ros2_driver/ros2_ws/build/imu_complementary_filter' returned '0': CMAKE_PREFIX_PATH=${CMAKE_PREFIX_PATH}:/Users/yosuke/miniforge3/envs/ros_env CONDA_PROMPT_MODIFIER=(ros_env) SHLVL=3 _=/Users/yosuke/miniforge3/envs/ros_env/bin/env /Users/yosuke/miniforge3/envs/ros_env/bin/cmake --build /Users/yosuke/gits/cxd5602pwbimu_ros2_driver/ros2_ws/build/imu_complementary_filter -- -j10 -l10
[0.689s] colcon.colcon_core.event_handler.log_command DEBUG Invoked command in '/Users/yosuke/gits/cxd5602pwbimu_ros2_driver/ros2_ws/build/imu_filter_madgwick' returned '0': CMAKE_PREFIX_PATH=${CMAKE_PREFIX_PATH}:/Users/yosuke/miniforge3/envs/ros_env CONDA_PROMPT_MODIFIER=(ros_env) SHLVL=3 _=/Users/yosuke/miniforge3/envs/ros_env/bin/env /Users/yosuke/miniforge3/envs/ros_env/bin/cmake --build /Users/yosuke/gits/cxd5602pwbimu_ros2_driver/ros2_ws/build/imu_filter_madgwick -- -j10 -l10
[0.705s] colcon.colcon_core.event_handler.log_command DEBUG Invoked command in '/Users/yosuke/gits/cxd5602pwbimu_ros2_driver/ros2_ws/build/h6x_packet_handler' returned '0': CMAKE_PREFIX_PATH=${CMAKE_PREFIX_PATH}:/Users/yosuke/miniforge3/envs/ros_env CONDA_PROMPT_MODIFIER=(ros_env) SHLVL=3 _=/Users/yosuke/miniforge3/envs/ros_env/bin/env /Users/yosuke/miniforge3/envs/ros_env/bin/cmake --build /Users/yosuke/gits/cxd5602pwbimu_ros2_driver/ros2_ws/build/h6x_packet_handler -- -j10 -l10
[0.706s] colcon.colcon_core.event_handler.log_command DEBUG Invoked command in '/Users/yosuke/gits/cxd5602pwbimu_ros2_driver/ros2_ws/build/imu_trajectory_filter' returned '0': CMAKE_PREFIX_PATH=${CMAKE_PREFIX_PATH}:/Users/yosuke/miniforge3/envs/ros_env CONDA_PROMPT_MODIFIER=(ros_env) SHLVL=3 _=/Users/yosuke/miniforge3/envs/ros_env/bin/env /Users/yosuke/miniforge3/envs/ros_env/bin/cmake --build /Users/yosuke/gits/cxd5602pwbimu_ros2_driver/ros2_ws/build/imu_trajectory_filter -- -j10 -l10
[0.848s] colcon.colcon_core.event_handler.log_command DEBUG Invoked command in '/Users/yosuke/gits/cxd5602pwbimu_ros2_driver/ros2_ws/build/rviz_imu_plugin' returned '0': CMAKE_PREFIX_PATH=${CMAKE_PREFIX_PATH}:/Users/yosuke/miniforge3/envs/ros_env CONDA_PROMPT_MODIFIER=(ros_env) SHLVL=3 _=/Users/yosuke/miniforge3/envs/ros_env/bin/env /Users/yosuke/miniforge3/envs/ros_env/bin/cmake --build /Users/yosuke/gits/cxd5602pwbimu_ros2_driver/ros2_ws/build/rviz_imu_plugin -- -j10 -l10
[1.016s] colcon.colcon_core.event_handler.log_command DEBUG Invoking command in '/Users/yosuke/gits/cxd5602pwbimu_ros2_driver/ros2_ws/build/h6x_serial_interface': CMAKE_PREFIX_PATH=${CMAKE_PREFIX_PATH}:/Users/yosuke/miniforge3/envs/ros_env CONDA_PROMPT_MODIFIER=(ros_env) SHLVL=3 _=/Users/yosuke/miniforge3/envs/ros_env/bin/env /Users/yosuke/miniforge3/envs/ros_env/bin/cmake --install /Users/yosuke/gits/cxd5602pwbimu_ros2_driver/ros2_ws/build/h6x_serial_interface
[1.060s] colcon.colcon_core.environment Level 1 create_environment_scripts_only(h6x_serial_interface)
[1.060s] colcon.colcon_core.event_handler.log_command DEBUG Invoked command in '/Users/yosuke/gits/cxd5602pwbimu_ros2_driver/ros2_ws/build/h6x_serial_interface' returned '0': CMAKE_PREFIX_PATH=${CMAKE_PREFIX_PATH}:/Users/yosuke/miniforge3/envs/ros_env CONDA_PROMPT_MODIFIER=(ros_env) SHLVL=3 _=/Users/yosuke/miniforge3/envs/ros_env/bin/env /Users/yosuke/miniforge3/envs/ros_env/bin/cmake --install /Users/yosuke/gits/cxd5602pwbimu_ros2_driver/ros2_ws/build/h6x_serial_interface
[1.063s] colcon.colcon_core.environment Level 1 checking '/Users/yosuke/gits/cxd5602pwbimu_ros2_driver/ros2_ws/install/h6x_serial_interface' for CMake module files
[1.064s] colcon.colcon_core.environment Level 1 checking '/Users/yosuke/gits/cxd5602pwbimu_ros2_driver/ros2_ws/install/h6x_serial_interface' for CMake config files
[1.064s] colcon.colcon_core.shell Level 1 create_environment_hook('h6x_serial_interface', 'cmake_prefix_path')
[1.064s] colcon.colcon_core.shell INFO Creating environment hook '/Users/yosuke/gits/cxd5602pwbimu_ros2_driver/ros2_ws/install/h6x_serial_interface/share/h6x_serial_interface/hook/cmake_prefix_path.ps1'
[1.064s] colcon.colcon_core.shell INFO Creating environment descriptor '/Users/yosuke/gits/cxd5602pwbimu_ros2_driver/ros2_ws/install/h6x_serial_interface/share/h6x_serial_interface/hook/cmake_prefix_path.dsv'
[1.064s] colcon.colcon_core.shell INFO Creating environment hook '/Users/yosuke/gits/cxd5602pwbimu_ros2_driver/ros2_ws/install/h6x_serial_interface/share/h6x_serial_interface/hook/cmake_prefix_path.sh'
[1.065s] colcon.colcon_core.environment Level 1 checking '/Users/yosuke/gits/cxd5602pwbimu_ros2_driver/ros2_ws/install/h6x_serial_interface/lib'
[1.065s] colcon.colcon_core.shell Level 1 create_environment_hook('h6x_serial_interface', 'dyld_library_path')
[1.065s] colcon.colcon_core.shell INFO Creating environment hook '/Users/yosuke/gits/cxd5602pwbimu_ros2_driver/ros2_ws/install/h6x_serial_interface/share/h6x_serial_interface/hook/dyld_library_path.ps1'
[1.065s] colcon.colcon_core.shell INFO Creating environment descriptor '/Users/yosuke/gits/cxd5602pwbimu_ros2_driver/ros2_ws/install/h6x_serial_interface/share/h6x_serial_interface/hook/dyld_library_path.dsv'
[1.065s] colcon.colcon_core.shell INFO Creating environment hook '/Users/yosuke/gits/cxd5602pwbimu_ros2_driver/ros2_ws/install/h6x_serial_interface/share/h6x_serial_interface/hook/dyld_library_path.sh'
[1.065s] colcon.colcon_core.environment Level 1 checking '/Users/yosuke/gits/cxd5602pwbimu_ros2_driver/ros2_ws/install/h6x_serial_interface/bin'
[1.065s] colcon.colcon_core.environment Level 1 checking '/Users/yosuke/gits/cxd5602pwbimu_ros2_driver/ros2_ws/install/h6x_serial_interface/lib/pkgconfig/h6x_serial_interface.pc'
[1.066s] colcon.colcon_core.environment Level 1 checking '/Users/yosuke/gits/cxd5602pwbimu_ros2_driver/ros2_ws/install/h6x_serial_interface/lib/python3.11/site-packages'
[1.066s] colcon.colcon_core.environment Level 1 checking '/Users/yosuke/gits/cxd5602pwbimu_ros2_driver/ros2_ws/install/h6x_serial_interface/bin'
[1.066s] colcon.colcon_core.shell INFO Creating package script '/Users/yosuke/gits/cxd5602pwbimu_ros2_driver/ros2_ws/install/h6x_serial_interface/share/h6x_serial_interface/package.ps1'
[1.066s] colcon.colcon_core.shell INFO Creating package descriptor '/Users/yosuke/gits/cxd5602pwbimu_ros2_driver/ros2_ws/install/h6x_serial_interface/share/h6x_serial_interface/package.dsv'
[1.066s] colcon.colcon_core.shell INFO Creating package script '/Users/yosuke/gits/cxd5602pwbimu_ros2_driver/ros2_ws/install/h6x_serial_interface/share/h6x_serial_interface/package.sh'
[1.067s] colcon.colcon_core.shell INFO Creating package script '/Users/yosuke/gits/cxd5602pwbimu_ros2_driver/ros2_ws/install/h6x_serial_interface/share/h6x_serial_interface/package.bash'
[1.067s] colcon.colcon_core.shell INFO Creating package script '/Users/yosuke/gits/cxd5602pwbimu_ros2_driver/ros2_ws/install/h6x_serial_interface/share/h6x_serial_interface/package.zsh'
[1.068s] colcon.colcon_core.environment Level 1 create_file_with_runtime_dependencies(/Users/yosuke/gits/cxd5602pwbimu_ros2_driver/ros2_ws/install/h6x_serial_interface/share/colcon-core/packages/h6x_serial_interface)
[1.177s] colcon.colcon_core.event_handler.log_command DEBUG Invoking command in '/Users/yosuke/gits/cxd5602pwbimu_ros2_driver/ros2_ws/build/imu_trajectory_filter': CMAKE_PREFIX_PATH=${CMAKE_PREFIX_PATH}:/Users/yosuke/miniforge3/envs/ros_env CONDA_PROMPT_MODIFIER=(ros_env) SHLVL=3 _=/Users/yosuke/miniforge3/envs/ros_env/bin/env /Users/yosuke/miniforge3/envs/ros_env/bin/cmake --install /Users/yosuke/gits/cxd5602pwbimu_ros2_driver/ros2_ws/build/imu_trajectory_filter
[1.221s] colcon.colcon_core.environment Level 1 create_environment_scripts_only(imu_trajectory_filter)
[1.221s] colcon.colcon_core.environment Level 1 checking '/Users/yosuke/gits/cxd5602pwbimu_ros2_driver/ros2_ws/install/imu_trajectory_filter' for CMake module files
[1.222s] colcon.colcon_core.event_handler.log_command DEBUG Invoked command in '/Users/yosuke/gits/cxd5602pwbimu_ros2_driver/ros2_ws/build/imu_trajectory_filter' returned '0': CMAKE_PREFIX_PATH=${CMAKE_PREFIX_PATH}:/Users/yosuke/miniforge3/envs/ros_env CONDA_PROMPT_MODIFIER=(ros_env) SHLVL=3 _=/Users/yosuke/miniforge3/envs/ros_env/bin/env /Users/yosuke/miniforge3/envs/ros_env/bin/cmake --install /Users/yosuke/gits/cxd5602pwbimu_ros2_driver/ros2_ws/build/imu_trajectory_filter
[1.222s] colcon.colcon_core.environment Level 1 checking '/Users/yosuke/gits/cxd5602pwbimu_ros2_driver/ros2_ws/install/imu_trajectory_filter' for CMake config files
[1.223s] colcon.colcon_core.shell Level 1 create_environment_hook('imu_trajectory_filter', 'cmake_prefix_path')
[1.223s] colcon.colcon_core.shell INFO Creating environment hook '/Users/yosuke/gits/cxd5602pwbimu_ros2_driver/ros2_ws/install/imu_trajectory_filter/share/imu_trajectory_filter/hook/cmake_prefix_path.ps1'
[1.224s] colcon.colcon_core.shell INFO Creating environment descriptor '/Users/yosuke/gits/cxd5602pwbimu_ros2_driver/ros2_ws/install/imu_trajectory_filter/share/imu_trajectory_filter/hook/cmake_prefix_path.dsv'
[1.225s] colcon.colcon_core.shell INFO Creating environment hook '/Users/yosuke/gits/cxd5602pwbimu_ros2_driver/ros2_ws/install/imu_trajectory_filter/share/imu_trajectory_filter/hook/cmake_prefix_path.sh'
[1.225s] colcon.colcon_core.environment Level 1 checking '/Users/yosuke/gits/cxd5602pwbimu_ros2_driver/ros2_ws/install/imu_trajectory_filter/lib'
[1.225s] colcon.colcon_core.environment Level 1 checking '/Users/yosuke/gits/cxd5602pwbimu_ros2_driver/ros2_ws/install/imu_trajectory_filter/bin'
[1.225s] colcon.colcon_core.environment Level 1 checking '/Users/yosuke/gits/cxd5602pwbimu_ros2_driver/ros2_ws/install/imu_trajectory_filter/lib/pkgconfig/imu_trajectory_filter.pc'
[1.226s] colcon.colcon_core.environment Level 1 checking '/Users/yosuke/gits/cxd5602pwbimu_ros2_driver/ros2_ws/install/imu_trajectory_filter/lib/python3.11/site-packages'
[1.226s] colcon.colcon_core.environment Level 1 checking '/Users/yosuke/gits/cxd5602pwbimu_ros2_driver/ros2_ws/install/imu_trajectory_filter/bin'
[1.226s] colcon.colcon_core.shell INFO Creating package script '/Users/yosuke/gits/cxd5602pwbimu_ros2_driver/ros2_ws/install/imu_trajectory_filter/share/imu_trajectory_filter/package.ps1'
[1.226s] colcon.colcon_core.shell INFO Creating package descriptor '/Users/yosuke/gits/cxd5602pwbimu_ros2_driver/ros2_ws/install/imu_trajectory_filter/share/imu_trajectory_filter/package.dsv'
[1.226s] colcon.colcon_core.shell INFO Creating package script '/Users/yosuke/gits/cxd5602pwbimu_ros2_driver/ros2_ws/install/imu_trajectory_filter/share/imu_trajectory_filter/package.sh'
[1.226s] colcon.colcon_core.shell INFO Creating package script '/Users/yosuke/gits/cxd5602pwbimu_ros2_driver/ros2_ws/install/imu_trajectory_filter/share/imu_trajectory_filter/package.bash'
[1.227s] colcon.colcon_core.shell INFO Creating package script '/Users/yosuke/gits/cxd5602pwbimu_ros2_driver/ros2_ws/install/imu_trajectory_filter/share/imu_trajectory_filter/package.zsh'
[1.227s] colcon.colcon_core.environment Level 1 create_file_with_runtime_dependencies(/Users/yosuke/gits/cxd5602pwbimu_ros2_driver/ros2_ws/install/imu_trajectory_filter/share/colcon-core/packages/imu_trajectory_filter)
[1.234s] colcon.colcon_core.event_handler.log_command DEBUG Invoking command in '/Users/yosuke/gits/cxd5602pwbimu_ros2_driver/ros2_ws/build/imu_complementary_filter': CMAKE_PREFIX_PATH=${CMAKE_PREFIX_PATH}:/Users/yosuke/miniforge3/envs/ros_env CONDA_PROMPT_MODIFIER=(ros_env) SHLVL=3 _=/Users/yosuke/miniforge3/envs/ros_env/bin/env /Users/yosuke/miniforge3/envs/ros_env/bin/cmake --install /Users/yosuke/gits/cxd5602pwbimu_ros2_driver/ros2_ws/build/imu_complementary_filter
[1.267s] colcon.colcon_core.environment Level 1 create_environment_scripts_only(imu_complementary_filter)
[1.268s] colcon.colcon_core.environment Level 1 checking '/Users/yosuke/gits/cxd5602pwbimu_ros2_driver/ros2_ws/install/imu_complementary_filter' for CMake module files
[1.268s] colcon.colcon_core.event_handler.log_command DEBUG Invoked command in '/Users/yosuke/gits/cxd5602pwbimu_ros2_driver/ros2_ws/build/imu_complementary_filter' returned '0': CMAKE_PREFIX_PATH=${CMAKE_PREFIX_PATH}:/Users/yosuke/miniforge3/envs/ros_env CONDA_PROMPT_MODIFIER=(ros_env) SHLVL=3 _=/Users/yosuke/miniforge3/envs/ros_env/bin/env /Users/yosuke/miniforge3/envs/ros_env/bin/cmake --install /Users/yosuke/gits/cxd5602pwbimu_ros2_driver/ros2_ws/build/imu_complementary_filter
[1.269s] colcon.colcon_core.environment Level 1 checking '/Users/yosuke/gits/cxd5602pwbimu_ros2_driver/ros2_ws/install/imu_complementary_filter' for CMake config files
[1.270s] colcon.colcon_core.shell Level 1 create_environment_hook('imu_complementary_filter', 'cmake_prefix_path')
[1.270s] colcon.colcon_core.shell INFO Creating environment hook '/Users/yosuke/gits/cxd5602pwbimu_ros2_driver/ros2_ws/install/imu_complementary_filter/share/imu_complementary_filter/hook/cmake_prefix_path.ps1'
[1.270s] colcon.colcon_core.shell INFO Creating environment descriptor '/Users/yosuke/gits/cxd5602pwbimu_ros2_driver/ros2_ws/install/imu_complementary_filter/share/imu_complementary_filter/hook/cmake_prefix_path.dsv'
[1.270s] colcon.colcon_core.shell INFO Creating environment hook '/Users/yosuke/gits/cxd5602pwbimu_ros2_driver/ros2_ws/install/imu_complementary_filter/share/imu_complementary_filter/hook/cmake_prefix_path.sh'
[1.271s] colcon.colcon_core.environment Level 1 checking '/Users/yosuke/gits/cxd5602pwbimu_ros2_driver/ros2_ws/install/imu_complementary_filter/lib'
[1.271s] colcon.colcon_core.shell Level 1 create_environment_hook('imu_complementary_filter', 'dyld_library_path')
[1.271s] colcon.colcon_core.shell INFO Creating environment hook '/Users/yosuke/gits/cxd5602pwbimu_ros2_driver/ros2_ws/install/imu_complementary_filter/share/imu_complementary_filter/hook/dyld_library_path.ps1'
[1.271s] colcon.colcon_core.shell INFO Creating environment descriptor '/Users/yosuke/gits/cxd5602pwbimu_ros2_driver/ros2_ws/install/imu_complementary_filter/share/imu_complementary_filter/hook/dyld_library_path.dsv'
[1.271s] colcon.colcon_core.shell INFO Creating environment hook '/Users/yosuke/gits/cxd5602pwbimu_ros2_driver/ros2_ws/install/imu_complementary_filter/share/imu_complementary_filter/hook/dyld_library_path.sh'
[1.271s] colcon.colcon_core.environment Level 1 checking '/Users/yosuke/gits/cxd5602pwbimu_ros2_driver/ros2_ws/install/imu_complementary_filter/bin'
[1.271s] colcon.colcon_core.environment Level 1 checking '/Users/yosuke/gits/cxd5602pwbimu_ros2_driver/ros2_ws/install/imu_complementary_filter/lib/pkgconfig/imu_complementary_filter.pc'
[1.271s] colcon.colcon_core.environment Level 1 checking '/Users/yosuke/gits/cxd5602pwbimu_ros2_driver/ros2_ws/install/imu_complementary_filter/lib/python3.11/site-packages'
[1.272s] colcon.colcon_core.environment Level 1 checking '/Users/yosuke/gits/cxd5602pwbimu_ros2_driver/ros2_ws/install/imu_complementary_filter/bin'
[1.272s] colcon.colcon_core.shell INFO Creating package script '/Users/yosuke/gits/cxd5602pwbimu_ros2_driver/ros2_ws/install/imu_complementary_filter/share/imu_complementary_filter/package.ps1'
[1.272s] colcon.colcon_core.shell INFO Creating package descriptor '/Users/yosuke/gits/cxd5602pwbimu_ros2_driver/ros2_ws/install/imu_complementary_filter/share/imu_complementary_filter/package.dsv'
[1.272s] colcon.colcon_core.shell INFO Creating package script '/Users/yosuke/gits/cxd5602pwbimu_ros2_driver/ros2_ws/install/imu_complementary_filter/share/imu_complementary_filter/package.sh'
[1.272s] colcon.colcon_core.shell INFO Creating package script '/Users/yosuke/gits/cxd5602pwbimu_ros2_driver/ros2_ws/install/imu_complementary_filter/share/imu_complementary_filter/package.bash'
[1.272s] colcon.colcon_core.shell INFO Creating package script '/Users/yosuke/gits/cxd5602pwbimu_ros2_driver/ros2_ws/install/imu_complementary_filter/share/imu_complementary_filter/package.zsh'
[1.273s] colcon.colcon_core.environment Level 1 create_file_with_runtime_dependencies(/Users/yosuke/gits/cxd5602pwbimu_ros2_driver/ros2_ws/install/imu_complementary_filter/share/colcon-core/packages/imu_complementary_filter)
[1.374s] colcon.colcon_core.event_handler.log_command DEBUG Invoking command in '/Users/yosuke/gits/cxd5602pwbimu_ros2_driver/ros2_ws/build/imu_filter_madgwick': CMAKE_PREFIX_PATH=${CMAKE_PREFIX_PATH}:/Users/yosuke/miniforge3/envs/ros_env CONDA_PROMPT_MODIFIER=(ros_env) SHLVL=3 _=/Users/yosuke/miniforge3/envs/ros_env/bin/env /Users/yosuke/miniforge3/envs/ros_env/bin/cmake --install /Users/yosuke/gits/cxd5602pwbimu_ros2_driver/ros2_ws/build/imu_filter_madgwick
[1.394s] colcon.colcon_core.event_handler.log_command DEBUG Invoking command in '/Users/yosuke/gits/cxd5602pwbimu_ros2_driver/ros2_ws/build/h6x_packet_handler': CMAKE_PREFIX_PATH=${CMAKE_PREFIX_PATH}:/Users/yosuke/miniforge3/envs/ros_env CONDA_PROMPT_MODIFIER=(ros_env) SHLVL=3 _=/Users/yosuke/miniforge3/envs/ros_env/bin/env /Users/yosuke/miniforge3/envs/ros_env/bin/cmake --install /Users/yosuke/gits/cxd5602pwbimu_ros2_driver/ros2_ws/build/h6x_packet_handler
[1.417s] colcon.colcon_core.environment Level 1 create_environment_scripts_only(imu_filter_madgwick)
[1.417s] colcon.colcon_core.environment Level 1 checking '/Users/yosuke/gits/cxd5602pwbimu_ros2_driver/ros2_ws/install/imu_filter_madgwick' for CMake module files
[1.418s] colcon.colcon_core.event_handler.log_command DEBUG Invoked command in '/Users/yosuke/gits/cxd5602pwbimu_ros2_driver/ros2_ws/build/imu_filter_madgwick' returned '0': CMAKE_PREFIX_PATH=${CMAKE_PREFIX_PATH}:/Users/yosuke/miniforge3/envs/ros_env CONDA_PROMPT_MODIFIER=(ros_env) SHLVL=3 _=/Users/yosuke/miniforge3/envs/ros_env/bin/env /Users/yosuke/miniforge3/envs/ros_env/bin/cmake --install /Users/yosuke/gits/cxd5602pwbimu_ros2_driver/ros2_ws/build/imu_filter_madgwick
[1.419s] colcon.colcon_core.environment Level 1 checking '/Users/yosuke/gits/cxd5602pwbimu_ros2_driver/ros2_ws/install/imu_filter_madgwick' for CMake config files
[1.419s] colcon.colcon_core.shell Level 1 create_environment_hook('imu_filter_madgwick', 'cmake_prefix_path')
[1.419s] colcon.colcon_core.shell INFO Creating environment hook '/Users/yosuke/gits/cxd5602pwbimu_ros2_driver/ros2_ws/install/imu_filter_madgwick/share/imu_filter_madgwick/hook/cmake_prefix_path.ps1'
[1.421s] colcon.colcon_core.shell INFO Creating environment descriptor '/Users/yosuke/gits/cxd5602pwbimu_ros2_driver/ros2_ws/install/imu_filter_madgwick/share/imu_filter_madgwick/hook/cmake_prefix_path.dsv'
[1.421s] colcon.colcon_core.shell INFO Creating environment hook '/Users/yosuke/gits/cxd5602pwbimu_ros2_driver/ros2_ws/install/imu_filter_madgwick/share/imu_filter_madgwick/hook/cmake_prefix_path.sh'
[1.421s] colcon.colcon_core.environment Level 1 checking '/Users/yosuke/gits/cxd5602pwbimu_ros2_driver/ros2_ws/install/imu_filter_madgwick/lib'
[1.421s] colcon.colcon_core.shell Level 1 create_environment_hook('imu_filter_madgwick', 'dyld_library_path')
[1.421s] colcon.colcon_core.shell INFO Creating environment hook '/Users/yosuke/gits/cxd5602pwbimu_ros2_driver/ros2_ws/install/imu_filter_madgwick/share/imu_filter_madgwick/hook/dyld_library_path.ps1'
[1.421s] colcon.colcon_core.shell INFO Creating environment descriptor '/Users/yosuke/gits/cxd5602pwbimu_ros2_driver/ros2_ws/install/imu_filter_madgwick/share/imu_filter_madgwick/hook/dyld_library_path.dsv'
[1.422s] colcon.colcon_core.shell INFO Creating environment hook '/Users/yosuke/gits/cxd5602pwbimu_ros2_driver/ros2_ws/install/imu_filter_madgwick/share/imu_filter_madgwick/hook/dyld_library_path.sh'
[1.422s] colcon.colcon_core.environment Level 1 checking '/Users/yosuke/gits/cxd5602pwbimu_ros2_driver/ros2_ws/install/imu_filter_madgwick/bin'
[1.422s] colcon.colcon_core.environment Level 1 checking '/Users/yosuke/gits/cxd5602pwbimu_ros2_driver/ros2_ws/install/imu_filter_madgwick/lib/pkgconfig/imu_filter_madgwick.pc'
[1.423s] colcon.colcon_core.environment Level 1 checking '/Users/yosuke/gits/cxd5602pwbimu_ros2_driver/ros2_ws/install/imu_filter_madgwick/lib/python3.11/site-packages'
[1.423s] colcon.colcon_core.environment Level 1 checking '/Users/yosuke/gits/cxd5602pwbimu_ros2_driver/ros2_ws/install/imu_filter_madgwick/bin'
[1.423s] colcon.colcon_core.shell INFO Creating package script '/Users/yosuke/gits/cxd5602pwbimu_ros2_driver/ros2_ws/install/imu_filter_madgwick/share/imu_filter_madgwick/package.ps1'
[1.424s] colcon.colcon_core.shell INFO Creating package descriptor '/Users/yosuke/gits/cxd5602pwbimu_ros2_driver/ros2_ws/install/imu_filter_madgwick/share/imu_filter_madgwick/package.dsv'
[1.424s] colcon.colcon_core.shell INFO Creating package script '/Users/yosuke/gits/cxd5602pwbimu_ros2_driver/ros2_ws/install/imu_filter_madgwick/share/imu_filter_madgwick/package.sh'
[1.424s] colcon.colcon_core.shell INFO Creating package script '/Users/yosuke/gits/cxd5602pwbimu_ros2_driver/ros2_ws/install/imu_filter_madgwick/share/imu_filter_madgwick/package.bash'
[1.424s] colcon.colcon_core.shell INFO Creating package script '/Users/yosuke/gits/cxd5602pwbimu_ros2_driver/ros2_ws/install/imu_filter_madgwick/share/imu_filter_madgwick/package.zsh'
[1.424s] colcon.colcon_core.environment Level 1 create_file_with_runtime_dependencies(/Users/yosuke/gits/cxd5602pwbimu_ros2_driver/ros2_ws/install/imu_filter_madgwick/share/colcon-core/packages/imu_filter_madgwick)
[1.428s] colcon.colcon_core.environment Level 1 create_environment_scripts_only(h6x_packet_handler)
[1.429s] colcon.colcon_core.environment Level 1 checking '/Users/yosuke/gits/cxd5602pwbimu_ros2_driver/ros2_ws/install/h6x_packet_handler' for CMake module files
[1.430s] colcon.colcon_core.environment Level 1 checking '/Users/yosuke/gits/cxd5602pwbimu_ros2_driver/ros2_ws/install/h6x_packet_handler' for CMake config files
[1.430s] colcon.colcon_core.shell Level 1 create_environment_hook('h6x_packet_handler', 'cmake_prefix_path')
[1.430s] colcon.colcon_core.shell INFO Creating environment hook '/Users/yosuke/gits/cxd5602pwbimu_ros2_driver/ros2_ws/install/h6x_packet_handler/share/h6x_packet_handler/hook/cmake_prefix_path.ps1'
[1.431s] colcon.colcon_core.shell INFO Creating environment descriptor '/Users/yosuke/gits/cxd5602pwbimu_ros2_driver/ros2_ws/install/h6x_packet_handler/share/h6x_packet_handler/hook/cmake_prefix_path.dsv'
[1.431s] colcon.colcon_core.shell INFO Creating environment hook '/Users/yosuke/gits/cxd5602pwbimu_ros2_driver/ros2_ws/install/h6x_packet_handler/share/h6x_packet_handler/hook/cmake_prefix_path.sh'
[1.431s] colcon.colcon_core.environment Level 1 checking '/Users/yosuke/gits/cxd5602pwbimu_ros2_driver/ros2_ws/install/h6x_packet_handler/lib'
[1.431s] colcon.colcon_core.shell Level 1 create_environment_hook('h6x_packet_handler', 'dyld_library_path')
[1.432s] colcon.colcon_core.shell INFO Creating environment hook '/Users/yosuke/gits/cxd5602pwbimu_ros2_driver/ros2_ws/install/h6x_packet_handler/share/h6x_packet_handler/hook/dyld_library_path.ps1'
[1.432s] colcon.colcon_core.shell INFO Creating environment descriptor '/Users/yosuke/gits/cxd5602pwbimu_ros2_driver/ros2_ws/install/h6x_packet_handler/share/h6x_packet_handler/hook/dyld_library_path.dsv'
[1.433s] colcon.colcon_core.shell INFO Creating environment hook '/Users/yosuke/gits/cxd5602pwbimu_ros2_driver/ros2_ws/install/h6x_packet_handler/share/h6x_packet_handler/hook/dyld_library_path.sh'
[1.434s] colcon.colcon_core.environment Level 1 checking '/Users/yosuke/gits/cxd5602pwbimu_ros2_driver/ros2_ws/install/h6x_packet_handler/bin'
[1.434s] colcon.colcon_core.environment Level 1 checking '/Users/yosuke/gits/cxd5602pwbimu_ros2_driver/ros2_ws/install/h6x_packet_handler/lib/pkgconfig/h6x_packet_handler.pc'
[1.434s] colcon.colcon_core.environment Level 1 checking '/Users/yosuke/gits/cxd5602pwbimu_ros2_driver/ros2_ws/install/h6x_packet_handler/lib/python3.11/site-packages'
[1.434s] colcon.colcon_core.environment Level 1 checking '/Users/yosuke/gits/cxd5602pwbimu_ros2_driver/ros2_ws/install/h6x_packet_handler/bin'
[1.435s] colcon.colcon_core.shell INFO Creating package script '/Users/yosuke/gits/cxd5602pwbimu_ros2_driver/ros2_ws/install/h6x_packet_handler/share/h6x_packet_handler/package.ps1'
[1.435s] colcon.colcon_core.event_handler.log_command DEBUG Invoked command in '/Users/yosuke/gits/cxd5602pwbimu_ros2_driver/ros2_ws/build/h6x_packet_handler' returned '0': CMAKE_PREFIX_PATH=${CMAKE_PREFIX_PATH}:/Users/yosuke/miniforge3/envs/ros_env CONDA_PROMPT_MODIFIER=(ros_env) SHLVL=3 _=/Users/yosuke/miniforge3/envs/ros_env/bin/env /Users/yosuke/miniforge3/envs/ros_env/bin/cmake --install /Users/yosuke/gits/cxd5602pwbimu_ros2_driver/ros2_ws/build/h6x_packet_handler
[1.436s] colcon.colcon_core.shell INFO Creating package descriptor '/Users/yosuke/gits/cxd5602pwbimu_ros2_driver/ros2_ws/install/h6x_packet_handler/share/h6x_packet_handler/package.dsv'
[1.437s] colcon.colcon_core.shell INFO Creating package script '/Users/yosuke/gits/cxd5602pwbimu_ros2_driver/ros2_ws/install/h6x_packet_handler/share/h6x_packet_handler/package.sh'
[1.437s] colcon.colcon_core.shell INFO Creating package script '/Users/yosuke/gits/cxd5602pwbimu_ros2_driver/ros2_ws/install/h6x_packet_handler/share/h6x_packet_handler/package.bash'
[1.437s] colcon.colcon_core.shell INFO Creating package script '/Users/yosuke/gits/cxd5602pwbimu_ros2_driver/ros2_ws/install/h6x_packet_handler/share/h6x_packet_handler/package.zsh'
[1.437s] colcon.colcon_core.environment Level 1 create_file_with_runtime_dependencies(/Users/yosuke/gits/cxd5602pwbimu_ros2_driver/ros2_ws/install/h6x_packet_handler/share/colcon-core/packages/h6x_packet_handler)
[1.547s] colcon.colcon_core.environment Level 1 create_environment_scripts_only(h6x_serial_interface)
[1.547s] colcon.colcon_core.environment Level 1 checking '/Users/yosuke/gits/cxd5602pwbimu_ros2_driver/ros2_ws/install/h6x_serial_interface' for CMake module files
[1.548s] colcon.colcon_core.environment Level 1 checking '/Users/yosuke/gits/cxd5602pwbimu_ros2_driver/ros2_ws/install/h6x_serial_interface' for CMake config files
[1.548s] colcon.colcon_core.shell Level 1 create_environment_hook('h6x_serial_interface', 'cmake_prefix_path')
[1.548s] colcon.colcon_core.shell INFO Creating environment hook '/Users/yosuke/gits/cxd5602pwbimu_ros2_driver/ros2_ws/install/h6x_serial_interface/share/h6x_serial_interface/hook/cmake_prefix_path.ps1'
[1.548s] colcon.colcon_core.shell INFO Creating environment descriptor '/Users/yosuke/gits/cxd5602pwbimu_ros2_driver/ros2_ws/install/h6x_serial_interface/share/h6x_serial_interface/hook/cmake_prefix_path.dsv'
[1.549s] colcon.colcon_core.shell INFO Creating environment hook '/Users/yosuke/gits/cxd5602pwbimu_ros2_driver/ros2_ws/install/h6x_serial_interface/share/h6x_serial_interface/hook/cmake_prefix_path.sh'
[1.549s] colcon.colcon_core.environment Level 1 checking '/Users/yosuke/gits/cxd5602pwbimu_ros2_driver/ros2_ws/install/h6x_serial_interface/lib'
[1.549s] colcon.colcon_core.shell Level 1 create_environment_hook('h6x_serial_interface', 'dyld_library_path')
[1.549s] colcon.colcon_core.shell INFO Creating environment hook '/Users/yosuke/gits/cxd5602pwbimu_ros2_driver/ros2_ws/install/h6x_serial_interface/share/h6x_serial_interface/hook/dyld_library_path.ps1'
[1.550s] colcon.colcon_core.shell INFO Creating environment descriptor '/Users/yosuke/gits/cxd5602pwbimu_ros2_driver/ros2_ws/install/h6x_serial_interface/share/h6x_serial_interface/hook/dyld_library_path.dsv'
[1.550s] colcon.colcon_core.shell INFO Creating environment hook '/Users/yosuke/gits/cxd5602pwbimu_ros2_driver/ros2_ws/install/h6x_serial_interface/share/h6x_serial_interface/hook/dyld_library_path.sh'
[1.550s] colcon.colcon_core.environment Level 1 checking '/Users/yosuke/gits/cxd5602pwbimu_ros2_driver/ros2_ws/install/h6x_serial_interface/bin'
[1.550s] colcon.colcon_core.environment Level 1 checking '/Users/yosuke/gits/cxd5602pwbimu_ros2_driver/ros2_ws/install/h6x_serial_interface/lib/pkgconfig/h6x_serial_interface.pc'
[1.551s] colcon.colcon_core.environment Level 1 checking '/Users/yosuke/gits/cxd5602pwbimu_ros2_driver/ros2_ws/install/h6x_serial_interface/lib/python3.11/site-packages'
[1.551s] colcon.colcon_core.environment Level 1 checking '/Users/yosuke/gits/cxd5602pwbimu_ros2_driver/ros2_ws/install/h6x_serial_interface/bin'
[1.551s] colcon.colcon_core.shell INFO Creating package script '/Users/yosuke/gits/cxd5602pwbimu_ros2_driver/ros2_ws/install/h6x_serial_interface/share/h6x_serial_interface/package.ps1'
[1.552s] colcon.colcon_core.shell INFO Creating package descriptor '/Users/yosuke/gits/cxd5602pwbimu_ros2_driver/ros2_ws/install/h6x_serial_interface/share/h6x_serial_interface/package.dsv'
[1.552s] colcon.colcon_core.shell INFO Creating package script '/Users/yosuke/gits/cxd5602pwbimu_ros2_driver/ros2_ws/install/h6x_serial_interface/share/h6x_serial_interface/package.sh'
[1.553s] colcon.colcon_core.shell INFO Creating package script '/Users/yosuke/gits/cxd5602pwbimu_ros2_driver/ros2_ws/install/h6x_serial_interface/share/h6x_serial_interface/package.bash'
[1.553s] colcon.colcon_core.shell INFO Creating package script '/Users/yosuke/gits/cxd5602pwbimu_ros2_driver/ros2_ws/install/h6x_serial_interface/share/h6x_serial_interface/package.zsh'
[1.553s] colcon.colcon_core.environment Level 1 create_file_with_runtime_dependencies(/Users/yosuke/gits/cxd5602pwbimu_ros2_driver/ros2_ws/install/h6x_serial_interface/share/colcon-core/packages/h6x_serial_interface)
[1.554s] colcon.colcon_ros.task.ament_cmake.build INFO Building ROS package in '/Users/yosuke/gits/cxd5602pwbimu_ros2_driver/ros2_ws/src/cxd5602pwbimu_driver_node' with build type 'ament_cmake'
[1.554s] colcon.colcon_cmake.task.cmake.build INFO Building CMake package in '/Users/yosuke/gits/cxd5602pwbimu_ros2_driver/ros2_ws/src/cxd5602pwbimu_driver_node'
[1.554s] colcon.colcon_core.shell INFO Skip shell extension 'powershell' for command environment: Not usable outside of PowerShell
[1.554s] colcon.colcon_core.shell DEBUG Skip shell extension 'dsv' for command environment
[1.561s] colcon.colcon_ros.task.ament_cmake.build INFO Building ROS package in '/Users/yosuke/gits/cxd5602pwbimu_ros2_driver/ros2_ws/src/h6x_serial_interface/h6x_serial_interface_example' with build type 'ament_cmake'
[1.561s] colcon.colcon_cmake.task.cmake.build INFO Building CMake package in '/Users/yosuke/gits/cxd5602pwbimu_ros2_driver/ros2_ws/src/h6x_serial_interface/h6x_serial_interface_example'
[1.561s] colcon.colcon_core.shell INFO Skip shell extension 'powershell' for command environment: Not usable outside of PowerShell
[1.561s] colcon.colcon_core.shell DEBUG Skip shell extension 'dsv' for command environment
[1.613s] colcon.colcon_core.event_handler.log_command DEBUG Invoking command in '/Users/yosuke/gits/cxd5602pwbimu_ros2_driver/ros2_ws/build/cxd5602pwbimu_driver_node': AMENT_PREFIX_PATH=/Users/yosuke/gits/cxd5602pwbimu_ros2_driver/ros2_ws/install/h6x_serial_interface:${AMENT_PREFIX_PATH} CMAKE_PREFIX_PATH=/Users/yosuke/gits/cxd5602pwbimu_ros2_driver/ros2_ws/install/h6x_serial_interface:/opt/homebrew/opt/qt@5:/Users/yosuke/miniforge3/envs/ros_env CONDA_PROMPT_MODIFIER=(ros_env) DYLD_LIBRARY_PATH=/Users/yosuke/gits/cxd5602pwbimu_ros2_driver/ros2_ws/install/h6x_serial_interface/lib:/Users/yosuke/gits/cxd5602pwbimu_ros2_driver/ros2_ws/install/imu_trajectory_filter/lib:/Users/yosuke/gits/cxd5602pwbimu_ros2_driver/ros2_ws/install/imu_trajectory_filter/lib:/Users/yosuke/gits/cxd5602pwbimu_ros2_driver/ros2_ws/install/imu_trajectory_filter/lib:/Users/yosuke/gits/cxd5602pwbimu_ros2_driver/ros2_ws/install/LibSerial/lib:/usr/local/lib:/Users/yosuke/gits/cxd5602pwbimu_ros2_driver/ros2_ws/install/imu_trajectory_filter/lib:/Users/yosuke/gits/cxd5602pwbimu_ros2_driver/ros2_ws/install/LibSerial/lib:/Users/yosuke/gits/cxd5602pwbimu_ros2_driver/ros2_ws/install/rviz_imu_plugin/lib:/Users/yosuke/gits/cxd5602pwbimu_ros2_driver/ros2_ws/install/imu_filter_madgwick/lib:/Users/yosuke/gits/cxd5602pwbimu_ros2_driver/ros2_ws/install/imu_complementary_filter/lib:/Users/yosuke/gits/cxd5602pwbimu_ros2_driver/ros2_ws/install/h6x_serial_interface_example/lib:/Users/yosuke/gits/cxd5602pwbimu_ros2_driver/ros2_ws/install/cxd5602pwbimu_driver_node/lib:/Users/yosuke/gits/cxd5602pwbimu_ros2_driver/ros2_ws/install/h6x_packet_handler/lib:/Users/yosuke/miniforge3/envs/ros_env/opt/rviz_ogre_vendor/lib SHLVL=3 _=/Users/yosuke/miniforge3/envs/ros_env/bin/env /Users/yosuke/miniforge3/envs/ros_env/bin/cmake --build /Users/yosuke/gits/cxd5602pwbimu_ros2_driver/ros2_ws/build/cxd5602pwbimu_driver_node -- -j10 -l10
[1.629s] colcon.colcon_core.event_handler.log_command DEBUG Invoking command in '/Users/yosuke/gits/cxd5602pwbimu_ros2_driver/ros2_ws/build/h6x_serial_interface_example': AMENT_PREFIX_PATH=/Users/yosuke/gits/cxd5602pwbimu_ros2_driver/ros2_ws/install/h6x_serial_interface:${AMENT_PREFIX_PATH} CMAKE_PREFIX_PATH=/Users/yosuke/gits/cxd5602pwbimu_ros2_driver/ros2_ws/install/h6x_serial_interface:/opt/homebrew/opt/qt@5:/Users/yosuke/miniforge3/envs/ros_env CONDA_PROMPT_MODIFIER=(ros_env) DYLD_LIBRARY_PATH=/Users/yosuke/gits/cxd5602pwbimu_ros2_driver/ros2_ws/install/h6x_serial_interface/lib:/Users/yosuke/gits/cxd5602pwbimu_ros2_driver/ros2_ws/install/imu_trajectory_filter/lib:/Users/yosuke/gits/cxd5602pwbimu_ros2_driver/ros2_ws/install/imu_trajectory_filter/lib:/Users/yosuke/gits/cxd5602pwbimu_ros2_driver/ros2_ws/install/imu_trajectory_filter/lib:/Users/yosuke/gits/cxd5602pwbimu_ros2_driver/ros2_ws/install/LibSerial/lib:/usr/local/lib:/Users/yosuke/gits/cxd5602pwbimu_ros2_driver/ros2_ws/install/imu_trajectory_filter/lib:/Users/yosuke/gits/cxd5602pwbimu_ros2_driver/ros2_ws/install/LibSerial/lib:/Users/yosuke/gits/cxd5602pwbimu_ros2_driver/ros2_ws/install/rviz_imu_plugin/lib:/Users/yosuke/gits/cxd5602pwbimu_ros2_driver/ros2_ws/install/imu_filter_madgwick/lib:/Users/yosuke/gits/cxd5602pwbimu_ros2_driver/ros2_ws/install/imu_complementary_filter/lib:/Users/yosuke/gits/cxd5602pwbimu_ros2_driver/ros2_ws/install/h6x_serial_interface_example/lib:/Users/yosuke/gits/cxd5602pwbimu_ros2_driver/ros2_ws/install/cxd5602pwbimu_driver_node/lib:/Users/yosuke/gits/cxd5602pwbimu_ros2_driver/ros2_ws/install/h6x_packet_handler/lib:/Users/yosuke/miniforge3/envs/ros_env/opt/rviz_ogre_vendor/lib SHLVL=3 _=/Users/yosuke/miniforge3/envs/ros_env/bin/env /Users/yosuke/miniforge3/envs/ros_env/bin/cmake --build /Users/yosuke/gits/cxd5602pwbimu_ros2_driver/ros2_ws/build/h6x_serial_interface_example -- -j10 -l10
[1.728s] colcon.colcon_core.event_handler.log_command DEBUG Invoking command in '/Users/yosuke/gits/cxd5602pwbimu_ros2_driver/ros2_ws/build/rviz_imu_plugin': CMAKE_PREFIX_PATH=${CMAKE_PREFIX_PATH}:/Users/yosuke/miniforge3/envs/ros_env CONDA_PROMPT_MODIFIER=(ros_env) SHLVL=3 _=/Users/yosuke/miniforge3/envs/ros_env/bin/env /Users/yosuke/miniforge3/envs/ros_env/bin/cmake --install /Users/yosuke/gits/cxd5602pwbimu_ros2_driver/ros2_ws/build/rviz_imu_plugin
[1.827s] colcon.colcon_core.environment Level 1 create_environment_scripts_only(rviz_imu_plugin)
[1.827s] colcon.colcon_core.environment Level 1 checking '/Users/yosuke/gits/cxd5602pwbimu_ros2_driver/ros2_ws/install/rviz_imu_plugin' for CMake module files
[1.828s] colcon.colcon_core.event_handler.log_command DEBUG Invoked command in '/Users/yosuke/gits/cxd5602pwbimu_ros2_driver/ros2_ws/build/rviz_imu_plugin' returned '0': CMAKE_PREFIX_PATH=${CMAKE_PREFIX_PATH}:/Users/yosuke/miniforge3/envs/ros_env CONDA_PROMPT_MODIFIER=(ros_env) SHLVL=3 _=/Users/yosuke/miniforge3/envs/ros_env/bin/env /Users/yosuke/miniforge3/envs/ros_env/bin/cmake --install /Users/yosuke/gits/cxd5602pwbimu_ros2_driver/ros2_ws/build/rviz_imu_plugin
[1.828s] colcon.colcon_core.environment Level 1 checking '/Users/yosuke/gits/cxd5602pwbimu_ros2_driver/ros2_ws/install/rviz_imu_plugin' for CMake config files
[1.829s] colcon.colcon_core.shell Level 1 create_environment_hook('rviz_imu_plugin', 'cmake_prefix_path')
[1.829s] colcon.colcon_core.shell INFO Creating environment hook '/Users/yosuke/gits/cxd5602pwbimu_ros2_driver/ros2_ws/install/rviz_imu_plugin/share/rviz_imu_plugin/hook/cmake_prefix_path.ps1'
[1.830s] colcon.colcon_core.shell INFO Creating environment descriptor '/Users/yosuke/gits/cxd5602pwbimu_ros2_driver/ros2_ws/install/rviz_imu_plugin/share/rviz_imu_plugin/hook/cmake_prefix_path.dsv'
[1.830s] colcon.colcon_core.shell INFO Creating environment hook '/Users/yosuke/gits/cxd5602pwbimu_ros2_driver/ros2_ws/install/rviz_imu_plugin/share/rviz_imu_plugin/hook/cmake_prefix_path.sh'
[1.831s] colcon.colcon_core.environment Level 1 checking '/Users/yosuke/gits/cxd5602pwbimu_ros2_driver/ros2_ws/install/rviz_imu_plugin/lib'
[1.831s] colcon.colcon_core.shell Level 1 create_environment_hook('rviz_imu_plugin', 'dyld_library_path')
[1.831s] colcon.colcon_core.shell INFO Creating environment hook '/Users/yosuke/gits/cxd5602pwbimu_ros2_driver/ros2_ws/install/rviz_imu_plugin/share/rviz_imu_plugin/hook/dyld_library_path.ps1'
[1.832s] colcon.colcon_core.shell INFO Creating environment descriptor '/Users/yosuke/gits/cxd5602pwbimu_ros2_driver/ros2_ws/install/rviz_imu_plugin/share/rviz_imu_plugin/hook/dyld_library_path.dsv'
[1.832s] colcon.colcon_core.shell INFO Creating environment hook '/Users/yosuke/gits/cxd5602pwbimu_ros2_driver/ros2_ws/install/rviz_imu_plugin/share/rviz_imu_plugin/hook/dyld_library_path.sh'
[1.832s] colcon.colcon_core.environment Level 1 checking '/Users/yosuke/gits/cxd5602pwbimu_ros2_driver/ros2_ws/install/rviz_imu_plugin/bin'
[1.832s] colcon.colcon_core.environment Level 1 checking '/Users/yosuke/gits/cxd5602pwbimu_ros2_driver/ros2_ws/install/rviz_imu_plugin/lib/pkgconfig/rviz_imu_plugin.pc'
[1.833s] colcon.colcon_core.environment Level 1 checking '/Users/yosuke/gits/cxd5602pwbimu_ros2_driver/ros2_ws/install/rviz_imu_plugin/lib/python3.11/site-packages'
[1.833s] colcon.colcon_core.environment Level 1 checking '/Users/yosuke/gits/cxd5602pwbimu_ros2_driver/ros2_ws/install/rviz_imu_plugin/bin'
[1.833s] colcon.colcon_core.shell INFO Creating package script '/Users/yosuke/gits/cxd5602pwbimu_ros2_driver/ros2_ws/install/rviz_imu_plugin/share/rviz_imu_plugin/package.ps1'
[1.834s] colcon.colcon_core.shell INFO Creating package descriptor '/Users/yosuke/gits/cxd5602pwbimu_ros2_driver/ros2_ws/install/rviz_imu_plugin/share/rviz_imu_plugin/package.dsv'
[1.834s] colcon.colcon_core.shell INFO Creating package script '/Users/yosuke/gits/cxd5602pwbimu_ros2_driver/ros2_ws/install/rviz_imu_plugin/share/rviz_imu_plugin/package.sh'
[1.835s] colcon.colcon_core.shell INFO Creating package script '/Users/yosuke/gits/cxd5602pwbimu_ros2_driver/ros2_ws/install/rviz_imu_plugin/share/rviz_imu_plugin/package.bash'
[1.835s] colcon.colcon_core.shell INFO Creating package script '/Users/yosuke/gits/cxd5602pwbimu_ros2_driver/ros2_ws/install/rviz_imu_plugin/share/rviz_imu_plugin/package.zsh'
[1.836s] colcon.colcon_core.environment Level 1 create_file_with_runtime_dependencies(/Users/yosuke/gits/cxd5602pwbimu_ros2_driver/ros2_ws/install/rviz_imu_plugin/share/colcon-core/packages/rviz_imu_plugin)
[1.872s] colcon.colcon_core.environment Level 1 create_environment_scripts_only(imu_trajectory_filter)
[1.872s] colcon.colcon_core.environment Level 1 checking '/Users/yosuke/gits/cxd5602pwbimu_ros2_driver/ros2_ws/install/imu_trajectory_filter' for CMake module files
[1.873s] colcon.colcon_core.environment Level 1 checking '/Users/yosuke/gits/cxd5602pwbimu_ros2_driver/ros2_ws/install/imu_trajectory_filter' for CMake config files
[1.873s] colcon.colcon_core.shell Level 1 create_environment_hook('imu_trajectory_filter', 'cmake_prefix_path')
[1.873s] colcon.colcon_core.shell INFO Creating environment hook '/Users/yosuke/gits/cxd5602pwbimu_ros2_driver/ros2_ws/install/imu_trajectory_filter/share/imu_trajectory_filter/hook/cmake_prefix_path.ps1'
[1.874s] colcon.colcon_core.shell INFO Creating environment descriptor '/Users/yosuke/gits/cxd5602pwbimu_ros2_driver/ros2_ws/install/imu_trajectory_filter/share/imu_trajectory_filter/hook/cmake_prefix_path.dsv'
[1.874s] colcon.colcon_core.shell INFO Creating environment hook '/Users/yosuke/gits/cxd5602pwbimu_ros2_driver/ros2_ws/install/imu_trajectory_filter/share/imu_trajectory_filter/hook/cmake_prefix_path.sh'
[1.874s] colcon.colcon_core.environment Level 1 checking '/Users/yosuke/gits/cxd5602pwbimu_ros2_driver/ros2_ws/install/imu_trajectory_filter/lib'
[1.874s] colcon.colcon_core.environment Level 1 checking '/Users/yosuke/gits/cxd5602pwbimu_ros2_driver/ros2_ws/install/imu_trajectory_filter/bin'
[1.874s] colcon.colcon_core.environment Level 1 checking '/Users/yosuke/gits/cxd5602pwbimu_ros2_driver/ros2_ws/install/imu_trajectory_filter/lib/pkgconfig/imu_trajectory_filter.pc'
[1.874s] colcon.colcon_core.environment Level 1 checking '/Users/yosuke/gits/cxd5602pwbimu_ros2_driver/ros2_ws/install/imu_trajectory_filter/lib/python3.11/site-packages'
[1.874s] colcon.colcon_core.environment Level 1 checking '/Users/yosuke/gits/cxd5602pwbimu_ros2_driver/ros2_ws/install/imu_trajectory_filter/bin'
[1.874s] colcon.colcon_core.shell INFO Creating package script '/Users/yosuke/gits/cxd5602pwbimu_ros2_driver/ros2_ws/install/imu_trajectory_filter/share/imu_trajectory_filter/package.ps1'
[1.875s] colcon.colcon_core.shell INFO Creating package descriptor '/Users/yosuke/gits/cxd5602pwbimu_ros2_driver/ros2_ws/install/imu_trajectory_filter/share/imu_trajectory_filter/package.dsv'
[1.875s] colcon.colcon_core.shell INFO Creating package script '/Users/yosuke/gits/cxd5602pwbimu_ros2_driver/ros2_ws/install/imu_trajectory_filter/share/imu_trajectory_filter/package.sh'
[1.875s] colcon.colcon_core.shell INFO Creating package script '/Users/yosuke/gits/cxd5602pwbimu_ros2_driver/ros2_ws/install/imu_trajectory_filter/share/imu_trajectory_filter/package.bash'
[1.875s] colcon.colcon_core.shell INFO Creating package script '/Users/yosuke/gits/cxd5602pwbimu_ros2_driver/ros2_ws/install/imu_trajectory_filter/share/imu_trajectory_filter/package.zsh'
[1.875s] colcon.colcon_core.environment Level 1 create_file_with_runtime_dependencies(/Users/yosuke/gits/cxd5602pwbimu_ros2_driver/ros2_ws/install/imu_trajectory_filter/share/colcon-core/packages/imu_trajectory_filter)
[2.024s] colcon.colcon_core.environment Level 1 create_environment_scripts_only(imu_complementary_filter)
[2.024s] colcon.colcon_core.environment Level 1 checking '/Users/yosuke/gits/cxd5602pwbimu_ros2_driver/ros2_ws/install/imu_complementary_filter' for CMake module files
[2.025s] colcon.colcon_core.environment Level 1 checking '/Users/yosuke/gits/cxd5602pwbimu_ros2_driver/ros2_ws/install/imu_complementary_filter' for CMake config files
[2.026s] colcon.colcon_core.shell Level 1 create_environment_hook('imu_complementary_filter', 'cmake_prefix_path')
[2.026s] colcon.colcon_core.shell INFO Creating environment hook '/Users/yosuke/gits/cxd5602pwbimu_ros2_driver/ros2_ws/install/imu_complementary_filter/share/imu_complementary_filter/hook/cmake_prefix_path.ps1'
[2.026s] colcon.colcon_core.shell INFO Creating environment descriptor '/Users/yosuke/gits/cxd5602pwbimu_ros2_driver/ros2_ws/install/imu_complementary_filter/share/imu_complementary_filter/hook/cmake_prefix_path.dsv'
[2.027s] colcon.colcon_core.shell INFO Creating environment hook '/Users/yosuke/gits/cxd5602pwbimu_ros2_driver/ros2_ws/install/imu_complementary_filter/share/imu_complementary_filter/hook/cmake_prefix_path.sh'
[2.027s] colcon.colcon_core.environment Level 1 checking '/Users/yosuke/gits/cxd5602pwbimu_ros2_driver/ros2_ws/install/imu_complementary_filter/lib'
[2.027s] colcon.colcon_core.shell Level 1 create_environment_hook('imu_complementary_filter', 'dyld_library_path')
[2.027s] colcon.colcon_core.shell INFO Creating environment hook '/Users/yosuke/gits/cxd5602pwbimu_ros2_driver/ros2_ws/install/imu_complementary_filter/share/imu_complementary_filter/hook/dyld_library_path.ps1'
[2.028s] colcon.colcon_core.shell INFO Creating environment descriptor '/Users/yosuke/gits/cxd5602pwbimu_ros2_driver/ros2_ws/install/imu_complementary_filter/share/imu_complementary_filter/hook/dyld_library_path.dsv'
[2.028s] colcon.colcon_core.shell INFO Creating environment hook '/Users/yosuke/gits/cxd5602pwbimu_ros2_driver/ros2_ws/install/imu_complementary_filter/share/imu_complementary_filter/hook/dyld_library_path.sh'
[2.028s] colcon.colcon_core.environment Level 1 checking '/Users/yosuke/gits/cxd5602pwbimu_ros2_driver/ros2_ws/install/imu_complementary_filter/bin'
[2.028s] colcon.colcon_core.environment Level 1 checking '/Users/yosuke/gits/cxd5602pwbimu_ros2_driver/ros2_ws/install/imu_complementary_filter/lib/pkgconfig/imu_complementary_filter.pc'
[2.028s] colcon.colcon_core.environment Level 1 checking '/Users/yosuke/gits/cxd5602pwbimu_ros2_driver/ros2_ws/install/imu_complementary_filter/lib/python3.11/site-packages'
[2.028s] colcon.colcon_core.environment Level 1 checking '/Users/yosuke/gits/cxd5602pwbimu_ros2_driver/ros2_ws/install/imu_complementary_filter/bin'
[2.028s] colcon.colcon_core.shell INFO Creating package script '/Users/yosuke/gits/cxd5602pwbimu_ros2_driver/ros2_ws/install/imu_complementary_filter/share/imu_complementary_filter/package.ps1'
[2.028s] colcon.colcon_core.shell INFO Creating package descriptor '/Users/yosuke/gits/cxd5602pwbimu_ros2_driver/ros2_ws/install/imu_complementary_filter/share/imu_complementary_filter/package.dsv'
[2.029s] colcon.colcon_core.shell INFO Creating package script '/Users/yosuke/gits/cxd5602pwbimu_ros2_driver/ros2_ws/install/imu_complementary_filter/share/imu_complementary_filter/package.sh'
[2.029s] colcon.colcon_core.shell INFO Creating package script '/Users/yosuke/gits/cxd5602pwbimu_ros2_driver/ros2_ws/install/imu_complementary_filter/share/imu_complementary_filter/package.bash'
[2.029s] colcon.colcon_core.shell INFO Creating package script '/Users/yosuke/gits/cxd5602pwbimu_ros2_driver/ros2_ws/install/imu_complementary_filter/share/imu_complementary_filter/package.zsh'
[2.029s] colcon.colcon_core.environment Level 1 create_file_with_runtime_dependencies(/Users/yosuke/gits/cxd5602pwbimu_ros2_driver/ros2_ws/install/imu_complementary_filter/share/colcon-core/packages/imu_complementary_filter)
[2.037s] colcon.colcon_core.event_handler.log_command DEBUG Invoked command in '/Users/yosuke/gits/cxd5602pwbimu_ros2_driver/ros2_ws/build/cxd5602pwbimu_driver_node' returned '0': AMENT_PREFIX_PATH=/Users/yosuke/gits/cxd5602pwbimu_ros2_driver/ros2_ws/install/h6x_serial_interface:${AMENT_PREFIX_PATH} CMAKE_PREFIX_PATH=/Users/yosuke/gits/cxd5602pwbimu_ros2_driver/ros2_ws/install/h6x_serial_interface:/opt/homebrew/opt/qt@5:/Users/yosuke/miniforge3/envs/ros_env CONDA_PROMPT_MODIFIER=(ros_env) DYLD_LIBRARY_PATH=/Users/yosuke/gits/cxd5602pwbimu_ros2_driver/ros2_ws/install/h6x_serial_interface/lib:/Users/yosuke/gits/cxd5602pwbimu_ros2_driver/ros2_ws/install/imu_trajectory_filter/lib:/Users/yosuke/gits/cxd5602pwbimu_ros2_driver/ros2_ws/install/imu_trajectory_filter/lib:/Users/yosuke/gits/cxd5602pwbimu_ros2_driver/ros2_ws/install/imu_trajectory_filter/lib:/Users/yosuke/gits/cxd5602pwbimu_ros2_driver/ros2_ws/install/LibSerial/lib:/usr/local/lib:/Users/yosuke/gits/cxd5602pwbimu_ros2_driver/ros2_ws/install/imu_trajectory_filter/lib:/Users/yosuke/gits/cxd5602pwbimu_ros2_driver/ros2_ws/install/LibSerial/lib:/Users/yosuke/gits/cxd5602pwbimu_ros2_driver/ros2_ws/install/rviz_imu_plugin/lib:/Users/yosuke/gits/cxd5602pwbimu_ros2_driver/ros2_ws/install/imu_filter_madgwick/lib:/Users/yosuke/gits/cxd5602pwbimu_ros2_driver/ros2_ws/install/imu_complementary_filter/lib:/Users/yosuke/gits/cxd5602pwbimu_ros2_driver/ros2_ws/install/h6x_serial_interface_example/lib:/Users/yosuke/gits/cxd5602pwbimu_ros2_driver/ros2_ws/install/cxd5602pwbimu_driver_node/lib:/Users/yosuke/gits/cxd5602pwbimu_ros2_driver/ros2_ws/install/h6x_packet_handler/lib:/Users/yosuke/miniforge3/envs/ros_env/opt/rviz_ogre_vendor/lib SHLVL=3 _=/Users/yosuke/miniforge3/envs/ros_env/bin/env /Users/yosuke/miniforge3/envs/ros_env/bin/cmake --build /Users/yosuke/gits/cxd5602pwbimu_ros2_driver/ros2_ws/build/cxd5602pwbimu_driver_node -- -j10 -l10
[2.233s] colcon.colcon_core.environment Level 1 create_environment_scripts_only(imu_filter_madgwick)
[2.233s] colcon.colcon_core.environment Level 1 checking '/Users/yosuke/gits/cxd5602pwbimu_ros2_driver/ros2_ws/install/imu_filter_madgwick' for CMake module files
[2.234s] colcon.colcon_core.environment Level 1 checking '/Users/yosuke/gits/cxd5602pwbimu_ros2_driver/ros2_ws/install/imu_filter_madgwick' for CMake config files
[2.234s] colcon.colcon_core.shell Level 1 create_environment_hook('imu_filter_madgwick', 'cmake_prefix_path')
[2.234s] colcon.colcon_core.shell INFO Creating environment hook '/Users/yosuke/gits/cxd5602pwbimu_ros2_driver/ros2_ws/install/imu_filter_madgwick/share/imu_filter_madgwick/hook/cmake_prefix_path.ps1'
[2.235s] colcon.colcon_core.shell INFO Creating environment descriptor '/Users/yosuke/gits/cxd5602pwbimu_ros2_driver/ros2_ws/install/imu_filter_madgwick/share/imu_filter_madgwick/hook/cmake_prefix_path.dsv'
[2.235s] colcon.colcon_core.shell INFO Creating environment hook '/Users/yosuke/gits/cxd5602pwbimu_ros2_driver/ros2_ws/install/imu_filter_madgwick/share/imu_filter_madgwick/hook/cmake_prefix_path.sh'
[2.236s] colcon.colcon_core.environment Level 1 checking '/Users/yosuke/gits/cxd5602pwbimu_ros2_driver/ros2_ws/install/imu_filter_madgwick/lib'
[2.236s] colcon.colcon_core.shell Level 1 create_environment_hook('imu_filter_madgwick', 'dyld_library_path')
[2.237s] colcon.colcon_core.shell INFO Creating environment hook '/Users/yosuke/gits/cxd5602pwbimu_ros2_driver/ros2_ws/install/imu_filter_madgwick/share/imu_filter_madgwick/hook/dyld_library_path.ps1'
[2.237s] colcon.colcon_core.shell INFO Creating environment descriptor '/Users/yosuke/gits/cxd5602pwbimu_ros2_driver/ros2_ws/install/imu_filter_madgwick/share/imu_filter_madgwick/hook/dyld_library_path.dsv'
[2.237s] colcon.colcon_core.shell INFO Creating environment hook '/Users/yosuke/gits/cxd5602pwbimu_ros2_driver/ros2_ws/install/imu_filter_madgwick/share/imu_filter_madgwick/hook/dyld_library_path.sh'
[2.237s] colcon.colcon_core.environment Level 1 checking '/Users/yosuke/gits/cxd5602pwbimu_ros2_driver/ros2_ws/install/imu_filter_madgwick/bin'
[2.237s] colcon.colcon_core.environment Level 1 checking '/Users/yosuke/gits/cxd5602pwbimu_ros2_driver/ros2_ws/install/imu_filter_madgwick/lib/pkgconfig/imu_filter_madgwick.pc'
[2.237s] colcon.colcon_core.environment Level 1 checking '/Users/yosuke/gits/cxd5602pwbimu_ros2_driver/ros2_ws/install/imu_filter_madgwick/lib/python3.11/site-packages'
[2.237s] colcon.colcon_core.environment Level 1 checking '/Users/yosuke/gits/cxd5602pwbimu_ros2_driver/ros2_ws/install/imu_filter_madgwick/bin'
[2.238s] colcon.colcon_core.shell INFO Creating package script '/Users/yosuke/gits/cxd5602pwbimu_ros2_driver/ros2_ws/install/imu_filter_madgwick/share/imu_filter_madgwick/package.ps1'
[2.238s] colcon.colcon_core.shell INFO Creating package descriptor '/Users/yosuke/gits/cxd5602pwbimu_ros2_driver/ros2_ws/install/imu_filter_madgwick/share/imu_filter_madgwick/package.dsv'
[2.239s] colcon.colcon_core.shell INFO Creating package script '/Users/yosuke/gits/cxd5602pwbimu_ros2_driver/ros2_ws/install/imu_filter_madgwick/share/imu_filter_madgwick/package.sh'
[2.239s] colcon.colcon_core.shell INFO Creating package script '/Users/yosuke/gits/cxd5602pwbimu_ros2_driver/ros2_ws/install/imu_filter_madgwick/share/imu_filter_madgwick/package.bash'
[2.239s] colcon.colcon_core.shell INFO Creating package script '/Users/yosuke/gits/cxd5602pwbimu_ros2_driver/ros2_ws/install/imu_filter_madgwick/share/imu_filter_madgwick/package.zsh'
[2.239s] colcon.colcon_core.environment Level 1 create_file_with_runtime_dependencies(/Users/yosuke/gits/cxd5602pwbimu_ros2_driver/ros2_ws/install/imu_filter_madgwick/share/colcon-core/packages/imu_filter_madgwick)
[2.241s] colcon.colcon_core.event_handler.log_command DEBUG Invoked command in '/Users/yosuke/gits/cxd5602pwbimu_ros2_driver/ros2_ws/build/h6x_serial_interface_example' returned '0': AMENT_PREFIX_PATH=/Users/yosuke/gits/cxd5602pwbimu_ros2_driver/ros2_ws/install/h6x_serial_interface:${AMENT_PREFIX_PATH} CMAKE_PREFIX_PATH=/Users/yosuke/gits/cxd5602pwbimu_ros2_driver/ros2_ws/install/h6x_serial_interface:/opt/homebrew/opt/qt@5:/Users/yosuke/miniforge3/envs/ros_env CONDA_PROMPT_MODIFIER=(ros_env) DYLD_LIBRARY_PATH=/Users/yosuke/gits/cxd5602pwbimu_ros2_driver/ros2_ws/install/h6x_serial_interface/lib:/Users/yosuke/gits/cxd5602pwbimu_ros2_driver/ros2_ws/install/imu_trajectory_filter/lib:/Users/yosuke/gits/cxd5602pwbimu_ros2_driver/ros2_ws/install/imu_trajectory_filter/lib:/Users/yosuke/gits/cxd5602pwbimu_ros2_driver/ros2_ws/install/imu_trajectory_filter/lib:/Users/yosuke/gits/cxd5602pwbimu_ros2_driver/ros2_ws/install/LibSerial/lib:/usr/local/lib:/Users/yosuke/gits/cxd5602pwbimu_ros2_driver/ros2_ws/install/imu_trajectory_filter/lib:/Users/yosuke/gits/cxd5602pwbimu_ros2_driver/ros2_ws/install/LibSerial/lib:/Users/yosuke/gits/cxd5602pwbimu_ros2_driver/ros2_ws/install/rviz_imu_plugin/lib:/Users/yosuke/gits/cxd5602pwbimu_ros2_driver/ros2_ws/install/imu_filter_madgwick/lib:/Users/yosuke/gits/cxd5602pwbimu_ros2_driver/ros2_ws/install/imu_complementary_filter/lib:/Users/yosuke/gits/cxd5602pwbimu_ros2_driver/ros2_ws/install/h6x_serial_interface_example/lib:/Users/yosuke/gits/cxd5602pwbimu_ros2_driver/ros2_ws/install/cxd5602pwbimu_driver_node/lib:/Users/yosuke/gits/cxd5602pwbimu_ros2_driver/ros2_ws/install/h6x_packet_handler/lib:/Users/yosuke/miniforge3/envs/ros_env/opt/rviz_ogre_vendor/lib SHLVL=3 _=/Users/yosuke/miniforge3/envs/ros_env/bin/env /Users/yosuke/miniforge3/envs/ros_env/bin/cmake --build /Users/yosuke/gits/cxd5602pwbimu_ros2_driver/ros2_ws/build/h6x_serial_interface_example -- -j10 -l10
[2.249s] colcon.colcon_core.environment Level 1 create_environment_scripts_only(h6x_packet_handler)
[2.249s] colcon.colcon_core.environment Level 1 checking '/Users/yosuke/gits/cxd5602pwbimu_ros2_driver/ros2_ws/install/h6x_packet_handler' for CMake module files
[2.249s] colcon.colcon_core.environment Level 1 checking '/Users/yosuke/gits/cxd5602pwbimu_ros2_driver/ros2_ws/install/h6x_packet_handler' for CMake config files
[2.250s] colcon.colcon_core.shell Level 1 create_environment_hook('h6x_packet_handler', 'cmake_prefix_path')
[2.250s] colcon.colcon_core.shell INFO Creating environment hook '/Users/yosuke/gits/cxd5602pwbimu_ros2_driver/ros2_ws/install/h6x_packet_handler/share/h6x_packet_handler/hook/cmake_prefix_path.ps1'
[2.250s] colcon.colcon_core.shell INFO Creating environment descriptor '/Users/yosuke/gits/cxd5602pwbimu_ros2_driver/ros2_ws/install/h6x_packet_handler/share/h6x_packet_handler/hook/cmake_prefix_path.dsv'
[2.250s] colcon.colcon_core.shell INFO Creating environment hook '/Users/yosuke/gits/cxd5602pwbimu_ros2_driver/ros2_ws/install/h6x_packet_handler/share/h6x_packet_handler/hook/cmake_prefix_path.sh'
[2.250s] colcon.colcon_core.environment Level 1 checking '/Users/yosuke/gits/cxd5602pwbimu_ros2_driver/ros2_ws/install/h6x_packet_handler/lib'
[2.250s] colcon.colcon_core.shell Level 1 create_environment_hook('h6x_packet_handler', 'dyld_library_path')
[2.250s] colcon.colcon_core.shell INFO Creating environment hook '/Users/yosuke/gits/cxd5602pwbimu_ros2_driver/ros2_ws/install/h6x_packet_handler/share/h6x_packet_handler/hook/dyld_library_path.ps1'
[2.251s] colcon.colcon_core.shell INFO Creating environment descriptor '/Users/yosuke/gits/cxd5602pwbimu_ros2_driver/ros2_ws/install/h6x_packet_handler/share/h6x_packet_handler/hook/dyld_library_path.dsv'
[2.251s] colcon.colcon_core.shell INFO Creating environment hook '/Users/yosuke/gits/cxd5602pwbimu_ros2_driver/ros2_ws/install/h6x_packet_handler/share/h6x_packet_handler/hook/dyld_library_path.sh'
[2.251s] colcon.colcon_core.environment Level 1 checking '/Users/yosuke/gits/cxd5602pwbimu_ros2_driver/ros2_ws/install/h6x_packet_handler/bin'
[2.251s] colcon.colcon_core.environment Level 1 checking '/Users/yosuke/gits/cxd5602pwbimu_ros2_driver/ros2_ws/install/h6x_packet_handler/lib/pkgconfig/h6x_packet_handler.pc'
[2.251s] colcon.colcon_core.environment Level 1 checking '/Users/yosuke/gits/cxd5602pwbimu_ros2_driver/ros2_ws/install/h6x_packet_handler/lib/python3.11/site-packages'
[2.251s] colcon.colcon_core.environment Level 1 checking '/Users/yosuke/gits/cxd5602pwbimu_ros2_driver/ros2_ws/install/h6x_packet_handler/bin'
[2.251s] colcon.colcon_core.shell INFO Creating package script '/Users/yosuke/gits/cxd5602pwbimu_ros2_driver/ros2_ws/install/h6x_packet_handler/share/h6x_packet_handler/package.ps1'
[2.251s] colcon.colcon_core.shell INFO Creating package descriptor '/Users/yosuke/gits/cxd5602pwbimu_ros2_driver/ros2_ws/install/h6x_packet_handler/share/h6x_packet_handler/package.dsv'
[2.252s] colcon.colcon_core.shell INFO Creating package script '/Users/yosuke/gits/cxd5602pwbimu_ros2_driver/ros2_ws/install/h6x_packet_handler/share/h6x_packet_handler/package.sh'
[2.252s] colcon.colcon_core.shell INFO Creating package script '/Users/yosuke/gits/cxd5602pwbimu_ros2_driver/ros2_ws/install/h6x_packet_handler/share/h6x_packet_handler/package.bash'
[2.252s] colcon.colcon_core.shell INFO Creating package script '/Users/yosuke/gits/cxd5602pwbimu_ros2_driver/ros2_ws/install/h6x_packet_handler/share/h6x_packet_handler/package.zsh'
[2.253s] colcon.colcon_core.environment Level 1 create_file_with_runtime_dependencies(/Users/yosuke/gits/cxd5602pwbimu_ros2_driver/ros2_ws/install/h6x_packet_handler/share/colcon-core/packages/h6x_packet_handler)
[2.414s] colcon.colcon_core.event_handler.log_command DEBUG Invoking command in '/Users/yosuke/gits/cxd5602pwbimu_ros2_driver/ros2_ws/build/cxd5602pwbimu_driver_node': AMENT_PREFIX_PATH=/Users/yosuke/gits/cxd5602pwbimu_ros2_driver/ros2_ws/install/h6x_serial_interface:${AMENT_PREFIX_PATH} CMAKE_PREFIX_PATH=/Users/yosuke/gits/cxd5602pwbimu_ros2_driver/ros2_ws/install/h6x_serial_interface:/opt/homebrew/opt/qt@5:/Users/yosuke/miniforge3/envs/ros_env CONDA_PROMPT_MODIFIER=(ros_env) DYLD_LIBRARY_PATH=/Users/yosuke/gits/cxd5602pwbimu_ros2_driver/ros2_ws/install/h6x_serial_interface/lib:/Users/yosuke/gits/cxd5602pwbimu_ros2_driver/ros2_ws/install/imu_trajectory_filter/lib:/Users/yosuke/gits/cxd5602pwbimu_ros2_driver/ros2_ws/install/imu_trajectory_filter/lib:/Users/yosuke/gits/cxd5602pwbimu_ros2_driver/ros2_ws/install/imu_trajectory_filter/lib:/Users/yosuke/gits/cxd5602pwbimu_ros2_driver/ros2_ws/install/LibSerial/lib:/usr/local/lib:/Users/yosuke/gits/cxd5602pwbimu_ros2_driver/ros2_ws/install/imu_trajectory_filter/lib:/Users/yosuke/gits/cxd5602pwbimu_ros2_driver/ros2_ws/install/LibSerial/lib:/Users/yosuke/gits/cxd5602pwbimu_ros2_driver/ros2_ws/install/rviz_imu_plugin/lib:/Users/yosuke/gits/cxd5602pwbimu_ros2_driver/ros2_ws/install/imu_filter_madgwick/lib:/Users/yosuke/gits/cxd5602pwbimu_ros2_driver/ros2_ws/install/imu_complementary_filter/lib:/Users/yosuke/gits/cxd5602pwbimu_ros2_driver/ros2_ws/install/h6x_serial_interface_example/lib:/Users/yosuke/gits/cxd5602pwbimu_ros2_driver/ros2_ws/install/cxd5602pwbimu_driver_node/lib:/Users/yosuke/gits/cxd5602pwbimu_ros2_driver/ros2_ws/install/h6x_packet_handler/lib:/Users/yosuke/miniforge3/envs/ros_env/opt/rviz_ogre_vendor/lib SHLVL=3 _=/Users/yosuke/miniforge3/envs/ros_env/bin/env /Users/yosuke/miniforge3/envs/ros_env/bin/cmake --install /Users/yosuke/gits/cxd5602pwbimu_ros2_driver/ros2_ws/build/cxd5602pwbimu_driver_node
[2.433s] colcon.colcon_core.environment Level 1 create_environment_scripts_only(cxd5602pwbimu_driver_node)
[2.434s] colcon.colcon_core.environment Level 1 checking '/Users/yosuke/gits/cxd5602pwbimu_ros2_driver/ros2_ws/install/cxd5602pwbimu_driver_node' for CMake module files
[2.434s] colcon.colcon_core.event_handler.log_command DEBUG Invoked command in '/Users/yosuke/gits/cxd5602pwbimu_ros2_driver/ros2_ws/build/cxd5602pwbimu_driver_node' returned '0': AMENT_PREFIX_PATH=/Users/yosuke/gits/cxd5602pwbimu_ros2_driver/ros2_ws/install/h6x_serial_interface:${AMENT_PREFIX_PATH} CMAKE_PREFIX_PATH=/Users/yosuke/gits/cxd5602pwbimu_ros2_driver/ros2_ws/install/h6x_serial_interface:/opt/homebrew/opt/qt@5:/Users/yosuke/miniforge3/envs/ros_env CONDA_PROMPT_MODIFIER=(ros_env) DYLD_LIBRARY_PATH=/Users/yosuke/gits/cxd5602pwbimu_ros2_driver/ros2_ws/install/h6x_serial_interface/lib:/Users/yosuke/gits/cxd5602pwbimu_ros2_driver/ros2_ws/install/imu_trajectory_filter/lib:/Users/yosuke/gits/cxd5602pwbimu_ros2_driver/ros2_ws/install/imu_trajectory_filter/lib:/Users/yosuke/gits/cxd5602pwbimu_ros2_driver/ros2_ws/install/imu_trajectory_filter/lib:/Users/yosuke/gits/cxd5602pwbimu_ros2_driver/ros2_ws/install/LibSerial/lib:/usr/local/lib:/Users/yosuke/gits/cxd5602pwbimu_ros2_driver/ros2_ws/install/imu_trajectory_filter/lib:/Users/yosuke/gits/cxd5602pwbimu_ros2_driver/ros2_ws/install/LibSerial/lib:/Users/yosuke/gits/cxd5602pwbimu_ros2_driver/ros2_ws/install/rviz_imu_plugin/lib:/Users/yosuke/gits/cxd5602pwbimu_ros2_driver/ros2_ws/install/imu_filter_madgwick/lib:/Users/yosuke/gits/cxd5602pwbimu_ros2_driver/ros2_ws/install/imu_complementary_filter/lib:/Users/yosuke/gits/cxd5602pwbimu_ros2_driver/ros2_ws/install/h6x_serial_interface_example/lib:/Users/yosuke/gits/cxd5602pwbimu_ros2_driver/ros2_ws/install/cxd5602pwbimu_driver_node/lib:/Users/yosuke/gits/cxd5602pwbimu_ros2_driver/ros2_ws/install/h6x_packet_handler/lib:/Users/yosuke/miniforge3/envs/ros_env/opt/rviz_ogre_vendor/lib SHLVL=3 _=/Users/yosuke/miniforge3/envs/ros_env/bin/env /Users/yosuke/miniforge3/envs/ros_env/bin/cmake --install /Users/yosuke/gits/cxd5602pwbimu_ros2_driver/ros2_ws/build/cxd5602pwbimu_driver_node
[2.434s] colcon.colcon_core.environment Level 1 checking '/Users/yosuke/gits/cxd5602pwbimu_ros2_driver/ros2_ws/install/cxd5602pwbimu_driver_node' for CMake config files
[2.434s] colcon.colcon_core.shell Level 1 create_environment_hook('cxd5602pwbimu_driver_node', 'cmake_prefix_path')
[2.434s] colcon.colcon_core.shell INFO Creating environment hook '/Users/yosuke/gits/cxd5602pwbimu_ros2_driver/ros2_ws/install/cxd5602pwbimu_driver_node/share/cxd5602pwbimu_driver_node/hook/cmake_prefix_path.ps1'
[2.435s] colcon.colcon_core.shell INFO Creating environment descriptor '/Users/yosuke/gits/cxd5602pwbimu_ros2_driver/ros2_ws/install/cxd5602pwbimu_driver_node/share/cxd5602pwbimu_driver_node/hook/cmake_prefix_path.dsv'
[2.435s] colcon.colcon_core.shell INFO Creating environment hook '/Users/yosuke/gits/cxd5602pwbimu_ros2_driver/ros2_ws/install/cxd5602pwbimu_driver_node/share/cxd5602pwbimu_driver_node/hook/cmake_prefix_path.sh'
[2.435s] colcon.colcon_core.environment Level 1 checking '/Users/yosuke/gits/cxd5602pwbimu_ros2_driver/ros2_ws/install/cxd5602pwbimu_driver_node/lib'
[2.435s] colcon.colcon_core.shell Level 1 create_environment_hook('cxd5602pwbimu_driver_node', 'dyld_library_path')
[2.435s] colcon.colcon_core.shell INFO Creating environment hook '/Users/yosuke/gits/cxd5602pwbimu_ros2_driver/ros2_ws/install/cxd5602pwbimu_driver_node/share/cxd5602pwbimu_driver_node/hook/dyld_library_path.ps1'
[2.435s] colcon.colcon_core.shell INFO Creating environment descriptor '/Users/yosuke/gits/cxd5602pwbimu_ros2_driver/ros2_ws/install/cxd5602pwbimu_driver_node/share/cxd5602pwbimu_driver_node/hook/dyld_library_path.dsv'
[2.435s] colcon.colcon_core.shell INFO Creating environment hook '/Users/yosuke/gits/cxd5602pwbimu_ros2_driver/ros2_ws/install/cxd5602pwbimu_driver_node/share/cxd5602pwbimu_driver_node/hook/dyld_library_path.sh'
[2.436s] colcon.colcon_core.environment Level 1 checking '/Users/yosuke/gits/cxd5602pwbimu_ros2_driver/ros2_ws/install/cxd5602pwbimu_driver_node/bin'
[2.436s] colcon.colcon_core.environment Level 1 checking '/Users/yosuke/gits/cxd5602pwbimu_ros2_driver/ros2_ws/install/cxd5602pwbimu_driver_node/lib/pkgconfig/cxd5602pwbimu_driver_node.pc'
[2.436s] colcon.colcon_core.environment Level 1 checking '/Users/yosuke/gits/cxd5602pwbimu_ros2_driver/ros2_ws/install/cxd5602pwbimu_driver_node/lib/python3.11/site-packages'
[2.436s] colcon.colcon_core.environment Level 1 checking '/Users/yosuke/gits/cxd5602pwbimu_ros2_driver/ros2_ws/install/cxd5602pwbimu_driver_node/bin'
[2.436s] colcon.colcon_core.shell INFO Creating package script '/Users/yosuke/gits/cxd5602pwbimu_ros2_driver/ros2_ws/install/cxd5602pwbimu_driver_node/share/cxd5602pwbimu_driver_node/package.ps1'
[2.436s] colcon.colcon_core.shell INFO Creating package descriptor '/Users/yosuke/gits/cxd5602pwbimu_ros2_driver/ros2_ws/install/cxd5602pwbimu_driver_node/share/cxd5602pwbimu_driver_node/package.dsv'
[2.436s] colcon.colcon_core.shell INFO Creating package script '/Users/yosuke/gits/cxd5602pwbimu_ros2_driver/ros2_ws/install/cxd5602pwbimu_driver_node/share/cxd5602pwbimu_driver_node/package.sh'
[2.436s] colcon.colcon_core.shell INFO Creating package script '/Users/yosuke/gits/cxd5602pwbimu_ros2_driver/ros2_ws/install/cxd5602pwbimu_driver_node/share/cxd5602pwbimu_driver_node/package.bash'
[2.437s] colcon.colcon_core.shell INFO Creating package script '/Users/yosuke/gits/cxd5602pwbimu_ros2_driver/ros2_ws/install/cxd5602pwbimu_driver_node/share/cxd5602pwbimu_driver_node/package.zsh'
[2.437s] colcon.colcon_core.environment Level 1 create_file_with_runtime_dependencies(/Users/yosuke/gits/cxd5602pwbimu_ros2_driver/ros2_ws/install/cxd5602pwbimu_driver_node/share/colcon-core/packages/cxd5602pwbimu_driver_node)
[2.448s] colcon.colcon_core.environment Level 1 create_environment_scripts_only(rviz_imu_plugin)
[2.448s] colcon.colcon_core.environment Level 1 checking '/Users/yosuke/gits/cxd5602pwbimu_ros2_driver/ros2_ws/install/rviz_imu_plugin' for CMake module files
[2.449s] colcon.colcon_core.environment Level 1 checking '/Users/yosuke/gits/cxd5602pwbimu_ros2_driver/ros2_ws/install/rviz_imu_plugin' for CMake config files
[2.449s] colcon.colcon_core.shell Level 1 create_environment_hook('rviz_imu_plugin', 'cmake_prefix_path')
[2.449s] colcon.colcon_core.shell INFO Creating environment hook '/Users/yosuke/gits/cxd5602pwbimu_ros2_driver/ros2_ws/install/rviz_imu_plugin/share/rviz_imu_plugin/hook/cmake_prefix_path.ps1'
[2.449s] colcon.colcon_core.shell INFO Creating environment descriptor '/Users/yosuke/gits/cxd5602pwbimu_ros2_driver/ros2_ws/install/rviz_imu_plugin/share/rviz_imu_plugin/hook/cmake_prefix_path.dsv'
[2.449s] colcon.colcon_core.shell INFO Creating environment hook '/Users/yosuke/gits/cxd5602pwbimu_ros2_driver/ros2_ws/install/rviz_imu_plugin/share/rviz_imu_plugin/hook/cmake_prefix_path.sh'
[2.449s] colcon.colcon_core.environment Level 1 checking '/Users/yosuke/gits/cxd5602pwbimu_ros2_driver/ros2_ws/install/rviz_imu_plugin/lib'
[2.449s] colcon.colcon_core.shell Level 1 create_environment_hook('rviz_imu_plugin', 'dyld_library_path')
[2.450s] colcon.colcon_core.shell INFO Creating environment hook '/Users/yosuke/gits/cxd5602pwbimu_ros2_driver/ros2_ws/install/rviz_imu_plugin/share/rviz_imu_plugin/hook/dyld_library_path.ps1'
[2.450s] colcon.colcon_core.shell INFO Creating environment descriptor '/Users/yosuke/gits/cxd5602pwbimu_ros2_driver/ros2_ws/install/rviz_imu_plugin/share/rviz_imu_plugin/hook/dyld_library_path.dsv'
[2.450s] colcon.colcon_core.shell INFO Creating environment hook '/Users/yosuke/gits/cxd5602pwbimu_ros2_driver/ros2_ws/install/rviz_imu_plugin/share/rviz_imu_plugin/hook/dyld_library_path.sh'
[2.450s] colcon.colcon_core.environment Level 1 checking '/Users/yosuke/gits/cxd5602pwbimu_ros2_driver/ros2_ws/install/rviz_imu_plugin/bin'
[2.450s] colcon.colcon_core.environment Level 1 checking '/Users/yosuke/gits/cxd5602pwbimu_ros2_driver/ros2_ws/install/rviz_imu_plugin/lib/pkgconfig/rviz_imu_plugin.pc'
[2.450s] colcon.colcon_core.environment Level 1 checking '/Users/yosuke/gits/cxd5602pwbimu_ros2_driver/ros2_ws/install/rviz_imu_plugin/lib/python3.11/site-packages'
[2.450s] colcon.colcon_core.environment Level 1 checking '/Users/yosuke/gits/cxd5602pwbimu_ros2_driver/ros2_ws/install/rviz_imu_plugin/bin'
[2.450s] colcon.colcon_core.shell INFO Creating package script '/Users/yosuke/gits/cxd5602pwbimu_ros2_driver/ros2_ws/install/rviz_imu_plugin/share/rviz_imu_plugin/package.ps1'
[2.451s] colcon.colcon_core.shell INFO Creating package descriptor '/Users/yosuke/gits/cxd5602pwbimu_ros2_driver/ros2_ws/install/rviz_imu_plugin/share/rviz_imu_plugin/package.dsv'
[2.451s] colcon.colcon_core.shell INFO Creating package script '/Users/yosuke/gits/cxd5602pwbimu_ros2_driver/ros2_ws/install/rviz_imu_plugin/share/rviz_imu_plugin/package.sh'
[2.451s] colcon.colcon_core.shell INFO Creating package script '/Users/yosuke/gits/cxd5602pwbimu_ros2_driver/ros2_ws/install/rviz_imu_plugin/share/rviz_imu_plugin/package.bash'
[2.451s] colcon.colcon_core.shell INFO Creating package script '/Users/yosuke/gits/cxd5602pwbimu_ros2_driver/ros2_ws/install/rviz_imu_plugin/share/rviz_imu_plugin/package.zsh'
[2.451s] colcon.colcon_core.environment Level 1 create_file_with_runtime_dependencies(/Users/yosuke/gits/cxd5602pwbimu_ros2_driver/ros2_ws/install/rviz_imu_plugin/share/colcon-core/packages/rviz_imu_plugin)
[2.451s] colcon.colcon_ros.task.ament_cmake.build INFO Building ROS package in '/Users/yosuke/gits/cxd5602pwbimu_ros2_driver/ros2_ws/src/imu_tools/imu_tools' with build type 'ament_cmake'
[2.452s] colcon.colcon_cmake.task.cmake.build INFO Building CMake package in '/Users/yosuke/gits/cxd5602pwbimu_ros2_driver/ros2_ws/src/imu_tools/imu_tools'
[2.452s] colcon.colcon_core.shell INFO Skip shell extension 'powershell' for command environment: Not usable outside of PowerShell
[2.452s] colcon.colcon_core.shell DEBUG Skip shell extension 'dsv' for command environment
[2.481s] colcon.colcon_core.event_handler.log_command DEBUG Invoking command in '/Users/yosuke/gits/cxd5602pwbimu_ros2_driver/ros2_ws/build/imu_tools': AMENT_PREFIX_PATH=/Users/yosuke/gits/cxd5602pwbimu_ros2_driver/ros2_ws/install/rviz_imu_plugin:/Users/yosuke/gits/cxd5602pwbimu_ros2_driver/ros2_ws/install/imu_filter_madgwick:/Users/yosuke/gits/cxd5602pwbimu_ros2_driver/ros2_ws/install/imu_complementary_filter:${AMENT_PREFIX_PATH} CMAKE_PREFIX_PATH=/Users/yosuke/gits/cxd5602pwbimu_ros2_driver/ros2_ws/install/rviz_imu_plugin:/Users/yosuke/gits/cxd5602pwbimu_ros2_driver/ros2_ws/install/imu_filter_madgwick:/Users/yosuke/gits/cxd5602pwbimu_ros2_driver/ros2_ws/install/imu_complementary_filter:/opt/homebrew/opt/qt@5:/Users/yosuke/miniforge3/envs/ros_env CONDA_PROMPT_MODIFIER=(ros_env) DYLD_LIBRARY_PATH=/Users/yosuke/gits/cxd5602pwbimu_ros2_driver/ros2_ws/install/rviz_imu_plugin/lib:/Users/yosuke/gits/cxd5602pwbimu_ros2_driver/ros2_ws/install/imu_filter_madgwick/lib:/Users/yosuke/gits/cxd5602pwbimu_ros2_driver/ros2_ws/install/imu_complementary_filter/lib:/Users/yosuke/gits/cxd5602pwbimu_ros2_driver/ros2_ws/install/imu_trajectory_filter/lib:/Users/yosuke/gits/cxd5602pwbimu_ros2_driver/ros2_ws/install/imu_trajectory_filter/lib:/Users/yosuke/gits/cxd5602pwbimu_ros2_driver/ros2_ws/install/imu_trajectory_filter/lib:/Users/yosuke/gits/cxd5602pwbimu_ros2_driver/ros2_ws/install/h6x_serial_interface/lib:/Users/yosuke/gits/cxd5602pwbimu_ros2_driver/ros2_ws/install/LibSerial/lib:/usr/local/lib:/Users/yosuke/gits/cxd5602pwbimu_ros2_driver/ros2_ws/install/imu_trajectory_filter/lib:/Users/yosuke/gits/cxd5602pwbimu_ros2_driver/ros2_ws/install/h6x_serial_interface/lib:/Users/yosuke/gits/cxd5602pwbimu_ros2_driver/ros2_ws/install/LibSerial/lib:/Users/yosuke/gits/cxd5602pwbimu_ros2_driver/ros2_ws/install/h6x_serial_interface_example/lib:/Users/yosuke/gits/cxd5602pwbimu_ros2_driver/ros2_ws/install/cxd5602pwbimu_driver_node/lib:/Users/yosuke/gits/cxd5602pwbimu_ros2_driver/ros2_ws/install/h6x_serial_interface/lib:/Users/yosuke/gits/cxd5602pwbimu_ros2_driver/ros2_ws/install/h6x_packet_handler/lib:/Users/yosuke/miniforge3/envs/ros_env/opt/rviz_ogre_vendor/lib SHLVL=3 _=/Users/yosuke/miniforge3/envs/ros_env/bin/env /Users/yosuke/miniforge3/envs/ros_env/bin/cmake --build /Users/yosuke/gits/cxd5602pwbimu_ros2_driver/ros2_ws/build/imu_tools -- -j10 -l10
[2.548s] colcon.colcon_core.event_handler.log_command DEBUG Invoked command in '/Users/yosuke/gits/cxd5602pwbimu_ros2_driver/ros2_ws/build/imu_tools' returned '0': AMENT_PREFIX_PATH=/Users/yosuke/gits/cxd5602pwbimu_ros2_driver/ros2_ws/install/rviz_imu_plugin:/Users/yosuke/gits/cxd5602pwbimu_ros2_driver/ros2_ws/install/imu_filter_madgwick:/Users/yosuke/gits/cxd5602pwbimu_ros2_driver/ros2_ws/install/imu_complementary_filter:${AMENT_PREFIX_PATH} CMAKE_PREFIX_PATH=/Users/yosuke/gits/cxd5602pwbimu_ros2_driver/ros2_ws/install/rviz_imu_plugin:/Users/yosuke/gits/cxd5602pwbimu_ros2_driver/ros2_ws/install/imu_filter_madgwick:/Users/yosuke/gits/cxd5602pwbimu_ros2_driver/ros2_ws/install/imu_complementary_filter:/opt/homebrew/opt/qt@5:/Users/yosuke/miniforge3/envs/ros_env CONDA_PROMPT_MODIFIER=(ros_env) DYLD_LIBRARY_PATH=/Users/yosuke/gits/cxd5602pwbimu_ros2_driver/ros2_ws/install/rviz_imu_plugin/lib:/Users/yosuke/gits/cxd5602pwbimu_ros2_driver/ros2_ws/install/imu_filter_madgwick/lib:/Users/yosuke/gits/cxd5602pwbimu_ros2_driver/ros2_ws/install/imu_complementary_filter/lib:/Users/yosuke/gits/cxd5602pwbimu_ros2_driver/ros2_ws/install/imu_trajectory_filter/lib:/Users/yosuke/gits/cxd5602pwbimu_ros2_driver/ros2_ws/install/imu_trajectory_filter/lib:/Users/yosuke/gits/cxd5602pwbimu_ros2_driver/ros2_ws/install/imu_trajectory_filter/lib:/Users/yosuke/gits/cxd5602pwbimu_ros2_driver/ros2_ws/install/h6x_serial_interface/lib:/Users/yosuke/gits/cxd5602pwbimu_ros2_driver/ros2_ws/install/LibSerial/lib:/usr/local/lib:/Users/yosuke/gits/cxd5602pwbimu_ros2_driver/ros2_ws/install/imu_trajectory_filter/lib:/Users/yosuke/gits/cxd5602pwbimu_ros2_driver/ros2_ws/install/h6x_serial_interface/lib:/Users/yosuke/gits/cxd5602pwbimu_ros2_driver/ros2_ws/install/LibSerial/lib:/Users/yosuke/gits/cxd5602pwbimu_ros2_driver/ros2_ws/install/h6x_serial_interface_example/lib:/Users/yosuke/gits/cxd5602pwbimu_ros2_driver/ros2_ws/install/cxd5602pwbimu_driver_node/lib:/Users/yosuke/gits/cxd5602pwbimu_ros2_driver/ros2_ws/install/h6x_serial_interface/lib:/Users/yosuke/gits/cxd5602pwbimu_ros2_driver/ros2_ws/install/h6x_packet_handler/lib:/Users/yosuke/miniforge3/envs/ros_env/opt/rviz_ogre_vendor/lib SHLVL=3 _=/Users/yosuke/miniforge3/envs/ros_env/bin/env /Users/yosuke/miniforge3/envs/ros_env/bin/cmake --build /Users/yosuke/gits/cxd5602pwbimu_ros2_driver/ros2_ws/build/imu_tools -- -j10 -l10
[2.656s] colcon.colcon_core.event_handler.log_command DEBUG Invoking command in '/Users/yosuke/gits/cxd5602pwbimu_ros2_driver/ros2_ws/build/h6x_serial_interface_example': AMENT_PREFIX_PATH=/Users/yosuke/gits/cxd5602pwbimu_ros2_driver/ros2_ws/install/h6x_serial_interface:${AMENT_PREFIX_PATH} CMAKE_PREFIX_PATH=/Users/yosuke/gits/cxd5602pwbimu_ros2_driver/ros2_ws/install/h6x_serial_interface:/opt/homebrew/opt/qt@5:/Users/yosuke/miniforge3/envs/ros_env CONDA_PROMPT_MODIFIER=(ros_env) DYLD_LIBRARY_PATH=/Users/yosuke/gits/cxd5602pwbimu_ros2_driver/ros2_ws/install/h6x_serial_interface/lib:/Users/yosuke/gits/cxd5602pwbimu_ros2_driver/ros2_ws/install/imu_trajectory_filter/lib:/Users/yosuke/gits/cxd5602pwbimu_ros2_driver/ros2_ws/install/imu_trajectory_filter/lib:/Users/yosuke/gits/cxd5602pwbimu_ros2_driver/ros2_ws/install/imu_trajectory_filter/lib:/Users/yosuke/gits/cxd5602pwbimu_ros2_driver/ros2_ws/install/LibSerial/lib:/usr/local/lib:/Users/yosuke/gits/cxd5602pwbimu_ros2_driver/ros2_ws/install/imu_trajectory_filter/lib:/Users/yosuke/gits/cxd5602pwbimu_ros2_driver/ros2_ws/install/LibSerial/lib:/Users/yosuke/gits/cxd5602pwbimu_ros2_driver/ros2_ws/install/rviz_imu_plugin/lib:/Users/yosuke/gits/cxd5602pwbimu_ros2_driver/ros2_ws/install/imu_filter_madgwick/lib:/Users/yosuke/gits/cxd5602pwbimu_ros2_driver/ros2_ws/install/imu_complementary_filter/lib:/Users/yosuke/gits/cxd5602pwbimu_ros2_driver/ros2_ws/install/h6x_serial_interface_example/lib:/Users/yosuke/gits/cxd5602pwbimu_ros2_driver/ros2_ws/install/cxd5602pwbimu_driver_node/lib:/Users/yosuke/gits/cxd5602pwbimu_ros2_driver/ros2_ws/install/h6x_packet_handler/lib:/Users/yosuke/miniforge3/envs/ros_env/opt/rviz_ogre_vendor/lib SHLVL=3 _=/Users/yosuke/miniforge3/envs/ros_env/bin/env /Users/yosuke/miniforge3/envs/ros_env/bin/cmake --install /Users/yosuke/gits/cxd5602pwbimu_ros2_driver/ros2_ws/build/h6x_serial_interface_example
[2.704s] colcon.colcon_core.event_handler.log_command DEBUG Invoking command in '/Users/yosuke/gits/cxd5602pwbimu_ros2_driver/ros2_ws/build/imu_tools': AMENT_PREFIX_PATH=/Users/yosuke/gits/cxd5602pwbimu_ros2_driver/ros2_ws/install/rviz_imu_plugin:/Users/yosuke/gits/cxd5602pwbimu_ros2_driver/ros2_ws/install/imu_filter_madgwick:/Users/yosuke/gits/cxd5602pwbimu_ros2_driver/ros2_ws/install/imu_complementary_filter:${AMENT_PREFIX_PATH} CMAKE_PREFIX_PATH=/Users/yosuke/gits/cxd5602pwbimu_ros2_driver/ros2_ws/install/rviz_imu_plugin:/Users/yosuke/gits/cxd5602pwbimu_ros2_driver/ros2_ws/install/imu_filter_madgwick:/Users/yosuke/gits/cxd5602pwbimu_ros2_driver/ros2_ws/install/imu_complementary_filter:/opt/homebrew/opt/qt@5:/Users/yosuke/miniforge3/envs/ros_env CONDA_PROMPT_MODIFIER=(ros_env) DYLD_LIBRARY_PATH=/Users/yosuke/gits/cxd5602pwbimu_ros2_driver/ros2_ws/install/rviz_imu_plugin/lib:/Users/yosuke/gits/cxd5602pwbimu_ros2_driver/ros2_ws/install/imu_filter_madgwick/lib:/Users/yosuke/gits/cxd5602pwbimu_ros2_driver/ros2_ws/install/imu_complementary_filter/lib:/Users/yosuke/gits/cxd5602pwbimu_ros2_driver/ros2_ws/install/imu_trajectory_filter/lib:/Users/yosuke/gits/cxd5602pwbimu_ros2_driver/ros2_ws/install/imu_trajectory_filter/lib:/Users/yosuke/gits/cxd5602pwbimu_ros2_driver/ros2_ws/install/imu_trajectory_filter/lib:/Users/yosuke/gits/cxd5602pwbimu_ros2_driver/ros2_ws/install/h6x_serial_interface/lib:/Users/yosuke/gits/cxd5602pwbimu_ros2_driver/ros2_ws/install/LibSerial/lib:/usr/local/lib:/Users/yosuke/gits/cxd5602pwbimu_ros2_driver/ros2_ws/install/imu_trajectory_filter/lib:/Users/yosuke/gits/cxd5602pwbimu_ros2_driver/ros2_ws/install/h6x_serial_interface/lib:/Users/yosuke/gits/cxd5602pwbimu_ros2_driver/ros2_ws/install/LibSerial/lib:/Users/yosuke/gits/cxd5602pwbimu_ros2_driver/ros2_ws/install/h6x_serial_interface_example/lib:/Users/yosuke/gits/cxd5602pwbimu_ros2_driver/ros2_ws/install/cxd5602pwbimu_driver_node/lib:/Users/yosuke/gits/cxd5602pwbimu_ros2_driver/ros2_ws/install/h6x_serial_interface/lib:/Users/yosuke/gits/cxd5602pwbimu_ros2_driver/ros2_ws/install/h6x_packet_handler/lib:/Users/yosuke/miniforge3/envs/ros_env/opt/rviz_ogre_vendor/lib SHLVL=3 _=/Users/yosuke/miniforge3/envs/ros_env/bin/env /Users/yosuke/miniforge3/envs/ros_env/bin/cmake --install /Users/yosuke/gits/cxd5602pwbimu_ros2_driver/ros2_ws/build/imu_tools
[2.719s] colcon.colcon_core.environment Level 1 create_environment_scripts_only(imu_tools)
[2.719s] colcon.colcon_core.environment Level 1 checking '/Users/yosuke/gits/cxd5602pwbimu_ros2_driver/ros2_ws/install/imu_tools' for CMake module files
[2.719s] colcon.colcon_core.event_handler.log_command DEBUG Invoked command in '/Users/yosuke/gits/cxd5602pwbimu_ros2_driver/ros2_ws/build/imu_tools' returned '0': AMENT_PREFIX_PATH=/Users/yosuke/gits/cxd5602pwbimu_ros2_driver/ros2_ws/install/rviz_imu_plugin:/Users/yosuke/gits/cxd5602pwbimu_ros2_driver/ros2_ws/install/imu_filter_madgwick:/Users/yosuke/gits/cxd5602pwbimu_ros2_driver/ros2_ws/install/imu_complementary_filter:${AMENT_PREFIX_PATH} CMAKE_PREFIX_PATH=/Users/yosuke/gits/cxd5602pwbimu_ros2_driver/ros2_ws/install/rviz_imu_plugin:/Users/yosuke/gits/cxd5602pwbimu_ros2_driver/ros2_ws/install/imu_filter_madgwick:/Users/yosuke/gits/cxd5602pwbimu_ros2_driver/ros2_ws/install/imu_complementary_filter:/opt/homebrew/opt/qt@5:/Users/yosuke/miniforge3/envs/ros_env CONDA_PROMPT_MODIFIER=(ros_env) DYLD_LIBRARY_PATH=/Users/yosuke/gits/cxd5602pwbimu_ros2_driver/ros2_ws/install/rviz_imu_plugin/lib:/Users/yosuke/gits/cxd5602pwbimu_ros2_driver/ros2_ws/install/imu_filter_madgwick/lib:/Users/yosuke/gits/cxd5602pwbimu_ros2_driver/ros2_ws/install/imu_complementary_filter/lib:/Users/yosuke/gits/cxd5602pwbimu_ros2_driver/ros2_ws/install/imu_trajectory_filter/lib:/Users/yosuke/gits/cxd5602pwbimu_ros2_driver/ros2_ws/install/imu_trajectory_filter/lib:/Users/yosuke/gits/cxd5602pwbimu_ros2_driver/ros2_ws/install/imu_trajectory_filter/lib:/Users/yosuke/gits/cxd5602pwbimu_ros2_driver/ros2_ws/install/h6x_serial_interface/lib:/Users/yosuke/gits/cxd5602pwbimu_ros2_driver/ros2_ws/install/LibSerial/lib:/usr/local/lib:/Users/yosuke/gits/cxd5602pwbimu_ros2_driver/ros2_ws/install/imu_trajectory_filter/lib:/Users/yosuke/gits/cxd5602pwbimu_ros2_driver/ros2_ws/install/h6x_serial_interface/lib:/Users/yosuke/gits/cxd5602pwbimu_ros2_driver/ros2_ws/install/LibSerial/lib:/Users/yosuke/gits/cxd5602pwbimu_ros2_driver/ros2_ws/install/h6x_serial_interface_example/lib:/Users/yosuke/gits/cxd5602pwbimu_ros2_driver/ros2_ws/install/cxd5602pwbimu_driver_node/lib:/Users/yosuke/gits/cxd5602pwbimu_ros2_driver/ros2_ws/install/h6x_serial_interface/lib:/Users/yosuke/gits/cxd5602pwbimu_ros2_driver/ros2_ws/install/h6x_packet_handler/lib:/Users/yosuke/miniforge3/envs/ros_env/opt/rviz_ogre_vendor/lib SHLVL=3 _=/Users/yosuke/miniforge3/envs/ros_env/bin/env /Users/yosuke/miniforge3/envs/ros_env/bin/cmake --install /Users/yosuke/gits/cxd5602pwbimu_ros2_driver/ros2_ws/build/imu_tools
[2.720s] colcon.colcon_core.environment Level 1 checking '/Users/yosuke/gits/cxd5602pwbimu_ros2_driver/ros2_ws/install/imu_tools' for CMake config files
[2.720s] colcon.colcon_core.shell Level 1 create_environment_hook('imu_tools', 'cmake_prefix_path')
[2.720s] colcon.colcon_core.shell INFO Creating environment hook '/Users/yosuke/gits/cxd5602pwbimu_ros2_driver/ros2_ws/install/imu_tools/share/imu_tools/hook/cmake_prefix_path.ps1'
[2.720s] colcon.colcon_core.shell INFO Creating environment descriptor '/Users/yosuke/gits/cxd5602pwbimu_ros2_driver/ros2_ws/install/imu_tools/share/imu_tools/hook/cmake_prefix_path.dsv'
[2.720s] colcon.colcon_core.shell INFO Creating environment hook '/Users/yosuke/gits/cxd5602pwbimu_ros2_driver/ros2_ws/install/imu_tools/share/imu_tools/hook/cmake_prefix_path.sh'
[2.721s] colcon.colcon_core.environment Level 1 checking '/Users/yosuke/gits/cxd5602pwbimu_ros2_driver/ros2_ws/install/imu_tools/lib'
[2.721s] colcon.colcon_core.environment Level 1 checking '/Users/yosuke/gits/cxd5602pwbimu_ros2_driver/ros2_ws/install/imu_tools/bin'
[2.721s] colcon.colcon_core.environment Level 1 checking '/Users/yosuke/gits/cxd5602pwbimu_ros2_driver/ros2_ws/install/imu_tools/lib/pkgconfig/imu_tools.pc'
[2.721s] colcon.colcon_core.environment Level 1 checking '/Users/yosuke/gits/cxd5602pwbimu_ros2_driver/ros2_ws/install/imu_tools/lib/python3.11/site-packages'
[2.721s] colcon.colcon_core.environment Level 1 checking '/Users/yosuke/gits/cxd5602pwbimu_ros2_driver/ros2_ws/install/imu_tools/bin'
[2.721s] colcon.colcon_core.shell INFO Creating package script '/Users/yosuke/gits/cxd5602pwbimu_ros2_driver/ros2_ws/install/imu_tools/share/imu_tools/package.ps1'
[2.721s] colcon.colcon_core.shell INFO Creating package descriptor '/Users/yosuke/gits/cxd5602pwbimu_ros2_driver/ros2_ws/install/imu_tools/share/imu_tools/package.dsv'
[2.721s] colcon.colcon_core.shell INFO Creating package script '/Users/yosuke/gits/cxd5602pwbimu_ros2_driver/ros2_ws/install/imu_tools/share/imu_tools/package.sh'
[2.721s] colcon.colcon_core.shell INFO Creating package script '/Users/yosuke/gits/cxd5602pwbimu_ros2_driver/ros2_ws/install/imu_tools/share/imu_tools/package.bash'
[2.722s] colcon.colcon_core.shell INFO Creating package script '/Users/yosuke/gits/cxd5602pwbimu_ros2_driver/ros2_ws/install/imu_tools/share/imu_tools/package.zsh'
[2.722s] colcon.colcon_core.environment Level 1 create_file_with_runtime_dependencies(/Users/yosuke/gits/cxd5602pwbimu_ros2_driver/ros2_ws/install/imu_tools/share/colcon-core/packages/imu_tools)
[2.734s] colcon.colcon_core.environment Level 1 create_environment_scripts_only(h6x_serial_interface_example)
[2.735s] colcon.colcon_core.environment Level 1 checking '/Users/yosuke/gits/cxd5602pwbimu_ros2_driver/ros2_ws/install/h6x_serial_interface_example' for CMake module files
[2.735s] colcon.colcon_core.event_handler.log_command DEBUG Invoked command in '/Users/yosuke/gits/cxd5602pwbimu_ros2_driver/ros2_ws/build/h6x_serial_interface_example' returned '0': AMENT_PREFIX_PATH=/Users/yosuke/gits/cxd5602pwbimu_ros2_driver/ros2_ws/install/h6x_serial_interface:${AMENT_PREFIX_PATH} CMAKE_PREFIX_PATH=/Users/yosuke/gits/cxd5602pwbimu_ros2_driver/ros2_ws/install/h6x_serial_interface:/opt/homebrew/opt/qt@5:/Users/yosuke/miniforge3/envs/ros_env CONDA_PROMPT_MODIFIER=(ros_env) DYLD_LIBRARY_PATH=/Users/yosuke/gits/cxd5602pwbimu_ros2_driver/ros2_ws/install/h6x_serial_interface/lib:/Users/yosuke/gits/cxd5602pwbimu_ros2_driver/ros2_ws/install/imu_trajectory_filter/lib:/Users/yosuke/gits/cxd5602pwbimu_ros2_driver/ros2_ws/install/imu_trajectory_filter/lib:/Users/yosuke/gits/cxd5602pwbimu_ros2_driver/ros2_ws/install/imu_trajectory_filter/lib:/Users/yosuke/gits/cxd5602pwbimu_ros2_driver/ros2_ws/install/LibSerial/lib:/usr/local/lib:/Users/yosuke/gits/cxd5602pwbimu_ros2_driver/ros2_ws/install/imu_trajectory_filter/lib:/Users/yosuke/gits/cxd5602pwbimu_ros2_driver/ros2_ws/install/LibSerial/lib:/Users/yosuke/gits/cxd5602pwbimu_ros2_driver/ros2_ws/install/rviz_imu_plugin/lib:/Users/yosuke/gits/cxd5602pwbimu_ros2_driver/ros2_ws/install/imu_filter_madgwick/lib:/Users/yosuke/gits/cxd5602pwbimu_ros2_driver/ros2_ws/install/imu_complementary_filter/lib:/Users/yosuke/gits/cxd5602pwbimu_ros2_driver/ros2_ws/install/h6x_serial_interface_example/lib:/Users/yosuke/gits/cxd5602pwbimu_ros2_driver/ros2_ws/install/cxd5602pwbimu_driver_node/lib:/Users/yosuke/gits/cxd5602pwbimu_ros2_driver/ros2_ws/install/h6x_packet_handler/lib:/Users/yosuke/miniforge3/envs/ros_env/opt/rviz_ogre_vendor/lib SHLVL=3 _=/Users/yosuke/miniforge3/envs/ros_env/bin/env /Users/yosuke/miniforge3/envs/ros_env/bin/cmake --install /Users/yosuke/gits/cxd5602pwbimu_ros2_driver/ros2_ws/build/h6x_serial_interface_example
[2.735s] colcon.colcon_core.environment Level 1 checking '/Users/yosuke/gits/cxd5602pwbimu_ros2_driver/ros2_ws/install/h6x_serial_interface_example' for CMake config files
[2.735s] colcon.colcon_core.shell Level 1 create_environment_hook('h6x_serial_interface_example', 'cmake_prefix_path')
[2.735s] colcon.colcon_core.shell INFO Creating environment hook '/Users/yosuke/gits/cxd5602pwbimu_ros2_driver/ros2_ws/install/h6x_serial_interface_example/share/h6x_serial_interface_example/hook/cmake_prefix_path.ps1'
[2.735s] colcon.colcon_core.shell INFO Creating environment descriptor '/Users/yosuke/gits/cxd5602pwbimu_ros2_driver/ros2_ws/install/h6x_serial_interface_example/share/h6x_serial_interface_example/hook/cmake_prefix_path.dsv'
[2.736s] colcon.colcon_core.shell INFO Creating environment hook '/Users/yosuke/gits/cxd5602pwbimu_ros2_driver/ros2_ws/install/h6x_serial_interface_example/share/h6x_serial_interface_example/hook/cmake_prefix_path.sh'
[2.736s] colcon.colcon_core.environment Level 1 checking '/Users/yosuke/gits/cxd5602pwbimu_ros2_driver/ros2_ws/install/h6x_serial_interface_example/lib'
[2.736s] colcon.colcon_core.shell Level 1 create_environment_hook('h6x_serial_interface_example', 'dyld_library_path')
[2.736s] colcon.colcon_core.shell INFO Creating environment hook '/Users/yosuke/gits/cxd5602pwbimu_ros2_driver/ros2_ws/install/h6x_serial_interface_example/share/h6x_serial_interface_example/hook/dyld_library_path.ps1'
[2.736s] colcon.colcon_core.shell INFO Creating environment descriptor '/Users/yosuke/gits/cxd5602pwbimu_ros2_driver/ros2_ws/install/h6x_serial_interface_example/share/h6x_serial_interface_example/hook/dyld_library_path.dsv'
[2.736s] colcon.colcon_core.shell INFO Creating environment hook '/Users/yosuke/gits/cxd5602pwbimu_ros2_driver/ros2_ws/install/h6x_serial_interface_example/share/h6x_serial_interface_example/hook/dyld_library_path.sh'
[2.736s] colcon.colcon_core.environment Level 1 checking '/Users/yosuke/gits/cxd5602pwbimu_ros2_driver/ros2_ws/install/h6x_serial_interface_example/bin'
[2.736s] colcon.colcon_core.environment Level 1 checking '/Users/yosuke/gits/cxd5602pwbimu_ros2_driver/ros2_ws/install/h6x_serial_interface_example/lib/pkgconfig/h6x_serial_interface_example.pc'
[2.737s] colcon.colcon_core.environment Level 1 checking '/Users/yosuke/gits/cxd5602pwbimu_ros2_driver/ros2_ws/install/h6x_serial_interface_example/lib/python3.11/site-packages'
[2.737s] colcon.colcon_core.environment Level 1 checking '/Users/yosuke/gits/cxd5602pwbimu_ros2_driver/ros2_ws/install/h6x_serial_interface_example/bin'
[2.737s] colcon.colcon_core.shell INFO Creating package script '/Users/yosuke/gits/cxd5602pwbimu_ros2_driver/ros2_ws/install/h6x_serial_interface_example/share/h6x_serial_interface_example/package.ps1'
[2.737s] colcon.colcon_core.shell INFO Creating package descriptor '/Users/yosuke/gits/cxd5602pwbimu_ros2_driver/ros2_ws/install/h6x_serial_interface_example/share/h6x_serial_interface_example/package.dsv'
[2.737s] colcon.colcon_core.shell INFO Creating package script '/Users/yosuke/gits/cxd5602pwbimu_ros2_driver/ros2_ws/install/h6x_serial_interface_example/share/h6x_serial_interface_example/package.sh'
[2.737s] colcon.colcon_core.shell INFO Creating package script '/Users/yosuke/gits/cxd5602pwbimu_ros2_driver/ros2_ws/install/h6x_serial_interface_example/share/h6x_serial_interface_example/package.bash'
[2.737s] colcon.colcon_core.shell INFO Creating package script '/Users/yosuke/gits/cxd5602pwbimu_ros2_driver/ros2_ws/install/h6x_serial_interface_example/share/h6x_serial_interface_example/package.zsh'
[2.738s] colcon.colcon_core.environment Level 1 create_file_with_runtime_dependencies(/Users/yosuke/gits/cxd5602pwbimu_ros2_driver/ros2_ws/install/h6x_serial_interface_example/share/colcon-core/packages/h6x_serial_interface_example)
[2.745s] colcon.colcon_core.environment Level 1 create_environment_scripts_only(cxd5602pwbimu_driver_node)
[2.745s] colcon.colcon_core.environment Level 1 checking '/Users/yosuke/gits/cxd5602pwbimu_ros2_driver/ros2_ws/install/cxd5602pwbimu_driver_node' for CMake module files
[2.746s] colcon.colcon_core.environment Level 1 checking '/Users/yosuke/gits/cxd5602pwbimu_ros2_driver/ros2_ws/install/cxd5602pwbimu_driver_node' for CMake config files
[2.746s] colcon.colcon_core.shell Level 1 create_environment_hook('cxd5602pwbimu_driver_node', 'cmake_prefix_path')
[2.746s] colcon.colcon_core.shell INFO Creating environment hook '/Users/yosuke/gits/cxd5602pwbimu_ros2_driver/ros2_ws/install/cxd5602pwbimu_driver_node/share/cxd5602pwbimu_driver_node/hook/cmake_prefix_path.ps1'
[2.746s] colcon.colcon_core.shell INFO Creating environment descriptor '/Users/yosuke/gits/cxd5602pwbimu_ros2_driver/ros2_ws/install/cxd5602pwbimu_driver_node/share/cxd5602pwbimu_driver_node/hook/cmake_prefix_path.dsv'
[2.746s] colcon.colcon_core.shell INFO Creating environment hook '/Users/yosuke/gits/cxd5602pwbimu_ros2_driver/ros2_ws/install/cxd5602pwbimu_driver_node/share/cxd5602pwbimu_driver_node/hook/cmake_prefix_path.sh'
[2.746s] colcon.colcon_core.environment Level 1 checking '/Users/yosuke/gits/cxd5602pwbimu_ros2_driver/ros2_ws/install/cxd5602pwbimu_driver_node/lib'
[2.746s] colcon.colcon_core.shell Level 1 create_environment_hook('cxd5602pwbimu_driver_node', 'dyld_library_path')
[2.747s] colcon.colcon_core.shell INFO Creating environment hook '/Users/yosuke/gits/cxd5602pwbimu_ros2_driver/ros2_ws/install/cxd5602pwbimu_driver_node/share/cxd5602pwbimu_driver_node/hook/dyld_library_path.ps1'
[2.747s] colcon.colcon_core.shell INFO Creating environment descriptor '/Users/yosuke/gits/cxd5602pwbimu_ros2_driver/ros2_ws/install/cxd5602pwbimu_driver_node/share/cxd5602pwbimu_driver_node/hook/dyld_library_path.dsv'
[2.747s] colcon.colcon_core.shell INFO Creating environment hook '/Users/yosuke/gits/cxd5602pwbimu_ros2_driver/ros2_ws/install/cxd5602pwbimu_driver_node/share/cxd5602pwbimu_driver_node/hook/dyld_library_path.sh'
[2.747s] colcon.colcon_core.environment Level 1 checking '/Users/yosuke/gits/cxd5602pwbimu_ros2_driver/ros2_ws/install/cxd5602pwbimu_driver_node/bin'
[2.747s] colcon.colcon_core.environment Level 1 checking '/Users/yosuke/gits/cxd5602pwbimu_ros2_driver/ros2_ws/install/cxd5602pwbimu_driver_node/lib/pkgconfig/cxd5602pwbimu_driver_node.pc'
[2.747s] colcon.colcon_core.environment Level 1 checking '/Users/yosuke/gits/cxd5602pwbimu_ros2_driver/ros2_ws/install/cxd5602pwbimu_driver_node/lib/python3.11/site-packages'
[2.747s] colcon.colcon_core.environment Level 1 checking '/Users/yosuke/gits/cxd5602pwbimu_ros2_driver/ros2_ws/install/cxd5602pwbimu_driver_node/bin'
[2.747s] colcon.colcon_core.shell INFO Creating package script '/Users/yosuke/gits/cxd5602pwbimu_ros2_driver/ros2_ws/install/cxd5602pwbimu_driver_node/share/cxd5602pwbimu_driver_node/package.ps1'
[2.748s] colcon.colcon_core.shell INFO Creating package descriptor '/Users/yosuke/gits/cxd5602pwbimu_ros2_driver/ros2_ws/install/cxd5602pwbimu_driver_node/share/cxd5602pwbimu_driver_node/package.dsv'
[2.748s] colcon.colcon_core.shell INFO Creating package script '/Users/yosuke/gits/cxd5602pwbimu_ros2_driver/ros2_ws/install/cxd5602pwbimu_driver_node/share/cxd5602pwbimu_driver_node/package.sh'
[2.748s] colcon.colcon_core.shell INFO Creating package script '/Users/yosuke/gits/cxd5602pwbimu_ros2_driver/ros2_ws/install/cxd5602pwbimu_driver_node/share/cxd5602pwbimu_driver_node/package.bash'
[2.748s] colcon.colcon_core.shell INFO Creating package script '/Users/yosuke/gits/cxd5602pwbimu_ros2_driver/ros2_ws/install/cxd5602pwbimu_driver_node/share/cxd5602pwbimu_driver_node/package.zsh'
[2.748s] colcon.colcon_core.environment Level 1 create_file_with_runtime_dependencies(/Users/yosuke/gits/cxd5602pwbimu_ros2_driver/ros2_ws/install/cxd5602pwbimu_driver_node/share/colcon-core/packages/cxd5602pwbimu_driver_node)
[2.749s] colcon.colcon_ros.task.ament_python.build INFO Building ROS package in '/Users/yosuke/gits/cxd5602pwbimu_ros2_driver/ros2_ws/src/cxd5602pwbimu_driver_bringup' with build type 'ament_python'
[2.749s] colcon.colcon_core.shell Level 1 create_environment_hook('cxd5602pwbimu_driver_bringup', 'ament_prefix_path')
[2.749s] colcon.colcon_core.shell INFO Creating environment hook '/Users/yosuke/gits/cxd5602pwbimu_ros2_driver/ros2_ws/install/cxd5602pwbimu_driver_bringup/share/cxd5602pwbimu_driver_bringup/hook/ament_prefix_path.ps1'
[2.749s] colcon.colcon_core.shell INFO Creating environment descriptor '/Users/yosuke/gits/cxd5602pwbimu_ros2_driver/ros2_ws/install/cxd5602pwbimu_driver_bringup/share/cxd5602pwbimu_driver_bringup/hook/ament_prefix_path.dsv'
[2.749s] colcon.colcon_core.shell INFO Creating environment hook '/Users/yosuke/gits/cxd5602pwbimu_ros2_driver/ros2_ws/install/cxd5602pwbimu_driver_bringup/share/cxd5602pwbimu_driver_bringup/hook/ament_prefix_path.sh'
[2.749s] colcon.colcon_core.shell INFO Skip shell extension 'powershell' for command environment: Not usable outside of PowerShell
[2.750s] colcon.colcon_core.shell DEBUG Skip shell extension 'dsv' for command environment
[2.878s] colcon.colcon_core.task.python.build INFO Building Python package in '/Users/yosuke/gits/cxd5602pwbimu_ros2_driver/ros2_ws/src/cxd5602pwbimu_driver_bringup'
[2.879s] colcon.colcon_core.shell INFO Skip shell extension 'powershell' for command environment: Not usable outside of PowerShell
[2.879s] colcon.colcon_core.shell DEBUG Skip shell extension 'dsv' for command environment
[2.882s] colcon.colcon_core.environment Level 1 create_environment_scripts_only(imu_tools)
[2.882s] colcon.colcon_core.environment Level 1 checking '/Users/yosuke/gits/cxd5602pwbimu_ros2_driver/ros2_ws/install/imu_tools' for CMake module files
[2.882s] colcon.colcon_core.environment Level 1 checking '/Users/yosuke/gits/cxd5602pwbimu_ros2_driver/ros2_ws/install/imu_tools' for CMake config files
[2.883s] colcon.colcon_core.shell Level 1 create_environment_hook('imu_tools', 'cmake_prefix_path')
[2.883s] colcon.colcon_core.shell INFO Creating environment hook '/Users/yosuke/gits/cxd5602pwbimu_ros2_driver/ros2_ws/install/imu_tools/share/imu_tools/hook/cmake_prefix_path.ps1'
[2.883s] colcon.colcon_core.shell INFO Creating environment descriptor '/Users/yosuke/gits/cxd5602pwbimu_ros2_driver/ros2_ws/install/imu_tools/share/imu_tools/hook/cmake_prefix_path.dsv'
[2.883s] colcon.colcon_core.shell INFO Creating environment hook '/Users/yosuke/gits/cxd5602pwbimu_ros2_driver/ros2_ws/install/imu_tools/share/imu_tools/hook/cmake_prefix_path.sh'
[2.883s] colcon.colcon_core.environment Level 1 checking '/Users/yosuke/gits/cxd5602pwbimu_ros2_driver/ros2_ws/install/imu_tools/lib'
[2.883s] colcon.colcon_core.environment Level 1 checking '/Users/yosuke/gits/cxd5602pwbimu_ros2_driver/ros2_ws/install/imu_tools/bin'
[2.883s] colcon.colcon_core.environment Level 1 checking '/Users/yosuke/gits/cxd5602pwbimu_ros2_driver/ros2_ws/install/imu_tools/lib/pkgconfig/imu_tools.pc'
[2.883s] colcon.colcon_core.environment Level 1 checking '/Users/yosuke/gits/cxd5602pwbimu_ros2_driver/ros2_ws/install/imu_tools/lib/python3.11/site-packages'
[2.884s] colcon.colcon_core.environment Level 1 checking '/Users/yosuke/gits/cxd5602pwbimu_ros2_driver/ros2_ws/install/imu_tools/bin'
[2.884s] colcon.colcon_core.shell INFO Creating package script '/Users/yosuke/gits/cxd5602pwbimu_ros2_driver/ros2_ws/install/imu_tools/share/imu_tools/package.ps1'
[2.884s] colcon.colcon_core.shell INFO Creating package descriptor '/Users/yosuke/gits/cxd5602pwbimu_ros2_driver/ros2_ws/install/imu_tools/share/imu_tools/package.dsv'
[2.884s] colcon.colcon_core.shell INFO Creating package script '/Users/yosuke/gits/cxd5602pwbimu_ros2_driver/ros2_ws/install/imu_tools/share/imu_tools/package.sh'
[2.884s] colcon.colcon_core.shell INFO Creating package script '/Users/yosuke/gits/cxd5602pwbimu_ros2_driver/ros2_ws/install/imu_tools/share/imu_tools/package.bash'
[2.884s] colcon.colcon_core.shell INFO Creating package script '/Users/yosuke/gits/cxd5602pwbimu_ros2_driver/ros2_ws/install/imu_tools/share/imu_tools/package.zsh'
[2.884s] colcon.colcon_core.environment Level 1 create_file_with_runtime_dependencies(/Users/yosuke/gits/cxd5602pwbimu_ros2_driver/ros2_ws/install/imu_tools/share/colcon-core/packages/imu_tools)
[3.104s] colcon.colcon_core.event_handler.log_command DEBUG Invoking command in '/Users/yosuke/gits/cxd5602pwbimu_ros2_driver/ros2_ws/src/cxd5602pwbimu_driver_bringup': AMENT_PREFIX_PATH=/Users/yosuke/gits/cxd5602pwbimu_ros2_driver/ros2_ws/install/cxd5602pwbimu_driver_node:/Users/yosuke/gits/cxd5602pwbimu_ros2_driver/ros2_ws/install/imu_filter_madgwick:/Users/yosuke/gits/cxd5602pwbimu_ros2_driver/ros2_ws/install/h6x_serial_interface:${AMENT_PREFIX_PATH} CMAKE_PREFIX_PATH=/Users/yosuke/gits/cxd5602pwbimu_ros2_driver/ros2_ws/install/cxd5602pwbimu_driver_node:/Users/yosuke/gits/cxd5602pwbimu_ros2_driver/ros2_ws/install/imu_filter_madgwick:/Users/yosuke/gits/cxd5602pwbimu_ros2_driver/ros2_ws/install/h6x_serial_interface${CMAKE_PREFIX_PATH} CONDA_PROMPT_MODIFIER=(ros_env) DYLD_LIBRARY_PATH=/Users/yosuke/gits/cxd5602pwbimu_ros2_driver/ros2_ws/install/cxd5602pwbimu_driver_node/lib:/Users/yosuke/gits/cxd5602pwbimu_ros2_driver/ros2_ws/install/imu_filter_madgwick/lib:/Users/yosuke/gits/cxd5602pwbimu_ros2_driver/ros2_ws/install/h6x_serial_interface/lib:/Users/yosuke/gits/cxd5602pwbimu_ros2_driver/ros2_ws/install/imu_trajectory_filter/lib:/Users/yosuke/gits/cxd5602pwbimu_ros2_driver/ros2_ws/install/imu_trajectory_filter/lib:/Users/yosuke/gits/cxd5602pwbimu_ros2_driver/ros2_ws/install/imu_trajectory_filter/lib:/Users/yosuke/gits/cxd5602pwbimu_ros2_driver/ros2_ws/install/LibSerial/lib:/usr/local/lib:/Users/yosuke/gits/cxd5602pwbimu_ros2_driver/ros2_ws/install/imu_trajectory_filter/lib:/Users/yosuke/gits/cxd5602pwbimu_ros2_driver/ros2_ws/install/LibSerial/lib:/Users/yosuke/gits/cxd5602pwbimu_ros2_driver/ros2_ws/install/rviz_imu_plugin/lib:/Users/yosuke/gits/cxd5602pwbimu_ros2_driver/ros2_ws/install/imu_complementary_filter/lib:/Users/yosuke/gits/cxd5602pwbimu_ros2_driver/ros2_ws/install/h6x_serial_interface_example/lib:/Users/yosuke/gits/cxd5602pwbimu_ros2_driver/ros2_ws/install/h6x_packet_handler/lib:/Users/yosuke/miniforge3/envs/ros_env/opt/rviz_ogre_vendor/lib PYTHONPATH=/Users/yosuke/gits/cxd5602pwbimu_ros2_driver/ros2_ws/build/cxd5602pwbimu_driver_bringup/prefix_override:/Users/yosuke/miniforge3/envs/ros_env/lib/python3.11/site-packages/colcon_core/task/python/colcon_distutils_commands:/Users/yosuke/gits/cxd5602pwbimu_ros2_driver/ros2_ws/install/cxd5602pwbimu_driver_bringup/lib/python3.11/site-packages:${PYTHONPATH} SHLVL=3 _=/Users/yosuke/miniforge3/envs/ros_env/bin/env /Users/yosuke/miniforge3/envs/ros_env/bin/python3.11 -W ignore:setup.py install is deprecated -W ignore:easy_install command is deprecated setup.py egg_info --egg-base ../../build/cxd5602pwbimu_driver_bringup build --build-base /Users/yosuke/gits/cxd5602pwbimu_ros2_driver/ros2_ws/build/cxd5602pwbimu_driver_bringup/build install --record /Users/yosuke/gits/cxd5602pwbimu_ros2_driver/ros2_ws/build/cxd5602pwbimu_driver_bringup/install.log --single-version-externally-managed install_data
[3.183s] colcon.colcon_core.environment Level 1 create_environment_scripts_only(h6x_serial_interface_example)
[3.184s] colcon.colcon_core.environment Level 1 checking '/Users/yosuke/gits/cxd5602pwbimu_ros2_driver/ros2_ws/install/h6x_serial_interface_example' for CMake module files
[3.184s] colcon.colcon_core.environment Level 1 checking '/Users/yosuke/gits/cxd5602pwbimu_ros2_driver/ros2_ws/install/h6x_serial_interface_example' for CMake config files
[3.184s] colcon.colcon_core.shell Level 1 create_environment_hook('h6x_serial_interface_example', 'cmake_prefix_path')
[3.184s] colcon.colcon_core.shell INFO Creating environment hook '/Users/yosuke/gits/cxd5602pwbimu_ros2_driver/ros2_ws/install/h6x_serial_interface_example/share/h6x_serial_interface_example/hook/cmake_prefix_path.ps1'
[3.184s] colcon.colcon_core.shell INFO Creating environment descriptor '/Users/yosuke/gits/cxd5602pwbimu_ros2_driver/ros2_ws/install/h6x_serial_interface_example/share/h6x_serial_interface_example/hook/cmake_prefix_path.dsv'
[3.184s] colcon.colcon_core.shell INFO Creating environment hook '/Users/yosuke/gits/cxd5602pwbimu_ros2_driver/ros2_ws/install/h6x_serial_interface_example/share/h6x_serial_interface_example/hook/cmake_prefix_path.sh'
[3.185s] colcon.colcon_core.environment Level 1 checking '/Users/yosuke/gits/cxd5602pwbimu_ros2_driver/ros2_ws/install/h6x_serial_interface_example/lib'
[3.185s] colcon.colcon_core.shell Level 1 create_environment_hook('h6x_serial_interface_example', 'dyld_library_path')
[3.185s] colcon.colcon_core.shell INFO Creating environment hook '/Users/yosuke/gits/cxd5602pwbimu_ros2_driver/ros2_ws/install/h6x_serial_interface_example/share/h6x_serial_interface_example/hook/dyld_library_path.ps1'
[3.185s] colcon.colcon_core.shell INFO Creating environment descriptor '/Users/yosuke/gits/cxd5602pwbimu_ros2_driver/ros2_ws/install/h6x_serial_interface_example/share/h6x_serial_interface_example/hook/dyld_library_path.dsv'
[3.185s] colcon.colcon_core.shell INFO Creating environment hook '/Users/yosuke/gits/cxd5602pwbimu_ros2_driver/ros2_ws/install/h6x_serial_interface_example/share/h6x_serial_interface_example/hook/dyld_library_path.sh'
[3.185s] colcon.colcon_core.environment Level 1 checking '/Users/yosuke/gits/cxd5602pwbimu_ros2_driver/ros2_ws/install/h6x_serial_interface_example/bin'
[3.185s] colcon.colcon_core.environment Level 1 checking '/Users/yosuke/gits/cxd5602pwbimu_ros2_driver/ros2_ws/install/h6x_serial_interface_example/lib/pkgconfig/h6x_serial_interface_example.pc'
[3.185s] colcon.colcon_core.environment Level 1 checking '/Users/yosuke/gits/cxd5602pwbimu_ros2_driver/ros2_ws/install/h6x_serial_interface_example/lib/python3.11/site-packages'
[3.185s] colcon.colcon_core.environment Level 1 checking '/Users/yosuke/gits/cxd5602pwbimu_ros2_driver/ros2_ws/install/h6x_serial_interface_example/bin'
[3.186s] colcon.colcon_core.shell INFO Creating package script '/Users/yosuke/gits/cxd5602pwbimu_ros2_driver/ros2_ws/install/h6x_serial_interface_example/share/h6x_serial_interface_example/package.ps1'
[3.186s] colcon.colcon_core.shell INFO Creating package descriptor '/Users/yosuke/gits/cxd5602pwbimu_ros2_driver/ros2_ws/install/h6x_serial_interface_example/share/h6x_serial_interface_example/package.dsv'
[3.186s] colcon.colcon_core.shell INFO Creating package script '/Users/yosuke/gits/cxd5602pwbimu_ros2_driver/ros2_ws/install/h6x_serial_interface_example/share/h6x_serial_interface_example/package.sh'
[3.186s] colcon.colcon_core.shell INFO Creating package script '/Users/yosuke/gits/cxd5602pwbimu_ros2_driver/ros2_ws/install/h6x_serial_interface_example/share/h6x_serial_interface_example/package.bash'
[3.186s] colcon.colcon_core.shell INFO Creating package script '/Users/yosuke/gits/cxd5602pwbimu_ros2_driver/ros2_ws/install/h6x_serial_interface_example/share/h6x_serial_interface_example/package.zsh'
[3.186s] colcon.colcon_core.environment Level 1 create_file_with_runtime_dependencies(/Users/yosuke/gits/cxd5602pwbimu_ros2_driver/ros2_ws/install/h6x_serial_interface_example/share/colcon-core/packages/h6x_serial_interface_example)
[3.272s] colcon.colcon_core.environment Level 1 checking '/Users/yosuke/gits/cxd5602pwbimu_ros2_driver/ros2_ws/install/cxd5602pwbimu_driver_bringup' for CMake module files
[3.273s] colcon.colcon_core.event_handler.log_command DEBUG Invoked command in '/Users/yosuke/gits/cxd5602pwbimu_ros2_driver/ros2_ws/src/cxd5602pwbimu_driver_bringup' returned '0': AMENT_PREFIX_PATH=/Users/yosuke/gits/cxd5602pwbimu_ros2_driver/ros2_ws/install/cxd5602pwbimu_driver_node:/Users/yosuke/gits/cxd5602pwbimu_ros2_driver/ros2_ws/install/imu_filter_madgwick:/Users/yosuke/gits/cxd5602pwbimu_ros2_driver/ros2_ws/install/h6x_serial_interface:${AMENT_PREFIX_PATH} CMAKE_PREFIX_PATH=/Users/yosuke/gits/cxd5602pwbimu_ros2_driver/ros2_ws/install/cxd5602pwbimu_driver_node:/Users/yosuke/gits/cxd5602pwbimu_ros2_driver/ros2_ws/install/imu_filter_madgwick:/Users/yosuke/gits/cxd5602pwbimu_ros2_driver/ros2_ws/install/h6x_serial_interface${CMAKE_PREFIX_PATH} CONDA_PROMPT_MODIFIER=(ros_env) DYLD_LIBRARY_PATH=/Users/yosuke/gits/cxd5602pwbimu_ros2_driver/ros2_ws/install/cxd5602pwbimu_driver_node/lib:/Users/yosuke/gits/cxd5602pwbimu_ros2_driver/ros2_ws/install/imu_filter_madgwick/lib:/Users/yosuke/gits/cxd5602pwbimu_ros2_driver/ros2_ws/install/h6x_serial_interface/lib:/Users/yosuke/gits/cxd5602pwbimu_ros2_driver/ros2_ws/install/imu_trajectory_filter/lib:/Users/yosuke/gits/cxd5602pwbimu_ros2_driver/ros2_ws/install/imu_trajectory_filter/lib:/Users/yosuke/gits/cxd5602pwbimu_ros2_driver/ros2_ws/install/imu_trajectory_filter/lib:/Users/yosuke/gits/cxd5602pwbimu_ros2_driver/ros2_ws/install/LibSerial/lib:/usr/local/lib:/Users/yosuke/gits/cxd5602pwbimu_ros2_driver/ros2_ws/install/imu_trajectory_filter/lib:/Users/yosuke/gits/cxd5602pwbimu_ros2_driver/ros2_ws/install/LibSerial/lib:/Users/yosuke/gits/cxd5602pwbimu_ros2_driver/ros2_ws/install/rviz_imu_plugin/lib:/Users/yosuke/gits/cxd5602pwbimu_ros2_driver/ros2_ws/install/imu_complementary_filter/lib:/Users/yosuke/gits/cxd5602pwbimu_ros2_driver/ros2_ws/install/h6x_serial_interface_example/lib:/Users/yosuke/gits/cxd5602pwbimu_ros2_driver/ros2_ws/install/h6x_packet_handler/lib:/Users/yosuke/miniforge3/envs/ros_env/opt/rviz_ogre_vendor/lib PYTHONPATH=/Users/yosuke/gits/cxd5602pwbimu_ros2_driver/ros2_ws/build/cxd5602pwbimu_driver_bringup/prefix_override:/Users/yosuke/miniforge3/envs/ros_env/lib/python3.11/site-packages/colcon_core/task/python/colcon_distutils_commands:/Users/yosuke/gits/cxd5602pwbimu_ros2_driver/ros2_ws/install/cxd5602pwbimu_driver_bringup/lib/python3.11/site-packages:${PYTHONPATH} SHLVL=3 _=/Users/yosuke/miniforge3/envs/ros_env/bin/env /Users/yosuke/miniforge3/envs/ros_env/bin/python3.11 -W ignore:setup.py install is deprecated -W ignore:easy_install command is deprecated setup.py egg_info --egg-base ../../build/cxd5602pwbimu_driver_bringup build --build-base /Users/yosuke/gits/cxd5602pwbimu_ros2_driver/ros2_ws/build/cxd5602pwbimu_driver_bringup/build install --record /Users/yosuke/gits/cxd5602pwbimu_ros2_driver/ros2_ws/build/cxd5602pwbimu_driver_bringup/install.log --single-version-externally-managed install_data
[3.273s] colcon.colcon_core.environment Level 1 checking '/Users/yosuke/gits/cxd5602pwbimu_ros2_driver/ros2_ws/install/cxd5602pwbimu_driver_bringup' for CMake config files
[3.273s] colcon.colcon_core.environment Level 1 checking '/Users/yosuke/gits/cxd5602pwbimu_ros2_driver/ros2_ws/install/cxd5602pwbimu_driver_bringup/lib'
[3.273s] colcon.colcon_core.environment Level 1 checking '/Users/yosuke/gits/cxd5602pwbimu_ros2_driver/ros2_ws/install/cxd5602pwbimu_driver_bringup/bin'
[3.273s] colcon.colcon_core.environment Level 1 checking '/Users/yosuke/gits/cxd5602pwbimu_ros2_driver/ros2_ws/install/cxd5602pwbimu_driver_bringup/lib/pkgconfig/cxd5602pwbimu_driver_bringup.pc'
[3.273s] colcon.colcon_core.environment Level 1 checking '/Users/yosuke/gits/cxd5602pwbimu_ros2_driver/ros2_ws/install/cxd5602pwbimu_driver_bringup/lib/python3.11/site-packages'
[3.273s] colcon.colcon_core.shell Level 1 create_environment_hook('cxd5602pwbimu_driver_bringup', 'pythonpath')
[3.273s] colcon.colcon_core.shell INFO Creating environment hook '/Users/yosuke/gits/cxd5602pwbimu_ros2_driver/ros2_ws/install/cxd5602pwbimu_driver_bringup/share/cxd5602pwbimu_driver_bringup/hook/pythonpath.ps1'
[3.274s] colcon.colcon_core.shell INFO Creating environment descriptor '/Users/yosuke/gits/cxd5602pwbimu_ros2_driver/ros2_ws/install/cxd5602pwbimu_driver_bringup/share/cxd5602pwbimu_driver_bringup/hook/pythonpath.dsv'
[3.274s] colcon.colcon_core.shell INFO Creating environment hook '/Users/yosuke/gits/cxd5602pwbimu_ros2_driver/ros2_ws/install/cxd5602pwbimu_driver_bringup/share/cxd5602pwbimu_driver_bringup/hook/pythonpath.sh'
[3.274s] colcon.colcon_core.environment Level 1 checking '/Users/yosuke/gits/cxd5602pwbimu_ros2_driver/ros2_ws/install/cxd5602pwbimu_driver_bringup/bin'
[3.274s] colcon.colcon_core.environment Level 1 create_environment_scripts_only(cxd5602pwbimu_driver_bringup)
[3.274s] colcon.colcon_core.shell INFO Creating package script '/Users/yosuke/gits/cxd5602pwbimu_ros2_driver/ros2_ws/install/cxd5602pwbimu_driver_bringup/share/cxd5602pwbimu_driver_bringup/package.ps1'
[3.274s] colcon.colcon_core.shell INFO Creating package descriptor '/Users/yosuke/gits/cxd5602pwbimu_ros2_driver/ros2_ws/install/cxd5602pwbimu_driver_bringup/share/cxd5602pwbimu_driver_bringup/package.dsv'
[3.275s] colcon.colcon_core.shell INFO Creating package script '/Users/yosuke/gits/cxd5602pwbimu_ros2_driver/ros2_ws/install/cxd5602pwbimu_driver_bringup/share/cxd5602pwbimu_driver_bringup/package.sh'
[3.275s] colcon.colcon_core.shell INFO Creating package script '/Users/yosuke/gits/cxd5602pwbimu_ros2_driver/ros2_ws/install/cxd5602pwbimu_driver_bringup/share/cxd5602pwbimu_driver_bringup/package.bash'
[3.275s] colcon.colcon_core.shell INFO Creating package script '/Users/yosuke/gits/cxd5602pwbimu_ros2_driver/ros2_ws/install/cxd5602pwbimu_driver_bringup/share/cxd5602pwbimu_driver_bringup/package.zsh'
[3.275s] colcon.colcon_core.environment Level 1 create_file_with_runtime_dependencies(/Users/yosuke/gits/cxd5602pwbimu_ros2_driver/ros2_ws/install/cxd5602pwbimu_driver_bringup/share/colcon-core/packages/cxd5602pwbimu_driver_bringup)
[3.275s] colcon.colcon_ros.task.ament_cmake.build INFO Building ROS package in '/Users/yosuke/gits/cxd5602pwbimu_ros2_driver/ros2_ws/src/cxd5602pwbimu_driver' with build type 'ament_cmake'
[3.275s] colcon.colcon_cmake.task.cmake.build INFO Building CMake package in '/Users/yosuke/gits/cxd5602pwbimu_ros2_driver/ros2_ws/src/cxd5602pwbimu_driver'
[3.275s] colcon.colcon_core.shell INFO Skip shell extension 'powershell' for command environment: Not usable outside of PowerShell
[3.275s] colcon.colcon_core.shell DEBUG Skip shell extension 'dsv' for command environment
[3.304s] colcon.colcon_core.event_handler.log_command DEBUG Invoking command in '/Users/yosuke/gits/cxd5602pwbimu_ros2_driver/ros2_ws/build/cxd5602pwbimu_driver': AMENT_PREFIX_PATH=/Users/yosuke/gits/cxd5602pwbimu_ros2_driver/ros2_ws/install/cxd5602pwbimu_driver_bringup:/Users/yosuke/gits/cxd5602pwbimu_ros2_driver/ros2_ws/install/cxd5602pwbimu_driver_node:/Users/yosuke/gits/cxd5602pwbimu_ros2_driver/ros2_ws/install/imu_filter_madgwick:/Users/yosuke/gits/cxd5602pwbimu_ros2_driver/ros2_ws/install/h6x_serial_interface:${AMENT_PREFIX_PATH} CMAKE_PREFIX_PATH=/Users/yosuke/gits/cxd5602pwbimu_ros2_driver/ros2_ws/install/cxd5602pwbimu_driver_node:/Users/yosuke/gits/cxd5602pwbimu_ros2_driver/ros2_ws/install/imu_filter_madgwick:/Users/yosuke/gits/cxd5602pwbimu_ros2_driver/ros2_ws/install/h6x_serial_interface:/opt/homebrew/opt/qt@5:/Users/yosuke/miniforge3/envs/ros_env CONDA_PROMPT_MODIFIER=(ros_env) DYLD_LIBRARY_PATH=/Users/yosuke/gits/cxd5602pwbimu_ros2_driver/ros2_ws/install/cxd5602pwbimu_driver_node/lib:/Users/yosuke/gits/cxd5602pwbimu_ros2_driver/ros2_ws/install/imu_filter_madgwick/lib:/Users/yosuke/gits/cxd5602pwbimu_ros2_driver/ros2_ws/install/h6x_serial_interface/lib:/Users/yosuke/gits/cxd5602pwbimu_ros2_driver/ros2_ws/install/imu_trajectory_filter/lib:/Users/yosuke/gits/cxd5602pwbimu_ros2_driver/ros2_ws/install/imu_trajectory_filter/lib:/Users/yosuke/gits/cxd5602pwbimu_ros2_driver/ros2_ws/install/imu_trajectory_filter/lib:/Users/yosuke/gits/cxd5602pwbimu_ros2_driver/ros2_ws/install/LibSerial/lib:/usr/local/lib:/Users/yosuke/gits/cxd5602pwbimu_ros2_driver/ros2_ws/install/imu_trajectory_filter/lib:/Users/yosuke/gits/cxd5602pwbimu_ros2_driver/ros2_ws/install/LibSerial/lib:/Users/yosuke/gits/cxd5602pwbimu_ros2_driver/ros2_ws/install/rviz_imu_plugin/lib:/Users/yosuke/gits/cxd5602pwbimu_ros2_driver/ros2_ws/install/imu_complementary_filter/lib:/Users/yosuke/gits/cxd5602pwbimu_ros2_driver/ros2_ws/install/h6x_serial_interface_example/lib:/Users/yosuke/gits/cxd5602pwbimu_ros2_driver/ros2_ws/install/h6x_packet_handler/lib:/Users/yosuke/miniforge3/envs/ros_env/opt/rviz_ogre_vendor/lib SHLVL=3 _=/Users/yosuke/miniforge3/envs/ros_env/bin/env /Users/yosuke/miniforge3/envs/ros_env/bin/cmake --build /Users/yosuke/gits/cxd5602pwbimu_ros2_driver/ros2_ws/build/cxd5602pwbimu_driver -- -j10 -l10
[3.373s] colcon.colcon_core.event_handler.log_command DEBUG Invoked command in '/Users/yosuke/gits/cxd5602pwbimu_ros2_driver/ros2_ws/build/cxd5602pwbimu_driver' returned '0': AMENT_PREFIX_PATH=/Users/yosuke/gits/cxd5602pwbimu_ros2_driver/ros2_ws/install/cxd5602pwbimu_driver_bringup:/Users/yosuke/gits/cxd5602pwbimu_ros2_driver/ros2_ws/install/cxd5602pwbimu_driver_node:/Users/yosuke/gits/cxd5602pwbimu_ros2_driver/ros2_ws/install/imu_filter_madgwick:/Users/yosuke/gits/cxd5602pwbimu_ros2_driver/ros2_ws/install/h6x_serial_interface:${AMENT_PREFIX_PATH} CMAKE_PREFIX_PATH=/Users/yosuke/gits/cxd5602pwbimu_ros2_driver/ros2_ws/install/cxd5602pwbimu_driver_node:/Users/yosuke/gits/cxd5602pwbimu_ros2_driver/ros2_ws/install/imu_filter_madgwick:/Users/yosuke/gits/cxd5602pwbimu_ros2_driver/ros2_ws/install/h6x_serial_interface:/opt/homebrew/opt/qt@5:/Users/yosuke/miniforge3/envs/ros_env CONDA_PROMPT_MODIFIER=(ros_env) DYLD_LIBRARY_PATH=/Users/yosuke/gits/cxd5602pwbimu_ros2_driver/ros2_ws/install/cxd5602pwbimu_driver_node/lib:/Users/yosuke/gits/cxd5602pwbimu_ros2_driver/ros2_ws/install/imu_filter_madgwick/lib:/Users/yosuke/gits/cxd5602pwbimu_ros2_driver/ros2_ws/install/h6x_serial_interface/lib:/Users/yosuke/gits/cxd5602pwbimu_ros2_driver/ros2_ws/install/imu_trajectory_filter/lib:/Users/yosuke/gits/cxd5602pwbimu_ros2_driver/ros2_ws/install/imu_trajectory_filter/lib:/Users/yosuke/gits/cxd5602pwbimu_ros2_driver/ros2_ws/install/imu_trajectory_filter/lib:/Users/yosuke/gits/cxd5602pwbimu_ros2_driver/ros2_ws/install/LibSerial/lib:/usr/local/lib:/Users/yosuke/gits/cxd5602pwbimu_ros2_driver/ros2_ws/install/imu_trajectory_filter/lib:/Users/yosuke/gits/cxd5602pwbimu_ros2_driver/ros2_ws/install/LibSerial/lib:/Users/yosuke/gits/cxd5602pwbimu_ros2_driver/ros2_ws/install/rviz_imu_plugin/lib:/Users/yosuke/gits/cxd5602pwbimu_ros2_driver/ros2_ws/install/imu_complementary_filter/lib:/Users/yosuke/gits/cxd5602pwbimu_ros2_driver/ros2_ws/install/h6x_serial_interface_example/lib:/Users/yosuke/gits/cxd5602pwbimu_ros2_driver/ros2_ws/install/h6x_packet_handler/lib:/Users/yosuke/miniforge3/envs/ros_env/opt/rviz_ogre_vendor/lib SHLVL=3 _=/Users/yosuke/miniforge3/envs/ros_env/bin/env /Users/yosuke/miniforge3/envs/ros_env/bin/cmake --build /Users/yosuke/gits/cxd5602pwbimu_ros2_driver/ros2_ws/build/cxd5602pwbimu_driver -- -j10 -l10
[3.509s] colcon.colcon_core.event_handler.log_command DEBUG Invoking command in '/Users/yosuke/gits/cxd5602pwbimu_ros2_driver/ros2_ws/build/cxd5602pwbimu_driver': AMENT_PREFIX_PATH=/Users/yosuke/gits/cxd5602pwbimu_ros2_driver/ros2_ws/install/cxd5602pwbimu_driver_bringup:/Users/yosuke/gits/cxd5602pwbimu_ros2_driver/ros2_ws/install/cxd5602pwbimu_driver_node:/Users/yosuke/gits/cxd5602pwbimu_ros2_driver/ros2_ws/install/imu_filter_madgwick:/Users/yosuke/gits/cxd5602pwbimu_ros2_driver/ros2_ws/install/h6x_serial_interface:${AMENT_PREFIX_PATH} CMAKE_PREFIX_PATH=/Users/yosuke/gits/cxd5602pwbimu_ros2_driver/ros2_ws/install/cxd5602pwbimu_driver_node:/Users/yosuke/gits/cxd5602pwbimu_ros2_driver/ros2_ws/install/imu_filter_madgwick:/Users/yosuke/gits/cxd5602pwbimu_ros2_driver/ros2_ws/install/h6x_serial_interface:/opt/homebrew/opt/qt@5:/Users/yosuke/miniforge3/envs/ros_env CONDA_PROMPT_MODIFIER=(ros_env) DYLD_LIBRARY_PATH=/Users/yosuke/gits/cxd5602pwbimu_ros2_driver/ros2_ws/install/cxd5602pwbimu_driver_node/lib:/Users/yosuke/gits/cxd5602pwbimu_ros2_driver/ros2_ws/install/imu_filter_madgwick/lib:/Users/yosuke/gits/cxd5602pwbimu_ros2_driver/ros2_ws/install/h6x_serial_interface/lib:/Users/yosuke/gits/cxd5602pwbimu_ros2_driver/ros2_ws/install/imu_trajectory_filter/lib:/Users/yosuke/gits/cxd5602pwbimu_ros2_driver/ros2_ws/install/imu_trajectory_filter/lib:/Users/yosuke/gits/cxd5602pwbimu_ros2_driver/ros2_ws/install/imu_trajectory_filter/lib:/Users/yosuke/gits/cxd5602pwbimu_ros2_driver/ros2_ws/install/LibSerial/lib:/usr/local/lib:/Users/yosuke/gits/cxd5602pwbimu_ros2_driver/ros2_ws/install/imu_trajectory_filter/lib:/Users/yosuke/gits/cxd5602pwbimu_ros2_driver/ros2_ws/install/LibSerial/lib:/Users/yosuke/gits/cxd5602pwbimu_ros2_driver/ros2_ws/install/rviz_imu_plugin/lib:/Users/yosuke/gits/cxd5602pwbimu_ros2_driver/ros2_ws/install/imu_complementary_filter/lib:/Users/yosuke/gits/cxd5602pwbimu_ros2_driver/ros2_ws/install/h6x_serial_interface_example/lib:/Users/yosuke/gits/cxd5602pwbimu_ros2_driver/ros2_ws/install/h6x_packet_handler/lib:/Users/yosuke/miniforge3/envs/ros_env/opt/rviz_ogre_vendor/lib SHLVL=3 _=/Users/yosuke/miniforge3/envs/ros_env/bin/env /Users/yosuke/miniforge3/envs/ros_env/bin/cmake --install /Users/yosuke/gits/cxd5602pwbimu_ros2_driver/ros2_ws/build/cxd5602pwbimu_driver
[3.523s] colcon.colcon_core.environment Level 1 create_environment_scripts_only(cxd5602pwbimu_driver)
[3.523s] colcon.colcon_core.environment Level 1 checking '/Users/yosuke/gits/cxd5602pwbimu_ros2_driver/ros2_ws/install/cxd5602pwbimu_driver' for CMake module files
[3.523s] colcon.colcon_core.event_handler.log_command DEBUG Invoked command in '/Users/yosuke/gits/cxd5602pwbimu_ros2_driver/ros2_ws/build/cxd5602pwbimu_driver' returned '0': AMENT_PREFIX_PATH=/Users/yosuke/gits/cxd5602pwbimu_ros2_driver/ros2_ws/install/cxd5602pwbimu_driver_bringup:/Users/yosuke/gits/cxd5602pwbimu_ros2_driver/ros2_ws/install/cxd5602pwbimu_driver_node:/Users/yosuke/gits/cxd5602pwbimu_ros2_driver/ros2_ws/install/imu_filter_madgwick:/Users/yosuke/gits/cxd5602pwbimu_ros2_driver/ros2_ws/install/h6x_serial_interface:${AMENT_PREFIX_PATH} CMAKE_PREFIX_PATH=/Users/yosuke/gits/cxd5602pwbimu_ros2_driver/ros2_ws/install/cxd5602pwbimu_driver_node:/Users/yosuke/gits/cxd5602pwbimu_ros2_driver/ros2_ws/install/imu_filter_madgwick:/Users/yosuke/gits/cxd5602pwbimu_ros2_driver/ros2_ws/install/h6x_serial_interface:/opt/homebrew/opt/qt@5:/Users/yosuke/miniforge3/envs/ros_env CONDA_PROMPT_MODIFIER=(ros_env) DYLD_LIBRARY_PATH=/Users/yosuke/gits/cxd5602pwbimu_ros2_driver/ros2_ws/install/cxd5602pwbimu_driver_node/lib:/Users/yosuke/gits/cxd5602pwbimu_ros2_driver/ros2_ws/install/imu_filter_madgwick/lib:/Users/yosuke/gits/cxd5602pwbimu_ros2_driver/ros2_ws/install/h6x_serial_interface/lib:/Users/yosuke/gits/cxd5602pwbimu_ros2_driver/ros2_ws/install/imu_trajectory_filter/lib:/Users/yosuke/gits/cxd5602pwbimu_ros2_driver/ros2_ws/install/imu_trajectory_filter/lib:/Users/yosuke/gits/cxd5602pwbimu_ros2_driver/ros2_ws/install/imu_trajectory_filter/lib:/Users/yosuke/gits/cxd5602pwbimu_ros2_driver/ros2_ws/install/LibSerial/lib:/usr/local/lib:/Users/yosuke/gits/cxd5602pwbimu_ros2_driver/ros2_ws/install/imu_trajectory_filter/lib:/Users/yosuke/gits/cxd5602pwbimu_ros2_driver/ros2_ws/install/LibSerial/lib:/Users/yosuke/gits/cxd5602pwbimu_ros2_driver/ros2_ws/install/rviz_imu_plugin/lib:/Users/yosuke/gits/cxd5602pwbimu_ros2_driver/ros2_ws/install/imu_complementary_filter/lib:/Users/yosuke/gits/cxd5602pwbimu_ros2_driver/ros2_ws/install/h6x_serial_interface_example/lib:/Users/yosuke/gits/cxd5602pwbimu_ros2_driver/ros2_ws/install/h6x_packet_handler/lib:/Users/yosuke/miniforge3/envs/ros_env/opt/rviz_ogre_vendor/lib SHLVL=3 _=/Users/yosuke/miniforge3/envs/ros_env/bin/env /Users/yosuke/miniforge3/envs/ros_env/bin/cmake --install /Users/yosuke/gits/cxd5602pwbimu_ros2_driver/ros2_ws/build/cxd5602pwbimu_driver
[3.523s] colcon.colcon_core.environment Level 1 checking '/Users/yosuke/gits/cxd5602pwbimu_ros2_driver/ros2_ws/install/cxd5602pwbimu_driver' for CMake config files
[3.523s] colcon.colcon_core.shell Level 1 create_environment_hook('cxd5602pwbimu_driver', 'cmake_prefix_path')
[3.523s] colcon.colcon_core.shell INFO Creating environment hook '/Users/yosuke/gits/cxd5602pwbimu_ros2_driver/ros2_ws/install/cxd5602pwbimu_driver/share/cxd5602pwbimu_driver/hook/cmake_prefix_path.ps1'
[3.524s] colcon.colcon_core.shell INFO Creating environment descriptor '/Users/yosuke/gits/cxd5602pwbimu_ros2_driver/ros2_ws/install/cxd5602pwbimu_driver/share/cxd5602pwbimu_driver/hook/cmake_prefix_path.dsv'
[3.524s] colcon.colcon_core.shell INFO Creating environment hook '/Users/yosuke/gits/cxd5602pwbimu_ros2_driver/ros2_ws/install/cxd5602pwbimu_driver/share/cxd5602pwbimu_driver/hook/cmake_prefix_path.sh'
[3.524s] colcon.colcon_core.environment Level 1 checking '/Users/yosuke/gits/cxd5602pwbimu_ros2_driver/ros2_ws/install/cxd5602pwbimu_driver/lib'
[3.524s] colcon.colcon_core.environment Level 1 checking '/Users/yosuke/gits/cxd5602pwbimu_ros2_driver/ros2_ws/install/cxd5602pwbimu_driver/bin'
[3.524s] colcon.colcon_core.environment Level 1 checking '/Users/yosuke/gits/cxd5602pwbimu_ros2_driver/ros2_ws/install/cxd5602pwbimu_driver/lib/pkgconfig/cxd5602pwbimu_driver.pc'
[3.524s] colcon.colcon_core.environment Level 1 checking '/Users/yosuke/gits/cxd5602pwbimu_ros2_driver/ros2_ws/install/cxd5602pwbimu_driver/lib/python3.11/site-packages'
[3.524s] colcon.colcon_core.environment Level 1 checking '/Users/yosuke/gits/cxd5602pwbimu_ros2_driver/ros2_ws/install/cxd5602pwbimu_driver/bin'
[3.524s] colcon.colcon_core.shell INFO Creating package script '/Users/yosuke/gits/cxd5602pwbimu_ros2_driver/ros2_ws/install/cxd5602pwbimu_driver/share/cxd5602pwbimu_driver/package.ps1'
[3.525s] colcon.colcon_core.shell INFO Creating package descriptor '/Users/yosuke/gits/cxd5602pwbimu_ros2_driver/ros2_ws/install/cxd5602pwbimu_driver/share/cxd5602pwbimu_driver/package.dsv'
[3.525s] colcon.colcon_core.shell INFO Creating package script '/Users/yosuke/gits/cxd5602pwbimu_ros2_driver/ros2_ws/install/cxd5602pwbimu_driver/share/cxd5602pwbimu_driver/package.sh'
[3.525s] colcon.colcon_core.shell INFO Creating package script '/Users/yosuke/gits/cxd5602pwbimu_ros2_driver/ros2_ws/install/cxd5602pwbimu_driver/share/cxd5602pwbimu_driver/package.bash'
[3.525s] colcon.colcon_core.shell INFO Creating package script '/Users/yosuke/gits/cxd5602pwbimu_ros2_driver/ros2_ws/install/cxd5602pwbimu_driver/share/cxd5602pwbimu_driver/package.zsh'
[3.525s] colcon.colcon_core.environment Level 1 create_file_with_runtime_dependencies(/Users/yosuke/gits/cxd5602pwbimu_ros2_driver/ros2_ws/install/cxd5602pwbimu_driver/share/colcon-core/packages/cxd5602pwbimu_driver)
[3.660s] colcon.colcon_core.environment Level 1 create_environment_scripts_only(cxd5602pwbimu_driver)
[3.660s] colcon.colcon_core.environment Level 1 checking '/Users/yosuke/gits/cxd5602pwbimu_ros2_driver/ros2_ws/install/cxd5602pwbimu_driver' for CMake module files
[3.661s] colcon.colcon_core.environment Level 1 checking '/Users/yosuke/gits/cxd5602pwbimu_ros2_driver/ros2_ws/install/cxd5602pwbimu_driver' for CMake config files
[3.661s] colcon.colcon_core.shell Level 1 create_environment_hook('cxd5602pwbimu_driver', 'cmake_prefix_path')
[3.661s] colcon.colcon_core.shell INFO Creating environment hook '/Users/yosuke/gits/cxd5602pwbimu_ros2_driver/ros2_ws/install/cxd5602pwbimu_driver/share/cxd5602pwbimu_driver/hook/cmake_prefix_path.ps1'
[3.662s] colcon.colcon_core.shell INFO Creating environment descriptor '/Users/yosuke/gits/cxd5602pwbimu_ros2_driver/ros2_ws/install/cxd5602pwbimu_driver/share/cxd5602pwbimu_driver/hook/cmake_prefix_path.dsv'
[3.662s] colcon.colcon_core.shell INFO Creating environment hook '/Users/yosuke/gits/cxd5602pwbimu_ros2_driver/ros2_ws/install/cxd5602pwbimu_driver/share/cxd5602pwbimu_driver/hook/cmake_prefix_path.sh'
[3.663s] colcon.colcon_core.environment Level 1 checking '/Users/yosuke/gits/cxd5602pwbimu_ros2_driver/ros2_ws/install/cxd5602pwbimu_driver/lib'
[3.663s] colcon.colcon_core.environment Level 1 checking '/Users/yosuke/gits/cxd5602pwbimu_ros2_driver/ros2_ws/install/cxd5602pwbimu_driver/bin'
[3.663s] colcon.colcon_core.environment Level 1 checking '/Users/yosuke/gits/cxd5602pwbimu_ros2_driver/ros2_ws/install/cxd5602pwbimu_driver/lib/pkgconfig/cxd5602pwbimu_driver.pc'
[3.664s] colcon.colcon_core.environment Level 1 checking '/Users/yosuke/gits/cxd5602pwbimu_ros2_driver/ros2_ws/install/cxd5602pwbimu_driver/lib/python3.11/site-packages'
[3.664s] colcon.colcon_core.environment Level 1 checking '/Users/yosuke/gits/cxd5602pwbimu_ros2_driver/ros2_ws/install/cxd5602pwbimu_driver/bin'
[3.664s] colcon.colcon_core.shell INFO Creating package script '/Users/yosuke/gits/cxd5602pwbimu_ros2_driver/ros2_ws/install/cxd5602pwbimu_driver/share/cxd5602pwbimu_driver/package.ps1'
[3.665s] colcon.colcon_core.shell INFO Creating package descriptor '/Users/yosuke/gits/cxd5602pwbimu_ros2_driver/ros2_ws/install/cxd5602pwbimu_driver/share/cxd5602pwbimu_driver/package.dsv'
[3.665s] colcon.colcon_core.shell INFO Creating package script '/Users/yosuke/gits/cxd5602pwbimu_ros2_driver/ros2_ws/install/cxd5602pwbimu_driver/share/cxd5602pwbimu_driver/package.sh'
[3.666s] colcon.colcon_core.shell INFO Creating package script '/Users/yosuke/gits/cxd5602pwbimu_ros2_driver/ros2_ws/install/cxd5602pwbimu_driver/share/cxd5602pwbimu_driver/package.bash'
[3.666s] colcon.colcon_core.shell INFO Creating package script '/Users/yosuke/gits/cxd5602pwbimu_ros2_driver/ros2_ws/install/cxd5602pwbimu_driver/share/cxd5602pwbimu_driver/package.zsh'
[3.666s] colcon.colcon_core.environment Level 1 create_file_with_runtime_dependencies(/Users/yosuke/gits/cxd5602pwbimu_ros2_driver/ros2_ws/install/cxd5602pwbimu_driver/share/colcon-core/packages/cxd5602pwbimu_driver)
[3.668s] colcon.colcon_parallel_executor.executor.parallel DEBUG closing loop
[3.668s] colcon.colcon_parallel_executor.executor.parallel DEBUG loop closed
[3.668s] colcon.colcon_parallel_executor.executor.parallel DEBUG run_until_complete finished with '0'
[3.668s] colcon.colcon_core.event_reactor DEBUG joining thread
[3.669s] colcon.colcon_core.event_reactor DEBUG joined thread
[3.669s] colcon.colcon_core.shell INFO Creating prefix script '/Users/yosuke/gits/cxd5602pwbimu_ros2_driver/ros2_ws/install/local_setup.ps1'
[3.669s] colcon.colcon_core.shell INFO Creating prefix util module '/Users/yosuke/gits/cxd5602pwbimu_ros2_driver/ros2_ws/install/_local_setup_util_ps1.py'
[3.670s] colcon.colcon_core.shell INFO Creating prefix chain script '/Users/yosuke/gits/cxd5602pwbimu_ros2_driver/ros2_ws/install/setup.ps1'
[3.670s] colcon.colcon_core.shell INFO Creating prefix script '/Users/yosuke/gits/cxd5602pwbimu_ros2_driver/ros2_ws/install/local_setup.sh'
[3.670s] colcon.colcon_core.shell INFO Creating prefix util module '/Users/yosuke/gits/cxd5602pwbimu_ros2_driver/ros2_ws/install/_local_setup_util_sh.py'
[3.673s] colcon.colcon_core.shell INFO Creating prefix chain script '/Users/yosuke/gits/cxd5602pwbimu_ros2_driver/ros2_ws/install/setup.sh'
[3.674s] colcon.colcon_core.shell INFO Creating prefix script '/Users/yosuke/gits/cxd5602pwbimu_ros2_driver/ros2_ws/install/local_setup.bash'
[3.674s] colcon.colcon_core.shell INFO Creating prefix chain script '/Users/yosuke/gits/cxd5602pwbimu_ros2_driver/ros2_ws/install/setup.bash'
[3.676s] colcon.colcon_core.shell INFO Creating prefix script '/Users/yosuke/gits/cxd5602pwbimu_ros2_driver/ros2_ws/install/local_setup.zsh'
[3.676s] colcon.colcon_core.shell INFO Creating prefix chain script '/Users/yosuke/gits/cxd5602pwbimu_ros2_driver/ros2_ws/install/setup.zsh'
